FoamFile
{
    version     2.0;
    format      ascii;
    class       volScalarField;
    location    "1";
    object      k;
}

internalField   nonuniform List<scalar>
13770
(
0.6812804893743963
0.6812453232192539
0.6860731626216758
0.681253606632146
0.6860450821651293
0.6823307754449374
0.6812639130870217
0.6860530457283034
0.6822943611091214
0.6738340933950019
0.6812766752157862
0.6860629491035444
0.6823032331065919
0.6737831392317336
0.6627786185307221
0.6812924756784826
0.6860752078850514
0.6823142748218465
0.6737965099710171
0.6627002140995873
0.6489956093637224
0.6813120347109715
0.686090378678148
0.6823279446947924
0.673813165953452
0.6627195749086567
0.6488776892008465
0.6328460743638861
0.6813362404888103
0.6861091485440254
0.6823448647270218
0.6738337796205992
0.6627437340455842
0.6489067913070603
0.63266999787116
0.61418247495012
0.6813661901893299
0.6861323625686476
0.6823658036627733
0.6738592839604319
0.6627736292503993
0.6489431741028923
0.632712527160936
0.6139252374021078
0.5931670033000969
0.681403234591615
0.6861610624093577
0.6823917072185466
0.6738908302930695
0.6628106101918708
0.648988182770845
0.6327658268378625
0.6139863442770953
0.5928001019703022
0.5700608901893613
0.681449034382708
0.6861965266960237
0.6824237430943362
0.673929831923961
0.6628563413583806
0.6490438399850387
0.6328317449016425
0.6140631500771893
0.5928858583847567
0.5695514204636081
0.5453076957885397
0.6815056377920329
0.6862403195074153
0.6824633468010192
0.6739780295968829
0.662912863781069
0.6491126369576069
0.6329132297184604
0.6141581100017643
0.5929940194978168
0.5696687744467034
0.5446205715971951
0.5195132382571761
0.6815755518616258
0.6862943639734819
0.6825122740875121
0.6740375567467157
0.662982688839074
0.6491976230453642
0.6330139080445218
0.6142754485442268
0.5931277021186341
0.5698173745166273
0.544776993924379
0.5186144868758339
0.4933954965368479
0.6816618489601273
0.6863610014451791
0.6825726925943376
0.6741110116875487
0.6630688900775948
0.6493025423280308
0.6331382111267236
0.6144203551811913
0.5932928179950776
0.5700009746789376
0.5449759240763314
0.518817454690024
0.492255989893307
0.46771164083373157
0.6817683235961975
0.6864430756745464
0.6826472466765197
0.6742015880665062
0.6631752031050627
0.6494319647436307
0.6332915681650249
0.6145991575317645
0.5934966192222775
0.5702276408590425
0.5452216205990941
0.5190767438182662
0.49251235125662673
0.46631030379975724
0.44317679631390233
0.6818995765656672
0.6865440856623116
0.6827391458836544
0.674313158715142
0.6633062117889408
0.6495914260620801
0.6334805880013696
0.6148195895253658
0.5937479286985587
0.5705072544786336
0.5455247996978376
0.5193968709500503
0.49284129601408966
0.4666255902269256
0.44150244087880186
0.4203915185348369
0.6820611791284259
0.686668236033344
0.6828523683949552
0.6744503853958473
0.663467459457908
0.6497876921788203
0.6337132488058963
0.6150910366874083
0.5940575018087597
0.5708518082189569
0.5458985730688707
0.5197916888064784
0.49324727001025737
0.46703177856045464
0.44188021862699545
0.41844300617805924
0.3997905545404957
0.6822600682779013
0.6868205289190734
0.6829916982057421
0.6746189993591545
0.663665593391269
0.6500289036408837
0.6339992633948294
0.6154247855127175
0.5944383471299384
0.5712758800609538
0.5463588125750266
0.5202781276342218
0.49374769200952334
0.4675328970372916
0.44236859861427247
0.4188843875503457
0.3975756389420308
0.3816217915818888
0.6825044035209495
0.6870072194590837
0.6831627979637146
0.6748258107017402
0.6639087628585856
0.6503247595177345
0.6343502576809077
0.6158345148251932
0.5949060419350036
0.5717970381678015
0.5469247531390627
0.5208766250152098
0.49436382996030404
0.4681502560030494
0.4429709009063128
0.419456584037976
0.3980790924035655
0.37915534564946113
0.36595346396742734
0.6828040251765066
0.6872355145371103
0.6833728851045888
0.6750787470679404
0.6642065970880723
0.6506870644672311
0.6347799925702029
0.6163365015318623
0.5954793726303531
0.5724362232466595
0.5476194848714462
0.5216118694749365
0.49512128307079295
0.4689098542392226
0.4437125107927965
0.4201620206458178
0.39873317620677223
0.3797168978391679
0.36325564217045164
0.3527041014485589
0.6831710651250449
0.6875139088730713
0.6836301749823478
0.67538779939454
0.6645702113263458
0.6511296289440688
0.6353050968183949
0.6169498674623739
0.5961805490132683
0.5732185556947473
0.5484703944945696
0.5225133749691033
0.49605087157271543
0.46984289169332233
0.444624378999459
0.4210301787775972
0.39953933543050096
0.38044771220624746
0.3638694559372917
0.3497986312243143
0.34168514533836386
0.6836184010424433
0.6878530350508758
0.6839443028027752
0.6757640370913879
0.6650135642071783
0.6516681817273542
0.6359448266398987
0.6176975276278966
0.597035445854187
0.5741735228742032
0.549510147070082
0.5236159626416861
0.4971892791509578
0.4709868039323827
0.445743537771539
0.4220969854438968
0.4005310096398617
0.38134822785699274
0.36466943437706884
0.35045781071036
0.33859770630826386
0.3326455923119614
0.6841612395227882
0.6882635640500449
0.6843275610419602
0.676220082328099
0.6655518900534554
0.6523222359256226
0.6367208045659385
0.6186057044221666
0.598074784479736
0.57533516320991
0.5507767904732256
0.5249609120384828
0.4985795453897122
0.4723859492816045
0.44711427325590375
0.42340530585130665
0.40174893290769204
0.38245557038422057
0.36565499100761645
0.3513180526056077
0.339295110918827
0.3294022563981931
0.3253105883181775
0.6848170967878876
0.6887581421929487
0.6847917875131097
0.6767717580000836
0.6662022873590624
0.6531125984093507
0.6376595328618093
0.6197033582679232
0.5993332513261322
0.5767434790978019
0.5523138040009037
0.52659590497743
0.5002723672421647
0.4740920739351513
0.4487888281711793
0.4250062442609044
0.403241582153054
0.3838149473632884
0.3668665703778373
0.35237770244858735
0.34020642333648976
0.33013113916982106
0.32193642223436686
0.3194095383765111
0.6856019672404295
0.6893516981675126
0.6853514448562792
0.6774332719224019
0.66698598970861
0.6540620004263356
0.6387885639618482
0.621025473293052
0.6008484322037981
0.5784429582682932
0.5541717151066443
0.5285748361567532
0.5023257850314847
0.4761657325433938
0.45082779859663225
0.4269598317267695
0.4050665982622063
0.3854800422487973
0.368353403713576
0.3536801060525086
0.341328860781828
0.3310848267392918
0.32269081059737126
0.31592752521712136
0.314693574039112
0.686536976787752
0.690056102858949
0.6860233513685646
0.6782216585903152
0.6679211504309407
0.6551980568208046
0.6401371206433812
0.6226073222277665
0.602664986898511
0.5804807692614671
0.5564057732890244
0.5309595794917463
0.5048046355755896
0.4786756074690092
0.45330163661894857
0.4293353177909931
0.4072914313650749
0.3875145508267847
0.37017384774323747
0.3552780062972606
0.3427082421348955
0.3322593556887823
0.3236791349225872
0.31670236453647144
0.31112395667814857
0.31094397823354986
0.687632666493979
0.6908907929082817
0.6868191019490599
0.6791559419423189
0.6690291581397283
0.6565426235965175
0.6417398911357368
0.6244849750227238
0.6048263226021394
0.5829119239030118
0.5590731267680119
0.5338165300913641
0.5077823929464371
0.48169748153583447
0.45628949311118494
0.43221271936732075
0.4099935014202968
0.38999276201383554
0.3723970359805781
0.3572338326517519
0.34440029739026085
0.33370260981505045
0.32489623345740926
0.3177187162633556
0.311915091004413
0.3073040126185368
0.3079745399503746
0.6889035995143918
0.6918616609369911
0.6877605636275744
0.6802463399797745
0.6703330889123461
0.6581205608050236
0.6436218173253212
0.626700048550511
0.6073748991963008
0.5857875886156513
0.5622390564417492
0.5372124802963336
0.5113362879391723
0.4853160699923765
0.4598776029339089
0.43568108930395527
0.4132617652680992
0.3929995766412341
0.3751033789601518
0.3596214704092886
0.34647091573162064
0.33547280732459833
0.3263916865951512
0.3189702503671289
0.31295397118532653
0.3081080826146514
0.30427856665808645
0.3056301680975524
0.6903728327714763
0.6929824407462815
0.6888489668458881
0.6815164165490881
0.6718424125921216
0.6599571536112621
0.6458101487235423
0.6292786494964836
0.6103580884794945
0.5891551580631288
0.5659611466985384
0.5412220070450612
0.5155416511986488
0.48961845727733155
0.4641610316960527
0.4398362411876632
0.41719433586199617
0.39663207554428737
0.3783844466248181
0.36252666816435053
0.3489980374471799
0.33763871363022285
0.3282257511127431
0.3205079248391116
0.3142331741833923
0.309164988348022
0.30509288141223695
0.30188987993814065
0.30378374063721686
0.7020736521217538
0.6942830042774636
0.690098163510461
0.6829601231521392
0.6735836298454433
0.6620572247272197
0.6483305609049062
0.6322477926298105
0.6138000450537842
0.593065437112418
0.5702892405064695
0.5459068211421416
0.5204805505098995
0.49468678007456357
0.46923523853930654
0.44478235470099864
0.4218955237758747
0.4009964441797427
0.3823445311033825
0.36604680485338903
0.35207195844891664
0.3402816604527598
0.33046954211851376
0.32239364573649376
0.3158047680299185
0.3104663218211396
0.3061641601461352
0.30271229389850407
0.30000854140464966
0.30233223769182027
0.699386193604429
0.7535128930175367
0.6915317688057373
0.6845896621753728
0.6755416079010504
0.6644467411005712
0.6511796100183294
0.6356299639393603
0.6177238428428743
0.5975364383039589
0.5752742364799189
0.5513159236353168
0.52621584261906
0.5006082259179679
0.4751871138821532
0.4506215699418998
0.42747727041237293
0.4062043657432937
0.38709686374535895
0.370292446652139
0.3557950161258229
0.3434957379306264
0.3332071814604585
0.32470042236520935
0.3177319805681329
0.31206504205787877
0.30748313490918994
0.303795000609315
0.3008373480053057
0.29852961753417895
0.30119288291598534
0.6949468218014392
0.8434425902752927
0.7832329404115197
0.6864267625820706
0.6777252365404475
0.6670954200252105
0.6543799649398526
0.6394081491891046
0.622144321304363
0.6025827902160116
0.580923197925101
0.5574963652516826
0.5327920606387103
0.5074435884959492
0.48210643377894924
0.45744353700798285
0.4340467851197843
0.41237427117251263
0.3927594504009453
0.3753828746759586
0.36028313850354043
0.347387444124396
0.3365358683669181
0.3275146422414505
0.32008933395136113
0.31402542815575823
0.3091034796353035
0.30512800042254384
0.30192911852897014
0.2993634617655113
0.29736876830011005
0.300299598553088
0.6900038355308894
0.8745845559873334
0.8891140622597593
0.7948669337104642
0.680152555699788
0.6700047616848082
0.6578811253488142
0.6435973831210955
0.6270252516190201
0.6082067517643549
0.5872375744478866
0.5644395130998996
0.5402484483858347
0.5152295352396008
0.49004900335167356
0.465338336083319
0.44169486405413405
0.4196171251596166
0.3994561309190201
0.3814414958018771
0.3656607269254911
0.35207721336751396
0.3405655458288971
0.33093601357244323
0.3229650373616985
0.31642320445628075
0.31109030358167955
0.3067655424629748
0.30327324317367527
0.30046240529716106
0.2982065760630012
0.2964586579143234
0.29959988039694835
0.6844096342817233
0.8711598916756105
0.9320741979157204
0.9023786771000387
0.7980609385786278
0.6731859310842759
0.6616739621992458
0.6481210448226415
0.6323695158360585
0.6143473947445994
0.5942022526035176
0.5721292923915255
0.5485566584162475
0.5239940630966966
0.499040908072767
0.474354526596703
0.45051012468054047
0.4280238027076913
0.40730069125555435
0.3885966870324261
0.37205579916002746
0.3576937194826398
0.3454203745618058
0.335077306644961
0.32646079805298284
0.31934803350644136
0.31352028547853866
0.308773386083816
0.3049244363859803
0.3018153372726681
0.2993111855001659
0.29729957924991895
0.29574578009695845
0.2990521824940369
0.678356714950272
0.7475927425966925
0.9369061561716592
0.9528716164551988
0.9072316757228994
0.7993957725327544
0.6657597429473685
0.6529553899520913
0.6380692018389277
0.6209909562113123
0.6017268709831548
0.5805291081563623
0.5576795824179488
0.5336862438484236
0.5090962775605955
0.484505778090049
0.4605324454177414
0.43768028298729306
0.41638355254485054
0.3969644600268074
0.3796005594986609
0.3643689094447787
0.35123253931715676
0.3400657133568552
0.33069169825765826
0.32290319865770634
0.3164842398685916
0.3112289703326359
0.3069489609160912
0.3034773515214662
0.30067107890828776
0.2984086570562792
0.29658914366108696
0.2951877963182217
0.29862372235658124
0.6719387358404488
0.6936671851905954
0.8204757469718506
0.9651267894390774
0.9602573312652753
0.9091675578946601
0.800359075810909
0.6580886151979871
0.6440821669097364
0.6279940568992676
0.6097769061818133
0.5895156207511314
0.567556059560809
0.5442454497161968
0.5201399828687141
0.49579058463158887
0.4717620883444879
0.4486170968512565
0.4267873895046362
0.40663465219657635
0.38841288151544
0.3722382016411756
0.3581373178799976
0.3460362553650697
0.33578735262901666
0.3272056757795419
0.3200866815563186
0.31422401671473144
0.3094248662603227
0.30551509431887397
0.3023416623420545
0.29977404583883616
0.2977017409677154
0.2960330727943046
0.2947512999306134
0.2982886916906415
0.6653601304942158
0.6782697167891188
0.7101749558964743
0.8763318168481178
0.979667245466364
0.9641256647231458
0.9105951150478828
0.8012207445645366
0.6503810797421932
0.6352926072476034
0.6181707580490969
0.5990301811851682
0.5780277201374681
0.555584065575414
0.5320864198140686
0.5081091136915713
0.4841808855557269
0.4608207997184346
0.4385333373401605
0.4176863345190241
0.3985821291075601
0.3814210914978522
0.36627277817450693
0.3531270107296234
0.34188503331885534
0.3323869779346398
0.32444614763386936
0.3178639944702791
0.31244458229859884
0.3080071113198422
0.3043898675592072
0.301451411256227
0.2990714637242119
0.29714843955672154
0.29559807269768523
0.29440999249462707
0.29802680851385394
0.658788755740471
0.6709141294045069
0.6809461199315587
0.7253458245201243
0.9076355925797704
0.986945632127458
0.9667079753132577
0.9118351298776199
0.8020830299120556
0.6428421703912284
0.6268195909432337
0.6088520727789133
0.5890096244244393
0.567508357844488
0.5448209094681453
0.5213503144281801
0.49766473113891013
0.4742561702007526
0.45159450165656057
0.43013166611182807
0.410183710253439
0.3920066900943949
0.37575984962067666
0.36147816329963117
0.34912515214449263
0.3385861286804762
0.3296956044087555
0.3222687416056587
0.31611431237040505
0.31104637997335166
0.3068946498746485
0.30350789053897714
0.30075419573064555
0.2985215781635069
0.29671561724016
0.29525793418302354
0.2941432078431279
0.2978221600090327
0.6523955520010689
0.6650571515821698
0.6715948646331984
0.6837789652496251
0.736516251065341
0.9251165920534593
0.9918511448518643
0.9688133863424148
0.9130596037750166
0.8029136497235247
0.6356616503348235
0.6188663643156248
0.600243249047999
0.5799065536455339
0.5581158353607527
0.5353731173750407
0.5120775979218732
0.4887760374370246
0.465918794772217
0.44393102297424647
0.4232215719872338
0.4040668354171122
0.38668764231247743
0.371211908633739
0.3576495109875997
0.3459454721852471
0.3359754123509167
0.3275723054803191
0.3205549930732243
0.31473966406516224
0.3099494043756159
0.3060227833808892
0.3028172147649571
0.30020855754684944
0.2980914471309105
0.2963771905072849
0.2949920616052177
0.2939347324732534
0.297662272209306
0.6463342818208134
0.6595854145243828
0.6656817315192924
0.6713405223151412
0.6854721796037017
0.7427403456758623
0.9359879528544074
0.9956420746018064
0.970834911448307
0.9142440439864078
0.8037327552169283
0.6289954435130952
0.6115881813522481
0.5924858629865655
0.5718338331381418
0.5499191578383577
0.5272538377184613
0.5042207062916014
0.4813378190068349
0.4590161663910031
0.43764445667978696
0.41759825869501693
0.39912460917309645
0.3824175970290786
0.3675814158517969
0.35460797933471955
0.3434295116458987
0.3339160477616465
0.3259014466610944
0.31920884143436973
0.3136613195298946
0.30908979790827407
0.30534011545659734
0.30227674401451493
0.2997817898704565
0.29775514062958286
0.29611266315618273
0.29478429706197173
0.2937718572087591
0.2975373756261122
0.640727147321805
0.6544817006640263
0.6607092947355043
0.6652579777970075
0.6711507016303715
0.686722492655723
0.746945684849883
0.9443815173304176
0.9991680167405856
0.9727949989834399
0.915404301705029
0.8045738201665692
0.6229539353653349
0.6050829432035777
0.5856531621520007
0.5648282511050893
0.5429086560791123
0.5204025812851717
0.4976701555486661
0.47519975680311116
0.4533691219110323
0.4325394235050279
0.41306137966496986
0.39516052676320657
0.3790106657323388
0.3646979238828113
0.3522016529320103
0.34144522933700894
0.33229577032183055
0.3245892617018347
0.31815309087863436
0.31281644197204655
0.308416835274558
0.3048059890950069
0.30185405925015457
0.29944814892845834
0.297492283904215
0.2959059557787786
0.29462197514811517
0.29364462869028557
0.2974398260883422
0.6356571070979015
0.6497901114323833
0.6561774996302151
0.6604312914216347
0.6646051518052831
0.6706531213686782
0.6874828122075725
0.7499054129646315
0.952190076936091
1.002567158138896
0.9747132534473313
0.9165888938356822
0.8053773080518744
0.6175983179739382
0.5993914380141642
0.5797559665297312
0.5588627524776953
0.5370152843498577
0.5147092962115826
0.49228096376527974
0.4701918064978318
0.44879352149835355
0.4284276138541005
0.40942634901111996
0.39199964472182786
0.37630571807113183
0.3624169495050863
0.35030405568984907
0.3398843236338739
0.3310235514941669
0.32356039894978067
0.31732613002788135
0.31215512034749465
0.3078903932808279
0.3043883338152525
0.30152364499781653
0.2991874071066332
0.29728689337012154
0.2957444647978406
0.29449517690021865
0.29354525909535734
0.2973636435614934
0.6311667338316322
0.6455655590423944
0.6520788776002208
0.6561491497767385
0.659787741537529
0.6636533227414062
0.670155651786963
0.6877803729196915
0.7525219636896486
0.959710883301591
1.0059156822329878
0.9766725614348033
0.9177238732666677
0.8061779827312626
0.6129441471439704
0.594505227099069
0.5747553031466788
0.553864348171687
0.5321320269965661
0.5100374213172452
0.4878946929283189
0.4661429260155863
0.44511451361351007
0.4251373870845518
0.40653007421470055
0.38949106005236195
0.37416654365061297
0.3606183661254013
0.3488115051738216
0.33865899110063497
0.33002624256563395
0.32275472065087485
0.316679023112206
0.3116378788799243
0.3074788250781004
0.3040619101561888
0.30126545435245444
0.2989836968778783
0.29712644097192065
0.295618319888243
0.2943961421745596
0.293467656155667
0.29730415265147686
0.6272624060539355
0.6418345655842929
0.6484417401140072
0.6523303678173007
0.655605474917067
0.6587407214568564
0.6627677284728641
0.6695014546086765
0.6880138323827439
0.7549962081766933
0.967205197776816
1.0093259722370636
0.978564305494056
0.918852746853005
0.8069687402231629
0.6089698194970538
0.5903785733034079
0.570578189668583
0.5497323548103281
0.5281332946004565
0.5062423726352197
0.48435518330141103
0.46289302569548185
0.4421744392174181
0.4225183040492773
0.40423266353071635
0.3875076544219221
0.3724801044728575
0.35920378068199943
0.3476399685463068
0.3376986797524164
0.3292454665845282
0.3221244639241197
0.3161730682154979
0.3112335842654595
0.307157226737651
0.30380688942365525
0.3010637625788721
0.29882458165142406
0.2970011158121647
0.295519798430496
0.29431880129920307
0.2934070568201251
0.29725769941835745
0.6239218308363761
0.6385954053548619
0.6452721145093653
0.6489859382305136
0.6519133460892979
0.654544557335291
0.6576879799928259
0.6617595797252982
0.6689118263064612
0.6882155718278248
0.7574285954418802
0.9747647441922531
1.0126443727101668
0.9804505173875122
0.9199655653664923
0.8077477392627574
0.6056270185277559
0.5869416818358486
0.5671325388646307
0.5463540856320095
0.5248898716436138
0.5031842930529149
0.4815182303142128
0.46029924932878813
0.4398362350749276
0.42044211057280884
0.4024167629934717
0.38594419607135166
0.3711539281125255
0.35809348930224544
0.3467219354022175
0.3369470878413368
0.3286348615423772
0.32163185728983307
0.3157777448387021
0.3109177390969259
0.30690603488081764
0.3036077191584694
0.30090624577680597
0.298700322561944
0.2969032419783104
0.2954428593240571
0.29425840691390964
0.293359738703894
0.29722142837774845
0.621102607639273
0.6358246151340423
0.6425532648169426
0.6461084938881418
0.6487086899341744
0.6508767133174281
0.6533770245505127
0.656473945811488
0.6608509934650532
0.6683322935026585
0.6883725162344149
0.7599512415139342
0.9821484131976812
1.015967542104423
0.982318224052164
0.9210605259012175
0.8085191248658742
0.6028513158626856
0.5841124293235711
0.5643193881460994
0.5436164957476455
0.5222788726385704
0.5007355964404681
0.479256374077023
0.45823836655361677
0.4379837778503155
0.4188017114265881
0.4009855190517754
0.38471474731544253
0.3701131672818154
0.35722347964071316
0.34600353681466867
0.33635950325332087
0.32815776634875743
0.32124711671246364
0.31546904010677534
0.3106711012369609
0.3067099065517446
0.30345221136956896
0.3007832539153974
0.29860330040320676
0.2968268150510333
0.29538277957955344
0.29421124813191013
0.2933227928736313
0.2971931088226519
0.6187506088013812
0.6334839637036094
0.640252525635132
0.6436703914785445
0.6459743209998734
0.647723649415243
0.6496240864029331
0.6519880847095303
0.6553753045613524
0.6599599551876201
0.667701703347833
0.688632437176647
0.7623931337189843
0.98957066533038
1.0192697770788006
0.9841615803103125
0.9221440655234423
0.8092567339160768
0.6005710693814491
0.5818055951631744
0.5620416626486979
0.5414136794394288
0.5201893977570391
0.4987844499877646
0.47746043485609424
0.4566065959120748
0.43652056761892105
0.41750902787219263
0.39986001092189405
0.38374983286302417
0.3692977415665781
0.35654268364988945
0.3454419951298944
0.3359005715056865
0.3277852748530274
0.32094681124653585
0.3152280945255361
0.31047858122549493
0.3065568190573337
0.30333082318378096
0.3006872377630984
0.2985275554117139
0.29676714089194894
0.2953358681684855
0.2941744260788988
0.29329394689420235
0.29717099834373895
0.6168068397411649
0.631527055312811
0.6383276532069206
0.6416311726986828
0.6436751392979455
0.6450576051431717
0.6464155308360022
0.6480735481530504
0.6507294919899564
0.6542949298108337
0.6590050915127659
0.6671835716776389
0.6888356187086602
0.7648731756799221
0.9969436291070475
1.0225425415153835
0.9859909889517091
0.9231474260186272
0.8099611807878321
0.5987141755609412
0.5799392589015377
0.5602096290129595
0.5396509483604787
0.5185249314216922
0.49723562701657675
0.47603895168237287
0.45531809314461974
0.4353675337467277
0.41649247795997457
0.3989765376907857
0.3829937297430789
0.3686597362793328
0.35601055186549385
0.34500348707658723
0.33554241846819843
0.3274946488400814
0.32071254059846327
0.31504012061492476
0.3103283562047199
0.3064373598411917
0.30323608983824785
0.3006122926468372
0.29846842862028233
0.29672055114354956
0.29529924072733443
0.2941456761766814
0.2932714257809102
0.2971537360172213
0.6152125604966115
0.6299045921033217
0.6367322809935442
0.6399438906883796
0.6417657931406403
0.6428337387952853
0.6437209415896821
0.6447203660177769
0.646667081868453
0.6494901876264055
0.6531380078399882
0.6581730970341214
0.6666052722688568
0.6890688180976835
0.767354938226181
1.0042555889565412
1.0257880090770828
0.9876057203841602
0.9241155293084933
0.810637520576179
0.5972125924158336
0.5784386368415991
0.558743720260388
0.5382463823267171
0.5172036868143122
0.4960096999414404
0.474916579695707
0.45430277283643516
0.4344605984234094
0.4156943981691611
0.3982840660448179
0.38240202297440035
0.3681611140312215
0.3555950248720208
0.34466134678408916
0.33526311952373944
0.32726803379610525
0.3205298793463614
0.31489353372721174
0.3102111710183478
0.3063441668623799
0.3031621732462412
0.30055380296052
0.29842227938687355
0.2966841792242853
0.29527064404675923
0.2941232295724525
0.29325384317851144
0.29714025909884156
0.6139126633757206
0.6285682135620613
0.6354199257097923
0.6385601187839864
0.6401965919599305
0.640999345121261
0.6414900546158697
0.6419012340163989
0.643180570085376
0.6452806269372944
0.6481630630157698
0.6521127326026794
0.6572697829034515
0.6660520746392476
0.6893157315958391
0.7698275035071266
1.01145507671879
1.0282083265308855
0.989084833446439
0.9250314420089963
0.8113048055778881
0.5960049304736522
0.5772379455978052
0.5575754547954421
0.5371308237971979
0.5161576754884771
0.49504144684248175
0.47403199941706686
0.45350399858169194
0.43374825533172673
0.41506865975703033
0.39774195208900814
0.3819394659591307
0.3677718062477387
0.35527082822444656
0.3443946008611057
0.33504546060042767
0.3270914339216136
0.32038752813051136
0.3147792665507324
0.31011978757702297
0.3062714829800409
0.3031045103019975
0.3005081621921807
0.2983862629845329
0.29665578588920694
0.2952483181799483
0.2941057046944451
0.29324011649338483
0.29712973766529427
0.6128575652324459
0.6274729579687153
0.6343466890680806
0.6374333347021628
0.6389179361969498
0.6395000584270715
0.6396639303577475
0.6395665920124055
0.6402450895190523
0.6416609925945009
0.6437960627445465
0.6469751626676209
0.6510037506792714
0.6563892687677567
0.6655124351767299
0.6895658073137982
0.7722815434795004
1.014992175066897
1.0302320848441777
0.9904815119776723
0.9259298446208458
0.8119601963199963
0.5950375960344501
0.5762808579857086
0.5566472090001009
0.5362469178299217
0.5153312019134709
0.4942779138967074
0.47333577889499845
0.4528763445663675
0.4331893686089834
0.4145785648402296
0.3973179595780074
0.3815782028997011
0.36746811054325
0.3550180833376969
0.3441867827211573
0.33487594964199385
0.3269538877442965
0.32027664430872804
0.31469022920957673
0.3100485462917724
0.30621480888954145
0.3030595359219934
0.30047255247776333
0.2983581574151233
0.2966336221628977
0.2952308885317836
0.2940920226808917
0.293229400307304
0.29712152374930373
0.6120040014407983
0.6265785786031005
0.6334728259351371
0.6365209770043841
0.637883179435901
0.6382838669800848
0.6381824683291866
0.6376564958480258
0.6378115178888195
0.6386089903117611
0.6400338290160065
0.6424567650928169
0.6456917558549027
0.6499151581050101
0.6555207522869836
0.6649764020634495
0.6898391912021494
0.7739604393232975
1.0172622578443924
1.0320563562257383
0.9918407382855952
0.9268101382056909
0.8126022033198063
0.5942649204695916
0.5755201307654957
0.5559112946568476
0.5355477438698846
0.5146791251639876
0.4936764892761858
0.4727883444212107
0.4523835913627058
0.4327512520235328
0.41419502939233577
0.3969866215921694
0.3812962786972658
0.36723138629489355
0.35482118324275114
0.34402498701388373
0.33474402106638146
0.3268468181769895
0.320190315016052
0.31462087901227775
0.30999302465079515
0.30617062982741655
0.30302446494184243
0.3004447729744277
0.2983362273274141
0.29661632207128397
0.29521728170405076
0.2940813410219082
0.29322103456108023
0.2971151113107828
0.6113150533013931
0.6258500337373117
0.6327634438019055
0.6357854459687656
0.6370502903715173
0.637303325976435
0.6369890617419047
0.6361088036491351
0.6358190259306687
0.6360761172235428
0.6368566186293999
0.6385567977888188
0.641010442305189
0.64442657996114
0.64883502752185
0.6546529811808091
0.6644766426014593
0.6899511043360257
0.7752316472143778
1.0192005164911837
1.0338251424971276
0.9931728796218067
0.927671361011434
0.8132332474707056
0.5936487204204074
0.574916734121946
0.5553287600758052
0.5349952962587439
0.5141651676925879
0.49320310398330747
0.47235818646045574
0.4519969951588923
0.432408022862188
0.4138950895564989
0.39672787046797103
0.38107642803530084
0.3670469992338532
0.3546678966412974
0.3438991081549519
0.3346414086852276
0.3267635211433491
0.32012313691470184
0.3145668857021724
0.30994976837353294
0.3061362003204477
0.30299712236411924
0.30042310499948577
0.2983191175175674
0.2966028189948209
0.29520665946660024
0.29407300192484176
0.29321450377504726
0.2971101052922996
0.6107597580906328
0.6252574121599097
0.6321886262020296
0.635194354112038
0.6363825883223235
0.6365166010623009
0.63603295298771
0.634864386390671
0.6342038355664262
0.6340008060242167
0.6342165199415517
0.635258538026872
0.6369614570468333
0.639580390830052
0.6431654172917675
0.6477515836227737
0.6538257765048492
0.6639274188589734
0.6899780174441592
0.7762666178459159
1.0210370049031394
1.0355533478222276
0.9944789127864111
0.9285160074885811
0.8138554865185516
0.5931575294169669
0.5744387968399163
0.5548681038165257
0.53455903071626
0.5137603541026159
0.4928306571902501
0.47202032411784406
0.4516938152980505
0.4321392568017173
0.41366065671716384
0.39652592706997
0.38090509634900127
0.366903481183825
0.3545486457926157
0.3438012402417299
0.3345616526767623
0.3266987572551035
0.3200708894853871
0.31452486787331474
0.3099160796098525
0.30610937671873567
0.3029758099580311
0.3004062064887248
0.2983057698920764
0.29659228003373383
0.2951983673782398
0.2940664916763394
0.2932094055257407
0.29710619730731214
0.6103124806873429
0.6247755695596727
0.6317231998002918
0.6347203143436854
0.6358488378814823
0.6358877244583699
0.6352701362272689
0.633869887287729
0.6329048519744005
0.6323177380623591
0.6320512236319715
0.6325149317588944
0.6335312952999609
0.6353809240005669
0.6381488322270867
0.6418969012028846
0.6467089607141565
0.6529615093181879
0.6634016113911017
0.6899208826584123
0.7772368649581071
1.022825340259513
1.0372460730399706
0.9957613611000962
0.9293456250604002
0.8144865301374272
0.592765740474654
0.5740605037227707
0.5545040657916216
0.534214535408277
0.5134416532071764
0.4925376780204922
0.4717550070642769
0.4514561180571662
0.4319288711881771
0.4134775111279316
0.39636840384041977
0.3807716614442546
0.36679185224957866
0.35445593768992967
0.3437252056570802
0.33449970526130773
0.3266484347619581
0.32003027778361826
0.3144921851956677
0.30988985225670784
0.30608848557689206
0.30295920186001435
0.3003930297222881
0.2982953583021343
0.2965840549437762
0.29519189434897225
0.29406140922867435
0.29320542567929425
0.29710314649974867
0.6099522346498688
0.6243836061480519
0.6313463539294197
0.6343404684467737
0.635422959223229
0.6353863629310608
0.6346633575938789
0.6330788795506115
0.6318667014764793
0.6309639110765276
0.6302938988103967
0.6302629874983695
0.630674000502846
0.6318181097252831
0.6337926404859017
0.6367057885681681
0.6406682851492822
0.6456210802900181
0.652140337633901
0.6628246466375416
0.689833045211151
0.7781445377893257
1.0245694983995446
1.0389062299906775
0.9970207285683896
0.9301932036235041
0.8130358994899832
0.5924527472069692
0.5737610718874022
0.5542165301777847
0.5339423839760449
0.5131908269007157
0.4923071999876248
0.47154666635193165
0.451269787306862
0.4317642252441759
0.41333449069358386
0.3962455930804214
0.38066780520435745
0.3667050871263596
0.3543839177074217
0.34366617733022753
0.33445162497553665
0.32660935987776374
0.31999872948794084
0.3144667770105103
0.3098694424951365
0.3060722206428911
0.3029462632174347
0.3003827567424776
0.2982872378599807
0.29657763593511216
0.2951868413833117
0.2940574415185207
0.29320231889284337
0.2971007648884238
0.6096620106119799
0.6240643228455456
0.6310411812982715
0.6340359402356922
0.6350835169329252
0.634987330088793
0.6341816122219337
0.6324520036916166
0.6310410521476671
0.6298819718327695
0.6288796794179856
0.6284342832522318
0.6283261555140971
0.6288470485852264
0.6300907742203311
0.6321886728760964
0.6353011317838889
0.6393837368426628
0.644586670180587
0.6512905830068789
0.6622575900317692
0.689734596109445
0.7789830750156986
1.026268403153196
1.040532546576249
0.9983166386279856
0.9281857851763464
0.8124767480419928
0.5922021584892732
0.5735238364260076
0.5539895717534281
0.5337271731032794
0.5129934606704483
0.49212585551265076
0.4713830501109204
0.4511237298874733
0.43163539631522674
0.4132228487656916
0.3961498921313347
0.3805870192544932
0.36663769692993764
0.35432801103128203
0.3436203863597059
0.33441433587976066
0.3265790395630669
0.3199742374367827
0.31444703538739105
0.30985356745698495
0.3060595626258656
0.3029361863011097
0.3003747491517438
0.2982809050145658
0.2965726266107315
0.2951828970232859
0.2940543440379551
0.293199893685127
0.29709890568072733
0.609428161790617
0.6238036846203922
0.6307941860162634
0.6337912931277907
0.6348131175683683
0.6346699837479056
0.6337994116171315
0.6319565207890012
0.6303868326394666
0.629021716820146
0.6277492761074925
0.6269619486885852
0.6264179732143456
0.6264037097321412
0.6269998503142725
0.6283436112586389
0.6306215177175271
0.6338285588483761
0.6381533762947863
0.6435168353842234
0.6504577736849158
0.6617051885796638
0.6896253969816312
0.7797287704651299
1.027914414759173
1.042191169797257
0.9951594004360931
0.9268833869594776
0.8112685275453084
0.592001063117242
0.5733354841044352
0.553810627542482
0.5335567262207805
0.5128381797965884
0.4919831318148238
0.4712545321826132
0.45100923773315515
0.43153460822202233
0.41313573547311944
0.39607535174462755
0.3805242182672944
0.36658539227081366
0.3542846457891438
0.3435848917109683
0.3343854370255634
0.3265555287845071
0.31995523570015305
0.3144317057283366
0.3098412263616995
0.3060497161494455
0.3029283408907583
0.3003685085303066
0.298275966725685
0.29656871756029013
0.29517981801087
0.2940519259551724
0.293198000531533
0.29709745428759926
0.6092398167240625
0.6235903263430669
0.6305947011564466
0.6335940727768672
0.6345977364332133
0.6344176272426837
0.6334959706000507
0.6315655879425923
0.6298698152101495
0.6283404032839097
0.626850647901902
0.6257846104348423
0.6248807368890551
0.6244167098649308
0.6244555243796902
0.6251287928605975
0.6266320996077352
0.6289744988849302
0.6324096726777788
0.6368775690221617
0.6424616138618828
0.6496460532285887
0.6611727819035517
0.6895023024882053
0.7803487485487216
1.0294997407435353
1.0381622046815224
0.992284882027358
0.9241187353984645
0.8092686051184388
0.5918393268910799
0.5731854429924923
0.5536697594812304
0.5334214701557367
0.5127160016187036
0.49187077624894343
0.47115355980757384
0.450919485227328
0.43145576960813636
0.4130677907615228
0.39601732356590646
0.38047542750758645
0.36654482375066577
0.35425103488236726
0.34355739762771476
0.3343630552233482
0.3265373101581569
0.31994050248601263
0.3144198095023358
0.30983163847557804
0.3060420608607759
0.30292223508906
0.30036364591532955
0.2982721162458982
0.2965656671280327
0.2951774144872263
0.29405003825271897
0.29319652271125185
0.29709632124456664
0.6090883115066876
0.6234151015294608
0.630434183337897
0.6334344469168208
0.634426011992863
0.6342169387081368
0.6332544337304733
0.6312574266088784
0.6294618937774457
0.627802365629902
0.6261394057902503
0.6248482608781184
0.6236510655131228
0.6228152794650214
0.6223849605598011
0.6224796092564607
0.6232928258621871
0.624829379829273
0.6273801516181534
0.6309349433477436
0.6356114121903014
0.6414256891843206
0.6488644476137352
0.6606716756170048
0.6893547788635301
0.7805393745107896
1.0251209209983791
1.0297982046846452
0.9848329870339867
0.9205572387659127
0.8031796799629941
0.591708905463439
0.5730654208981868
0.5535590131089804
0.5333139393669815
0.5126198200815344
0.4917823183481459
0.4710742216251997
0.450849123445169
0.43139411191599514
0.41301482749092255
0.3959721744185542
0.38043754288974496
0.3665133774446705
0.3542250025978208
0.34353611291315433
0.33434572884608815
0.32652319958121245
0.3199290847760303
0.3144105833326088
0.3098241951097102
0.3060361127164825
0.30291748518072487
0.3003598578196905
0.29826911399658856
0.2965632867155374
0.2951755381846108
0.2940485646055614
0.293195369095799
0.29709543670077165
0.6089666522765971
0.6232707276466519
0.6303054094821493
0.6333049418380091
0.6342885445878287
0.6340574452274742
0.6330611833507013
0.6310145077186488
0.6291402480513467
0.6273782912503847
0.6255784670222622
0.6241067599463058
0.6226729868409951
0.6215338762231486
0.6207153596980247
0.6203218349796958
0.6205387924453825
0.6213552853818226
0.62307828454431
0.6257200143307143
0.6294639416551592
0.6343590645112684
0.6404189370389162
0.6481293784335476
0.6602058662252551
0.6891230588603774
0.7773804435800319
0.9948437064292206
1.0046602957258703
0.975462406663117
0.9101649569557407
0.7869656093129531
0.5916032212732708
0.5729690844866203
0.553471875622848
0.5332283847514133
0.5125440083246181
0.4917126886269585
0.4710119014976289
0.4507939629678316
0.4313459075527225
0.4129735738556188
0.395937067985129
0.3804081418971561
0.36648901182685656
0.35420485145718933
0.34351963970940974
0.3343323166121323
0.32651227312970005
0.3199202387270586
0.31440343202644666
0.309818421449447
0.30603149430965076
0.3029137919495705
0.3003569072434356
0.29826677300779664
0.29656142903160454
0.2951740733508165
0.2940474141955536
0.2931944685351048
0.297094746124971
0.608869062484237
0.6231515786729627
0.6302017875565339
0.6332001937998248
0.6341773503585164
0.6339309913991759
0.6329052972775809
0.6308227825284919
0.6288865331895065
0.6270443600098541
0.6251373319141762
0.6235215247229496
0.6218985554318628
0.6205144633250784
0.6193789671844291
0.6185807072435154
0.6182942296810665
0.6184872380073497
0.6194685274290747
0.6212525079209487
0.6240576647919122
0.6279998406910443
0.633130565614349
0.6394585031192387
0.6474493307817052
0.6598597112863795
0.6889562721978832
0.7665077286105781
0.8979488118828226
0.9766529595576228
0.9413111629806777
0.8754776726636398
0.7902563422836937
0.5915167575147624
0.5728917889832235
0.5534029135405468
0.5331604282226429
0.5124841403720504
0.4916579004880789
0.47096300880879
0.45075072920982756
0.4313082397302522
0.4129414771346317
0.39590979291597844
0.3803853324383442
0.36647013301122183
0.3541892567289543
0.34350688609967606
0.33432192711309117
0.32650380897843584
0.31991338391493895
0.3143978909402169
0.3098139474655667
0.30602791155673
0.3029109218267035
0.3003546093049162
0.29826494722329044
0.29655997907770665
0.2951729295961967
0.2940465161174739
0.29319376548314613
0.2970942069374095
0.6087906964684523
0.6230535746810834
0.6301171287670768
0.63311655338237
0.6340856828280392
0.6338311549412817
0.6327781825924456
0.6306709979098359
0.6286861340075727
0.6267814002696834
0.6247911985669314
0.6230608063497811
0.6212875978190407
0.6197072312164985
0.618315598309546
0.6171863104184242
0.6164822185473366
0.6161480257818082
0.6164858901416282
0.6174995471382058
0.6194192347619448
0.6223950276319771
0.6265528043475774
0.6319418443169937
0.6385516351617432
0.6469586157110341
0.6608767296358822
0.6869052278190295
0.7381740570815971
0.8026483782614809
0.8525672621583436
0.826416721228745
0.8931137488011972
0.793083687036118
0.5914449917760903
0.5728302254307909
0.5533476690089624
0.5331067015010429
0.5124368108519435
0.49161479097599003
0.470924765667388
0.4507168657891003
0.4312788271090666
0.4129165488668127
0.3958886252937151
0.38036763785202227
0.36645549566278146
0.35417718341751614
0.3434969988432267
0.3343138624950427
0.326497243083228
0.3199080662764274
0.314393597542603
0.3098104850463428
0.3060251349902151
0.30290869279034494
0.3003528196112277
0.29826352255933997
0.29655884703171304
0.2951720363242842
0.2940458150201116
0.2931932165666081
0.2970937858899175
0.6087275145430495
0.6229739199451682
0.6300461484034771
0.6330513173597785
0.6340083832304015
0.6337525811332783
0.6326733880696146
0.6305501081934209
0.6285275136446147
0.6265741077120498
0.6245200776250897
0.6226987861094444
0.6208070080113502
0.6190703811238749
0.6174734942732341
0.6160763357471453
0.6150305046622876
0.614258584047565
0.6140516801379368
0.614396200197825
0.6155187497338958
0.6175790824174469
0.6207425385596447
0.6251370041489425
0.630796332953092
0.6378437066254534
0.648413557907545
0.6612702311567311
0.6814635202566411
0.7101247514193268
0.7376150817399153
0.7428807424404886
0.9004058665539304
0.8972627382828929
0.7927906954861741
0.5913846321589795
0.5727818453182039
0.5533028135949821
0.5330644315083478
0.5123995193063305
0.49158082343467274
0.4708950197500455
0.4506903914630175
0.431255886097572
0.41289723975186393
0.3958722249120832
0.3803539055994049
0.3664441248818116
0.35416782261940405
0.3434893093273498
0.3343075758592326
0.3264921327212376
0.3199039304168073
0.31439026904044926
0.30980780942104474
0.30602298600149225
0.30290696279257234
0.300351425430332
0.29826240982416
0.2965579627075945
0.29517133839205895
0.2940452676880222
0.2931927879157891
0.2970934570148218
0.608676266409342
0.6229103432755538
0.6299855124724537
0.6330015576574092
0.6339425547204732
0.6336903593006603
0.6325864719869134
0.6304528405213082
0.6284016307592455
0.626410376981336
0.6243079598211992
0.6224146630393133
0.6204298425577583
0.6185694204702008
0.6168091636304017
0.6151970683883239
0.6138745144669165
0.6127442677154369
0.6120846095318885
0.6118622252594774
0.6122913861259126
0.6135255629793247
0.6157428569363675
0.6191128399378394
0.623751075742682
0.6298384978764999
0.6395011058365798
0.6492890436087273
0.6609561207275894
0.6755006860145429
0.6915848577762808
0.7025363094994193
0.7574749997198098
0.9124612724105088
0.8986678989156925
0.7927198968221442
0.591333791723846
0.5727441416049107
0.5532663375872575
0.5330310741907089
0.5123705275155279
0.4915539679368235
0.470872079292554
0.45066979404749036
0.43123802266210043
0.4128823441210479
0.3958595526771836
0.38034323560145344
0.3664352567281866
0.35416053989988105
0.34348329315646486
0.3343026355611165
0.3264881296716154
0.3199006977843068
0.31438768378752663
0.3098057458615024
0.30602132531486725
0.302905621086708
0.30035033866258415
0.2982615392012111
0.2965572712386599
0.29517079270306384
0.29404484038260303
0.2931924530747152
0.2970932000287715
0.608634527437827
0.6228600136946725
0.6299345043027111
0.6329631792224031
0.6338877885958666
0.633639791110339
0.6325146814325919
0.630373482996363
0.6283014036120655
0.6262807413835102
0.6241420959749194
0.6221917867397984
0.6201344018679713
0.6181762362952006
0.6162866886413163
0.6145032913862386
0.612958472855452
0.6115381490205469
0.6105075615535949
0.6098139709626367
0.6096552599220968
0.6101699197478445
0.6115311235120847
0.6139223566627967
0.6174995742707919
0.6225366216602545
0.6316516177475643
0.6404682299619112
0.6499865735122871
0.6603287629546098
0.6711261871970423
0.680651732112439
0.6993268716690909
0.7597952865501036
0.9134859178121664
0.8983467507964101
0.7924574183359099
0.591291618004457
0.5727142773437359
0.5532373559477597
0.5330042580542648
0.512348564963779
0.4915327037969812
0.4708545608988593
0.4506539451147719
0.43122415821613025
0.4128709214337905
0.3958498050625042
0.3803349267226007
0.3664282898113348
0.3541548370799862
0.34347853561996305
0.33429869958661884
0.326484958961076
0.3198981479647867
0.3143856685545967
0.30980415815333556
0.30602004450185777
0.3029045812552251
0.30034949037055275
0.298260855952738
0.29655672968023744
0.2951703655568398
0.29404450676119387
0.29319219137464086
0.29709299908045744
0.6086007002399105
0.6228193034634345
0.6298940290172552
0.6329315339917622
0.6338449713719511
0.6335970064900789
0.632456195957507
0.6303079487816518
0.6282212101654921
0.6261779176423453
0.6240123993130535
0.6220168931365124
0.6199033577611947
0.617868147071538
0.6158767804680586
0.6139576127858721
0.6122353575036706
0.6105822878851656
0.6092511855812013
0.6081716836419084
0.6075242084198514
0.6074285766182732
0.6080431060109608
0.6095472574828524
0.612106424334706
0.6160423764772415
0.6244765887536798
0.63257330041993
0.6413910733803888
0.6504041940305836
0.6595127478620888
0.6682784627069085
0.6782012915723332
0.6997328900910852
0.756883383830259
0.9131690333781723
0.8978529026469803
0.7923165386872443
0.5912573365504539
0.5726897111055639
0.5532152114185271
0.532982267464924
0.5123323696953272
0.4915161127747675
0.4708412767489358
0.45064201845441104
0.431213481644883
0.4128622323511042
0.3958423634716964
0.3803284337875639
0.3664227506733422
0.3541503184962295
0.3434747075780581
0.3342954953115328
0.3264823998915917
0.31989610661249473
0.3143840868803765
0.309802940354878
0.3060190590594418
0.302903775787145
0.30034882652382117
0.29826031701761485
0.29655630436599795
0.2951700305710708
0.294044246257891
0.29319198665745555
0.2970928417750273
0.6085736172028329
0.6227855681144584
0.6298637020410137
0.6329041848552462
0.633813718538
0.6335603919931161
0.6324090628486918
0.6302539982629347
0.6281565027783301
0.6260964081989114
0.6239109927539552
0.6218794461980245
0.6197229853877928
0.6176270016581514
0.61555579633772
0.6135295169184574
0.6116662309889851
0.6098277540727504
0.6082553238405171
0.606863427362009
0.6058156896723647
0.6052126951602776
0.6051934285242827
0.6059236349023317
0.6075583857415138
0.6104342549520028
0.6180981769822793
0.6253067895934799
0.6335687873244702
0.6422179611922801
0.6505737098165368
0.6584532877626413
0.6663596178176443
0.6771179579896718
0.6986442780570061
0.7537689496091404
0.9124356430904306
0.897202181024962
0.7922249296446537
0.5912295354594309
0.5726695475787501
0.5531982724739126
0.532964783654242
0.5123203095816041
0.4915038923230053
0.4708312326879575
0.45063337672084264
0.4312054226000151
0.41285569274272405
0.39583674912140787
0.3803233386106149
0.36641826337482164
0.354146667902579
0.34347154634029936
0.33429280067631895
0.32648027479020725
0.3198944335713134
0.3143828311462341
0.3098020099024721
0.3060183030208021
0.3029031518635168
0.3003483046007458
0.2982598883623392
0.29655596882573737
0.29516976706420006
0.29404404281429697
0.29319182628074875
0.29709271841190427
0.6085515431939649
0.6227593169929194
0.6298396124674862
0.6328831457649496
0.6337907535804012
0.6335314911027485
0.6323706658109197
0.6302112069240358
0.6281037124591531
0.6260321048808056
0.6238318879574927
0.6217711063723967
0.619582490530153
0.6174383952036311
0.6153047908126965
0.6131943659788635
0.6112192732071254
0.6092339757636961
0.6074691002727879
0.6058266812938468
0.60445504896308
0.6034367428348537
0.602890421791247
0.6029640255278605
0.6037919588400154
0.6057043029555467
0.6125949132406828
0.6188160395074644
0.6263146692806225
0.6345830591708199
0.6427900180865826
0.650400308699296
0.6575996799491004
0.6656510692779709
0.6767483613013097
0.6977684837653871
0.7519051993589085
0.911611291618284
0.896402567164423
0.7921422860277009
0.5912066684541928
0.5726547146922035
0.5531838302223989
0.532952767487398
0.5123106203251238
0.49149601537684817
0.47082378406015457
0.4506274235870452
0.4311996293162218
0.412850847071377
0.3958325870926129
0.38031932354594644
0.3664145317089919
0.3541436297797731
0.3434688366268028
0.3342904346514471
0.32647843676512545
0.3198930153013239
0.31438181575703694
0.3098013022463611
0.3060177247640462
0.30290266792451825
0.30034789094035824
0.2982595428748097
0.2965557021615045
0.295169558784115
0.2940438838914779
0.29319170033983866
0.297092621388335
0.6085320454048652
0.6227421338509853
0.6298171657758458
0.6328716346336672
0.6337723558700569
0.6335132825713532
0.6323387914097574
0.6301801541363862
0.6280605890041746
0.625981853435468
0.6237707588323241
0.6216853268538375
0.6194734302690388
0.6172910033352932
0.6151086769441678
0.6129324286266616
0.6108687579673173
0.6087677579668683
0.6068502839592788
0.6050085014152675
0.6033772914956432
0.6020231517871399
0.60104541222847
0.6005735368057243
0.600717328224538
0.6017886471992832
0.6079577229537902
0.613189431260734
0.619802025245455
0.6274632718995767
0.6353740917516155
0.6428129570563308
0.6497474196189148
0.6569103827798752
0.6651896497056486
0.6763280182483743
0.6971045953090939
0.7508071089901862
0.9106473036313489
0.8954708767744586
0.7920427845376589
0.5911882059574068
0.5726455601039945
0.5531701583924815
0.5329466182721083
0.5123025207185455
0.49149199754402995
0.470818854835084
0.4506235019828902
0.43119590776404315
0.41284737775310154
0.3958295704396714
0.38031615443533723
0.36641132743515015
0.35414098969062113
0.34346640166370246
0.33428824547886815
0.3264767627667849
0.3198917581249154
0.3143809719453532
0.3098007666816097
0.30601728349435375
0.3029022909679377
0.3003475585950966
0.2982592587205834
0.2965554877569991
0.2951693929180849
0.29404375969914354
0.29319160105802755
0.2970925447339208
0.6085146528161878
0.6227303449377675
0.6297977900474931
0.6328666052036731
0.6337593331797715
0.6335061624783913
0.6323138766889067
0.6301609050723043
0.6280267661071977
0.6259430594191145
0.6237247032965583
0.6216170952047606
0.6193891990496051
0.6171760409245539
0.6149555055759982
0.6127280131539052
0.6105940580937601
0.6084022298591791
0.6063642931596008
0.6043649006561935
0.6025273142646022
0.6009042883860619
0.5995777903515667
0.5986599762327715
0.5982359842298216
0.5985940818603297
0.6041223410051101
0.6084875196387396
0.6141239027640626
0.621031967348371
0.6284589891440888
0.6355585332065801
0.6421980292874824
0.6489773020065368
0.6563319853215184
0.6648365930651953
0.6760412737817447
0.6967424833415111
0.7501202976630046
0.9095577241035029
0.8944385879079413
0.7919183091855034
0.5911742227821596
0.572639700501938
0.5531587593599786
0.5329442617908378
0.5122971344740502
0.49149048698951625
0.47081686396728856
0.4506210001044622
0.43119409372097695
0.41284513686075364
0.39582744432833933
0.3803136608447695
0.36640847757782175
0.3541385674008856
0.3434640897814378
0.33428610537159664
0.3264751472955874
0.31989058326913716
0.314380243919701
0.30980036271365197
0.30601694643517097
0.3029019942507773
0.3003472856289167
0.29825901801568727
0.29655531226274023
0.2951692593211238
0.2940436625937557
0.2931915223096372
0.2970924837481136
0.6085021695576253
0.6227156328546839
0.6297874027983843
0.6328593783969988
0.6337560935278315
0.6335065871987158
0.6322994012497585
0.630152130895964
0.6280037229048092
0.6259136088941145
0.6236918396860807
0.6215628150343883
0.6193245852834182
0.617086808403483
0.6148358890571547
0.6125687077280412
0.6103787660284984
0.6081158131719946
0.6059831143463992
0.6038598385317443
0.6018592979769546
0.600022761680425
0.5984171779562381
0.5971393827917784
0.5962518218075807
0.5960175951354503
0.6009960668287301
0.6046728927017175
0.609309883311713
0.6153768178213718
0.6221942675177106
0.6288149752306909
0.6350315596759777
0.6414241187290345
0.6483493149042009
0.6559557801329214
0.664620500039018
0.6759016555282062
0.6965656615462692
0.7496351482741667
0.908362400163858
0.8933649478664907
0.7917765955706157
0.5911635996803231
0.5726345804781844
0.5531524300753901
0.5329428121883155
0.5122961552024372
0.4914902505767935
0.4708180042219661
0.45061973791789045
0.4311938894989864
0.41284416817806463
0.3958260193158914
0.38031170229338634
0.36640586430744326
0.35413620638161675
0.3434617676146865
0.33428390515303263
0.32647349856688557
0.3198894235707186
0.31437958548288575
0.3098000571406514
0.3060166863017517
0.30290175537666464
0.3003470536630822
0.2982588057798304
0.2965551647919517
0.29516914991689447
0.29404358660999785
0.2931914592473044
0.29709243471651664
0.6084940818016846
0.6226977823749861
0.6297826559422659
0.6328481661832147
0.6337612471338013
0.6335116079309155
0.6322979178309497
0.6301523642456885
0.627993260038217
0.6258923280023762
0.623670675014684
0.6215202576327843
0.6192754367250864
0.6170182886987767
0.6147425616292533
0.61244474630906
0.6102099324509812
0.6078913066249549
0.6056842339841286
0.6034641126028594
0.6013356769236643
0.5993308258113292
0.5975038096687009
0.5959384023947512
0.5946771893099985
0.5939586051018246
0.5984770843548894
0.6015892142447989
0.6053173938186299
0.6105195901226141
0.6166542829911117
0.6227051363008699
0.628398523290856
0.6342940166712835
0.6407729408399261
0.6479465898661628
0.6557420003259394
0.6645339941273735
0.6758765190402226
0.6964931055297815
0.7492473855137028
0.9071287618163231
0.8923210215280609
0.7916193242875924
0.5911555074588941
0.5726311106481285
0.5531504273832519
0.5329429132026464
0.5122988315309535
0.49149191509059276
0.47082140054876975
0.4506202362296762
0.4311948769420143
0.41284462610503003
0.39582521895756995
0.38031014344822145
0.3664034104234754
0.3541337755669501
0.3434593124609143
0.3342815506908665
0.32647173717204053
0.31988822085004465
0.3143789575349415
0.3097998212711254
0.3060164791140166
0.3029015544730233
0.3003468466456111
0.2982586091099088
0.29655503628124313
0.29516905824042994
0.2940435270962005
0.29319140800877613
0.29709239469354015
0.6084845094085053
0.6226855691282134
0.6297717197266604
0.6328390643707557
0.6337650987814881
0.6335220163227089
0.6323062463670107
0.6301620701944552
0.6279950639971708
0.6258795709290182
0.6236594735659337
0.6214884006920042
0.6192385076759765
0.6169667471030248
0.6146700709619268
0.6123484877378471
0.6100774372928787
0.6077150959338491
0.6054496823900221
0.603154256820993
0.6009259976180376
0.5987893253182937
0.5967879434602616
0.594994732537675
0.5934354830044771
0.5923255076727003
0.5964662487155569
0.5991181861939432
0.6020330457126686
0.606423472978515
0.6118530876214102
0.6172927861828449
0.622401705292487
0.6277256520810658
0.6336446204352693
0.640346220058528
0.6477117521495686
0.6556588073378735
0.6645483712946408
0.6759226009125204
0.6964788356211424
0.7489206026446693
0.9059360463667404
0.8913756110817342
0.7914664690810089
0.5911523337104687
0.5726308252341974
0.5531499247327096
0.5329476766317722
0.5123025932525352
0.4914972486008177
0.4708257464604778
0.4506231636937808
0.4311969228899052
0.412846560326746
0.3958251512618597
0.3803088387709291
0.36640105881551993
0.35413117338082417
0.34345660825199315
0.334278960282868
0.3264697958293917
0.31988692495811244
0.314378325636168
0.3097996284240287
0.30601630194042423
0.30290137246335297
0.3003466497587023
0.29825841653633917
0.29655491899238373
0.2951689791005482
0.2940434804284301
0.29319136549167313
0.2970923613369957
0.6084777193314426
0.6226763423800283
0.6297571799228134
0.6328298232467094
0.6337607604322064
0.6335372733427895
0.6323165184451331
0.6301823067865581
0.6280059083355103
0.6258765989308845
0.6236561956249749
0.621466862183631
0.6192115353118862
0.6169293130069194
0.6146145494837435
0.6122740195673972
0.6099734597812856
0.607576514153559
0.6052651996487963
0.602911552354908
0.6006057793721017
0.598366514513368
0.5962287805082268
0.5942565250277078
0.5924616470634554
0.5910384013402306
0.5948734869157781
0.5971583753157238
0.5993495331898558
0.6030025207071174
0.6077559659131682
0.61258859888155
0.6170902894118556
0.6218109784270064
0.6271025905773843
0.6332106434619742
0.6400902030730415
0.6476161632519782
0.6556811098029834
0.6646285978359918
0.6760150632032922
0.6965033653054714
0.7486377951819634
0.9048666329184063
0.890615345270972
0.7913305565077076
0.5911535756916679
0.572633477973007
0.553152199048811
0.5329559234365978
0.5123083486879519
0.4915055249467759
0.4708315031522283
0.45062824581370253
0.43120069023725544
0.4128498094078732
0.39582606593504127
0.3803076808615895
0.3663987306969988
0.3541283315188342
0.34345354782017523
0.3342760606082903
0.32646762113383637
0.31988549376159575
0.3143776579431378
0.30979945103758555
0.30601613063945865
0.30290118933718385
0.3003464484135883
0.29825821756343773
0.2965548061472386
0.29516890834178405
0.29404344378637387
0.2931913291833096
0.2970923327853546
0.6084830365193583
0.6226654546758016
0.6297477231485675
0.6328170125336064
0.633747075331756
0.6335511991843465
0.6323225001117916
0.6302091417172668
0.6280220114031821
0.6258828735495612
0.6236592665807805
0.6214548309772385
0.6191933806166469
0.6169036088172375
0.6145734555478196
0.6122168922322508
0.6098920294665164
0.6074673285776907
0.6051195525347539
0.6027211602227752
0.6003554903857543
0.5980368718615733
0.5957932461608388
0.5936812652078198
0.5917015559943167
0.5900295533294885
0.5936203268635525
0.5956184052359549
0.5971686618349241
0.600163177631014
0.6042930593493816
0.6085601028092231
0.6124680787259998
0.6165900275220252
0.6212334670244325
0.6266813672541388
0.6329440260340224
0.6399824940676833
0.6476380074898044
0.6557724718225455
0.664755378178752
0.6761440181903627
0.6965457689186162
0.7484039521862842
0.9040062040063891
0.8900924254070585
0.7912193686766066
0.5911547577483947
0.5726402414057082
0.5531593621849323
0.5329643633344767
0.5123196702328163
0.49151405215121435
0.47084075437351813
0.45063475240017686
0.4312072974531587
0.41285434190789766
0.3958281088613915
0.3803066848018263
0.3663962874597444
0.35412520332685204
0.343450041946844
0.33427278418424755
0.32646517496831257
0.319883894863422
0.3143769225836296
0.30979925737056113
0.30601593747272354
0.3029009824187737
0.30034622736106387
0.29825800242303285
0.2965546916893576
0.295168842703602
0.29404341497125536
0.29319129704027524
0.2970923075723677
0.6084898810701477
0.6226673327512939
0.6297389968626126
0.6328077369847709
0.6337276482202496
0.6335542522846884
0.6323236637717699
0.6302311136334723
0.6280412515445845
0.6258933229040642
0.6236680900733759
0.6214500412319145
0.6191837606774964
0.6168875573476431
0.6145451550443235
0.612173967053093
0.6098286383988231
0.6073813375949783
0.6050039878348814
0.6025714025873506
0.6001596517472474
0.5977800299587711
0.5954547587088506
0.593234503632116
0.5911108414672527
0.5892426901042848
0.5926402504756534
0.5944187892114294
0.5954031880169365
0.5978138902639726
0.6013815653769404
0.6051436440353399
0.6085017811272928
0.6120565860496249
0.6160715036282458
0.6208433071925565
0.6264183895258292
0.6328315620362325
0.6400046183937294
0.6477362332868325
0.6559150615020821
0.6649215017331294
0.676284970673031
0.6966027330061408
0.748223865309303
0.9034197827827222
0.8898509141441362
0.7911440219077636
0.5911614551486847
0.572649369184287
0.553170258639033
0.532975865137331
0.5123351307282769
0.49152437011905487
0.4708534679623357
0.45064396723173267
0.43121702814287055
0.41286080378662876
0.39583103406189923
0.3803059737849563
0.3663935510111951
0.35412172141334386
0.34344603584600625
0.33426907123788985
0.32646243498975347
0.3198821072843902
0.31437608467257677
0.30979900737681043
0.30601568857247313
0.302900724855244
0.30034597003752317
0.2982577620510352
0.2965545702216489
0.295168779766066
0.29404339224826376
0.2931912674210527
0.2970922845722341
0.6084969392480232
0.6226768242966139
0.6297401909566503
0.6328011690089678
0.633713473579857
0.6335433334418642
0.6323206382992991
0.630237330368463
0.6280606780178316
0.6258998227921757
0.6236813312789963
0.6214489367281777
0.619182023835672
0.616879465757199
0.6145282674923669
0.6121433102357371
0.6097799201388263
0.6073140327145745
0.6049118264110439
0.6024531704705529
0.6000060991360655
0.5975798355094601
0.5951921129721298
0.5928885725057849
0.5906535649741995
0.5886317264580421
0.5918780228917925
0.5934923351466203
0.5940601907247395
0.5958718146799334
0.5989375022293841
0.6022606850374169
0.605129198645049
0.6081697681764061
0.611604022460689
0.6157273378460455
0.6205992538438584
0.6263111929080001
0.6328603961606338
0.6401118472854781
0.6478914688993238
0.6561039129950478
0.6650999221428368
0.6764332046848406
0.6966614867951243
0.7481068060466403
0.9031658145688287
0.8899263110060207
0.7910957439933421
0.591173400969098
0.5726602818477721
0.5531853474585652
0.53299408897
0.512352058163441
0.49154041223541367
0.47086832254620126
0.45065874505615694
0.4312294585974133
0.41286999966054283
0.3958343845899724
0.38030550865365514
0.36639041339137995
0.35411775140600515
0.34344151762289016
0.33426488485263384
0.32645939125290746
0.3198801212438217
0.3143751025906957
0.30979864761584225
0.30601534155594434
0.3029003848304535
0.3003456583099223
0.2982574884065296
0.296554437162318
0.29516871797049243
0.294043374198294
0.2931912390789663
0.29709226296898644
0.608508448379974
0.6226868431469023
0.6297480304822176
0.6328057722267985
0.633703932176016
0.6335315791966506
0.6323118582440844
0.6302275723370131
0.628073479240489
0.6258971111577665
0.6236935391763161
0.6214483095059559
0.6191852329369237
0.6168781266973765
0.6145209490885993
0.6121239337381184
0.6097434497533425
0.6072622656512114
0.6048381803766627
0.6023594573875098
0.5998853762569114
0.5974235741365206
0.594988491789218
0.5926214219086964
0.5903008744336409
0.5881593558042378
0.59128837049103
0.5927832058310566
0.5931346933476294
0.5943038213132957
0.5968829181212734
0.5998306627972909
0.6022761348627911
0.6048654944789491
0.6077852000694499
0.6113163635243797
0.6155159763991052
0.6205089039817746
0.6263548839186404
0.632981537459977
0.6402824033376108
0.6480994964929675
0.6563062467792747
0.6652880193433716
0.6765714254046629
0.69672052774366
0.748060711810836
0.9032705779045497
0.8903085012439624
0.7910704726102609
0.591185620221556
0.5726778621129722
0.5532070557154359
0.5330172449497663
0.5123737313040841
0.4915610039157502
0.47088821292178884
0.4506793213831993
0.4312454206493548
0.41288129893843456
0.39583806003753813
0.3803048003135932
0.3663869251932809
0.35411312264654715
0.34343649899093137
0.3342602388648023
0.32645604090198255
0.3198779310038649
0.31437392324257624
0.30979810613288405
0.30601484407302715
0.3028999262031588
0.30034527313009884
0.2982571751895725
0.2965542891764683
0.295168656694981
0.294043359570247
0.2931912112299055
0.2970922422391936
0.6085196434140165
0.6227017610250681
0.6297556451550976
0.63281739395983
0.6337053385643437
0.6335237843962135
0.6323047451555034
0.6302105349484675
0.6280736034995036
0.6258867329302702
0.6236954290299986
0.6214462856596014
0.6191873936628203
0.6168821762357891
0.6145205358980662
0.6121151357250808
0.6097176693160778
0.6072238911572304
0.6047797445895313
0.6022850084633493
0.5997902493437188
0.5973013382705945
0.5948306421955172
0.5924155868664779
0.5900297878076105
0.5877956342737712
0.5908346278917135
0.5922456353989987
0.5924908173904889
0.5930774399723544
0.5951678486317824
0.5977777253545773
0.5998647942163524
0.6020685810958096
0.6045470329573859
0.607559938632812
0.6111491419942536
0.6154545195518872
0.6205770096378426
0.6264976386997946
0.6331715307677427
0.6405119787120653
0.6483230765221557
0.6565211584430045
0.6654634471132677
0.6766939985685233
0.6967761430529146
0.7480854594108293
0.9037325946314917
0.8909819584469711
0.7910481810738229
0.5912053958925992
0.5727029158803343
0.5532343852982489
0.533045378433427
0.5124003254271999
0.4915862997909021
0.4709161251987789
0.450704552822206
0.4312657372357278
0.4128929358349776
0.39584203917169664
0.38030329734255747
0.3663831542281996
0.35410779538201004
0.3434309724249042
0.3342552192661861
0.3264523857554463
0.3198755156012724
0.31437247638572474
0.3097972903161373
0.3060141346635753
0.3028993119220439
0.30034479662618463
0.29825681896408546
0.2965541249210313
0.29516859633136927
0.2940433471519379
0.29319118370390646
0.29709222213604175
0.608539734125401
0.622714570021185
0.6297723621912558
0.6328240265413714
0.6337175671677336
0.6335227470374096
0.6323034729196971
0.6302000283147977
0.6280637439837496
0.6258742875488658
0.6236817390165149
0.6214405615510341
0.6191818652799629
0.6168882318246821
0.6145238441406234
0.6121153680718047
0.6097018120104274
0.6071973838754285
0.6047345875748364
0.6022260719711029
0.5997153128148385
0.5972055348952753
0.5947081933742979
0.5922573243132113
0.5898221141061237
0.5875167077421523
0.5904873493522592
0.5918425670893378
0.5920232109672191
0.5921017961023841
0.593748446295063
0.5960391377673862
0.5978227906492665
0.5997006285580379
0.6018112798168564
0.604385940439943
0.6074449298911259
0.6111275539531098
0.6155572865080569
0.6207504924221228
0.6267141963308647
0.6334286269403464
0.6407595750309456
0.6485639537402786
0.6567232278164707
0.6656201970004892
0.6767946425736288
0.6968256128591854
0.7481872252556965
0.9045377845456032
0.891884821130893
0.7910120227797354
0.5912315624172052
0.5727322089019832
0.5532659431385811
0.533077409378645
0.5124310321873369
0.49162025090899863
0.47095067926843315
0.45073535927063774
0.43128807794792806
0.41290431815158357
0.3958455418432218
0.3803012795368915
0.36637899784113853
0.35410199666185166
0.34342492317457374
0.3342499556062446
0.32644843526754663
0.3198728093679612
0.3143706690766696
0.30979609328275093
0.3060131491406474
0.3028985112355121
0.3003442160725183
0.29825642052761014
0.29655394599144264
0.2951685382661854
0.2940433357380521
0.2931911571673697
0.2970921945011959
0.6085651683687623
0.6227340921861553
0.6297895770546912
0.6328389759324146
0.6337259075234019
0.6335298151130779
0.6323075106697855
0.6302004519710378
0.6280580532304857
0.6258649131614622
0.6236590724714601
0.6214274884048736
0.6191656311670917
0.6168893733839114
0.6145276314592697
0.6121211208022401
0.6096954543473364
0.6071815191241816
0.6047017999494081
0.6021802514240955
0.599656652229038
0.5971305066415429
0.5946131193303961
0.5921358907641951
0.5896635553095223
0.5873036833124319
0.590223050239151
0.5915441793389927
0.5916926816021548
0.5913050294998954
0.5925575285989235
0.5945606961775989
0.5960880586265191
0.5976877929887437
0.5994976929096636
0.6017123316882985
0.6043272336507041
0.6074712553498847
0.6112747578395772
0.6157708084614335
0.6210024022992923
0.6270047612608126
0.6337057839997081
0.6410303731804252
0.6487927776825031
0.6569073288298464
0.6657505962035989
0.6768692474073303
0.6968813961115007
0.748361336358466
0.9056141492138984
0.8929444328923959
0.7908886149791782
0.5912590809582805
0.5727641868803897
0.5533011093803166
0.5331133869774609
0.5124706719346837
0.49166284254768433
0.47099227262783744
0.4507703593453708
0.4313102029483024
0.41291557677546753
0.39584831695906025
0.38029968871602504
0.3663745041224083
0.35409601845276667
0.34341845284043837
0.3342445271232902
0.3264441965143444
0.3198696802814535
0.31436838488479857
0.30979441727904644
0.30601183626489437
0.30289751047728114
0.30034352939575676
0.2982559858712828
0.29655375766518693
0.29516848460689366
0.2940433243706936
0.29319109623881556
0.6085901958109523
0.6227570147998067
0.6298122339491559
0.6328582630230393
0.633740377886243
0.6335349868676687
0.6323143169925676
0.6302076910759578
0.6280639013542201
0.625866149683047
0.623641458346988
0.6214073733185427
0.6191410679672982
0.6168773790490238
0.6145281771863933
0.6121268656061305
0.6096973285110093
0.6071751882922981
0.6046809130612232
0.6021463790728865
0.5996115716607695
0.5970722193977196
0.5945393326465278
0.5920429598249102
0.5895429572806248
0.5871416938396927
0.5900231409686607
0.5913266193902236
0.5914680759914523
0.5907368202492381
0.5915418420889365
0.5932889586746629
0.5946058257957925
0.5959710920789708
0.5975311285565705
0.5994565815087765
0.6017104645721595
0.6044071259347972
0.6076705315403657
0.6115367002789109
0.6160667458480864
0.6213338313371977
0.6273168068728957
0.63400982737371
0.6412903845985147
0.6490058408738878
0.6570645049241937
0.6658481852244772
0.6769305356255384
0.6969421428492594
0.7485989857049683
0.9069041120087947
0.8938650796371441
0.7905277374380488
0.5912892532070059
0.5728014068484496
0.5533426757889739
0.5331593343525429
0.5125206818515156
0.4917147035857522
0.4710405466189931
0.4508065579029435
0.43133258086948556
0.41292680992568187
0.39585220145053573
0.38029905022456073
0.36637019032050855
0.3540898631231743
0.34341182559036926
0.33423888412899455
0.32643961330882776
0.3198659491723861
0.31436550547190634
0.30979221859088546
0.3060101843331673
0.30289632381176995
0.30034274951772383
0.2982555253754105
0.29655356852811077
0.2951684374878148
0.29404330694413444
0.6086193841172851
0.6227799177705448
0.6298359032749096
0.6328854994117069
0.6337592060112659
0.6335488387354006
0.6323149259025287
0.6302167201842871
0.62807459676682
0.625881276516936
0.6236406167735471
0.6213893970247213
0.6191144878005557
0.6168492814349624
0.6145204086375302
0.6121267080650361
0.6097037012252683
0.6071772221409035
0.6046711581695642
0.60212426838062
0.599578379731383
0.5970279865027432
0.5944823808815374
0.5919721603678326
0.5894517073436183
0.5870191186180835
0.5898729284010271
0.5911709055291318
0.5913243000167495
0.5904759712932427
0.5907126246959638
0.5921819569708028
0.5933248814236252
0.5945014451859847
0.5958451974861207
0.5975414564590537
0.5995092590497209
0.6018461733338867
0.6046643442271439
0.607988643308076
0.611884804127841
0.6164480533621811
0.6216882915485827
0.6276607826755616
0.6343044595923321
0.6415356013213256
0.6491931993754324
0.65718691859271
0.665929532625203
0.6769764832219088
0.6970312962634827
0.7488930561102816
0.9081056172339808
0.8940899380451914
0.7892611756203627
0.5913283479429896
0.572848640006017
0.5533955843103089
0.533216212581457
0.5125816565942117
0.4917757919199447
0.47109222110755705
0.4508435905734587
0.43135582820968166
0.4129400586967195
0.39585875692571987
0.3802993731691147
0.3663661519940783
0.3540833757296651
0.34340517703326007
0.3342328755893054
0.3264344809306575
0.3198614783843984
0.3143619841135689
0.30978956332751484
0.3060082493959313
0.30289499400039316
0.3003419013029379
0.2982550492861427
0.2965533877066064
0.29516838989881256
0.608660118502443
0.622809063471146
0.62985916446781
0.6329130113368286
0.6337877278497884
0.6335690040272002
0.6323235594293913
0.6302175734806738
0.6280829820057956
0.6259008355747349
0.623657753575372
0.6213865716960152
0.6190946076640867
0.6168124182684275
0.614499656184405
0.6121167700387055
0.6097078722674539
0.6071858119955447
0.6046708836611356
0.6021141280421302
0.5995562441805138
0.5969961627968379
0.5944392351607202
0.5919187062310048
0.5893832510876147
0.5869269599675789
0.5897609524330848
0.5910620688264205
0.5912411266975455
0.590407079487006
0.5900992808845609
0.5912313455339978
0.5922051434501728
0.5932291240403247
0.5943852749775033
0.5958996704938995
0.597643696374135
0.5996999116932085
0.6021639317568616
0.6050434994127379
0.6083963570899763
0.6123234388720555
0.6168528264244744
0.622079040118758
0.6279954331882541
0.6345869833231745
0.6417560080365177
0.6493439475342595
0.6572938459596768
0.6659881548404057
0.6770446586594226
0.6971636370898767
0.749248944671747
0.908752878657207
0.8918632448885087
0.7867696856488129
0.5913797967247904
0.5729067992885903
0.5534578439138637
0.5332841271755859
0.5126534536826589
0.4918421580257236
0.4711449461740514
0.45088122048035695
0.43138152793487394
0.4129569776324256
0.39586702319881245
0.380299772792764
0.3663614647916879
0.35407652822047053
0.343398233656678
0.3342262829631183
0.32642852648421
0.3198563210874002
0.31435797462193393
0.3097866529440248
0.30600615234608913
0.3028935682992086
0.30034100320311913
0.29825455872320056
0.29655321261960715
0.6087128841095123
0.6228502940516036
0.6298886965562961
0.6329385570558703
0.6338179470606347
0.6335984390204307
0.6323432845568481
0.6302220636128292
0.6280833498516838
0.6259129225511182
0.6236819552516442
0.6214024673678756
0.6190910692253562
0.6167814116022107
0.6144675277687985
0.612096567215811
0.6097026095231519
0.6071973892069501
0.6046774744766136
0.6021155505140758
0.5995450216138775
0.5969757993187436
0.5944080862481503
0.5918791330258149
0.5893326819027125
0.5868583471901005
0.5896784108255886
0.5909884295318537
0.5912024059496123
0.5904034284850509
0.5896361530534232
0.5904415242795216
0.5912252307501688
0.5921167273735515
0.593108870922326
0.5944770508553326
0.5960455986607686
0.5978858998732491
0.6000778931496216
0.6026069439577475
0.605515265150454
0.6088994865930503
0.612785515292517
0.617297223428817
0.6224600399539062
0.6283202776129944
0.6348463810756502
0.6419389735674613
0.6494818926340304
0.6573745418517847
0.6660690520898702
0.6771542336508984
0.6974252898440012
0.7497470613717704
0.9077043433923528
0.8855309423648416
0.7965680043873339
0.5914398967230245
0.5729716692374951
0.5535301609589822
0.5333637538670873
0.5127316891770155
0.49190905423701625
0.47119676358236434
0.45092043299189305
0.4314106982021315
0.41297523533836633
0.395874034670769
0.3802982377156678
0.36635547742440683
0.3540691689351598
0.3433905434498314
0.33421884620925674
0.32642180480388533
0.31985087106279286
0.31435389898977223
0.30978374631637623
0.30600399779730547
0.30289204362566896
0.3003400355104025
0.298254031074785
0.6087719706741814
0.6229022869520242
0.6299297552046068
0.6329690336714469
0.6338464908144753
0.6336293041373684
0.6323751974081407
0.6302377710387542
0.6280874965779004
0.6259128751162455
0.6237000407553047
0.6214266673138746
0.6191074995946779
0.6167696779480192
0.614435756423864
0.6120696883135687
0.6096849596707228
0.6072061109194191
0.6046877320722778
0.6021264133796427
0.5995448291296384
0.5969662892759315
0.5943880639400628
0.5918511023228761
0.5892964086510377
0.5868081123382994
0.5896185872068012
0.5909411027337794
0.5911954886543439
0.5904458742142155
0.5894295757924708
0.5897736107582585
0.590372008250329
0.5911449215756408
0.5919858024422557
0.5932329098361255
0.5946607041109403
0.596334568032125
0.5983215791403325
0.6005844769322872
0.6031457135036656
0.6060879933763187
0.6094254931286313
0.6132912475494563
0.6177309776523046
0.622833273955167
0.6286231758150579
0.6350667051569863
0.6421123023631645
0.6495908946065392
0.6574807721499428
0.6661932336017065
0.6773947890175179
0.6980262671881419
0.751788502584664
0.9026290433624103
0.9014378550553881
0.8096050724093509
0.5915048960029596
0.5730462252358772
0.5536149723857614
0.5334506034449011
0.5128097944542644
0.4919733548084114
0.47124896081161566
0.4509622290428891
0.4314398856148536
0.4129900268531401
0.39587691902504885
0.38029415670462186
0.3663484881969809
0.3540609483074867
0.34338186728630316
0.33421073097004894
0.32641507630142497
0.3198458327850647
0.31435021212863884
0.3097809380504396
0.3060017262115868
0.3028903179095324
0.30033892108942206
0.6088356861585181
0.6229598491747571
0.6299818324235904
0.6330105086734602
0.6338792478415836
0.6336592284558893
0.6324086599521324
0.6302688275104358
0.6281022935315832
0.6259159098235656
0.6237051279002682
0.6214468976398778
0.6191347435853763
0.6167818607006835
0.6144203455591011
0.6120448606645962
0.6096596204652319
0.6072061557492509
0.6046982305784523
0.6021425770557948
0.599555106503185
0.5969670747289262
0.594378787828292
0.5918332497767205
0.5892718614448373
0.5867724407356818
0.5895764564607607
0.5909134940277835
0.5912107892316224
0.5905194958796974
0.5894892591616919
0.58927403344774
0.5896216048819382
0.5903000771738878
0.5910038097995997
0.5921401535426687
0.5934503006210898
0.5949917665822967
0.5968239991657004
0.5988895596055631
0.6011902867661553
0.6037904786369168
0.6066827110131876
0.6099982628251924
0.6137841672497456
0.6181576041915229
0.6231848207796153
0.628885422255353
0.6352805198472119
0.6422541616193179
0.6497298987736643
0.6576324517705341
0.6664413800151197
0.6780277560267611
0.7000924429408848
0.7580630399412429
0.9526160529507556
0.9217384856287651
0.8134815408093743
0.5915800547231269
0.5731338910269675
0.5537074027154948
0.533536875607318
0.5128844301974024
0.49203733663625093
0.47130288106242524
0.4510024180556589
0.4314632990165724
0.41299872677514204
0.39587643112920445
0.3802890222629155
0.3663407601530681
0.3540517716754191
0.34337277501601393
0.3342031435921654
0.3264094486397604
0.3198416833508552
0.31434686863295325
0.30977795605350644
0.30599907722639963
0.30288823368622253
0.6089098846005946
0.6230225541366607
0.6300406154071589
0.6330633935897575
0.6339222852449552
0.63369381612191
0.6324404134916126
0.6303046706896483
0.6281310716601911
0.6259319340293864
0.6237089956162538
0.6214577870703295
0.6191587196630514
0.616810167196391
0.6144293577891494
0.6120343303573931
0.6096374890117932
0.6071968962097944
0.6047056554699042
0.6021591450589631
0.599573400348626
0.5969773866337528
0.5943797787398651
0.5918249773404246
0.5892572680955188
0.5867485368727631
0.589548315590172
0.5909009449781538
0.5912416527568554
0.5906131243512751
0.589629587685826
0.588975658494105
0.5889938170312394
0.5895601886583568
0.5901599114868036
0.5911823587065647
0.5923907436968626
0.5938202314537682
0.59553092254787
0.5974500126638831
0.5995604962321444
0.6019076983257257
0.6044564133832493
0.6073266373009338
0.6105557529653303
0.614270132240813
0.6185630798265522
0.6234933703575251
0.6291452239698181
0.6354608297751743
0.6424316977090956
0.6499178934314379
0.6579159887790065
0.6670757845642201
0.6800267195792349
0.7094771479659038
0.969882510101469
0.9852392247015298
0.9269835106355344
0.8138814214425095
0.5916682034219225
0.5732289418588368
0.5537990068488488
0.5336195342177478
0.5129583632797506
0.492101870131757
0.47135317060484094
0.4510346934719845
0.43147927928990987
0.4130039327793948
0.3958752449160354
0.38028346396673685
0.3663323481063883
0.3540427343883748
0.343365058027512
0.33419741624670013
0.3264051101982671
0.31983791296146225
0.3143432232135707
0.3097744004453253
0.3059958659348432
0.6089959740097876
0.6230951564307083
0.6301051247762418
0.6331236324826778
0.6339763418180615
0.6337385673344965
0.6324759874006269
0.6303397544281402
0.6281655331182292
0.6259617942520832
0.623723980733898
0.6214667253290516
0.6191731851765223
0.6168391208832094
0.6144565258618075
0.612045565063897
0.6096300787014454
0.6071860036571891
0.6047082585388696
0.6021727939569661
0.5995949692596921
0.5969958580598032
0.5943899357344705
0.5918260532675234
0.5892515147631489
0.5867343354854485
0.5895313293315124
0.5909000712995369
0.5912837209832618
0.5907193050793659
0.5897921132255978
0.5889612275657219
0.5884968667497943
0.588914902424493
0.5894340853556669
0.5903491374977062
0.5914701320102512
0.5928000790768626
0.5944069372751997
0.5962114358542112
0.5981825060263226
0.6003495201634867
0.6026459093388371
0.6051751840207031
0.6079525522775345
0.6111060802547296
0.6147338037506864
0.6189219497308366
0.623802790516106
0.6293676946477871
0.6356814168438555
0.6426617066326556
0.6502492273958577
0.6585355447117434
0.6690348683217793
0.6904649533124092
0.98623954786548
1.0327303227637488
0.9962775523285105
0.927464015261927
0.8135124263847738
0.5917629475272781
0.5733230457434939
0.5538871313346425
0.5337009022477219
0.5130310100853438
0.4921602677342311
0.4713934700208056
0.4510584363915925
0.4314914518491898
0.4130081425607153
0.3958732708077445
0.3802772238002619
0.36632471254981974
0.35403593081078166
0.3433596985076125
0.33419292390218097
0.3264008278250127
0.319833629958618
0.31433901279001103
0.3097703857274728
0.6090876962056707
0.623178077722094
0.6301784356132575
0.6331900423694684
0.6340378842896982
0.6337939778768935
0.6325214431061315
0.6303775142854992
0.6282015686042451
0.6259959152690706
0.6237540020761703
0.6214822596746126
0.619185571309335
0.616857488172783
0.6144869239155806
0.6120727709443616
0.6096424331518029
0.6071849870070918
0.604708421966957
0.6021833985109146
0.5996145215297088
0.5970199381432995
0.5944074175439347
0.5918359183937061
0.5892540616797021
0.5867282951479511
0.5895232734543807
0.5909080405658795
0.5913341349839433
0.5908339362260657
0.5899680762092477
0.5891411350523617
0.5881644473042196
0.5883544528951111
0.5888089305104165
0.5896298434438522
0.5906828703241239
0.5919241461304232
0.5934355288168336
0.5951406052219184
0.5970026064766845
0.599040817564459
0.6011589716984144
0.6034404540019291
0.6058727138014791
0.6085708644505983
0.6116321721882843
0.6151468304716017
0.6192834544406857
0.6240710202389427
0.6296357389348567
0.6359587542593862
0.6430485163299822
0.6508947515388886
0.6604229831478078
0.6799556771478765
0.9925644946913307
1.0742716061757238
1.0522101791144112
0.9980504499510248
0.9266473379851089
0.8129814812595255
0.591856777763835
0.5734138618399488
0.5539730707509835
0.5337788067464839
0.5130950536867662
0.492206935274974
0.47142414764110285
0.4510772629839129
0.4315009851192222
0.4130100079068613
0.39586986931217566
0.3802718991423073
0.3663195258828747
0.35403116387294037
0.3433549073425759
0.3341880279765649
0.3263961193262877
0.31982924886840786
0.31433479146123194
0.6091787461129585
0.6232660122015019
0.6302608002562685
0.6332648866196247
0.6341061049635548
0.6338570516737643
0.6325778239228508
0.6304240467146898
0.6282416337642354
0.6260313127333086
0.6237904540249496
0.6215097795734452
0.61920427412607
0.6168696094747526
0.6145083995059724
0.6121009692008607
0.6096679385517296
0.6071995632562043
0.6047125677394728
0.6021936640584407
0.5996296606944148
0.5970456756148934
0.5944300417176669
0.5918529219040692
0.5892647166639081
0.5867293341813369
0.5895224371508129
0.5909221811458761
0.5913903867954112
0.5909548855903123
0.590153643670174
0.5893402751874699
0.5881313542640728
0.5878907205494812
0.5882642055644237
0.5890259673732186
0.5900217273648483
0.5911917793181396
0.5926146723584136
0.5942248480278184
0.5959892153690545
0.5979283953464849
0.5999202400118591
0.6020290646124288
0.6042114472883517
0.6065623405119039
0.6091629698887621
0.6121019412024229
0.6155644000351944
0.6195991750292277
0.6243890173783972
0.6299642058739331
0.636407315195941
0.6437772997188567
0.6526107192181336
0.6716051351916619
0.921301109316155
1.1074819107531044
1.105741849585006
1.0573234488196792
0.9974416390088818
0.9255591428158542
0.8124762754164481
0.5919475766290376
0.5735015978995429
0.5540536227438916
0.5338462685545531
0.5131462603931222
0.4922430048532002
0.4714482725972464
0.45109102712833565
0.43150603029536927
0.4130091985432669
0.3958668010670315
0.3802682098077371
0.36631517604583225
0.35402604035923413
0.34334970756001826
0.33418347849793545
0.32639215814661815
0.3198251714625573
0.6092670948072759
0.6233537274682379
0.6303481654016538
0.6333481214644266
0.6341827076040044
0.6339272892345286
0.6326426281482952
0.6304813237761419
0.6282905272379827
0.6260715612836688
0.6238285136628263
0.6215458638195653
0.6192330210884637
0.6168876802034547
0.6145217469351456
0.6121202128931793
0.6096917236820095
0.6072241844587369
0.6047253347206135
0.6022070411793118
0.5996428644114454
0.597069013500424
0.5944558304778482
0.5918741253757092
0.5892830334914633
0.5867368353604109
0.5895277328007061
0.5909400840420995
0.5914491794482539
0.5910798172681735
0.5903476295556978
0.5895560446453383
0.5882939176103824
0.5875838588804644
0.5877759861981566
0.5885171183349209
0.5894691076689089
0.5905991143215081
0.5919486317520388
0.5934665884023669
0.5951335959863135
0.5969827686074323
0.5988766452031572
0.6008655318740154
0.6028744326674407
0.6049743622462926
0.6072238678165682
0.6096932262744732
0.6125779278116144
0.6159293144384913
0.6199692235785638
0.6247702149695707
0.6304793291307585
0.6372377623467207
0.6452987270532182
0.6638386673370751
0.7741710102890353
1.1016021494919388
1.1532814499223982
1.1150978191050518
1.0574001345874735
0.9962308972574005
0.9245212908843227
0.8120601039808568
0.5920346346331121
0.5735826081313623
0.5541226948662961
0.5339003962702813
0.513186106987034
0.4922708901904083
0.4714650608455057
0.45109843469819344
0.4315071776934153
0.41300771406774894
0.3958639849441859
0.3802640207857734
0.36631000962537125
0.35402122161011595
0.34334600371984203
0.33418031243099044
0.3263882995130499
0.6093512762669024
0.6234389799652751
0.6304359152311569
0.6334362173197903
0.634267200748236
0.6340057927398379
0.6327151570940874
0.6305476329993628
0.6283497725442022
0.6261216076889544
0.6238701261383346
0.6215869284634862
0.6192688693288312
0.6169190359804608
0.6145381810409405
0.6121342774512282
0.6097044544961181
0.6072465385680418
0.6047436306890461
0.6022245395421535
0.5996590734552969
0.5970884307445188
0.5944832578765612
0.5918963031845953
0.5893073815769626
0.5867505166471811
0.5895388100983047
0.5909604086092715
0.5915066199657927
0.5912043494595387
0.5905478142458911
0.5897897598591879
0.5884903209652229
0.5874456640872583
0.5873604623964758
0.5880624859335599
0.5889970140624908
0.5901283661605947
0.5914365430369983
0.5928752138659473
0.5944422859109653
0.596197829285052
0.598000782232028
0.599897099698425
0.6017859159896127
0.6037125004051761
0.6057076134528386
0.607817322428813
0.6102304674339467
0.6129938515873142
0.6163522302833968
0.6204046015190237
0.6253549377309804
0.6314224534381105
0.6387931143569016
0.6562883390103731
0.7031008910430491
0.959910117678348
1.1763758334453618
1.1704501458487866
1.1171967797078235
1.0563028619851815
0.9950065256104716
0.9236768908956459
0.8117962743388727
0.5921141601635406
0.5736517030624505
0.5541783131389303
0.5339426015090268
0.5132164589240037
0.49228979568194453
0.4714742447566853
0.45110098293312434
0.43150660548867115
0.41300527033156054
0.3958599742995668
0.3802592974634018
0.36630610082003273
0.354018583543771
0.34334358354337524
0.33417671494809775
0.6094275211799633
0.6235196707823594
0.6305211832611514
0.6335249437747381
0.6343563003568382
0.6340916684130815
0.6327957533413434
0.6306221718029574
0.6284180797384025
0.6261827424641649
0.6239206297864959
0.6216323903066561
0.6193099692699633
0.6169594307013748
0.6145683946114742
0.6121538298907998
0.609713111971549
0.6072588718502756
0.604759733262739
0.602242198082922
0.5996804820517982
0.5971060361528824
0.5945112428917808
0.5919178397631194
0.5893344376646457
0.586769896823791
0.589555552814371
0.5909836874451594
0.591559954610674
0.5913222470090012
0.5907475808549268
0.5900402170298769
0.5887215096727514
0.5874919145254491
0.5870269246795023
0.5876368650563448
0.5885838056774733
0.5897432154368978
0.591060463725025
0.5924527737324288
0.5939293255082883
0.5955847364091583
0.5972890067342678
0.5990974075062657
0.6008936381527133
0.6027009492690609
0.6045203586145078
0.6063680868958581
0.6084189313298135
0.6106997759726885
0.6134711358951948
0.6168418150998783
0.6210609273526346
0.6264179052327444
0.6332445784357987
0.6490255208098221
0.6728898319444472
0.7795450585643157
1.096038997035746
1.2089301450107988
1.1758073567810563
1.1165634609273432
1.055010650979295
0.9939820158609732
0.9231510600710008
0.8116968588795967
0.5921817254323931
0.5737074247891418
0.554221606762623
0.5339743638450531
0.5132368142809358
0.49230037034021124
0.47147784526070025
0.4511009313106529
0.43150436569700246
0.4130016690596255
0.39585607134865924
0.3802563562514795
0.366304171060766
0.35401653921782167
0.3433403244850808
0.6094921004469
0.6235922496360305
0.6306012615348684
0.6336111018776047
0.6344460742735514
0.6341818247460147
0.6328832167970756
0.6307046502617106
0.6284947892509463
0.626253601926759
0.6239827252687778
0.6216858141605955
0.6193571081029308
0.6170034909542381
0.6146117573219891
0.6121860648549707
0.6097328194813765
0.6072667090998349
0.6047710904441734
0.6022538982514375
0.5997036488190678
0.5971247222081787
0.5945390289299524
0.5919398191238239
0.5893602931859313
0.5867934651106625
0.5895770205364463
0.5910118145090266
0.5916098033840689
0.5914286016005873
0.5909363962907553
0.5902982727234152
0.5889884038410913
0.5876719771932442
0.5867941524954763
0.5872334745814843
0.588197098638265
0.5893927658693252
0.5907786250822302
0.5921808212046645
0.593599264760089
0.5951611173949182
0.5967564726398467
0.598465856571285
0.6001725649816542
0.6018879660837573
0.603586206897312
0.6052510819397928
0.6070381117133197
0.6089446514357473
0.6112340571841667
0.6140155343182462
0.6175700796502815
0.6222476448900793
0.6285588336729168
0.642299795151588
0.6582144499741107
0.6966669331613403
0.8444822764774369
1.171079793773234
1.2226021484619713
1.176709821315057
1.115386178637678
1.0538917188410863
0.9933461446937184
0.9229782947502463
0.8117876118122451
0.5922362011447312
0.5737506142752041
0.5542538289667739
0.5339955577199051
0.5132484338184731
0.4923048058003898
0.4714781610189545
0.45109890825567384
0.4315013538196984
0.41299869162368924
0.39585384485009883
0.3802546106387705
0.36630212763644276
0.3540136735941406
0.6095441242102018
0.6236536315119724
0.6306728984273403
0.633691590636173
0.6345331575943449
0.6342725742835287
0.6329746528447363
0.6307935793739181
0.6285792564518461
0.626333043533009
0.6240557420321275
0.6217502518410419
0.619413971557702
0.6170517849491463
0.6146619774693483
0.6122302233493919
0.6097705009010214
0.6072849077471754
0.6047844810863956
0.6022602441035735
0.599722353201368
0.5971445368435159
0.5945654094120879
0.5919646845297654
0.5893830549943809
0.5868185287653729
0.5896007488511171
0.5910453443430185
0.591660261493391
0.5915239564811714
0.5911054705663218
0.590547282822071
0.5892786720211751
0.587912111036182
0.5866841874868427
0.5868805743532096
0.5878078645868381
0.5890496652349841
0.5905313094726738
0.5920123370702038
0.5934328758414233
0.5949333999028438
0.5964235989753217
0.5980200520013141
0.5996238288175105
0.6012494908790622
0.602854086894919
0.6043918135774052
0.6059945733394158
0.6076243945733589
0.609538799990575
0.611834738895233
0.6148162033131601
0.6188825618766117
0.6247253767559389
0.6362268538824984
0.648961521191697
0.6634482164065784
0.7184880733336034
0.8843427389004226
1.208123527080728
1.2265182570237538
1.1759393297131602
1.114237541910235
1.05319544456079
0.993144111367262
0.9232016934424103
0.8120512877607072
0.5922782042499417
0.573782425085683
0.5542752500550064
0.5340078413651594
0.5132535194822341
0.49230543844604757
0.4714763752771279
0.45109647646546314
0.43149917045449526
0.4129968952014816
0.39585196853358956
0.380252402100642
0.3662996627609065
0.6095840250133783
0.6237030346347583
0.630733493853772
0.6337633129210248
0.6346142046116009
0.6343604722000453
0.6330665492743369
0.6308861791593305
0.628669726265153
0.6264197833001204
0.6241378201453253
0.6218257033713617
0.6194826707609095
0.6171101803578993
0.6147164168550078
0.6122832766725893
0.6098208216883005
0.607323965447852
0.6048100001827337
0.6022728079045048
0.5997350261465731
0.5971638194689541
0.5945878714960702
0.5919930719036439
0.5894043389007082
0.5868426495190041
0.5896238887573841
0.5910806837352717
0.5917149026201327
0.5916148240654844
0.5912550878732373
0.590772546695365
0.5895675483518559
0.5881972881111717
0.5867797563022794
0.5866177185280631
0.5874354839855433
0.5886992205956191
0.5902619550135522
0.5918789918177162
0.5933778444036033
0.5948808757687092
0.5962984701829832
0.5977825905864825
0.5992668951418154
0.6007874451561285
0.6023002591863864
0.603738851104111
0.6052140527192736
0.606647515425627
0.6082843237441732
0.6101989935301537
0.6127092776843233
0.6162538115116435
0.6216970547192968
0.6308892335417421
0.6418786214954633
0.648505685819376
0.6677914629143792
0.7323623493499477
0.9061117788595915
1.2185454893152996
1.22692672353929
1.1749153979213034
1.1135269948863706
1.0529821665216488
0.9934346578839769
0.9237845440402168
0.8124647521033038
0.5923088514326968
0.5738035104929954
0.5542878121316959
0.534013389421702
0.5132544328194233
0.49230386291593425
0.47147436851109153
0.4510948434024565
0.4314976186068648
0.41299484862087027
0.39584963252389027
0.3802503078900251
0.6096128976125091
0.6237407138680869
0.630782225701511
0.6338239361250373
0.634686196619327
0.6344420156527122
0.6331553769013668
0.630979059046245
0.6287634656760512
0.626511850866124
0.6242267515452706
0.6219100658219533
0.6195620076404172
0.6171817609779843
0.6147789680309845
0.6123441080657689
0.6098777268094816
0.60738126270484
0.604853454138456
0.6023047734970913
0.5997504390361358
0.5971840026697393
0.5946049742169743
0.5920217328735481
0.5894271182383437
0.5868654865975946
0.5896458965380484
0.5911114920325075
0.5917712832462616
0.5917074816671448
0.5913956486952563
0.5909735942181475
0.5898321068191014
0.5884934559805501
0.5870362341387303
0.58651460163867
0.5871348057759005
0.5883576622175211
0.5899544772861657
0.5917157216505052
0.5933578480530477
0.5949459276228467
0.5963583639870653
0.5977621713227917
0.5991253129767548
0.6005226525113501
0.6019271200274956
0.6032691156830048
0.6046455127595445
0.6059396665892053
0.6073798377897804
0.6090089618430181
0.6111505530962014
0.6142708126920475
0.6193918093372113
0.6263204597650507
0.6360198010874568
0.6401425533532065
0.647077439193836
0.6709685337362258
0.7406595430097468
0.9165052072704235
1.2209080814884365
1.226201367796577
1.1742124160459864
1.1133164143264123
1.0533344966320612
0.9941859678770036
0.9246772964287716
0.8130106859207847
0.5923291209358881
0.573815998870605
0.5542936376345509
0.5340145421489915
0.513253025144361
0.49230209971289124
0.4714730462866628
0.4510934459315591
0.4314955154320286
0.4129925151567892
0.3958478593772741
0.6096319587436458
0.6237677579584151
0.6308191724578378
0.6338726167474673
0.6347469540670536
0.6345142251110023
0.6332375053437809
0.6310686208572125
0.6288572092622446
0.626606684673529
0.6243203166296406
0.6220007568025576
0.619649200067527
0.6172645420600296
0.6148528700001001
0.6124140640092258
0.6099412994572362
0.607447564702378
0.6049139474609961
0.6023585039971924
0.5997834070362441
0.5972113403198241
0.5946220785070075
0.592045831058371
0.5894520485268657
0.5868879376633468
0.5896696972472829
0.5911349029931018
0.5918207981238923
0.5917993506511373
0.5915373849240251
0.5911659083379144
0.5900702994234859
0.5887680760451963
0.5873193544973541
0.5865555288214709
0.5869761950339005
0.5880879929761137
0.589651047410932
0.5914963028032617
0.5933003870981026
0.5950443579922996
0.5965410390777003
0.5979339089129904
0.5992076016133462
0.6004784059095947
0.6017550327631819
0.602984139546186
0.6042657500516315
0.605450954955383
0.6067521554226221
0.6081756729359938
0.610042566964775
0.6128348567366766
0.6177073491373967
0.6225062069835129
0.6310680625145125
0.6343976812985934
0.6366233427438426
0.6460547296497262
0.6725959588866581
0.7446910147333264
0.9208265223759304
1.2208739167015332
1.2256218336771285
1.1740261615101373
1.1137274546371014
1.0542127105154289
0.9953326737610528
0.9258328586131532
0.8136357622185477
0.5923412258671287
0.5738219251350956
0.5542949860790085
0.5340132806039215
0.5132513821560954
0.49230091623020433
0.4714717605545636
0.45109141764790756
0.4314933085187746
0.4129910086827775
0.6096434163460948
0.6237855676396007
0.6308454544436018
0.633909340802872
0.634795648827589
0.6345750285209153
0.6333099870370331
0.6311511295335047
0.6289473409114145
0.6267011829120319
0.6244161317922692
0.6220955514696728
0.6197417868277066
0.6173548159022704
0.6149373308735503
0.6124933901631239
0.610014889679837
0.6075175859234045
0.6049864566572979
0.602426223233951
0.5998415421112266
0.597253352526633
0.5946518096484571
0.5920659607820804
0.5894777856449355
0.5869089632755251
0.5896983351412437
0.5911558913403164
0.5918576155092257
0.5918790171593904
0.5916769589055644
0.5913647677451165
0.5903045639356836
0.5890171561698503
0.5875857823827078
0.5866505178051845
0.586957577235975
0.5879557056219702
0.5894250108412337
0.5912577376768628
0.5931769500977281
0.5950969447641246
0.5967557807738607
0.5982313517458773
0.5994863578418764
0.600662170721222
0.6018063810650078
0.6029029238141743
0.6040745615580166
0.6051563319138995
0.6063512322549668
0.6076273307982653
0.6092978660106041
0.6118491032909978
0.6165358658990715
0.6193953600197234
0.6269176595750172
0.6301243677312907
0.6302211442049755
0.6340470049409273
0.6452056257389382
0.6730445760196084
0.746122472944855
0.9218812315584299
1.2203484198624348
1.2254381186810814
1.174500248669549
1.1147281039513546
1.0555474568782992
0.9968037281320778
0.9271426694429157
0.814309142610529
0.5923470856761636
0.5738234205672991
0.5542938690379147
0.5340117047909254
0.5132502414394532
0.4922997133485898
0.47146988655123956
0.45108940987924323
0.43149201839379975
0.6096490581228475
0.6237963289699682
0.6308626746010481
0.633935286873058
0.6348322320529017
0.6346236570609853
0.633370854129274
0.6312236712707766
0.6290300409793148
0.6267917059999596
0.6245112186867954
0.6221921628006447
0.619837848202375
0.6174498229946
0.6150295043202734
0.6125809326329035
0.6100989463912493
0.6075932701208879
0.6050654464593654
0.6025010096782776
0.5999179523560447
0.5973139162081558
0.5947036860603978
0.5920932221282457
0.5895057678491189
0.5869270002733844
0.589729614107744
0.5911825867133302
0.5918875631447033
0.5919389122873228
0.5917983107274488
0.5915641381664207
0.5905586077124555
0.5892700175824113
0.5878307078510308
0.5867453518960193
0.5870049987947344
0.5879661962466046
0.5893465701335344
0.59108952196707
0.5930295083690907
0.5950731195149432
0.596918218913129
0.5985587769815921
0.5998916847698834
0.601043905819006
0.6020865126659127
0.6030453287135317
0.6040883712569307
0.6050534003711968
0.6061505842142271
0.6073130047660236
0.608845764899578
0.611226332541153
0.6157750319195616
0.6169156649331522
0.6235009352325771
0.6268426981898056
0.6260066709438412
0.6270255222875625
0.6322797953485315
0.6443476017377986
0.6728003719570632
0.7460092035645031
0.9211637896835388
1.2199768528211659
1.225911022904814
1.1756048228738556
1.1162373996905899
1.057267548388351
0.9984649262917823
0.9285277382130984
0.8149784415573235
0.5923486722252853
0.573822449767813
0.554292350027429
0.534010566841165
0.5132490984559411
0.4922980165295845
0.47146809832192915
0.45108829359633357
0.6096506766091594
0.6238017240245488
0.6308731210988809
0.6339522138193158
0.6348579400459071
0.6346600653495144
0.6334194327255419
0.6312843992387246
0.6291024247530199
0.626874364125143
0.6246019006409336
0.6222876067608579
0.6199351573759108
0.6175474998993682
0.6151265218811839
0.6126750496660626
0.6101912548568054
0.6076778573425403
0.6051485841363108
0.6025818873208918
0.5999999892580847
0.5973909577863252
0.5947744951993543
0.5921425118743874
0.5895424612768185
0.586948068303029
0.589757051525128
0.5912169191719143
0.5919221063412621
0.5919871658566833
0.5918921479487875
0.5917378408701859
0.5908266621077045
0.5895574444552955
0.588093677335777
0.5868300429687077
0.5870507323419273
0.5880508350354904
0.5894213296530968
0.5910821460010751
0.5929545843642654
0.595018921445448
0.5969969664453908
0.5988281376390778
0.6003237468192446
0.6015511227328598
0.602563194609055
0.6034136414357705
0.6043236412187192
0.6051548401502375
0.6061438432369269
0.6072042090300366
0.6086340086888945
0.610894823869554
0.6153338359197629
0.6149869891102827
0.6207519775372368
0.6242190398479034
0.6230775702363797
0.622689504511457
0.6248664350625536
0.6309299641109859
0.6435500321197414
0.6720851081392503
0.7449024575824397
0.9192660587294956
1.2200204074043848
1.2270130656988107
1.1772626035084808
1.1181741591531777
1.0592001193789664
1.0002269855477703
0.9298798086061937
0.8156040412854616
0.592347843847302
0.5738209938312406
0.5542912067336255
0.5340094698760973
0.5132475705771552
0.492296436144513
0.4714671219218901
0.6096499815077637
0.623803361955821
0.6308784824243173
0.6339625088750603
0.6348746411809509
0.634685536086722
0.6334556998985484
0.6313327756262456
0.6291627896308021
0.626946334763131
0.6246842444240597
0.6223781565087432
0.6200306946544443
0.617645469842601
0.6152255813108172
0.6127734770128664
0.6102891485396016
0.6077716965886129
0.6052364601062421
0.6026701391124011
0.6000823688342611
0.5974779181820418
0.5948540129986885
0.5922170698722025
0.5895949021778556
0.5869868389837599
0.5897810247611489
0.5912538738084359
0.5919630480659092
0.5920396658402809
0.5919716706496542
0.5918702241139119
0.5910732760890443
0.5898714019986551
0.5884143879218124
0.5869573494108662
0.5870797521814111
0.5881273719966527
0.5895713480826327
0.5912388037051527
0.5930393699011511
0.5950378137151913
0.5970421274423604
0.5990079952541925
0.6006929869002147
0.6020812956565595
0.6031620573689935
0.6039733148442543
0.6047785818000447
0.6054720724815246
0.6063381356442564
0.6072900748466901
0.6086304911780586
0.610799920913556
0.6151367139174877
0.6135654139489705
0.6185986713495514
0.6221432072888724
0.620728927017513
0.6198504586361363
0.6204265583965738
0.6232945930303995
0.6299283713629176
0.6427727741033409
0.6710457310951837
0.7431868336783871
0.91651088747899
1.2205145587268367
1.2286703018878824
1.1793220246183134
1.120299421637112
1.0612331650551587
1.0019353298072673
0.9311217412993384
0.8161265369683498
0.5923464625167276
0.5738198527639462
0.5542901516731251
0.5340080944671137
0.5132461747310153
0.49229557357432757
0.6096486884336854
0.6238027767220358
0.6308802188862481
0.633967866698222
0.634884808836333
0.6347020087555139
0.633480968705267
0.6313688100946973
0.6292107836914904
0.6270060978732516
0.6247555209255523
0.6224598766080669
0.6201207709533996
0.6177407833282584
0.6153238178683103
0.6128731094843493
0.6103898119599652
0.6078721742808837
0.6053305062232335
0.6027646470762846
0.6001687701292754
0.597567942344309
0.5949379490642651
0.5923042705990724
0.5896648375375628
0.5870509447965484
0.5898174018527004
0.5912914310121535
0.592003561097396
0.5920985253782873
0.5920595771486713
0.5919803722878614
0.5912732462742113
0.5901675051093094
0.5887788788822645
0.5872152563036934
0.5871554938597155
0.5881761390017777
0.5897019600637841
0.5914657396703208
0.5932880985992467
0.5952204970183772
0.5971626507837525
0.5991513750578525
0.600969079052879
0.6025447063624068
0.6037809056217216
0.6046486577135477
0.605416560894949
0.6059989655557505
0.6067387699799622
0.6075709374299043
0.6088185070311642
0.6109033939841153
0.6151259015501285
0.6129748756454726
0.6169781739162866
0.6206030417637932
0.6188583611649604
0.6175194208052907
0.617611188179376
0.6187919026205307
0.6221700361142022
0.6291646915106662
0.6419221638980103
0.6697593120736433
0.740953123691328
0.9130447463333633
1.2213999022458284
1.2303830710586894
1.1813360531883708
1.1224896338245633
1.0631717153402742
1.0034681798793126
0.9321403367302334
0.8165064946666748
0.5923453389415065
0.5738188422729664
0.5542889140975332
0.5340068600995611
0.5132454067086328
0.6096476013979093
0.6238015471391768
0.6308796915061831
0.6339696533292236
0.6348901389074646
0.6347120314078981
0.6334972230315419
0.631393820783038
0.6292464671244359
0.6270535217202089
0.6248144225929279
0.6225301549921383
0.6202015267148941
0.6178299942682745
0.6154184116446397
0.6129708304563428
0.6104899963368673
0.6079751419113246
0.6054305199190859
0.6028633099034908
0.6002628899701097
0.5976581798540364
0.5950286350584872
0.5923910812572956
0.5897479856368046
0.5871294229111593
0.5898842948817604
0.5913377265470202
0.5920473014487276
0.5921504775480181
0.5921584404272142
0.5921020529659025
0.5914442806609853
0.5904179493934367
0.5891252821618806
0.5876014436817507
0.5873706921652139
0.5882702564634182
0.5897919933477325
0.5916558571949031
0.5936053303153986
0.595566744609525
0.5974503624848883
0.5993701825162919
0.601207620483247
0.6029123145634528
0.604331692237901
0.6053394610200112
0.6061617738794974
0.6066968547134097
0.6073336415990731
0.6080449916139355
0.6091897777933502
0.6111804890110031
0.6152583956141912
0.6130296469363959
0.6159922945632945
0.6195164781360171
0.6175863939358717
0.6155918072623191
0.6152627288899831
0.6159976963431629
0.6175825319311697
0.6214022087999249
0.6284702036232919
0.6409870643713458
0.66824443572571
0.7382944029730159
0.908949506673216
1.2200834329877912
1.2307322271983412
1.1831400319466185
1.1244201865720478
1.0647621644845113
1.0046237161202445
0.9328737677254472
0.8167469470036486
0.5923443791731781
0.5738177311272452
0.5542878222479858
0.5340061728237833
0.6096466998994559
0.6238004858803159
0.6308784233069089
0.6339691280589096
0.6348919300935485
0.634717300449753
0.6335070898198173
0.6314098032152287
0.6292711448413287
0.6270887250546264
0.6248610689001712
0.6225879146808705
0.6202704816038437
0.6179094166519011
0.6155062963226714
0.6130640608561317
0.6105868283971847
0.608076231696155
0.6055333975335336
0.6029649405902497
0.6003640833313006
0.5977500675113327
0.5951256344049967
0.5924777376663217
0.5898376423604819
0.5872079927594518
0.5899774228372736
0.591404960979241
0.5921108811491057
0.5921952497736005
0.5922473116565922
0.5922423065853241
0.5916224580103042
0.5906497206481642
0.5894155202711883
0.588002723401426
0.5877301557209179
0.5885073601413862
0.5899254077886509
0.5917862384117143
0.5938740601582317
0.5959715980422644
0.5978994757886484
0.5997547599041138
0.6015213667990787
0.6032407125060011
0.6047875669513313
0.6059611913295584
0.6069171689338944
0.6074916355845243
0.6080811611142475
0.6086944297415848
0.609733062018002
0.6116127699007111
0.615503710734658
0.613255294087134
0.6155240424293622
0.6188670692598717
0.6167994789540159
0.6143211115949171
0.6132433022634717
0.6136923408216444
0.6147183212367393
0.6167569521883375
0.6208054412453373
0.6277754594695829
0.6399500881797848
0.6665450858268632
0.7352773814174779
0.9038350771232601
1.2099726436722722
1.229843780901024
1.1843864799063826
1.125862365388594
1.0659249699971562
1.0053662207836485
0.9333000531849222
0.8168317164377664
0.5923433851420851
0.5738167667485982
0.5542872060706354
0.6096458148506707
0.6237996370418839
0.6308773143031156
0.6339678011838716
0.6348913738546993
0.634719063858228
0.6335122785040169
0.6314194616237406
0.6292867956072088
0.6271129784125917
0.6248956462314628
0.6226335543023714
0.6203267958987451
0.6179766986305483
0.6155839833731438
0.6131501134160103
0.6106782421452789
0.6081722868594364
0.6056341280242515
0.6030674562629414
0.600469274277822
0.5978468709726081
0.5952236808116139
0.5925707683039456
0.5899286854070946
0.5872881212395618
0.5900737996558556
0.5914950458576815
0.5922000634682077
0.5922590600345726
0.5923160416472131
0.5923794663954928
0.5918108393558857
0.5909075891279761
0.5896842267282878
0.5883487275515888
0.588135533634141
0.5888892780365755
0.5902063548247504
0.5919493477920645
0.5940703280394566
0.5963121619213403
0.5983960557076595
0.6002936404251579
0.6019970375558794
0.6036404416315402
0.6052049076352615
0.6064905565516359
0.6076030972582055
0.6082918910510332
0.6089092752051138
0.6094755343048822
0.6104234044996205
0.6121786057317706
0.6158376514178909
0.6135956471335774
0.6153050795190227
0.6185664930619438
0.616387089717637
0.6135836345702088
0.6119023807658763
0.6116844616314338
0.6123817139726364
0.6137788471508655
0.6161555108045691
0.6202669373053459
0.6270373107860671
0.6388250053154061
0.6647006004953917
0.7318598139992731
0.8966038463055609
1.1953634411812575
1.2277702100282908
1.185029162443178
1.1268306118674045
1.066639786142775
1.0057476661703042
0.9334412821894824
0.8167363894687515
0.5923425359133824
0.5738162149259075
0.609645070194113
0.6237988456569136
0.630876478522626
0.6339666387407281
0.6348899825370016
0.6347184616236686
0.633513997559209
0.6314245250765615
0.6292961914833083
0.6271282198597032
0.6249193712477564
0.6226673392897855
0.6203711743302835
0.6180312360462201
0.6156492095528187
0.6132256255033726
0.610761997546252
0.6082616510770902
0.6057286604971116
0.6031664676537749
0.600573930765719
0.597949656078785
0.5953205408966957
0.5926699921071684
0.5900190688419665
0.5873778896901275
0.5901628872749688
0.5915957116670933
0.592300044287801
0.5923605289991288
0.5923887413536805
0.5925030388543566
0.5919820488959531
0.59118684821501
0.5899909643757666
0.5886732457522801
0.5885192665637705
0.5893128878320868
0.5906352332896228
0.5922551450951072
0.5942913751554518
0.5965677231596862
0.5988120698029034
0.6008675310932922
0.602616690441222
0.6041925867331963
0.6056886186661705
0.6069833475888763
0.6081987760505473
0.609025763420107
0.6097329041853314
0.6103202898558914
0.6112141054342891
0.6128458582769175
0.616235028215315
0.6140067168692896
0.6152550556535807
0.6184574649239554
0.616272549296549
0.6132264236422418
0.611119597978956
0.610364834071133
0.6103423987863317
0.6113585372137725
0.6130793972087518
0.6156396778542195
0.6197214512738031
0.6262529493543595
0.6376335245339846
0.6627101180709386
0.7279637253803571
0.8875635546477297
1.1771823053830024
1.2245506071412589
1.1850455944532399
1.127277438252978
1.0668954633724774
1.0057440911624107
0.9332907528490265
0.8164595863169111
0.5923420435464661
0.6096446333914166
0.6237981861054083
0.6308757419555152
0.6339657956465158
0.6348887681088056
0.6347170096144823
0.6335133389340941
0.6314261688686993
0.6293010828243998
0.6271372875445583
0.6249341180750976
0.6226904163378247
0.620403976214096
0.6180740688028292
0.6157016019010613
0.6132883641152272
0.6108348504455245
0.6083426415946946
0.6058152672815101
0.6032579170061404
0.6006722450250177
0.5980538563906268
0.5954186325288477
0.592770569656358
0.5901090253453682
0.5874728886937863
0.5902550280684464
0.5916949730343354
0.5923983282954188
0.5924795568308818
0.5924950682609872
0.5926299162842342
0.5921345572274355
0.591437710995276
0.5903383445535049
0.5890592720035785
0.5889183293749826
0.5897053991293133
0.5911045280271396
0.5927014746264226
0.5946481394805588
0.5968423219426118
0.5991281316570403
0.6013485831638626
0.6032570133020968
0.6048733365437232
0.6063107277371214
0.6075379904702215
0.6087562893503531
0.609676698533504
0.6104882396543985
0.6111525166387136
0.6120404326675738
0.613567286888537
0.6166654014619155
0.6144471057379124
0.6153166268870939
0.6184664503535265
0.6163603730385181
0.6131804583166831
0.6107423042300116
0.609614505729312
0.608995335104602
0.6092503756727746
0.6105931301037129
0.6124704142109147
0.615132190833113
0.6191538261457143
0.6254339548117174
0.6363744591170294
0.6606300697806116
0.723586686379498
0.8768134810959087
1.1551203173112916
1.2199536380495444
1.1842578694387573
1.1271256371154048
1.0666698089632125
1.0053332837920834
0.9328642634131517
0.815990835302711
0.6237977928042093
0.630875125243633
0.6339650807716942
0.6348879080708031
0.6347157487666005
0.6335118225382952
0.6314254362712657
0.6293026223328707
0.6271419620628369
0.6249427878855446
0.622704574454832
0.6204262667955305
0.6181056684105036
0.6157425694252527
0.6133381960761526
0.6108946012128762
0.608412258848248
0.6058927317288055
0.6033403688200047
0.6007601942599021
0.5981509468231522
0.595516974656145
0.5928698141548997
0.5902011091514769
0.5875604930229255
0.590356937728386
0.5917928959976155
0.5925005413201005
0.5925863139370515
0.5926278818220295
0.5927745366703298
0.5923049525374084
0.5916429667858392
0.5906746803691124
0.5895308087974122
0.5894100362144026
0.5901104610569411
0.5915339735057552
0.5931788163558523
0.5951300217051126
0.5972452055882222
0.5994503923378985
0.601720882815635
0.6037928323278546
0.60555856007211
0.6070409534404247
0.6082169658523664
0.6093634507091781
0.6102929494506334
0.6111626986418884
0.6119180656396832
0.612835523182346
0.6142855769662059
0.617090797472335
0.6148766028810643
0.6154403508254499
0.618535582625002
0.6165793075916557
0.6133563738472887
0.6106905872021691
0.6092419503147665
0.6082258927755074
0.6078293652838901
0.6084483385510171
0.6099217428619698
0.6118710260994128
0.6146110752048644
0.6185651604775494
0.6245724909859853
0.6350946170597956
0.6584854477167768
0.7186897267007851
0.8642609449917145
1.1283434021697083
1.2135719242245795
1.1825279362420167
1.1263492256522725
1.065930263808662
1.004547353855953
0.9320643840576727
0.8153742485626057
0.6308747465033538
0.6339644814551665
0.6348871973526764
0.634714868228124
0.6335105130024119
0.6314238477746223
0.6293018102306078
0.6271433772078745
0.6249471983548364
0.6227127730534774
0.6204397320414794
0.6181270120606628
0.6157727157507222
0.6133769397533916
0.6109414013033145
0.6084684292353737
0.6059583487006892
0.6034131484543775
0.6008374552100667
0.5982351941012887
0.5956080931479854
0.5929644610652449
0.5902965681301329
0.5876392382540461
0.5904583410156722
0.5918945404998212
0.5926115472328547
0.5926858693911885
0.5927533004781163
0.5929285437681525
0.5925073965742736
0.5918495643404148
0.5909717686475097
0.5900235907038067
0.5899931169121804
0.5906162025036826
0.5919610868104858
0.5936131290789843
0.5956175861433861
0.5977586736518978
0.5998852731043173
0.602089034274374
0.6042137532471759
0.6061279998341411
0.6077574809518008
0.6089842515675772
0.6100703886702259
0.6109501400400299
0.6117998080221682
0.6126080682122041
0.6135546757778843
0.6149478706217014
0.6174710451060569
0.6152573671227632
0.6155845691238637
0.6186164571665512
0.6168694760860374
0.6136760659654894
0.6108674004947802
0.6091700567299165
0.6078404296276327
0.6069861269971849
0.6069747915316559
0.6077557267022312
0.6092581420777348
0.6112616538896062
0.6140722485818055
0.6179385355062766
0.6237119178648901
0.6338572233609412
0.6562435994730589
0.7132091971971889
0.8494572772124268
1.0956265203477267
1.2050202735914075
1.179772909520907
1.124875558798794
1.064724947795363
1.0032750243346444
0.9311083877222602
0.8145136391449181
0.633964106760354
0.6348866026944426
0.634714153012249
0.6335096070671765
0.6314224840577217
0.6293001579420531
0.6271424836593531
0.6249484674330443
0.6227168702128343
0.6204473827019432
0.6181396689105983
0.6157929274614207
0.6134053481751595
0.6109775226075396
0.6085116659996348
0.6060102342747701
0.603473797323832
0.6009044473829669
0.5983067368916364
0.5956856425925952
0.5930477082573515
0.5903888529311762
0.5877182219455035
0.5905491206332643
0.5919978796744829
0.5927199115187876
0.5928002973927775
0.5928599190399896
0.5930782854710637
0.5927071238150907
0.5920977521572645
0.5912564565786617
0.5905053502466947
0.5905812394436964
0.5912256017775874
0.5924648908471339
0.5940495103117321
0.5960380485832995
0.5982608219916246
0.6004111645861128
0.6025498614415945
0.6046236743769626
0.6065752677349739
0.6083492601058734
0.6097220863165183
0.610836006508546
0.6116845801062081
0.6124624016877014
0.6132587663730801
0.6141924425021749
0.615523898381345
0.6177739473431296
0.6155600707613713
0.6157162491904241
0.6186727294902004
0.6171816698225749
0.614081226340623
0.6112048654079821
0.6093295665223774
0.6077593524488476
0.6065370568874822
0.6060657230108493
0.6062391843438456
0.6070748972183945
0.6085847033847802
0.610640583089912
0.6134914207101876
0.6173118992563676
0.6228801761389732
0.6326761906219819
0.6539283273708815
0.7070458004360025
0.831894384296626
1.0555971802468065
1.1940378881971692
1.1759149042144605
1.122818346996562
1.0622233281646116
1.0015579395540788
0.9300821385321818
0.8135477160362293
0.6348862274811656
0.634713557398024
0.6335088807915179
0.6314215453061719
0.629298745106236
0.6271407718568041
0.6249474902103012
0.6227179698268798
0.6204511156473579
0.6181466916494962
0.6158046479113425
0.6134242170024988
0.6110038756474948
0.6085447304532412
0.606049321063243
0.6035205943927751
0.6009591229144763
0.59836712032435
0.5957496907642823
0.5931151540606916
0.5904662789978942
0.58779753353102
0.5906313517211225
0.5920954007315966
0.5928152330693184
0.5929216815238172
0.5929690446916245
0.5932210993917006
0.5928797841703644
0.5923582715994579
0.5915594637931451
0.5910074930748462
0.5911367744444108
0.5918512046109294
0.5930432851370395
0.5945610780147622
0.5964458393239773
0.598678848123284
0.6009090540656431
0.6030739259497461
0.6051091925634866
0.6070008231740054
0.6088147810612894
0.6103303800763251
0.6115499545182731
0.6124500791616048
0.6131741281979959
0.6139163939023615
0.6147777997852908
0.6160154021456746
0.6179855062435201
0.6157716158008398
0.6158132714432496
0.6186820828373448
0.617478429468149
0.614522034402401
0.611640053568392
0.6096519205081774
0.607909934895683
0.6064007989222325
0.6055541086951647
0.605267651918635
0.605516960991676
0.606386465697713
0.607902037187373
0.6099823379049234
0.6129061937735168
0.6166906146500277
0.6221366624876241
0.631563037828096
0.6514907828587987
0.7000221465660493
0.810965854833734
1.0073525621161017
1.1805572778814284
1.1711847144405114
1.1164516059282796
1.0591996551520593
0.9993886956730726
0.9289589874740906
0.8130053212535023
0.6347131803822419
0.6335082793754141
0.631420800258398
0.6292977701717617
0.6271393107680694
0.624945723731287
0.6227169060797705
0.6204520205468206
0.6181500080762772
0.615810959511108
0.6134348599445051
0.6110211649709464
0.6085686816140663
0.6060788668463354
0.603554904002945
0.6009999817835507
0.5984148774668454
0.5958021766146223
0.5931687168319412
0.5905235482967722
0.5878643845085725
0.5907067707173355
0.5921825325186644
0.5929031927816301
0.5930224798373186
0.5930912227917564
0.5933585896995172
0.5930467531621958
0.592581692721319
0.5918705927188953
0.5915344619496061
0.591709848806234
0.5924381082104818
0.5936262873044561
0.5951259817842809
0.5969221654403406
0.5990635326399781
0.6013131479059625
0.6035472852612808
0.6056300513015559
0.60748409269983
0.609245260173078
0.610813911505212
0.6121254408973573
0.6131456250685599
0.6138871065317573
0.614588679620973
0.6153426991251254
0.6164467774224268
0.6181119377316693
0.6158991368426895
0.6158652596880599
0.6186389269142153
0.6177364818120769
0.6149636409177717
0.6121196734899614
0.6100736926104463
0.6082213815842886
0.6065028943639972
0.6053575453122867
0.604692855116728
0.6044797820791485
0.604787580109069
0.6056900437531731
0.6071836271602085
0.6093289328251552
0.6123178291266564
0.616110805621296
0.6215224346219459
0.6305053962725551
0.6488978438328336
0.6919575006218146
0.7863656346982388
0.9514607903798017
1.1653056364665932
1.147373187492961
1.1074740291499108
1.053879356454005
0.9968777974248655
0.9280892129494345
0.8127714327236221
0.6335078984330623
0.6314201880337681
0.6292970013749867
0.6271382962179297
0.6249442155553215
0.6227150900773936
0.62045086637926
0.61815069088812
0.6158138057584142
0.6134403739134134
0.6110305763595388
0.6085841313914337
0.606100046798167
0.6035804519991043
0.6010288623974579
0.5984489224894292
0.5958418629426726
0.5932111205975745
0.5905649367369196
0.587910122188804
0.5907685865516995
0.5922568351050704
0.5929905588230894
0.593099876223985
0.5932052362519591
0.5934891728110651
0.5932234223090715
0.5927759826020542
0.592187868982938
0.5920450443345843
0.5923239151639135
0.5930150330558175
0.5941809406877305
0.5956625626130156
0.5974481723027519
0.5994884861218812
0.6016723153476333
0.6039171677091933
0.6060711957538643
0.6079851193763867
0.6097038483967248
0.6112565049257219
0.6125725606343017
0.6136995673936266
0.6145129622522353
0.6152247459973764
0.6158854359160779
0.6168370186827895
0.6181687670964394
0.6159643274694517
0.6158703219901724
0.6185525460972876
0.6179487367393017
0.6153888760456702
0.6126074761827144
0.6105419621890391
0.6086288518555567
0.6067694349942652
0.6054001284720624
0.6044330422100856
0.6038362644652329
0.6036828207951385
0.6040498558930791
0.6049535548966296
0.6064752129073137
0.6086826780234665
0.6117310221728325
0.6156599778521752
0.6210159728384107
0.6295083129360891
0.6461233456265073
0.6828084806571109
0.7585885263820225
0.8914746638028551
1.0552919133123955
1.115235961869631
1.0885771922386556
1.045452942209521
0.9954231806924467
0.9278410854125052
0.8142787934678825
0.6314198009742333
0.629296376985978
0.6271375004185538
0.6249431577105544
0.6227135361994057
0.6204490060094453
0.618149440847451
0.6158142365797894
0.6134426947962799
0.6110352029662769
0.6085921454496818
0.6061133775397104
0.6035984747387798
0.6010499204696029
0.5984716924820455
0.5958680999856563
0.5932411070838433
0.5905951784306138
0.5879383804983751
0.5908118218377136
0.5923137335817849
0.5930691753774668
0.5931717535263593
0.5932923868236821
0.5936090779673162
0.5933853565934665
0.5929791295187099
0.5925610505116802
0.5925311073237708
0.5929186919639394
0.5936141555545545
0.5947252324767036
0.5961532597432526
0.597934144320388
0.5999385562117407
0.6020457269818923
0.6042374395630764
0.6063858825248949
0.6083980105370298
0.6101471326051802
0.6117047720119728
0.6129677133569228
0.6141258354848708
0.614997080412618
0.6157488755307469
0.6163621769708323
0.6171742881826
0.6181619947394077
0.6159871818184051
0.6158269624278969
0.6184385150237
0.6181208063910716
0.6158004099525088
0.6130896655856664
0.6110224696164552
0.6090791262033444
0.6071332389971936
0.6056060515345161
0.6044106620057379
0.6035052565866548
0.6029665956550183
0.602876314695541
0.6032671717293793
0.6042252989025171
0.6057807112659407
0.6080482605574481
0.6112239186735502
0.6153277049820045
0.6206135632743601
0.6285899749870768
0.643192228869601
0.6728529857505134
0.7296643580231423
0.8197855936285899
0.9196616309922184
1.0348132288771072
1.0554207760836043
1.040073084103083
0.9947581357305155
0.9298917504710951
0.8140705322428037
0.6292959846966041
0.6271368630152949
0.6249423313431853
0.6227124311469906
0.6204474079256179
0.6181475408853964
0.6158128830695961
0.613442840676571
0.6110369414162095
0.6085957919349886
0.6061198190286818
0.6036093921637279
0.6010643856441118
0.5984877460746009
0.5958840074888069
0.5932583172399443
0.5906136374453058
0.5879549682197768
0.5908393274691718
0.5923507307585372
0.5931253332189705
0.5932399236690441
0.5933590178263208
0.5937144404161409
0.5935115298210509
0.5931834666520439
0.5929606858879146
0.5930318954595246
0.5934479548770882
0.594202032646346
0.5952599539019208
0.5966410891836025
0.5983463855514553
0.6003451105111713
0.6024073475631017
0.6045596439090544
0.6066312992983354
0.6086789150320018
0.6104874591005833
0.6121039506262198
0.6133506942221598
0.6144854732644796
0.6153586994958619
0.6161225494383438
0.6167207513496717
0.6174171761067524
0.6180790432047205
0.6159679993477112
0.615725250509776
0.6183041077797393
0.6182616768119965
0.6162133372506204
0.6135775368845502
0.6115068870058641
0.6095409635258895
0.6075401827811722
0.6059064502375084
0.6045490995802747
0.6034085242115527
0.6025587593774946
0.6020851916016695
0.6020203883977895
0.6024897657211415
0.6035089960998804
0.6051040235455688
0.6074746937669585
0.6108439654149581
0.6150914883014366
0.620333278441763
0.6277841457974004
0.6402393270889679
0.6629740781778936
0.7012919209925338
0.7537360548457377
0.8166348696446705
0.8902143452716653
1.0356405848074361
1.038235805680532
0.9978708571660877
0.9296470057155393
0.8135474589181008
0.6271364657933334
0.6249416799843475
0.6227115703651533
0.6204462515373983
0.6181459000615154
0.615810947475235
0.6134413733215588
0.6110367657327452
0.6085968885031487
0.6061223900691062
0.6036140794576376
0.6010725844081094
0.5984982340631922
0.5958944951797457
0.5932664972196552
0.5906204444419844
0.5879602384370318
0.5908544844196145
0.5923713237959198
0.5931562866195522
0.5932892254317728
0.5934132659954197
0.5938021456551307
0.5936141091738966
0.5933983389434505
0.5933293744207798
0.5935176134504719
0.5939469172003822
0.5947200608000486
0.5957571714701113
0.5971194918191259
0.5987296799778725
0.6006789955620664
0.6027017963430227
0.6048455965794601
0.6068620509737329
0.6088703088417994
0.6107029795753068
0.6123673094362766
0.6136759567588486
0.6147977881465663
0.6156480567228446
0.6163688751399775
0.6169454864114313
0.6175274678611092
0.6179017913844672
0.615883872933423
0.6155465413224377
0.618134087313541
0.6183704153473524
0.616639443660311
0.6140981788588391
0.6120138001228637
0.6100127379269715
0.6079603055914865
0.6062465825919732
0.6047785110326636
0.6034687418344709
0.6023807104415022
0.6015974651305851
0.6011484581045989
0.6011685965157686
0.6017226671094703
0.6028060120258668
0.6044984950112001
0.6069893611290897
0.6105808999703994
0.6149507965524668
0.6201865429596629
0.6271246895344419
0.6376194556556563
0.654284288648139
0.6782617863408671
0.7082292127020788
0.7451525360136634
0.8160259260613716
1.0275282048684637
1.0416555804063674
0.9974318891976528
0.928916109511111
0.8129317134533626
0.6249412781520223
0.6227109040319972
0.6204453522593869
0.6181446880192226
0.6158092651842899
0.613439404751317
0.6110351707263165
0.6085963503038475
0.6061227823677383
0.6036154779236553
0.6010753327162563
0.5985033988711044
0.5959005547155101
0.5932707844114873
0.590619931061229
0.5879552721107453
0.5908575549036427
0.5923800874151637
0.5931696628119634
0.5933133977844959
0.5934500084950034
0.5938679410657289
0.5937079445610606
0.5936276545528795
0.5936741659743212
0.5939308796354928
0.5944261342579021
0.5951600368706447
0.5961980704790641
0.5975261104445151
0.599106720471851
0.6009550910468502
0.6029309388525613
0.6050291005898601
0.6070536453190216
0.6090075796912593
0.6108379059350979
0.6124798002811959
0.6138752820686522
0.6150147117928316
0.6158712628015537
0.6165293923377841
0.6170609426698253
0.6175031220462652
0.6176328815693335
0.6157075228120499
0.6152782611845924
0.6178888431381393
0.6184268054198012
0.6170669916593788
0.6146757672923139
0.6125769490141836
0.610521899231877
0.6083966266537659
0.6065981529235911
0.6050446941437695
0.6036167156985243
0.6023554143286174
0.6013346998550816
0.6005737900684739
0.6002130876202059
0.600327797878741
0.6009662884217618
0.6021734065791363
0.6039517432229643
0.606657797699476
0.6104151161184606
0.6148980134331183
0.620138651634118
0.6267401310186019
0.6356351851647732
0.6480603921524812
0.6637772264882184
0.6821624379867721
0.7098840906293487
0.7886925890442756
1.0293940114391282
1.0410760903079241
0.9963435049383723
0.9280979156854774
0.8123014200216463
0.6227104979356228
0.6204446698761996
0.6181437459902213
0.6158079930153231
0.6134376818767678
0.6110331700285309
0.6085946097996844
0.6061218357617671
0.6036151001202013
0.6010754604941727
0.5985040228095369
0.5959023582301896
0.5932719178757506
0.5906173026236263
0.5879450610955523
0.5908519694199151
0.5923786568013476
0.5931721637363219
0.5933197261199724
0.5934659323645379
0.5939080727078689
0.5938188410121517
0.593833232370373
0.5939820881197667
0.5942775991237571
0.5948334024075314
0.5955462142084662
0.5965734275044045
0.597844763402014
0.5994256586009044
0.6011828245909803
0.6031167202763946
0.6051133931563834
0.6071517879206558
0.609069874303778
0.6109083493418812
0.6124933218597852
0.6139347113064441
0.6150881420331675
0.6159796815432292
0.6166077539052173
0.6170863563162207
0.6173735519669088
0.6173030109175334
0.6154351669658807
0.6149353812714877
0.6175248919224735
0.618394511178378
0.6174488147694875
0.6153051490012857
0.613223292995037
0.6111106726455116
0.6088834704154658
0.6069674738078151
0.6053213379030857
0.6037992501458782
0.6024140180854779
0.6012211426603162
0.6002194876305804
0.599547732171123
0.5992891723067434
0.5994961477145898
0.6002802063176034
0.6015940325759006
0.6035292695693959
0.6064692877626154
0.6103325906900556
0.6148838866994869
0.6202352388028808
0.6265857617902113
0.6344424992875812
0.6442278855238548
0.6559280932768796
0.6696223390372704
0.695645500239074
0.7823785662484456
1.0285138046562703
1.039722634108848
0.9951142657813569
0.9272506718372093
0.8116615670932181
0.6204442598846752
0.6181430464510801
0.6158070038884893
0.6134363449960016
0.611031406854542
0.6085925755157027
0.6061199273736311
0.6036136938236263
0.6010742428960776
0.5985027814723091
0.5959006730341557
0.5932700166647615
0.5906129576510597
0.5879347396030142
0.5908439964403794
0.5923702757544937
0.5931655698283336
0.5933153428548013
0.5934665555194679
0.5939257598817961
0.5939373246196027
0.5940125854106932
0.594223858776091
0.5945696133507564
0.5951368499571568
0.5958748380839277
0.5968673630377026
0.598112789375966
0.5996341689609276
0.6013516950766242
0.603231450617428
0.605148134169827
0.6071413222175589
0.6090360937629543
0.6108713672848136
0.6124391724595247
0.613879620062763
0.6150266386623848
0.6159347796443431
0.616572134257078
0.6170005638461435
0.6171614446434703
0.6169399159707039
0.6150946139630628
0.6145635710882476
0.6170310137824301
0.6182416171434009
0.6177134376118181
0.6159347365583201
0.6139445217796513
0.611809266782239
0.6094709561895539
0.6073937700733731
0.6056176857400768
0.6039929819226757
0.6025048041140997
0.6011888364663226
0.6000107642145827
0.5990969597738125
0.5985331970939776
0.5983736800663794
0.598741780448922
0.5996456966912203
0.6011010664092765
0.6032577600305171
0.6063816354595292
0.6102755020180269
0.6149595768966305
0.6203548982276982
0.6266383975208922
0.6338636107219107
0.6423057709047656
0.6519877207804727
0.6643344695403451
0.6907302643691295
0.7811037413739912
1.0270626365702373
1.038138986482695
0.9938327976167178
0.9263917027757435
0.8110019218860675
0.6181426329528968
0.6158062860927614
0.6134353044322098
0.6110300006177323
0.608590771504349
0.606117855276919
0.6036115903174236
0.6010723200666576
0.5985006502689845
0.5958979639695838
0.593265837790811
0.5906069890916905
0.5879243126199126
0.5908379828153747
0.5923604640169207
0.5931529991408799
0.5933022812238431
0.5934568612227211
0.593956038716966
0.5940223220588874
0.594160382207017
0.5944035197828271
0.5947930707071449
0.5953509619957364
0.5961163011659575
0.5970749711893066
0.5983226336191562
0.5997495205046762
0.6014406380516754
0.6032405718835485
0.6051341478957242
0.6070409636844023
0.6089192425368597
0.6106985789580571
0.6122961065563073
0.613714371705511
0.6148608247501122
0.6157510644326829
0.6164039023820376
0.6167700987904873
0.6168610404394858
0.6165295367750465
0.6147201099344893
0.6142058524411111
0.6164521663152056
0.617965472817744
0.6178053034197395
0.6164747335656784
0.6146830946182579
0.6126029148859404
0.6101948214727926
0.6079323334364874
0.6059769684529818
0.6042104510301565
0.6026067073262038
0.6011879883264726
0.5998821931606624
0.5987879430722555
0.5979857409005942
0.5975261057022384
0.5975401978456372
0.5980436541164226
0.5990995721837283
0.6007131488850753
0.6031206727425785
0.6063101440279266
0.6103089437816702
0.615007448044501
0.6204816719039428
0.626664938129459
0.6336674158972222
0.6412918671757227
0.6499625521763945
0.6608152876524138
0.6896151137104788
0.7805352706862642
1.025502194540667
1.0364938725819355
0.9925360062910471
0.925499004868366
0.8103463388611479
0.6158058694931148
0.6134345673265481
0.6110289044047519
0.6085892912715486
0.6061160088409158
0.6036094730468003
0.6010699893326197
0.5984981487347498
0.5958948411104766
0.5932615614581018
0.5906001306126416
0.5879138953133094
0.5908334115846398
0.5923537216359299
0.593140001223209
0.5932842504216616
0.5934458810316297
0.593991153838388
0.5940824499427247
0.5942553171482795
0.5945284418603505
0.5949392153851832
0.5954961952225648
0.5962582125964107
0.5972077278930575
0.59843062617785
0.5998075951392617
0.6014320944916552
0.603162819460834
0.6050188289152338
0.6068674486525284
0.6087181279661152
0.6104238792191736
0.6120370850507032
0.613425380608413
0.6145856945492132
0.6154597595706471
0.6161124467233894
0.6164024603661569
0.6164598792483688
0.6160257530566275
0.6143191873310742
0.6138541567554359
0.6158692667055982
0.6175990101141546
0.6177318600440806
0.6168398151217866
0.6153481387153813
0.6134184481800026
0.6110410213781152
0.6086216803150934
0.6064569021884438
0.6044991377350142
0.6027347832240735
0.6011990746800284
0.59978646516221
0.5985579405960827
0.5975772391835987
0.5968804125964403
0.5966054501463053
0.5967676834618462
0.5974413282780213
0.5986400112894321
0.6004474363201496
0.6029919961256998
0.606313741658191
0.6103032017491391
0.6150499052573484
0.6204654805445878
0.6266835482723812
0.6334517706617192
0.6408235835322699
0.6476098950437469
0.6600744202011981
0.6894879336634893
0.779909754254092
1.0238307412351682
1.0348225733132457
0.9911859227675093
0.9246122750475154
0.8096577624589523
0.6134341480415558
0.6110281470332297
0.6085881354623576
0.6061144500485441
0.6036075813440963
0.6010678161413628
0.5984955541155655
0.5958916940982414
0.5932573646162056
0.5905941847902443
0.5879041683637753
0.590831250029082
0.5923503084051007
0.5931312081522767
0.5932671688256048
0.5934416552857673
0.5940055713093217
0.5941212363555048
0.5943077262200267
0.5945955741619429
0.59501331900197
0.5955747032655494
0.5963157600325928
0.5972662741561482
0.5984341341291568
0.5997951049676008
0.6013312874273968
0.6030216093351823
0.6047859508058704
0.606617960341029
0.6084041987572152
0.6100861453178544
0.6116613794564171
0.6130248555245007
0.6141774226548228
0.615062570266118
0.6157003393364326
0.6159416411517106
0.6159643112292793
0.6154127566878591
0.6138699527598982
0.6134443695570831
0.615335231369841
0.6171845397802633
0.617572312447438
0.6170068707143636
0.6158638493963765
0.6141484420913363
0.6119307429673746
0.6094488014111572
0.6070954712058757
0.6049183988629119
0.6029386982352906
0.60123819944315
0.5997062545148637
0.5983627245506999
0.5972472031558109
0.5963725904045455
0.5958687351939771
0.5957512808261247
0.5961011378247401
0.5969351094990186
0.5982792508866912
0.600204271111227
0.6029232631335792
0.6062498397560155
0.6102895782943965
0.6149646010163186
0.6204495438989787
0.6265151735448723
0.6332527946276
0.6386144022590329
0.6471773397423908
0.6602536483464618
0.6896246757630629
0.7792091078283567
1.0221273180047223
1.0330758368619681
0.9898480739112063
0.9236782594228246
0.8089775448822676
0.6110277254831393
0.6085873570234495
0.6061132311153427
0.6036059395915199
0.6010658748866216
0.5984933107924383
0.5958887951436607
0.593253502029035
0.590588827367813
0.5878964462913863
0.5908327266844706
0.5923514636584233
0.5931271713747633
0.5932611521404598
0.593438491449457
0.5940091967935461
0.5941310040521606
0.5943265797079134
0.5946146542152784
0.5950273405100287
0.595585172808463
0.5963083767093142
0.5972435093322734
0.598361269903782
0.5996851801229514
0.6011569475134911
0.6027982720481657
0.6044768770841462
0.6062750207551388
0.6079804734324102
0.6096685000170946
0.6111820479894151
0.6125371322161378
0.6136474205858777
0.6145458511550196
0.615154775634122
0.61540815018023
0.6153851408861134
0.6147401978508833
0.6133507042917308
0.6129238082966002
0.6148205765082593
0.6167350359632118
0.6174158360282551
0.6170408396009266
0.6162203555886974
0.6147140947659984
0.6127451788768962
0.6103354127276532
0.6078758692626949
0.6055057746659932
0.603278984242554
0.6013542313419511
0.5996586610105163
0.5981868684189191
0.5969545734233072
0.5959427545833346
0.5952675812505844
0.5949287776675357
0.5950129287293895
0.5955420171392165
0.5965395194389926
0.597961844345737
0.6000334106049021
0.6027733521809344
0.6061763620292078
0.6101625691176199
0.6149413329489879
0.6202814598939738
0.626359394390448
0.6307856594574007
0.6381807426715861
0.6474410142906761
0.6606341088192828
0.6897603421808972
0.7784087262425418
1.0203262273452638
1.0313467176544464
0.9884421890298691
0.9227549998944744
0.8082644189509125
0.6085869336232428
0.6061124310231432
0.6036046545950999
0.6010641460294817
0.5984913141162912
0.5958864641327577
0.593250255704119
0.5905841776081596
0.5878898378385187
0.5908387389940208
0.5923581503359823
0.5931300521431513
0.5932635428669233
0.5934367050459407
0.5940056568388771
0.5941235983604217
0.5943141167870536
0.5945961500936896
0.5949970311209971
0.5955376038561437
0.5962440753849325
0.5971458622942799
0.5982247413116225
0.5994887466696823
0.6009145567476174
0.6024806380448384
0.6041135882561931
0.605834112177402
0.6074846893593244
0.6091381413658826
0.6106106338016775
0.611956559719164
0.6130331211574467
0.6139152799971023
0.6144875569806421
0.6147762003775993
0.6147144533632217
0.6140675078644476
0.6127635766982451
0.6123241276869907
0.6142352612031454
0.6162258691808038
0.6172666452968653
0.6170492074610869
0.6164774557800903
0.6151268248021524
0.6133913778756522
0.6111654176515461
0.6087160462990422
0.6062403039316278
0.6037933926370802
0.6016060220286843
0.5996911129131495
0.598048599633324
0.5966853520475566
0.5955547313807765
0.5947449466500322
0.5942385230120896
0.5941132111169928
0.5943934986683652
0.5951070818564075
0.5961962000513265
0.5977235540739153
0.5998130349080324
0.602652696785496
0.6060308115108965
0.6101681564681799
0.6148106314307266
0.6201779512239612
0.6236144723871307
0.6303093416912727
0.638539661052094
0.6479739411323163
0.6611141722712822
0.689904479313404
0.77749364745193
1.0185454819044064
1.0295267114889475
0.9870548289521944
0.9217715979653822
0.8075381840988721
0.6061120061693144
0.6036038325454394
0.601062792796429
0.5984894943711069
0.5958844044971918
0.5932478164390929
0.5905805399378419
0.5878843301241307
0.5908480226534163
0.5923708185648546
0.5931411726266091
0.593269684036247
0.593437421115395
0.5939994596977745
0.5941069392366378
0.5942835156677123
0.5945492619414177
0.5949328014487155
0.5954507279910481
0.5961294857710826
0.5969897786670998
0.5980249709684117
0.5992310178769413
0.6006030235644467
0.6020924301514073
0.603678840027018
0.605315596588457
0.6069281676347031
0.608509808844284
0.6099534969641236
0.6112689984217557
0.6123424591848119
0.6131916463109286
0.6137421997433861
0.6140241162176978
0.6139454638340385
0.613380475341414
0.6121278679687513
0.6117312583730925
0.6135287308033438
0.6156308940715436
0.6170194665538776
0.6170836121221086
0.6167037366495538
0.6154841548198499
0.6138701660098879
0.6118500827876516
0.6095014498547651
0.6070337386850666
0.6044609954664764
0.6020283589946231
0.5998587950124081
0.597993653500729
0.5964574058143387
0.5951954260660861
0.5942694672847866
0.5936292878651066
0.5933443540520166
0.5934294276383935
0.5939128096022355
0.5947334894415639
0.595934235312213
0.597443314520612
0.5996849916735935
0.6025353235459188
0.6061111713637874
0.6101174778948046
0.6147870012739972
0.6171964659391774
0.6231002459705912
0.6307627898287974
0.6392168977249342
0.648644648617234
0.6616633981070695
0.6899797006236287
0.7765751629505552
1.016658034836013
1.0277331032686443
0.9855482104683252
0.9207535395084291
0.8067563550148713
0.6036034066004424
0.6010619488312454
0.5984880716736559
0.5958824905550608
0.5932456846201463
0.590577969389154
0.58788025834421
0.5908608147692528
0.5923881426293311
0.5931589460856409
0.5932816734248832
0.5934410063398584
0.5939936113741321
0.5940869253389922
0.5942450961803064
0.5944882118131193
0.5948451767683058
0.5953357539112827
0.5959771730033729
0.5967920408394691
0.5977736710831358
0.5989234286606594
0.6002319580023071
0.6016553919058307
0.6031725563690307
0.6047392361611996
0.60629858250239
0.6078183209559652
0.6092175212378727
0.6104928703042969
0.6115535748823939
0.6123893334514133
0.612939223123193
0.6131801514070048
0.6131013866736393
0.6126065022769116
0.611456562052542
0.6111667630878126
0.6127629197304245
0.6149592062397504
0.6165687088014384
0.6170761955912764
0.6169022265775099
0.615876184558655
0.6142814082230021
0.6123889338201505
0.6101550715956323
0.6077670811566565
0.6051946830420034
0.6025999067112249
0.6001912720822375
0.5980737854794866
0.5963130678474318
0.5948807274470573
0.5938284843394606
0.5930724085950014
0.592659130118085
0.5925952094479937
0.5929001068073267
0.5935048398711669
0.5944548071487699
0.595615449128694
0.5972822618543265
0.599634244881265
0.6027300234497222
0.606177994961425
0.6102000987345211
0.6116217670833419
0.6166573488833873
0.6236563577727233
0.6315907568954285
0.6400634980713557
0.6494241008392423
0.6621670895766912
0.6901056205362444
0.7755396128980495
1.014804854707548
1.0256121511735357
0.9838949787476308
0.9196672622538729
0.8059814911126661
0.6010615221017234
0.5984872062416352
0.5958809982865998
0.5932436737667335
0.5905757545369417
0.5878775321401433
0.5908778959208162
0.592410624442719
0.5931808634175381
0.5932993362133868
0.5934501834448703
0.5939913114370723
0.5940675451952392
0.5942056193166156
0.5944230577226315
0.5947489240447636
0.5952017386616117
0.595799968481955
0.5965658896933922
0.5974899429089969
0.5985765152965187
0.5998173559246329
0.6011744273520127
0.6026190136496716
0.604113996932333
0.6056056914265023
0.6070698056640307
0.6084177977470479
0.6096550784124748
0.610671543643106
0.6115119204820479
0.6120563315148081
0.6122921631388802
0.6122127041171181
0.6117246805964558
0.6107377820476024
0.6105487337969979
0.6120424763750052
0.6142441532216125
0.6159491796901472
0.6168951192771256
0.6170060666134184
0.6162776305439656
0.6147383640999778
0.6128664710845467
0.6106954439574628
0.6083646941826264
0.6058780940446351
0.6032387657451566
0.6006632969400785
0.5983147643045119
0.5962992367201019
0.5946496257686461
0.5934354773922103
0.5925559468359918
0.5920308539438636
0.5918485634740734
0.5920175173609421
0.5924546164085915
0.59320623848592
0.5941225458346057
0.5953877640494961
0.5972917582942212
0.599960807148795
0.6029299919482234
0.6063773909642408
0.6069007161810986
0.6110692600709757
0.6173172017571197
0.6246434043343683
0.6326092393093824
0.6410513275063905
0.650162759411818
0.6627601831666998
0.6901417883476327
0.7745360700691726
1.011721662077164
1.022818781715296
0.9820851377930697
0.9185704304853
0.8051867542512815
0.5984867789517504
0.5958801122949097
0.5932421131022609
0.5905736447769263
0.5878752223516022
0.5908993084272927
0.5924389130653833
0.593207959082285
0.5933211425487372
0.5934652593372102
0.5939955609135373
0.5940537535996662
0.5941690165784994
0.5943600796494065
0.5946528948938461
0.595063192686356
0.595611439886352
0.596322949049394
0.597187636024247
0.5982070730466044
0.5993757155180057
0.6006585804570466
0.6020331467357465
0.6034522880926924
0.6048740712740441
0.6062669916122133
0.6075682586560903
0.6087609930053495
0.6097357374581999
0.6105623827465887
0.6110847853158914
0.6113659608586341
0.6112814417067689
0.6108048631988825
0.6099437402609934
0.6098120311183279
0.6113613936376434
0.6135063161599077
0.615305815880333
0.6164905535718801
0.6169521310281972
0.6165539963098583
0.6152502643266207
0.6133727190925278
0.6112178873991113
0.6088554666277971
0.6064359141802104
0.6038407677594962
0.6011939508465016
0.5986894988565521
0.5964377553293494
0.5945405080517013
0.5931258434759319
0.5920915944358474
0.5914479241032413
0.5911625735510817
0.5912254044642741
0.5915343630030221
0.5921334179114655
0.5928597429670462
0.5938679984092436
0.5954416200131838
0.597740553746137
0.6002912884933067
0.603241417648917
0.6029807579705676
0.606340472599274
0.6118236394978263
0.6184634377832017
0.6258289605072074
0.6338004881586419
0.6419950065008505
0.6510139588928843
0.6632689141456192
0.6902473792013518
0.7732102825754327
1.0054908068976363
1.019673189353895
0.9802593971314861
0.9174485254047234
0.804378972240461
0.595879684553186
0.5932412079525234
0.5905720183079699
0.5878730129165181
0.5909243346800206
0.5924729768808273
0.5932414879962344
0.5933483554782557
0.5934849770773115
0.5940067361635443
0.5940484207425571
0.5941405420757784
0.5943029247325748
0.5945615639280462
0.5949294551487032
0.5954257725908437
0.5960769308881823
0.5968775049735183
0.5978286112167751
0.5989228596279157
0.6001262968679553
0.6014237945165757
0.6027679662429237
0.6041185671580949
0.6054342319183794
0.6066780428440345
0.6078158449248496
0.6087673368335691
0.609555010603334
0.6100596656879163
0.6103694647612162
0.6102983568157384
0.6098978449465341
0.6090778435116038
0.6090037875404444
0.6105967169330943
0.6127404047030147
0.6146943112369888
0.6159662246669411
0.6167404255213946
0.6166078624785216
0.6156911090209045
0.6139144178159242
0.6117962146885383
0.6093527865367918
0.60689104167982
0.6043441856078627
0.6016872110960172
0.5991188763747826
0.5967022895447106
0.5945716643926191
0.5929290819755645
0.5917085078159381
0.5909194596345023
0.5905265895844443
0.5904981150735993
0.5907067722215711
0.5911909546911365
0.5917722196666076
0.5926368964061344
0.5939796746801994
0.5959918486499666
0.5981850253178264
0.6007022903529846
0.599775303370363
0.6024157253827225
0.6071737317864047
0.6131191361032081
0.6198029329319112
0.6272169169448987
0.634944840510065
0.6430652738585144
0.6517714709045317
0.6638755462676277
0.6902358988192537
0.7712612735533841
0.9984144651901847
1.0164593504366306
0.9783954927890992
0.91631047539331
0.8035711071769472
0.5932407797109766
0.5905710959102373
0.5878713251605948
0.5909530858288621
0.5925123002146426
0.5932816704047758
0.5933824435687464
0.5935106612849794
0.5940235929691474
0.5940513875405375
0.5941228292553725
0.5942565380863958
0.5944787815195631
0.5948050063905312
0.5952509768256965
0.5958414019253611
0.5965728393162318
0.597451614430072
0.5984706007230316
0.5995942241557507
0.6008080811153865
0.6020726990823533
0.6033487015145539
0.6045924730867854
0.6057654182669219
0.6068403649805276
0.6077617505924704
0.6085100394453514
0.6090147583791359
0.6092994766293053
0.6092726125468386
0.6089551934625345
0.6081908034480715
0.6081913790409971
0.609702539450731
0.6119227060618102
0.6140076492173335
0.6154511757417052
0.6164123185047624
0.6164965311476662
0.6159140497965426
0.6144063404117335
0.6123955381226993
0.6099474834978335
0.6073468836800846
0.6047753327506904
0.6020961746323502
0.5995116128341633
0.5970212953801515
0.5947156595266858
0.592858490505856
0.59143090138568
0.5904679643845874
0.589945044596216
0.589824484545383
0.5899474006093514
0.5903427441209548
0.5908163877649955
0.5916378051315037
0.5928282617108034
0.5946225490077559
0.5965285443532229
0.5986736402442274
0.597186890645892
0.5992085383782669
0.6033120183868029
0.6086028453466303
0.6145935664404276
0.6213688950872097
0.6285607779044696
0.6362251292484687
0.6440237500049246
0.6526467528842683
0.6643996573143862
0.690176444805617
0.7689265717407529
0.9912638656217572
1.013207428478042
0.9765155662486367
0.9151666943043919
0.8027603584057994
0.5905706669155358
0.5878703884256777
0.5909864939546213
0.5925572000438862
0.5933279994186181
0.593423684118294
0.5935438822570134
0.5940473890821274
0.5940610952615978
0.5941150671246365
0.5942231471405788
0.5944102908410205
0.5946932685751087
0.5950903720029483
0.5956229134225473
0.5962863429956353
0.5970887847307388
0.5980290019979826
0.5990726604767576
0.6002030690789031
0.6013823909414526
0.6025777928489444
0.6037493037649335
0.6048517842163923
0.605858879922478
0.6067284345009502
0.6074404666347348
0.6079491105410385
0.6081997383453055
0.6082194609200706
0.6079274267289517
0.6073031397300311
0.6073568418801528
0.6087899078831596
0.6110292323395492
0.6131674473094287
0.6149129079527782
0.6160023863567237
0.6163398667922761
0.615912739889324
0.6147497615707953
0.612904224587774
0.6106027381301398
0.6078953139610127
0.6052204442795397
0.6024626511010319
0.5998253533532938
0.5973151327214522
0.5949099480771524
0.5928853327141153
0.5912668320286278
0.5901125942010074
0.5894348440517454
0.5892061749690602
0.589244434377117
0.5895653444039306
0.5899771872511679
0.5908236240821725
0.5919288671782219
0.5935596086742116
0.5952340779293592
0.5970716990983364
0.5951181963806302
0.5966203053858539
0.600153618697928
0.6048566741532944
0.6101924641845964
0.6163096053042484
0.622901929035578
0.6300475960214253
0.6373723515941832
0.6451140145378372
0.653434904994043
0.6650091118876842
0.6899540812041796
0.7665506862635038
0.984036567904071
1.0099439731037152
0.9746304085278839
0.9140121328594233
0.8019406897355726
0.5878699587565566
0.5910253126381662
0.592608909869362
0.5933809501879583
0.5934715207967611
0.5935848173318489
0.5940796828714945
0.5940786983761626
0.5941153023853918
0.5942015664488269
0.5943577245695362
0.5945995488899889
0.5949469004766258
0.595423718512059
0.5960231250233664
0.5967516404067542
0.5976101386912045
0.5985708353506148
0.5996183743534831
0.6007127711351107
0.6018228007790333
0.6029151242614555
0.603947986296364
0.6048890268543611
0.6056955252601068
0.6063609415867705
0.6068540954718317
0.6071022701385154
0.6071440495598889
0.6068607772247183
0.6063655121629059
0.6064622377400479
0.6079262964794087
0.6100779809684699
0.6122527150353083
0.614207852208345
0.615518731105966
0.6161350531063814
0.6158285013745597
0.614915143437726
0.6132613765282557
0.6111732918535124
0.6085260769185974
0.6057401737071937
0.6028793798629204
0.600104057070494
0.5975484051264233
0.5950911061934558
0.5929533477734873
0.591188757149444
0.5898569293437939
0.5890084684139776
0.5886540709966077
0.5885968881508008
0.58884619371012
0.589314296251817
0.5901658175228754
0.5912316587556381
0.5927437908198006
0.5942299490812277
0.595815507054769
0.5934793241583918
0.5945526027808374
0.5976019100562381
0.6017949419582023
0.6065431663070892
0.6120276051108264
0.6180130114972845
0.6245837091487584
0.6313793935802089
0.638662330158083
0.6461014196829297
0.6543435346194385
0.6655146314570863
0.6897521541571138
0.7641542595860665
0.9768293306810292
1.0066800012145072
0.9727299238221805
0.9128455479672136
0.8011010088035262
0.5910698492723542
0.5926684471361033
0.5934418765559875
0.5935264152613906
0.5936328267238031
0.5941205144519729
0.5941055518320881
0.5941244843304873
0.5941895614732247
0.5943191118400617
0.5945248011084939
0.5948253408259662
0.595246189189057
0.5957843418162785
0.5964438632501392
0.5972241777902615
0.5980999628821488
0.5990622060437117
0.6000728296370086
0.60109831876871
0.6021067959032389
0.6030636102658659
0.6039395328639605
0.6046849525424549
0.6052956892405004
0.6057476645399716
0.6060014986464284
0.6060502500773756
0.6058153006101162
0.6053593150174497
0.6055253098785596
0.6070250616231035
0.6091249860334373
0.6113417450892246
0.6133291648245607
0.6149283675890076
0.6157778737267711
0.6157511969655284
0.6149545091786756
0.6135126656202168
0.6115568261218133
0.6091293160624681
0.6063095578658756
0.603395084170306
0.6004439206193507
0.597758009309221
0.5952387567622702
0.5930106680528843
0.5911465402058547
0.5896769636123431
0.5886652178388417
0.588174091283174
0.5880105390516802
0.5882719938961467
0.5888087413002235
0.5896766312276446
0.5907009194719681
0.5921258350412149
0.5934579660692482
0.5948364376128251
0.5921914939950448
0.5929148165508087
0.5955608718796058
0.599321889851696
0.6035622065180977
0.6084679921930263
0.6138782808660883
0.6198704683232239
0.6260891498226084
0.6328632260561021
0.639831096134835
0.6472276634096688
0.6551497073950984
0.666054129468558
0.6895246829978077
0.7617774589311606
0.969615897730191
1.0033995470051167
0.9708184877333854
0.911648374028771
0.8002541445757632
0.5927364682008086
0.5935119352936248
0.5935897530190796
0.593688373544996
0.5941691814731367
0.5941415125819894
0.5941437816199844
0.5941878182923218
0.5942918295372033
0.5944663068798168
0.5947257275765693
0.5950943575966251
0.5955717597946203
0.5961656020071193
0.5968733714299345
0.5976687852077402
0.598544683573138
0.5994697835248236
0.6004123256190808
0.6013383702658024
0.6022145025485778
0.6030190342347225
0.6037050334347652
0.6042633397119295
0.6046653570056888
0.6048992121489852
0.6049491719365696
0.6047780542962061
0.6043419622976252
0.6045732300434241
0.6060311577962697
0.6081731199951839
0.6103981202259721
0.6124230092611005
0.6141884355134029
0.615249410453366
0.615579573344115
0.6149385522124013
0.6137108957406068
0.611810648106879
0.60959545074883
0.6068522767889498
0.6039549231927199
0.6009047725616574
0.5980203835498966
0.5953932067538404
0.5930483737645267
0.5910975699404347
0.5895334525206248
0.5883841337398813
0.5877632327088558
0.5875068674259084
0.5878713867803579
0.5884383973735647
0.5893319754843641
0.5903244525449778
0.591666486065617
0.5928708401851889
0.5940787537228414
0.5911872952796104
0.5916273703619044
0.5939419552148684
0.5973432785871018
0.6011560519561591
0.6055516889038548
0.6104419817961622
0.6158883011270136
0.6215318488426018
0.6277548751145718
0.6342067003800205
0.6411519202682124
0.6482394042732993
0.6560134938091537
0.6665855634288284
0.6893154580074745
0.7594313883737426
0.9623618001538964
1.0001082637178267
0.9688675455354934
0.9104313196581946
0.7994022431113068
0.5935919234120558
0.5936627050580253
0.5937528460906949
0.594226154098241
0.5941857476664282
0.5941728489464381
0.5941972267785671
0.5942762320830368
0.594420955736235
0.5946446098433151
0.5949673791810454
0.5953885668842853
0.5959179173943331
0.5965569420437807
0.5972782151172695
0.5980731240452831
0.5989125041348035
0.5997710067077481
0.600616696969783
0.6014141230803213
0.6021426112041858
0.6027633130479687
0.60326987697728
0.6036283919728137
0.6038249447009468
0.6038629913953105
0.6037228401584059
0.60334840830285
0.6036067408813637
0.6050178967157105
0.6071626480238688
0.6093944914501603
0.611528012397021
0.613341160583274
0.6146199285392702
0.6151881160578042
0.614863433343808
0.613826247123916
0.6120601059845034
0.6099176825289667
0.6073223562237572
0.6044565859174573
0.6014457576635409
0.5983830908978921
0.595614781229036
0.593112773946256
0.5910358200915815
0.589394952734604
0.5881364851798081
0.5874027788948044
0.5871811688708146
0.5875831861588182
0.5882080609071081
0.5891083874206781
0.5900762114940246
0.5913393140591195
0.5924316120380743
0.5934967537142971
0.5904102892395757
0.5906223139001343
0.5926671589902441
0.5957726935854601
0.5992322598009271
0.6031904427758489
0.607626476677895
0.6125807162257442
0.6176846681527441
0.6233612367863478
0.6292614862942437
0.6357136208133247
0.6423392319914007
0.6493125749677576
0.6568649434746557
0.6671282301384766
0.6891434556927508
0.757093165911535
0.9550640275248121
0.9967775696899979
0.9668905715603409
0.9092206981361738
0.7985056496827645
0.5937461317410453
0.5938274577939608
0.5942928331027417
0.5942386427040696
0.5942107193663086
0.5942171183436273
0.5942727857069424
0.5943886993116436
0.594578512437152
0.5948610523070709
0.5952329159738433
0.5957030602631243
0.5962752084365406
0.5969265937899497
0.5976471754994401
0.5984068812191256
0.5991819302212752
0.5999467752192804
0.600668081536773
0.6013230406208732
0.6018740768794001
0.6023224633437494
0.6026389430394468
0.6028022375270575
0.6028191283253123
0.6026756480071015
0.602361605083972
0.6026289417997976
0.6040344191663455
0.6060939131209607
0.6083603283528902
0.6105485304948683
0.6124730342738455
0.6139081567989505
0.6146373098298438
0.6146389233866637
0.613813701022422
0.6123024802564471
0.6101862539048292
0.6077267300234827
0.6048698510811489
0.6019591221588935
0.5988245369177474
0.5959243449098663
0.5932651677558289
0.5910037874253503
0.5892609342116861
0.58790295796256
0.5871005993383139
0.5870036078244412
0.5874301942418648
0.5880782692390526
0.5889977461402953
0.5899286272276563
0.5911187440353012
0.5921137059705159
0.5930550621289472
0.589814010774843
0.5898428659504887
0.5916697726249184
0.594534335902343
0.5977058875323559
0.6012968044548518
0.605346129765748
0.6098713624513266
0.6144906013170076
0.6196564543156703
0.6250139789076109
0.6309418084827412
0.6370681893722745
0.6435912049667485
0.6503681099408464
0.6577243045867823
0.6677086443020374
0.6889912226863804
0.7547622832255162
0.9477411063338261
0.9934430674777606
0.9649447622485176
0.9079330891104755
0.7976631682897728
0.5939129960282951
0.5943704034435514
0.5943015617867362
0.59425769176369
0.5942463497678413
0.5942804812437392
0.5943695968642784
0.5945269694847333
0.5947714371042946
0.5950999206642876
0.5955181766523314
0.5960293977277903
0.5966134408863885
0.5972643160093384
0.597951354895377
0.5986496069455312
0.5993348728709761
0.599980043864472
0.6005645182125066
0.6010489409039826
0.6014353140959166
0.6017023365633891
0.6018340660403735
0.6018321674718915
0.6016792193380451
0.6013869328783359
0.6016585295749632
0.6030466064526404
0.605033903816298
0.6072983309659301
0.6094824154795628
0.611559512463143
0.6131051878563077
0.6140405046904576
0.6142284704805245
0.6136809187862591
0.6124132022019895
0.610463631495675
0.6080813357110377
0.6052619203461831
0.6023805191856473
0.5992819314177328
0.5962850857589898
0.5935218617467869
0.5910574655388372
0.5891651310630656
0.5876927235023157
0.5869177999262837
0.586889863334018
0.5873874335635205
0.5880499695800381
0.5889697776904947
0.5898665495902702
0.5909851147113784
0.5918917313833103
0.5927319703353372
0.5893605966133016
0.5892422968260921
0.5908939764136317
0.5935635989665065
0.5965024574771141
0.5997899882838529
0.6035165162462791
0.6076769850846166
0.6118745686426181
0.6165830035287424
0.6214358611338564
0.6268496834610606
0.6324519576317652
0.6384896885912101
0.6448203374922942
0.6514291187159541
0.6586230760157127
0.6683107558100304
0.6888606678794291
0.7524172905242132
0.940543879319233
0.990172745058846
0.9628871106943621
0.9067256507137298
0.7974387083321983
0.5944597269220173
0.5943755484551891
0.5943149801601575
0.5942851261692457
0.5942980055636778
0.5943622678158246
0.5944894690678899
0.5946976311136204
0.5949853128299731
0.5953577754421131
0.5958156525862086
0.5963389347625487
0.5969233543597452
0.597542632697958
0.5981713537628295
0.5987841631997787
0.5993551221748336
0.599869391599441
0.6002905181153954
0.6006185624484206
0.6008327033029245
0.6009252392198465
0.6009034092023099
0.6007468298387918
0.6004608340633544
0.6007192683143313
0.6020460149590734
0.6039965579242098
0.6062064343721817
0.6084072612063127
0.6105346316956112
0.6122362439256277
0.6133665851982126
0.6137233859735605
0.6134312090648947
0.612355202091605
0.6106849664907247
0.6083915877972612
0.6056789671807404
0.6027561414081365
0.5997103588730202
0.5966534043997611
0.5938360350621341
0.5912183423553125
0.5891451160795665
0.5875372919467923
0.5868328766125774
0.5868607860176788
0.5874034612778265
0.5881012665361255
0.5890108415130544
0.589870771409137
0.5909227637060369
0.5917510557440975
0.5925032053843996
0.5890195184563133
0.5887826535169887
0.5902938612815338
0.592806579258558
0.5955586400303717
0.5985986834674397
0.6020598210494215
0.6059159649943922
0.6097555520465677
0.6140669600079236
0.6184694061623641
0.6234064405324784
0.6284991882526904
0.6340303396941311
0.6398829503802799
0.6460532191298209
0.6525305612523942
0.6595436854556959
0.6689365810976224
0.6887044879545317
0.7501264379696692
0.9334406752901623
0.9867962835516646
0.9609584665335067
0.9020123103031686
0.960665537279405
0.594461400116198
0.5943835188406206
0.5943344979769962
0.5943253948647238
0.594365151641681
0.59446418468326
0.5946385639192624
0.5948876267891529
0.595217226583896
0.5956279097443121
0.5960983654769594
0.596623407977636
0.5971787969970761
0.5977431708027503
0.598290933658474
0.5987951699917995
0.5992416627472972
0.5995999850178891
0.5998730092203317
0.6000384663113626
0.6000889415561089
0.6000390766824824
0.599875761399814
0.599600177435117
0.5998333211639283
0.6010737062243585
0.6029585210618553
0.6051100261186522
0.6073274749811572
0.6094451672212436
0.6112985858013104
0.6125638011687002
0.6131750660891768
0.6130566822590283
0.6122118298303175
0.6107494936092855
0.6086572380015729
0.6060662794934549
0.603171370009796
0.6001123086326438
0.5970318567382968
0.594150621896882
0.5914584053101481
0.5892138957374558
0.5874623463454356
0.5868061444863905
0.586899701307735
0.5874816907131488
0.5881977248383241
0.589102063971532
0.5899305105702144
0.5909139170384422
0.5916774414694046
0.5923438260867013
0.588766275924618
0.5884333781560164
0.5898320536263126
0.592219015021039
0.5948217745691706
0.5976618793743795
0.6009074251818449
0.6045132984998414
0.6080545402613904
0.6120293973357158
0.6160419397388959
0.6205540878915994
0.6251770530140704
0.6302174125282611
0.6355752454783263
0.6412781664830042
0.6473275569346019
0.6536530598372474
0.6604878751023755
0.6695243726096195
0.6885480818407251
0.7479364050653731
0.9263832271214156
0.9836080739828232
0.9516331454860867
0.9425109854482816
0.7687694847518705
0.5944640145462387
0.5943952134148365
0.5943634706311581
0.5943780771280816
0.5944493525107424
0.5945919163329367
0.5948051606816448
0.5950945485540384
0.59546128601547
0.5958851812132637
0.5963588787335327
0.5968580137736753
0.597362465830303
0.5978505321525222
0.598295460267545
0.5986819751170547
0.5989803773836219
0.5991988198025796
0.5993186135866394
0.5993314360526745
0.5992514002605012
0.5990724371005841
0.5988033888868991
0.5990101266297523
0.6001597718798963
0.6019388443903828
0.6040249533225106
0.6062178943896332
0.6083563372097366
0.6102766326969541
0.6116792619818083
0.612513011016023
0.6125923860941845
0.6120015332284401
0.6106836433784555
0.6088468606105899
0.6063661593667814
0.6036183339910517
0.6005236050390031
0.5974442130234119
0.5944698144622248
0.5917287633585154
0.5893582728768192
0.5874660685850831
0.5868580658675053
0.586985836843201
0.58760967450597
0.5883336579646745
0.5892241409180572
0.5900294502257757
0.5909539504254591
0.5916501487870761
0.5922379681276226
0.5885813193015041
0.5881700661739472
0.5894784731523074
0.5917649847340603
0.5942487538170512
0.5969285426612205
0.6000006467363853
0.6034029577918971
0.606699138139947
0.6103937827907827
0.6140765637121717
0.6182211698934456
0.6224274551418414
0.6270161582475163
0.631897611914691
0.6371200712420176
0.6427155219587392
0.6486220677604344
0.6547980018580348
0.6613827119334643
0.670087095785741
0.6884777777391302
0.7456927663874504
0.9196352048949147
0.9689686758405462
0.9575027451330667
0.7578403649120405
0.7062983140309923
0.5944678733765728
0.5944127860906463
0.5944016219292867
0.5944445620187276
0.5945556392245379
0.5947351602129034
0.5949873705408373
0.5953132285351439
0.5956941553183879
0.5961228462880752
0.5965738529006056
0.5970264163597291
0.5974597150502547
0.5978508213952488
0.5981846284207092
0.5984310931189216
0.5985981427664268
0.5986725768237294
0.5986501360204305
0.5985441434313826
0.5983478362159559
0.598076363486025
0.5982510170687455
0.5993087766735141
0.6009713557440444
0.6029641330826602
0.6050977656747033
0.6072551232301245
0.6092019197948798
0.6107469062507731
0.6117145908522158
0.612053503602741
0.6116696179062712
0.6105748515432282
0.6089198057521349
0.6066076691926747
0.6040008585363134
0.6009715876255993
0.5978808570083105
0.5948485281475003
0.5920123451613052
0.58956222867913
0.5875300513585595
0.5869847030357219
0.5871305637510016
0.5877732210706533
0.588503816558183
0.589371982828875
0.5901526879104257
0.5910298361161223
0.591655616997166
0.5921726639433431
0.5884491165089312
0.5879732877652999
0.5892090587967498
0.5914155555294371
0.5938047201217684
0.5963566763886851
0.5992904108540509
0.6025285324387861
0.6056257300191898
0.6090902284064795
0.6124990734123223
0.616332835858206
0.6201800726323392
0.6243684770771548
0.6288137304043833
0.6335754555586812
0.6387077219710946
0.6441714459057527
0.6499382027005995
0.6558821601668783
0.6622397834205908
0.6707326196474737
0.6882722866207697
0.7437240074405396
0.9007323454530762
0.9509246296622986
0.768063304256334
0.7074384091595599
0.6908498070578643
0.5944737467094634
0.5944360574117077
0.5944500473362364
0.5945290342563077
0.5946752574386507
0.5948924132116874
0.5951806747195248
0.5955222513116509
0.5959098808868272
0.5963191129743558
0.5967279625240357
0.5971148647299702
0.5974574964254344
0.5977440103152313
0.5979455214837357
0.5980690975284714
0.5981016493177905
0.5980439656612268
0.5979134821364893
0.5977034635755712
0.5974279736096806
0.5975633200159501
0.598521824204272
0.6000658280119461
0.6019478251040002
0.6040017546114004
0.6061305693948414
0.6081066723974015
0.6097488126359554
0.6108474711069353
0.6114003097933638
0.6112245610920926
0.6103990210326139
0.6088999799159139
0.6068149172017677
0.6042873571867944
0.6014291492483465
0.5983175201194995
0.5953061220418345
0.5923406720881046
0.5898219211022405
0.5876597474196665
0.5871593805952131
0.5873329794851483
0.587970321209954
0.5887029318713956
0.5895408162911777
0.5902980256320165
0.5911243694853627
0.5916842446648709
0.5921369276463411
0.5883572511240347
0.5878277382708116
0.5890046602770012
0.5911476259018985
0.5934617515502298
0.5959121625265436
0.5987363384220177
0.6018428730147852
0.604780038362314
0.6080574491358715
0.6112419094697868
0.6148172634288
0.6183618631643327
0.6222053057129546
0.6262656274973954
0.6306064204006575
0.6352972452901694
0.6403115142442743
0.6456482718712896
0.6511825151360149
0.656918491014774
0.6631840599932037
0.6711941999187041
0.688332757957899
0.7376264918633179
0.8062864378752799
0.7608200590251246
0.7052486067241288
0.6943021578528814
0.6871961103634682
0.5944815517490715
0.5944657528801575
0.594511957107611
0.5946244213060741
0.5948070513002305
0.5950598720431017
0.5953657665915385
0.5957163970164979
0.596088243365512
0.5964597374403826
0.5968083617310711
0.5971110673302739
0.5973559480946252
0.597517752063072
0.5976043306059651
0.5976026213785637
0.5975132772504691
0.5973580415073548
0.597134651023344
0.5968577087221879
0.5969541468624768
0.5978075621272416
0.5992242021355921
0.6009871211092154
0.6029480616784696
0.6050140833917524
0.6069967480644951
0.6086923037547213
0.6099357707589607
0.610633662477723
0.6106989179029408
0.6100896749479289
0.6088275124435087
0.6069453925390565
0.6045443803765076
0.6018335400439452
0.5987657307017964
0.5957879433931399
0.5927573053512178
0.590135526774807
0.5879059128497417
0.5873642616253892
0.5875799631705131
0.5881939648123006
0.5889246060091153
0.5897272856618196
0.5904571643440808
0.5912303074171107
0.5917287344174862
0.5921218896415541
0.5882956266101462
0.5877213950230071
0.5888501431936027
0.5909428191224487
0.5931976048878391
0.5955675430961189
0.5983056278003176
0.6013071937881245
0.6041167507499577
0.607243222440494
0.6102459525996794
0.6136092842676818
0.6169030853214054
0.6204555479219455
0.6241854405476315
0.6281551562916314
0.6324448236823207
0.6370320462060522
0.6419357917355037
0.647042271346868
0.652369794608981
0.6580484489238637
0.6639078165670398
0.6719432525142615
0.688011430336259
0.716201735023672
0.7240763099905552
0.7003348227358819
0.6914561472006577
0.6914070118576154
0.6859114946349253
0.5944915684163846
0.594503953768064
0.5945820750206794
0.594729868740792
0.5949478648967546
0.5952204598901726
0.5955380758009344
0.5958771321594811
0.5962160376480328
0.5965327296726768
0.5968035117370648
0.597015344951988
0.5971433149594836
0.597197782886985
0.5971675408162553
0.5970536330456881
0.5968770918220077
0.5966397474357945
0.5963605152660144
0.5964216908372396
0.5971728199950305
0.5984555735201293
0.6000880655037192
0.601942932289069
0.6039322093945193
0.6058860889881982
0.6076106058371282
0.6089610244526343
0.6097985798179186
0.6100770138421425
0.6096694525014995
0.6086680166952152
0.606982504099007
0.6047877381608655
0.6021748278254626
0.5992357583658854
0.5962499063337443
0.593256823897786
0.5905054143280459
0.5882619976078028
0.5876209496727122
0.5878554739698588
0.5884391316034044
0.5891552218469085
0.5899293015042699
0.590620921302013
0.5913420914988715
0.5917849742645999
0.5921210855059523
0.5882561020499523
0.5876448301842965
0.5887335496821766
0.5907865334215124
0.5929946630639658
0.5953008936473525
0.5979718779791903
0.6008899859321928
0.6035986434431038
0.6066039822877677
0.6094609089731888
0.6126519911731844
0.6157406671273908
0.6190516689686311
0.622503845451779
0.6261550971768027
0.6300927957627822
0.6342925800363501
0.638787420809172
0.6434665343505395
0.6483700412934987
0.6536575764708568
0.6589263987461382
0.6649539363057702
0.673400236516265
0.6836785665601302
0.6927277863643762
0.6901648118009684
0.6861902849723176
0.6883958062746292
0.6903051940482949
0.6850186125497506
0.5945045221694435
0.594547311161522
0.5946598147181479
0.5948428715901805
0.5950830911653124
0.5953702856209815
0.5956809105338867
0.5959923553309749
0.5962822722118664
0.5965273979517858
0.5967138916477033
0.5968165558110702
0.5968447169974743
0.5967903939784158
0.5966566389339706
0.5964649938921589
0.5962168946012583
0.595934391187998
0.5959612455010403
0.5966160547777464
0.5977672638679483
0.5992612305384395
0.6009946232158845
0.6028925665221373
0.6047953213347359
0.6065263674424727
0.6079378265005153
0.6089111700947156
0.6093536519741491
0.6091751349971204
0.6083836081764528
0.6069478286859934
0.6049548825066327
0.6024947960569927
0.5996908565179189
0.5967232322026168
0.593783148795428
0.5909487087153047
0.588669435414691
0.5879477449234842
0.5881518312166829
0.5887088240468269
0.5893830948850787
0.5901393552748815
0.5907881858369367
0.591454539206917
0.591850337710596
0.592130202693987
0.5882322165404421
0.5875907681478878
0.5886455841779816
0.5906672332764454
0.5928390548761485
0.5950948107293847
0.5977139969811837
0.6005658792472691
0.6031955307785056
0.6061039486055756
0.6088448820796741
0.6118970343837885
0.6148196670749866
0.6179327832840794
0.6211552963754787
0.6245388227130773
0.6281757137529858
0.6320358244720025
0.6361615336525059
0.6404391872192304
0.6449220439193286
0.6498043142658979
0.6546647091618035
0.6601629226428437
0.6669320434162238
0.6719108114787099
0.6752718683422168
0.6775723592244736
0.678592016911633
0.6823622328739078
0.687151067479409
0.6895125460764082
0.6842999560312789
0.5945192543029063
0.5945955221858494
0.5947433549997343
0.5949515631165987
0.595209546272709
0.5954946191566449
0.5957833500866132
0.5960520853548611
0.5962770047727002
0.5964442846183114
0.5965289795042436
0.5965390128275836
0.5964662023292832
0.596316477500329
0.5961132230797296
0.5958594013849317
0.5955762574762371
0.5955706635330805
0.5961334770518958
0.5971587407762392
0.5985145320524816
0.6001160475255108
0.6019041228682919
0.6037368399309321
0.6054510847913357
0.6068979413958189
0.6079728332814188
0.6085577799744274
0.6085925089660749
0.6080002583764889
0.6068246399677925
0.6050291271601154
0.6027835699054003
0.6001057309103327
0.5972335252816969
0.594307087450996
0.5914716383819056
0.5890964291341376
0.5883374860377912
0.5884635921613103
0.5890042770927596
0.5896117201223837
0.5903457060950805
0.5909592060713655
0.5915630648149548
0.5919219218537168
0.5921471068636998
0.5882187667202754
0.5875536451420831
0.5885791752863753
0.5905757836937451
0.592719845639544
0.5949355592600928
0.5975152198520411
0.6003145863127116
0.6028831706260096
0.605714102799775
0.608363509867812
0.6113041666443018
0.6140935001734652
0.617045955801494
0.6200808860533953
0.6232429093743305
0.6266278041983991
0.6301976829244629
0.6340011227205224
0.6379176739595488
0.6420072313858486
0.6464890906184636
0.6509315167349794
0.6560648626014971
0.6623299801429859
0.6657377881546503
0.6659823347784484
0.6678499577154593
0.6704700486556087
0.6748785731202452
0.6807499555198129
0.6862476495656891
0.688867934911127
0.6837124697559875
0.5945356772182948
0.5946474782070068
0.5948238365667389
0.5950533798942953
0.5953145604804704
0.59558379726911
0.5958364450042928
0.5960471573856707
0.5962009242917267
0.5962735543731558
0.5962722044377946
0.5961885761356397
0.5960280852686846
0.5958162827992581
0.5955588899567412
0.5952787252015896
0.5952457189359965
0.5957228860659299
0.5966273345974367
0.5978486087661194
0.5993160380096583
0.6009812034887946
0.602722970066111
0.604395917487329
0.6058575398801591
0.6070008249126344
0.6077122138991272
0.6079180120530471
0.6075418220645623
0.6065881592546725
0.6050344403923801
0.602988667582801
0.6004938860072757
0.5977385923053381
0.5948564226832653
0.5920427672008653
0.5895525297842478
0.5887584031847319
0.5887985308096894
0.5893082988786238
0.589856417198609
0.5905405625437978
0.5911335882602754
0.5916658139105633
0.5919951341420553
0.5921711821476576
0.5882118245370447
0.5875289272009976
0.5885291460395097
0.5905050072500568
0.5926283593148854
0.5948123500811326
0.5973622817367082
0.6001199489091319
0.6026422487194724
0.6054111304240561
0.6079889591053993
0.6108403899442079
0.6135234602425118
0.6163463543278748
0.6192295159980991
0.6222105387607356
0.6253874997425266
0.6287142326737247
0.632243299824766
0.6358454057275527
0.6395823262567485
0.6436910289916473
0.6477252025083933
0.6524827124239299
0.6583329589287584
0.6610014470176561
0.6594308581767107
0.6592821816073987
0.6615481248600243
0.6662471709180633
0.6726694880026558
0.6795007022836248
0.6855092873034674
0.6883367082593747
0.6832345361609948
0.5945534389622956
0.5946975588834664
0.5948993274276055
0.5951380077943846
0.5953899302277648
0.5956299981770038
0.5958319064077273
0.5959784042125609
0.5960448402205899
0.5960375703028533
0.5959491487178666
0.5957847490638788
0.5955690498363082
0.5953102697823318
0.5950338227493583
0.5949785857393486
0.5953792819138245
0.5961708843717058
0.5972619219537836
0.5985964198952015
0.6001335827473464
0.6017688916843761
0.6033764994532671
0.6048267165681911
0.6060137574680751
0.6068270543452419
0.6071777035167005
0.6070028919781084
0.6062542258999126
0.6049563405348822
0.6031047627156318
0.6008386886653027
0.5982057848665411
0.5954359533622057
0.5926346989149883
0.5900658546050573
0.5891791073389929
0.589166294280863
0.58960350822656
0.5901203542327284
0.5907283979776201
0.5913066853861682
0.5917664717436834
0.5920643787007921
0.5922024253691874
0.5882090740587084
0.5875127466168495
0.588491839995428
0.5904493756111064
0.5925576639263392
0.5947167407178304
0.5972447280397568
0.5999691261392381
0.6024574580824473
0.6051764486111516
0.6076988919409586
0.6104789769524264
0.6130778734038533
0.6157967520182421
0.6185579833794752
0.621392526722921
0.6243998366737802
0.6275259118938354
0.6308258417999943
0.6341607563770614
0.6375912594267255
0.6413662721897522
0.6450229098612367
0.6494124698583635
0.6548120031818258
0.6568255958586813
0.6541044777056098
0.6523958183910381
0.6532198381632214
0.65709420896209
0.6633886831622511
0.6709225132152588
0.678466176996776
0.68489940454756
0.6879015228174475
0.6828469454266934
0.5945705631620858
0.5947446393555306
0.5949621539765759
0.5951988207133176
0.595428975072826
0.59562592486752
0.5957706442554536
0.5958373292412198
0.5958298692485627
0.5957415849642607
0.5955784149101828
0.5953646515702982
0.5951083977774269
0.5948369281591623
0.594761929546033
0.5950947457426619
0.5957839895442898
0.5967525256766346
0.5979568712637622
0.5993645837223314
0.6008851551913389
0.6024094596820868
0.603821573624077
0.6050254702139356
0.6059128705326433
0.6063907935371045
0.6063878565872067
0.6058445273193926
0.6047744696463798
0.6031509911523064
0.6010985331001734
0.5986441119993793
0.5959978735995205
0.5932563316997226
0.5906609043668247
0.5896159501293594
0.5895468351257029
0.5898984335008897
0.590384129976282
0.5909196834399862
0.5914684015268531
0.5918720710750249
0.5921267936305695
0.5922399030574429
0.5882105368487963
0.5875016476452601
0.5884646472333139
0.590404930433371
0.5925021763065653
0.5946421232332967
0.5971543665100953
0.5998519054028152
0.602316702543116
0.6049953340399324
0.6074755136471283
0.6101984714517503
0.612731140857987
0.6153666935894725
0.6180304589756143
0.6207473474231475
0.6236173578345289
0.6265796972659379
0.6296910609768016
0.6328031947136163
0.6359736870143637
0.6394593886068404
0.6427803286804722
0.6468292950276627
0.6517696144097461
0.6531213375978799
0.6493032722720167
0.6460601020945739
0.6451896496920714
0.6476558939104277
0.6532852115437164
0.6609314388105305
0.6694541236569505
0.677600919331787
0.6844003951962817
0.6875464239577067
0.6825327790977858
0.594586702395205
0.5947838582560098
0.5950073300888565
0.5952303393770728
0.595425498728852
0.595572425801009
0.5956449232523269
0.5956435827784733
0.5955609371966493
0.5954032651458664
0.5951953675705031
0.5949463982447396
0.5946828860256702
0.5945915325429568
0.5948625544486743
0.59545905370084
0.5963150885644641
0.5973959287052805
0.5986753347879862
0.6000766982815947
0.6015062831682383
0.6028597741659215
0.6040527674359961
0.6049845524451274
0.605565109495507
0.6057121157617658
0.6053631015833422
0.6045021681659702
0.6031188466296209
0.601269226543094
0.5990384225760413
0.5965164706899756
0.5938995400681137
0.5913080704513483
0.5901105575677205
0.5899197202736155
0.5902089940127132
0.5906288831587123
0.591118861460291
0.5916130115297684
0.5919835110838334
0.592185642667816
0.5922801060956522
0.5882187035303224
0.5874930870304689
0.5884454222822378
0.5903691705335594
0.5924573069773849
0.5945832479904172
0.5970848404366291
0.5997601450740079
0.6022103981126642
0.6048561811282782
0.6073047185130342
0.6099817685226089
0.6124627685439935
0.6150315659584445
0.6176176538821226
0.6202405971546181
0.6230000717232946
0.6258298845336753
0.6287877738074188
0.6317168604615944
0.6346707350326363
0.637911406125953
0.6409426397219057
0.6446884835855098
0.6491860104301324
0.6498994441652219
0.6450480351427076
0.640258245338608
0.6375307701324897
0.6382015836115058
0.6426174372538099
0.649903311620599
0.6588326988515467
0.6682174354304853
0.6768856710809581
0.6839940811931886
0.6872565888635004
0.6822790092393294
0.5946001683140986
0.5948120578957085
0.5950307748113719
0.595227554023712
0.5953802118296394
0.5954626384644757
0.5954727327605678
0.5954017098124151
0.5952546054934885
0.5950559497496422
0.5948170171496265
0.5945648586194399
0.5944620444180859
0.594678510621498
0.5951899203819137
0.5959426600231257
0.5969086681192508
0.5980650724847247
0.599346185369698
0.6006735244685371
0.601953939946811
0.6031134387631618
0.6040608206640059
0.6047130025620369
0.604986784862304
0.6048116500747294
0.6041553694830383
0.6029975617789669
0.6013670001445551
0.5993535725520852
0.5970002358682663
0.5945192113112361
0.5919815631477452
0.5906395076649811
0.5903091904454674
0.590524981611015
0.5908631370061995
0.5913134399713416
0.5917489772154108
0.592090451400128
0.5922496985933451
0.5923182800068634
0.5882363234879543
0.5874866274441628
0.5884318762050197
0.5903409284332981
0.5924194826708051
0.5945357905927021
0.5970312747078022
0.5996873474246238
0.6021308672482669
0.6047498642017133
0.6071753636030615
0.6098152863726634
0.6122564759371656
0.6147716656840355
0.6172959026724332
0.6198441740626113
0.622514892920263
0.6252379927936718
0.6280719578781898
0.6308523437749054
0.6336283059676027
0.6366651760173252
0.6394521244470203
0.642935913346288
0.647022643257489
0.6471429891397245
0.6413585756508006
0.6350834224797356
0.6304275763654551
0.6290149581642309
0.6317211731429073
0.6380734580823625
0.6469771111045035
0.6570462281925846
0.6671901603813124
0.6762981055072552
0.683662986573046
0.687021178352161
0.6820737521020457
0.5946098700462998
0.5948267188593203
0.5950287324746506
0.5951910664515172
0.5952873191084249
0.5953127106288569
0.5952582002165595
0.5951270959126742
0.5949420567356618
0.5947155767762944
0.5944762366429436
0.5943665548360193
0.5945367858967324
0.5949722021978496
0.5956295720236833
0.5964888798119441
0.59752952565216
0.5986937789698106
0.5999153124269327
0.6011122469550957
0.6022210828697565
0.6031600422770529
0.6038537246625078
0.6042244856640725
0.6041982148057554
0.6037350804447401
0.60279212364605
0.6013907039668511
0.5995851205288424
0.5974374623204879
0.5950902964114176
0.5926705877749354
0.5911623596118758
0.5907302214344161
0.5908318427688175
0.5911062006779685
0.5914862084044342
0.591887669133858
0.5921820745227362
0.5923234181176569
0.5923534629977782
0.5882626735040597
0.5874848534959587
0.58842144891657
0.5903198991175685
0.5923863972952045
0.5944959716074845
0.5969899533093759
0.5996283573758145
0.6020718152566956
0.6046691913641851
0.6070786543040894
0.6096882552387201
0.6120993913298974
0.6145713495149076
0.6170462503333018
0.6195353858829435
0.6221348254186896
0.6247721922580088
0.6275065936860083
0.6301672354937228
0.6327986876314766
0.6356684126604151
0.638253188978458
0.6415152242265698
0.6452315566319429
0.6448156314622013
0.6382161990177107
0.6305771976496651
0.624025424364999
0.62036461258833
0.620937265334773
0.6257900288935938
0.6340897307478764
0.6444599030188236
0.655549261334106
0.6663433669186204
0.6758156096132185
0.6833949587959248
0.6868297222031935
0.6819078433103148
0.5946149436726139
0.594825476036245
0.595001710134495
0.5951161880701743
0.5951607180969116
0.5951262617930065
0.5950153640897621
0.5948485288311636
0.5946380273757729
0.5944128842872286
0.5942989145083446
0.5944302794896086
0.5947994953061047
0.595371157028844
0.5961314084387277
0.5970633962179568
0.5981161315655401
0.5992328101894693
0.6003402639046946
0.6013853956288882
0.6022965654719266
0.6030063372888883
0.6034437457893346
0.6035371371175312
0.6032435279624643
0.6025066985246226
0.6013308974450395
0.5997435932911332
0.5978047979888619
0.5956176157208086
0.5933331912285353
0.5916834019853772
0.5911546154001497
0.5911421740733793
0.5913541797969066
0.5916451638855934
0.5920214319463164
0.5922628455158805
0.5923974228759757
0.5923919113420999
0.5882920745160913
0.5874922496936295
0.5884124135409651
0.5903056733407892
0.5923574353285408
0.5944603906725184
0.5969579192200744
0.5995792066879925
0.6020278929595909
0.6046084163875821
0.6070076399582393
0.6095921065107242
0.6119813505938617
0.6144182775335099
0.6168536248218611
0.6192960634786902
0.6218380908783833
0.6244065000316149
0.6270610694171087
0.629625919684221
0.6321410116040279
0.6348751357255785
0.6372951715467707
0.6403725117107695
0.643761918504532
0.642871025905351
0.6355775624963642
0.6267302830119564
0.6183997436936696
0.6124608488774073
0.6105996085773013
0.6134243648372066
0.6205176594147516
0.6306226287985737
0.6423321022647475
0.6543065471536066
0.6656462969693976
0.6754225472765092
0.6831775186228807
0.6866742034090014
0.6817737990342928
0.5946145843735869
0.5948086688885351
0.5949461234668459
0.595014309564805
0.5950035616516338
0.5949157900477062
0.5947703938238871
0.594579432896742
0.5943710551273178
0.5942552968261301
0.5943529557829672
0.5946644259243029
0.5951605113440966
0.5958313043448984
0.5966620227802888
0.5976089974846008
0.5986237950466807
0.599640258370929
0.6006132579840046
0.601481264020077
0.6021859482478942
0.602663500023663
0.6028470125857417
0.6026936366009104
0.6021435858238272
0.6011837571995916
0.5998241244908828
0.5980961708387318
0.5960975763389167
0.5939478448258932
0.5921996427322247
0.5915598700115806
0.5914687013171007
0.5915936641810596
0.5918157681750568
0.5921350492767902
0.5923448447474096
0.5924573521733546
0.5924398329069074
0.5883189979349125
0.5875108301407819
0.5884059896955227
0.5902966718138657
0.5923337606378244
0.5944263179139035
0.5969324595725433
0.5995370404848321
0.6019944130520638
0.604562767737647
0.6069567974780452
0.6095199666051424
0.6118942749431503
0.6143027645621543
0.616706106960435
0.6191117552072105
0.6216072720557096
0.6241199344760593
0.6267103775122164
0.629198965420012
0.6316210093058976
0.6342460362003142
0.6365336402084915
0.6394589006136417
0.642564425422193
0.6412593732477452
0.6333866797669984
0.623498865634042
0.6135620070889989
0.605434072277244
0.6009926750984681
0.6013636694646995
0.6066488593661389
0.6158716308401685
0.6276627920818478
0.6405532605540498
0.6532778843875394
0.6650775654306176
0.6751019484005787
0.6830013496438118
0.6865480235510393
0.6816654607047935
0.5946089029873678
0.5947739877911258
0.5948706489149183
0.5948880161147204
0.5948266025763128
0.5947046006536139
0.5945353484810918
0.5943460757905172
0.5942320028853423
0.5943009382760343
0.5945609797279566
0.5949900881220893
0.5955812319576571
0.5963201994584741
0.5971681800661022
0.5980851954171921
0.5990113855946547
0.5999081996826967
0.6007221852718087
0.601404360405123
0.6018992708711457
0.6021461460411603
0.6021040171218341
0.6017130796473763
0.6009520075697603
0.5998152588685994
0.5983088304499365
0.5965131731450078
0.594517666461062
0.5926894901379803
0.5919506511866293
0.5917939723677128
0.5918349285006846
0.5919979077261
0.5922384663402926
0.5924261351049991
0.5925039075153982
0.5924908690514974
0.5883452047385132
0.5875361499714052
0.5884069386619915
0.5902902862415756
0.5923172330052598
0.5943925986653951
0.5969106027305002
0.5995000067165287
0.6019672893509849
0.6045280006268537
0.6069216585542021
0.6094662545270656
0.6118316215933901
0.6142172152365791
0.6165943174441464
0.6189710094236426
0.6214285416998084
0.6238956938829677
0.6264342827956502
0.6288623317291843
0.6312104024271827
0.6337481898414149
0.6359306868970156
0.6387316934320754
0.6415938216197388
0.6399318801860356
0.6315833688646626
0.6208194911001385
0.6094759290585368
0.5993340957791982
0.5923202815140294
0.589963124553794
0.5929121561188216
0.60060026002979
0.6118628943381689
0.6251682855049725
0.6390728348430075
0.6524348820308253
0.6646131890311396
0.6748410403965959
0.6828587853438918
0.6864456624668782
0.6815779126868833
0.5945970989211007
0.5947269669024877
0.5947772099010278
0.5947461524495393
0.5946499122916564
0.594503287725692
0.5943339753769641
0.5942244188685055
0.5942701958979855
0.5944850079546862
0.5948538716651989
0.5953736541651605
0.5960303946239647
0.5967883435066703
0.5976133473344063
0.5984517365453292
0.5992708337379498
0.6000242322625663
0.6006707434320567
0.6011636831609137
0.6014499489257918
0.6014924990216501
0.6012322488395003
0.6006455000369956
0.5997151239791091
0.5984326498091643
0.5968493897672319
0.595035837031606
0.5931693082756562
0.5923313773648671
0.592099038072822
0.5920893175874542
0.5921777273457615
0.5923554407611964
0.5924974592330454
0.5925512539108677
0.5925312881092669
0.5883763603648257
0.5875602891364663
0.588419496650814
0.5902854862230614
0.5923082502147989
0.5943606945967855
0.5968891176575023
0.5994668860518216
0.6019432768145527
0.6045000128721187
0.6068984346242988
0.6094263816342128
0.6117879015892435
0.6141556242527597
0.6165109067088581
0.6188647632545076
0.6212909778424311
0.6237204279552273
0.6262165219165361
0.6285965543173022
0.630886129081011
0.6333544340529732
0.6354546223921658
0.6381545749473547
0.640810132301854
0.6388433401365183
0.6301089203574883
0.6186204974173777
0.6060750446489418
0.594143950753715
0.5846929776786661
0.5795042710214453
0.5797258837744823
0.5852670777038489
0.5953224457283449
0.6084543679022286
0.6230791183527915
0.6378544926857213
0.6517441868508315
0.6642350084782596
0.6746291303600375
0.682743387480885
0.6863626777339789
0.6815071898812899
0.5945810888376027
0.5946688601172978
0.5946724427576399
0.5946051241098492
0.5944825221382211
0.5943328718909908
0.5942288738900696
0.5942558644975742
0.5944319828889544
0.5947473029982775
0.5952025012631528
0.595785064137716
0.5964619851464028
0.5972029470213591
0.5979582468717266
0.5987005139767195
0.5993896327534939
0.5999914416024447
0.6004669959026365
0.6007715250702865
0.6008741782731345
0.6007182779852797
0.6002792510372474
0.5995331698611683
0.5984622435313307
0.5970959584514998
0.595482049999257
0.5937035731217747
0.5927071477961364
0.5923891535915194
0.5923420086367683
0.5923601560731946
0.592486729827401
0.5925693311835296
0.5926049331643877
0.592561354612634
0.5884101691198693
0.5875806333319074
0.5884409733907594
0.5902855710550906
0.5923043162225601
0.5943344499925379
0.5968656892807257
0.5994363627278161
0.6019204103299773
0.60447471930122
0.6068835619714509
0.6093965610485945
0.6117582802767048
0.6141131080589283
0.6164501391556865
0.6187858269993152
0.6211859770640445
0.6235836040343349
0.6260441010380796
0.6283859678935024
0.6306295607261208
0.633042594311837
0.6350793718260326
0.6376972540003096
0.6401790266571367
0.6379534423827404
0.6289093113986672
0.6168300992785207
0.6032776766400456
0.5898001808196559
0.5781343300171792
0.5701699805240779
0.5674474875986335
0.570343668432794
0.5785188827876787
0.590792165044722
0.6055796560545291
0.6213512849268094
0.6368530743893227
0.6511801581342319
0.6639277207025479
0.6744570852080446
0.6826500118296783
0.6862954647927852
0.6814500505263421
0.5945613197214599
0.594603786985305
0.5945687480817761
0.5944723098344955
0.5943424656766486
0.59424385340814
0.594254319471093
0.5943966649876916
0.5946652830889987
0.5950627115392952
0.5955781080356062
0.596181699593777
0.5968466672676606
0.5975258367343421
0.5981948700541692
0.5988190375578359
0.5993703468978067
0.5998170939662878
0.6001222406800235
0.600262428567233
0.6001859032084382
0.5998688692058989
0.5992836969398594
0.5984041728976062
0.5972479676669972
0.5958396335930066
0.5942399873361595
0.5931039068171655
0.5926787748946005
0.5925803432155602
0.5925519113567699
0.5926186802334289
0.5926620116507249
0.592661423872042
0.5925971039390545
0.5884379699349831
0.5876017770269082
0.5884622858348636
0.5902957679391744
0.5923024414376284
0.5943172678517755
0.5968412111264444
0.5994063992082929
0.6018982068927025
0.6044484785249761
0.6068731873164838
0.6093736620453587
0.6117383315320561
0.6140854350242066
0.6164075410763367
0.61872847033073
0.621106743899641
0.6234769794197186
0.6259066955368627
0.6282180268410201
0.6304257580716495
0.6327947079479399
0.634783746444343
0.6373348202523511
0.6396716510666158
0.6372272044684179
0.6279367673877958
0.6153812181235476
0.6009982486105658
0.5862126912775089
0.5726000266310558
0.5620403941443795
0.5563364745624976
0.5562577035580881
0.5619661459701326
0.5726689772812865
0.5869421730311813
0.6031890552955842
0.6199257077799578
0.636033288155067
0.6507208721106196
0.6636781670393762
0.674317529687336
0.6825745173430146
0.686241037375786
0.6814038993697226
0.5945392013309678
0.5945396505726998
0.5944716009191598
0.5943623901671815
0.5942692757429395
0.5942640248746991
0.5943752237200144
0.5946021228704623
0.5949486319835324
0.5954039771204181
0.5959413030675353
0.5965373432234399
0.597147544438274
0.5977491707154109
0.5983107872486214
0.5988093806007817
0.5992195238950753
0.599511618165133
0.5996696349225437
0.5996487218722173
0.5994284753599625
0.5989803575486803
0.5982708458100134
0.5973089859743148
0.5961028522251917
0.5946937848506715
0.5934942711819052
0.592979754099277
0.5928120074844244
0.592745529182361
0.5927506985288243
0.5927733543539276
0.5927279521651526
0.5926485371918812
0.5884623313891557
0.5876263394028187
0.5884786438063984
0.5903153862386431
0.5923042979560927
0.5943084407500664
0.5968209874996686
0.5993750437574826
0.6018769736590006
0.6044192275893908
0.6068628434256306
0.6093549840815535
0.6117240210426754
0.6140685700947005
0.616379555300405
0.6186881114848956
0.6210478519843189
0.623394152454286
0.6257961699579011
0.6280827268574123
0.6302628159256112
0.6325962929355126
0.6345507220387435
0.6370469750008043
0.6392641863287424
0.6366348551955976
0.6271502249656503
0.6142139768377102
0.5991545348540563
0.5832809379726076
0.5680012613608354
0.5551068630742392
0.5465387899358516
0.5433451515668869
0.5461536042873583
0.5546306164989249
0.5676571074831127
0.5837212602732256
0.601208278622665
0.618755296379422
0.6353644767910841
0.6503472379396146
0.6634756995520275
0.674204474016851
0.6825134683607399
0.686196994719975
0.6813666258661837
0.5945174708162203
0.5944798483160723
0.5943920425802234
0.5943049178141923
0.5942848081634917
0.5943659325216577
0.5945537711663709
0.5948541470202653
0.5952564349443998
0.5957348345026099
0.5962688229159132
0.5968165691436644
0.5973569552124741
0.5978607002116123
0.5983076767460411
0.5986774576742675
0.5989468299521226
0.5991068482670376
0.5991201204993392
0.5989719054687366
0.5986358150065951
0.5980745338487323
0.5972886293448743
0.5962744243477065
0.5950553835695944
0.5938333298890418
0.5932724095907242
0.5930462250816023
0.5929361613500254
0.5928881512245505
0.5928875551850954
0.5928147083491502
0.5927130697044926
0.588498846444909
0.5876518524578132
0.5884960291228446
0.5903357817169226
0.5923159273380115
0.5943041757392824
0.5968114343638397
0.5993435567000321
0.6018563174446275
0.6043877408860724
0.6068479356484904
0.6093377843319788
0.6117119612744412
0.6140583222684669
0.6163631344768657
0.6186611018914111
0.621004874834308
0.623330169739827
0.6257062005960586
0.6279721470627323
0.6301312908206158
0.6324357238206492
0.6343667564061969
0.6368172660965569
0.638937266266282
0.6361514214211449
0.6265151293959552
0.6132765958581475
0.5976717734744459
0.5809049214479725
0.5642265416488943
0.5492955966997228
0.5380929889331854
0.5318228416878654
0.5314893039592322
0.5372183198260396
0.5482930503077257
0.5634371039136518
0.5810399691226185
0.5995767667133897
0.6177983007632899
0.6348195873692112
0.650043686682502
0.6633116601225842
0.6741129013158906
0.6824641275223032
0.6861613691059714
0.6813365253533272
0.5944973030643648
0.5944313488132049
0.5943503985934393
0.5943163141722969
0.5943683127547326
0.5945181890115308
0.5947749081476069
0.5951289889082712
0.5955555726645678
0.5960347481211989
0.5965268149785843
0.5970119383858163
0.597463033751791
0.5978617681953188
0.5981909436639363
0.5984322350386744
0.598582783250489
0.5986125770380427
0.5985134840841654
0.5982637816766623
0.5978267161736659
0.5971969240595036
0.5963605956473882
0.5953253372540576
0.5941614361195083
0.5935313648196722
0.5932726135919775
0.5931290819719982
0.593032156594934
0.5930007797644272
0.5929152148821005
0.5927884880216898
0.5885553535342578
0.5876811716900183
0.5885217205884672
0.5903520967300383
0.592338318035612
0.5943047215307459
0.596813431122625
0.5993192033522338
0.6018348859313539
0.6043574470469579
0.6068256628591674
0.6093186627755978
0.6116997533826877
0.614050336456098
0.6163552050353305
0.6186445776758042
0.6209741045365976
0.6232811503004148
0.6256319886526034
0.627880100778511
0.6300237160039335
0.6323037274638931
0.6342211756508085
0.6366323764084535
0.6386753562192446
0.6357561657294362
0.6260028780399377
0.6125253051641314
0.5964845102683217
0.5789917808027195
0.5611580855208299
0.5444935414930782
0.5309513870573822
0.521785248425374
0.5182613166598673
0.5209050585971193
0.5294333158658368
0.5429207588136763
0.5599060977705641
0.5788235369077505
0.5982394460374729
0.6170172689884137
0.6343763913553321
0.6497974794911205
0.6631787785960321
0.6740387924486173
0.6824242558531382
0.6861325627819299
0.6813122204003884
0.5944810860900854
0.5944059244513545
0.5943580442324193
0.5943816262603513
0.5944944611046026
0.5947085150418547
0.5950169929606528
0.5953967044029316
0.5958280364525437
0.5962716430904388
0.5967081196702038
0.5971119495374582
0.5974667260278217
0.5977573528217957
0.597968866166385
0.5981029566043332
0.5981361410846757
0.5980668971610974
0.5978794276899047
0.5975409929064391
0.5970442465132679
0.5963682574791458
0.5955074087246599
0.5944875462953538
0.593776226997846
0.5934768295054833
0.5933198409443029
0.5931873132018266
0.5931183631757876
0.5930178172014539
0.5928745988637255
0.5886241413833591
0.5877243242269581
0.5885547084554137
0.5903726868788473
0.5923628840268216
0.594316728265649
0.5968214890861447
0.5993115817348147
0.6018138495605578
0.6043317251403258
0.6067977687300946
0.6092936423977016
0.6116859152740342
0.6140407160270779
0.6163520827274416
0.618636258487067
0.6209524149801602
0.6232438937488397
0.6255700230687209
0.6278018955972261
0.6299341874333975
0.6321930246449354
0.6341056128624567
0.636481543863139
0.638466093147256
0.6354320158267732
0.6255900756838098
0.611923732541645
0.5955369633572847
0.5774590765685842
0.5586825697874311
0.5405701865455795
0.5250081120541339
0.5132208095959581
0.5066244431311746
0.5060468659839659
0.5116072901336868
0.5227886835576311
0.5384009632387206
0.5569757966182006
0.5770018030223321
0.5971459236992596
0.6163811425759435
0.634016593332093
0.6495978608898675
0.6630712327587142
0.6739788413646397
0.6823920425078622
0.6861092787274985
0.6812925969198916
0.5944725692980817
0.594410213285758
0.5944051232576169
0.5944813864234936
0.5946535425398073
0.5949176381796983
0.5952533142915707
0.5956416380350227
0.5960437049807501
0.5964386575112672
0.5968016461041793
0.5971173197330268
0.5973726771039949
0.5975551197526224
0.5976694632850624
0.5976974333471726
0.5976433530153906
0.5974977038715948
0.5972330780159082
0.596843824022287
0.5963064580692183
0.5956061849461234
0.5947528861453257
0.5940101490536295
0.5936670566075717
0.5934971254093797
0.5933481168651324
0.5932420828593665
0.5931227746505899
0.5929683298819932
0.588696418693892
0.587784114753763
0.5885926917184621
0.5904068770491486
0.5923847003808428
0.5943422017712402
0.5968334927745231
0.5993223993565965
0.601801270921055
0.604311228056936
0.6067711141768677
0.6092603681114537
0.6116689739123323
0.6140272216809506
0.6163492349074029
0.6186340030258616
0.6209372952839357
0.6232155012361175
0.6255178215873354
0.6277341831237566
0.6298580323705707
0.6320980959875991
0.6340135031430791
0.6363561543308032
0.6382996052227954
0.6351650339930697
0.6252577355572795
0.6114420380732372
0.5947825336622523
0.5762358650453934
0.5566971212807518
0.5373933528028392
0.5201256280496471
0.5060400203014549
0.49661011025833435
0.492859516473098
0.49523326948488167
0.5036177111433888
0.5171665175654739
0.534634178698
0.5545600983339731
0.5755090201880151
0.596253960357142
0.6158641705267077
0.6337246650654615
0.6494361875432787
0.6629842286662225
0.6739303628120827
0.6823660221222067
0.6860904636399391
0.681276754312356
0.5944738812642679
0.594438769995425
0.5944777757600133
0.5946082123690103
0.5948288965089085
0.5951221543049301
0.5954704508525113
0.5958358630584661
0.5961961649501848
0.5965252588139544
0.5968079236247004
0.5970322434201127
0.5971878972263159
0.5972818181646226
0.5972997117246602
0.5972505234386751
0.5971307358893407
0.5969184701600141
0.5966118774135469
0.5961883914408539
0.5956289084592399
0.594931505822682
0.5942006193502933
0.5938435221587277
0.5936587060333032
0.5935032370192193
0.5933695271799326
0.5932357894396856
0.5930681934313486
0.5887725308665598
0.5878508621501413
0.5886394930036785
0.5904499113668614
0.592412882961871
0.5943712952883705
0.5968556248688189
0.5993426302561697
0.6018077564717325
0.6042964738511909
0.6067530583367158
0.609222200098376
0.611646588309462
0.6140100810247259
0.6163421051910721
0.6186350027843939
0.6209269641390698
0.6231931258227923
0.6254735713687566
0.6276748498835774
0.6297915947985453
0.6320150200812245
0.6339396455859931
0.6362495469259917
0.638167816859728
0.6349439997110602
0.6249904572342984
0.6110560046816381
0.5941828512739432
0.5752624652316143
0.5551119027693027
0.5348390262982099
0.5161558087923417
0.5001053747334687
0.48815267774195137
0.4814211172067385
0.4805857014160372
0.48588108603374086
0.4968185210051702
0.512460007931216
0.5315187880954593
0.5525759807066613
0.5742894020061441
0.5955282324560938
0.6154443597361229
0.6334880923111855
0.6493053195278392
0.662913871779212
0.6738911762836559
0.6823450075171502
0.6860752632440071
0.6812639646782469
0.5944833656665702
0.594483270833136
0.5945709075469177
0.594748449991955
0.5950007136778479
0.5953108494908639
0.5956429239782695
0.5959735085616517
0.5962754184023003
0.5965317533488044
0.5967307463216149
0.5968631440567673
0.5969379310742914
0.5969436619806998
0.5968930110636962
0.596787175069929
0.5966101120794158
0.5963645948424537
0.596030408065733
0.59558799201311
0.5950292828399062
0.5943663326383847
0.5939871754852963
0.5938018308398937
0.5936493916606705
0.5934966937318019
0.5933567419577446
0.5931768964741482
0.5888573528830927
0.5879178223709863
0.5886964288317138
0.5904933220899267
0.5924542857532481
0.5943970095763391
0.5968890862946902
0.59936556680509
0.6018329003292339
0.604293551734806
0.6067452536150216
0.6091894767429855
0.6116172750423263
0.6139909014686801
0.6163283083738778
0.6186350274891614
0.6209201956303257
0.6231740903204367
0.6254356128862758
0.62762286155898
0.6297322016662875
0.6319412674227322
0.6338798896569116
0.6361569770320309
0.6380638217733846
0.634760097870885
0.6247756583340259
0.6107461480512187
0.5937066651254902
0.5744894982652101
0.5538505660243607
0.5327964639644273
0.5129543000419926
0.4952573537176628
0.4811213336792476
0.4716952615583771
0.46779012485694954
0.4699073054883337
0.47787739311956134
0.49110042585445973
0.5085538744884958
0.5289534366536325
0.5509520285675091
0.5732958249732766
0.5949383529296506
0.6151039247073604
0.6332965072013332
0.6491994425382275
0.6628569991463403
0.6738595101432451
0.6823280378176362
0.6860629851860253
0.6812536402733547
0.5944982984109216
0.59454079134787
0.5946741668928308
0.5948860863209675
0.5951597735586991
0.5954609879920225
0.5957654429556738
0.5960451765537984
0.5962817038518466
0.59646161810695
0.5965760132613803
0.5966343930414173
0.5966282330437591
0.5965725646157167
0.5964726387126118
0.5963175477366167
0.5961151238035112
0.5958486004365957
0.5954998625838493
0.595058394616341
0.594511596028159
0.594105248131299
0.5939171774843756
0.5937806366192298
0.5936236911185977
0.59348002983918
0.5932957408820938
0.5889530703471845
0.5879912683816901
0.5887579770053268
0.5905398334855355
0.5924996679286811
0.5944260560575291
0.5969221272219153
0.599394441069679
0.601862970822543
0.6043099009422527
0.6067454284480156
0.6091724092115595
0.6115854060313554
0.6139700690907857
0.6163096914915671
0.6186290176229767
0.6209153607757363
0.6231564984839397
0.6254019152882008
0.627577888779332
0.6296783702751243
0.6318753243349775
0.6338310121537455
0.6360755834955807
0.6379814600449273
0.6346066664401163
0.6246029172571859
0.6104969176021579
0.5933286943532178
0.5738766441767856
0.5528494608482954
0.531170083474502
0.5103888886854913
0.4913336053852059
0.47535020003352835
0.46356352537767087
0.4568422600143046
0.4558675605851991
0.4607199440167867
0.47111542056860334
0.48633756523935157
0.5053284936804004
0.5268496246180184
0.5496272099656282
0.5724874122654473
0.5944596549828186
0.6148280792644237
0.6331414498903631
0.6491138254944615
0.6628110403969844
0.6738339271431777
0.6823143355747224
0.6860530692660389
0.6812453060843116
0.5945177417654708
0.5946046975280143
0.5947756431021067
0.5950138926008705
0.5952865618785332
0.5955678306684558
0.5958293507816179
0.5960510506384766
0.5962181015501461
0.5963202533874863
0.596366749944959
0.5963506728753595
0.596289191617299
0.5961903353861637
0.5960477957563937
0.595873787684779
0.5956564631011383
0.5953802603414579
0.5950341346171635
0.5946017235079575
0.5941997988033191
0.5940072888179229
0.5938870547230118
0.5937448776054562
0.5935992122832171
0.5934199027787692
0.5890590029288155
0.588078755007372
0.5888247189723577
0.5905953677789688
0.5925418505761545
0.594462526908309
0.5969475751994764
0.5994283621748759
0.601888905053767
0.6043400942967857
0.606755581630623
0.6091711323240032
0.6115627907882042
0.6139468703074299
0.6162910286755872
0.618614192911753
0.6209089363956397
0.6231398795946729
0.6253700175429162
0.6275395690216106
0.6296301569858878
0.6318161673785594
0.633790783603612
0.636004121857787
0.6379152712702434
0.6344788499476471
0.6244635352139248
0.6102959804486902
0.593028570836784
0.5733912979660004
0.5520562907329652
0.5298793349394186
0.5083434355284717
0.4881811563355928
0.47066217649370695
0.456858690556688
0.44764005870404855
0.44379022860504425
0.44555985425680233
0.4529237873411523
0.46546252989288456
0.4823932668727133
0.5026777464143987
0.5251307041449998
0.5485480727756038
0.5718308452842831
0.5940715508996043
0.6146047298497544
0.6330160258544492
0.6490446176191959
0.6627739100288148
0.6738132622060985
0.6823032727525843
0.6860450618653553
0.6812385787278928
0.5945393874070793
0.5946675976402598
0.5948701912439387
0.5951159048511658
0.5953769039183727
0.5956236594765683
0.5958347628265418
0.5959938391452702
0.5960895200943426
0.5961291937293778
0.5961070311927297
0.596040827679347
0.5959413963637532
0.5958054009750384
0.595648887662776
0.5954651425084564
0.5952424271144082
0.5949714931320681
0.5946340632479526
0.5942552782167262
0.5940730614127749
0.5939659262234472
0.5938460937279464
0.5937073784460949
0.5935411448536921
0.5891719747745695
0.5881789612644627
0.5889053035270815
0.5906614978287195
0.592589499648206
0.5945001662388536
0.5969728100092566
0.5994564754167002
0.6019143689755105
0.6043673257904761
0.6067790538930898
0.6091782175078921
0.6115588887980856
0.6139249487181315
0.616274996934451
0.6185937375939808
0.6208956039429211
0.6231246321307939
0.6253380145888874
0.627506547165034
0.6295892219016461
0.6317628983120074
0.6337580519601337
0.6359423198012674
0.6378608841711988
0.6343730063519333
0.6243503768857437
0.6101335894378533
0.592789912263133
0.5730072921544918
0.5514285338383964
0.5288575413028211
0.5067188305395385
0.48566298176952044
0.46688525249094953
0.4513927418745922
0.4400191405643354
0.4335916762795736
0.4324573469055848
0.4367774776467751
0.44638328867840993
0.4607671446647772
0.4791443247817774
0.500508336894953
0.5237288022385405
0.5476708560813686
0.5712981908284425
0.5937571583790888
0.6144240024429504
0.6329146160147844
0.648988690582033
0.6627439173236407
0.6737965727604713
0.6822943413115707
0.6860385963747418
0.5945607187561096
0.5947263822135958
0.5949456959150745
0.5951886727817924
0.5954241669686556
0.5956285407799309
0.5957840287402748
0.5958779643343012
0.5959160403641826
0.5958920881614997
0.5958241105339187
0.595724219930202
0.5955920148080244
0.5954460370016423
0.5952838369257563
0.5950982864771435
0.5948838996601218
0.5946226151373278
0.5943011247505872
0.5941087609405132
0.5940180056876587
0.5939220492788253
0.5937971993506844
0.5936516766396511
0.5892844996677795
0.5882860517368265
0.5890017551537781
0.5907413379280895
0.5926528246312944
0.5945401943580868
0.5970044628076787
0.59947625936374
0.6019402040746585
0.6043848262244067
0.606807776429722
0.609191223674881
0.6115690783886005
0.6139146204621589
0.6162603312768822
0.6185753899246691
0.6208724677890648
0.6231097062882089
0.62530626270223
0.6274761280751863
0.6295578693425183
0.6317150875694312
0.6337324778755268
0.6358900508134786
0.6378156238357664
0.6342858633297888
0.6242579583525255
0.6100019981880207
0.5925995847448028
0.5727037201826978
0.5509319047120758
0.5280502122708723
0.5054322856912594
0.4836605189990595
0.4638621345709008
0.4469772035646197
0.4337843176185011
0.4251131443016248
0.42134810609664497
0.4227665629617972
0.42938536063325683
0.4409346078081911
0.45689049858481395
0.4764806250889323
0.49873660417567117
0.5225880941499635
0.5469586849680778
0.5708664780541859
0.5935026658100022
0.6142778372417762
0.6328326507095624
0.6489435057003904
0.6627196944241986
0.6737830953712254
0.6822871311243508
0.5945806957506448
0.5947733406467124
0.5949996075793605
0.59522676145445
0.5954283489182781
0.5955844545960145
0.5956810995093508
0.5957219278177481
0.5957007879382397
0.5956345402064247
0.5955360647120055
0.5954068550579048
0.5952678251915994
0.5951191479551862
0.5949582162047886
0.5947833649269694
0.5945799037450404
0.5943337504377381
0.5941323906945859
0.5940446452017398
0.5939736925015355
0.5938679118473364
0.5937447795907027
0.589387195033474
0.588393119411568
0.5891064165061483
0.5908367809078854
0.5927334939867034
0.5945943168483961
0.5970436951312036
0.5994991202561399
0.601960985532617
0.6044003552584922
0.6068277784579958
0.6092119045886958
0.6115813217980576
0.6139220999926689
0.6162483158800367
0.618563568735333
0.6208447666427619
0.6230912587548347
0.6252777092115337
0.62744577868253
0.629536771492337
0.6316739038240614
0.633713713268752
0.6358468353702552
0.6377787990354427
0.6342137637959081
0.6241825629833786
0.6098949262897453
0.5924471492301998
0.5724639093823005
0.550538938120218
0.5274132521893518
0.5044157035427744
0.4820737362534684
0.46145472606030546
0.44343601707030306
0.4287336417830686
0.41815520772302933
0.41208091694065324
0.41084584652346645
0.4145858883741499
0.42321006860923377
0.4364256545111627
0.4537063823885908
0.47430201519283866
0.49729341185326975
0.5216612653683517
0.54638114097766
0.5705168728456941
0.593296780157458
0.6141596716660803
0.6327664185656469
0.6489070074289413
0.6627001333647071
0.6737722131345121
0.5945966512189608
0.5948068757159432
0.5950277989874889
0.5952300851057356
0.5953911370461827
0.5954948473336403
0.5955427015062441
0.5955283571952977
0.5954675862923664
0.5953730197473286
0.5952481915072598
0.5951144381829233
0.5949750823495882
0.5948298729883672
0.5946812123571871
0.5945182943861771
0.5943300823097887
0.5941438312856225
0.5940582714646884
0.5940031034510297
0.5939205102148607
0.5938164988147172
0.5894729286013508
0.5884921698573875
0.5892102097064451
0.5909420210810282
0.5928282740093296
0.594668220562716
0.5970957068788522
0.5995349815667558
0.601980479214098
0.6044188695081207
0.6068387841588349
0.6092345197806628
0.6115931143224997
0.6139389666283694
0.6162466752586111
0.618555535110156
0.6208239637389532
0.623066766836863
0.6252549693340289
0.6274162177400511
0.6295229435766287
0.6316426756283503
0.6337005610374643
0.6358120006903443
0.6377510918080113
0.6341526246355801
0.6241220326142325
0.609807125637013
0.5923244639222137
0.5722745360169882
0.5502277737820364
0.5269112185635976
0.503613736056165
0.48081974536422223
0.4595452912977153
0.4406122785536185
0.4246744778778695
0.4125051474271412
0.40445450431291724
0.4008726474928056
0.4019577727206325
0.4077346502341541
0.41808873336366925
0.43271559546229443
0.45109818499426235
0.47252534373721544
0.4961197749157451
0.5209091529823234
0.5459132232335961
0.5702339466708678
0.5931302938876024
0.614064170679234
0.632712912583665
0.6488775297006051
0.662684338851699
0.5946080219731401
0.5948243719623246
0.5950301993511726
0.5952000512490008
0.595315376475049
0.59537452744635
0.595371057889107
0.595319157821028
0.5952314852562609
0.5951124887059126
0.5949844168236886
0.5948518865927206
0.5947176142152886
0.594585875051284
0.5944499055134018
0.5943025682230012
0.5941397937223151
0.5940598038368233
0.5940165490457607
0.5939544484197175
0.5938678406897113
0.5895388711006364
0.5885764891236316
0.589306539672719
0.5910474920308274
0.592931654119584
0.5947564056820138
0.5971662323212241
0.5995863358754735
0.6020114433931432
0.6044398636362412
0.6068521135117594
0.6092507482815378
0.6116094764645914
0.6139528970622736
0.6162592201742911
0.6185495196044937
0.6208161323708704
0.6230419120199455
0.6252371272954795
0.6273924643304978
0.6295113164382121
0.6316246554261253
0.6336913628795386
0.635784995983076
0.637733058697382
0.6340989297997195
0.6240750080663561
0.6097341513097777
0.5922253499111737
0.5721249050516781
0.5499811159695239
0.5265157752744931
0.5029817895660772
0.47983080310929394
0.4580355320510999
0.43837077537685953
0.4214326038597451
0.4079560232986253
0.39824783929510904
0.3926454849956933
0.39136713076713087
0.39449786943279314
0.40204168016341535
0.4138678435338873
0.4296720682774614
0.4489686693169944
0.47107913970834747
0.4951666907987493
0.5202994835317967
0.5455344087864474
0.5700051015564263
0.5929957139966883
0.6139870085069247
0.6326696942518779
0.6488537255562965
0.5946139186257354
0.5948258193114877
0.5950078287663312
0.5951389345560425
0.5952138108230399
0.5952253218682393
0.5951859870426822
0.5951080816002526
0.594997109341743
0.5948751385095733
0.5947488106980571
0.5946225024807658
0.5945025411980079
0.5943840884279032
0.5942638521128935
0.594131877864329
0.594048884036438
0.5940159686234519
0.5939738586892034
0.5939026470895361
0.5895864948836522
0.5886433429534095
0.5893910226196432
0.5911462256079147
0.5930370230890132
0.5948507190154476
0.5972521809849192
0.5996530527541302
0.6020606079896429
0.604468342493214
0.6068735670340082
0.6092632598598743
0.6116289062128604
0.6139640214280854
0.6162772846795812
0.6185509351479662
0.6208160192418984
0.623028392829379
0.6252223468588232
0.6273793875736386
0.6295005181768921
0.63161850984456
0.6336857903651913
0.635765004970903
0.6377236383137121
0.6340511122530267
0.6240398245384299
0.6096724185516194
0.5921452032450465
0.5720064096742467
0.5497853496467264
0.526204358389774
0.5024841881582323
0.47905209536859317
0.45684466781490235
0.4365977382144699
0.4188562849617666
0.4043180932352679
0.3932419666761758
0.3859369492049349
0.3826133292578737
0.38337445513389107
0.3882888299750218
0.3973428996518022
0.4104004897573792
0.427184291284438
0.4472335667965721
0.4699037948233272
0.49439366064699003
0.5198057022794356
0.5452279121421961
0.5698200737063
0.5928869599835861
0.6139246750751257
0.6326347913260597
0.5946143354472337
0.5948118007149722
0.5949624102056195
0.5950571049190374
0.595087904651255
0.595064725840738
0.5949997822455553
0.5948989087875677
0.5947844890690279
0.5946643274490424
0.5945445831804282
0.5944327568888087
0.5943262978860175
0.5942234420139846
0.5941179409909527
0.5940337479219961
0.594004049236347
0.5939796266434393
0.5939267036513747
0.5896190313983732
0.5886941484988486
0.5894615207110117
0.5912350905563635
0.5931385515070839
0.5949467789274593
0.5973446315792519
0.5997331131202636
0.6021247309308534
0.6045124072121952
0.6069027067737112
0.6092813356536636
0.6116457283034636
0.613978918157832
0.6162909292236329
0.6185632924917636
0.6208170997567672
0.623030887734461
0.6252136073880404
0.6273761662788997
0.6294959656270297
0.6316173745841869
0.6336853480145227
0.6357503284225701
0.6377197385416679
0.6340098915044662
0.6240137749802339
0.6096194312773537
0.5920805102388604
0.5719121739449424
0.549629769077637
0.5259590822491017
0.5020925302224112
0.47843962367361303
0.45590707396237423
0.4351991433148432
0.4168168636126255
0.40142447167398626
0.38923361404770057
0.38051804564189023
0.3754640467922937
0.37416530291150446
0.37671293006097945
0.383158033056903
0.3934783250277549
0.40756338061775255
0.4251553961912745
0.4458223099605317
0.4689498935268699
0.49376727549984756
0.5194060500449269
0.5449800404950096
0.5696705265975807
0.5927990947096476
0.6138743301415223
0.5946094614014488
0.5947833792588152
0.5949016741807334
0.5949557260436512
0.5949526177553506
0.5949037429808726
0.5948155845265073
0.5947101064512361
0.5945968472739034
0.5944826426406684
0.5943770023461866
0.5942786155747075
0.5941874923466587
0.5940989774987417
0.5940165835100117
0.5939872522964009
0.5939724290347462
0.5939392810321684
0.589638330327635
0.5887316868887325
0.5895185395174235
0.5913129688100937
0.5932326629934288
0.5950422827732809
0.5974384317022626
0.5998214769683047
0.6021986879558142
0.6045726398450353
0.6069419365112828
0.6093090253551021
0.611661406000104
0.6139966128999547
0.616301084402187
0.6185799556614746
0.6208208679047248
0.6230414628340372
0.625216066551045
0.6273782831299133
0.6295030350826107
0.6316157123793561
0.6336901025380901
0.6357392082033928
0.6377171043515402
0.6339768067344881
0.6239934176688451
0.6095738677478981
0.5920283364990704
0.5718368569905067
0.5495058963029634
0.5257658583379287
0.501784282837137
0.47795827965217164
0.4551699199728695
0.43409829263472893
0.4152074122054577
0.3991326410610445
0.3860423938841942
0.37617384518804065
0.36968189385223565
0.36663435630044516
0.36711669737512315
0.3712031882635717
0.3789339509539548
0.39031351076526966
0.40524768159313485
0.4235039340879016
0.4446762133275562
0.468176556149982
0.49326010304824264
0.5190827514576928
0.544779660911074
0.569549686426092
0.5927281211717945
0.5945996562438193
0.5947454883114589
0.5948264897087767
0.5948469892121365
0.594817457245512
0.5947447912962268
0.5946501685365579
0.5945446277816205
0.5944360453045303
0.5943349027307696
0.5942421591934997
0.5941584826558415
0.5940813181755495
0.5940058771360504
0.5939699179699365
0.593958296764457
0.5939390310495233
0.5896444658843027
0.588756821858045
0.589563685462806
0.59137978651879
0.5933179360033349
0.5951342122877394
0.597533335962772
0.5999135052767635
0.6022805233960168
0.6046428815955432
0.6069951374590377
0.6093458820611467
0.6116835528411737
0.6140124137798902
0.6163130045758832
0.6185922278825796
0.620830486193223
0.623050508459932
0.6252276873304405
0.6273838081151171
0.6295176704425504
0.6316157629439292
0.6336956896460065
0.6357312880097316
0.6377121286944816
0.6339519326372638
0.623975830968022
0.6095352259487907
0.591985991388647
0.5717765061962676
0.5494069373682413
0.5256136666711155
0.5015416063547267
0.47758018561705395
0.45459095477556977
0.4332332565894513
0.41394034665414475
0.3973235390798933
0.38351325374163425
0.37271214126380103
0.3650419506161101
0.3605372446978784
0.3592611892990313
0.36128293166024017
0.36666360164237977
0.37547248419763923
0.38772860248062474
0.4033615250739243
0.42216196076575413
0.44374658426060704
0.4675501403674721
0.4928496980115686
0.5188213377255587
0.5446177201107536
0.5694520662115334
0.5945866501728474
0.5946985934768455
0.594746016335383
0.5947385184257215
0.5946839490417356
0.5946024298942515
0.5945059550210172
0.5944034221576012
0.5943064683400964
0.5942170654751284
0.5941380142741592
0.5940678960173842
0.5940027020344174
0.593958804189928
0.5939435046928152
0.5939313260049847
0.5896393670156244
0.5887684447476264
0.5895969229359637
0.5914357195431439
0.5933939335707039
0.5952197714996995
0.5976280908577969
0.600008008498889
0.602369383884067
0.6047197910011756
0.6070609834484979
0.6093934135368543
0.611717215200126
0.614029607824812
0.6163271698614423
0.6185995642756003
0.62084259392666
0.6230566078419172
0.6252394591722131
0.6273924714093375
0.629529279242637
0.6316217344598053
0.6336971588941245
0.6357262240720927
0.6377042526678708
0.6339327256989304
0.6239597985510663
0.6095031548034863
0.5919509988705935
0.5717283437025532
0.5493274074794439
0.525493939210929
0.5013503869485275
0.47728329650820295
0.45413656219705045
0.43255440254906014
0.4129447329331096
0.39589927475568626
0.3815160421485613
0.36996679967625135
0.36134177550131247
0.35564054630174047
0.3528962001494324
0.3531560419412133
0.35647356855155454
0.3629419200504465
0.3726438837254412
0.38562207117506736
0.40182805672087246
0.42107293223181386
0.4429932557928737
0.46704307279693336
0.4925177670474648
0.518610032195926
0.5444868801079703
0.594570556979842
0.5946485962139247
0.5946658000862044
0.5946316319793232
0.5945652402530957
0.5944789904728155
0.5943835212785824
0.5942906524461719
0.5942038764767821
0.5941271064016146
0.5940606488820976
0.5940015107563166
0.5939554514425267
0.5939341477418653
0.5939222671349078
0.5896274591320771
0.5887670565292559
0.5896165532127595
0.5914797951627173
0.5934599228352551
0.5952976098198053
0.5977189985174175
0.600104202237167
0.6024635578313396
0.6048047782923973
0.6071353059767922
0.6094538632669146
0.6117627944163782
0.6140579207734715
0.6163438208938384
0.6186080015605347
0.6208516557540011
0.6230628630455401
0.6252458275230695
0.6274009769646604
0.6295321528955506
0.6316295219049767
0.6336946602335288
0.6357210156931835
0.637696625926558
0.633915562295179
0.6239457264609978
0.6094770973339818
0.5919212783839474
0.5716904446417377
0.5492629330325225
0.525399999038624
0.5011994859165547
0.4770502257906272
0.45378010420494463
0.43202218612525284
0.4121635954123667
0.3947803500439874
0.379943378661908
0.3677977986079178
0.3584055886950857
0.3517330409290193
0.34778107482826626
0.3465674199724964
0.3481208000407814
0.35252962172206204
0.35989968810601525
0.3703379047488326
0.3839087713652662
0.40058313269176893
0.4201900946119016
0.44238324905464477
0.4666328495348501
0.4922494055140054
0.5184392827948695
0.5945534764708056
0.594598555673265
0.5945870344502064
0.5945371954071557
0.5944624170753776
0.5943748310705794
0.5942864142949176
0.5942019936070042
0.5941263940751164
0.5940609112308751
0.5940044971203033
0.5939573569409711
0.5939320501668672
0.5939168597622798
0.5896136582529972
0.5887566374796018
0.5896227113111212
0.5915099957810444
0.5935141375208999
0.5953666758152485
0.5978031893264856
0.6001985823738726
0.602560648584345
0.6048977196610128
0.6072176399348123
0.6095256936594043
0.6118203145526105
0.6141020461357606
0.6163697477312374
0.6186236208756523
0.620859173832618
0.6230702746774471
0.6252492262027933
0.6274057976993631
0.6295287424056847
0.6316303112331373
0.6336900902607361
0.6357123868163855
0.6376919255493614
0.6338995317490541
0.6239342055948158
0.6094566887416121
0.5918953384597094
0.5716613890138179
0.5492101438142666
0.5253265838701633
0.5010801468191362
0.47686729478164935
0.45350052677237007
0.4316052463871905
0.41155146546567084
0.39390278461027767
0.3787078374937997
0.36608926990616425
0.3560847518715598
0.34863065552986716
0.34369709295506196
0.3412702687259059
0.34134610696508993
0.34399101957367445
0.3493050970692155
0.3574189804774424
0.3684619141181258
0.3825174511254787
0.39957359669501585
0.4194749958284647
0.44188961032075946
0.4663011153991226
0.49203251476180215
0.594536300786707
0.5945498039044482
0.594517615035127
0.5944553991872582
0.5943763145185313
0.5942927118723333
0.5942106592310314
0.5941355708525151
0.5940698673325657
0.5940135211959053
0.5939663757907351
0.5939358789508752
0.593917350959833
0.5896021928124008
0.588743383979525
0.5896191006309743
0.5915262824381959
0.5935544052589935
0.5954250452559604
0.5978791452578417
0.600287350829828
0.6026570033721534
0.6049950523786526
0.6073086473729248
0.6096064108208581
0.6118895519871935
0.6141594004886991
0.6164121154589425
0.6186509834544881
0.6208738621562123
0.6230792667873613
0.6252550801199943
0.6274082355922485
0.6295248359940884
0.6316227311219629
0.633681648405298
0.6357008655558203
0.6376877879554219
0.6338876775052344
0.6239250803970978
0.6094422570488155
0.5918724977099007
0.5716399718342837
0.5491665717576649
0.5252694943558416
0.5009855282214304
0.47672374433443543
0.45328123765478123
0.43127878770520583
0.4110722419179024
0.39321544730507574
0.37773892830206407
0.36474667124376975
0.35425597299550654
0.34617733911380894
0.34045310329350986
0.33703948451533927
0.33589752664307587
0.3370634849383085
0.3406142622250222
0.34667543467295286
0.35540057901148975
0.36693821397849913
0.38138894585616023
0.3987556650388312
0.41889616635600585
0.44149033070635263
0.4660329583590229
0.5945197376619734
0.5945068429322515
0.5944578054384649
0.5943873387025117
0.5943086725657036
0.5942291304732776
0.5941545185400849
0.5940876153013982
0.5940299625955668
0.5939818895278879
0.5939465391607992
0.593923405393558
0.5895950809871467
0.5887320189824825
0.5896114971859093
0.5915320150704082
0.5935806429407123
0.5954704843771724
0.5979449841783189
0.6003684486976909
0.6027487543288021
0.6050922969016785
0.6074052247690066
0.609695365664163
0.6119684308697358
0.6142270183644818
0.6164693430541434
0.618693633982294
0.6209026679547023
0.6230950561059129
0.6252665754860927
0.6274132193710904
0.6295257947698518
0.6316145094014805
0.6336692521087065
0.6356886027430407
0.6376799261215862
0.6338819580303159
0.6239181661553481
0.6094343758795768
0.59185309303444
0.5716250249192639
0.5491305388707083
0.5252253737893012
0.5009103139297548
0.4766111044224187
0.4531091862968828
0.431023264880477
0.41069736052728817
0.3926776993880658
0.37698024219122844
0.36369365216830213
0.352818476473813
0.3442434117095376
0.3378867467695493
0.3336779037583822
0.3315445886618749
0.3314907115221815
0.33356166545345173
0.3378603333317879
0.34453576032802147
0.35376109862523675
0.36570217766923496
0.38047446314849326
0.39809346236072946
0.4184278835792841
0.44116751498402046
0.5945051511725482
0.5944699784142595
0.5944080256692588
0.5943340368905803
0.5942568699378042
0.5941824180746174
0.594114312408354
0.5940543244765892
0.5940038616119103
0.5939637044829317
0.5939358234791945
0.5895916229337838
0.5887238041660366
0.5896034731305662
0.5915324242052538
0.5935956590784577
0.5955026767532571
0.5979984564921561
0.6004401625069143
0.6028335943524784
0.6051857523181664
0.6075024373040336
0.6097902769965486
0.6120551670623116
0.6143034392699205
0.6165357861570713
0.6187501875774329
0.620946246678896
0.6231245542938102
0.6252856517216571
0.6274252334833962
0.6295340577907227
0.6316145441716605
0.6336600093701178
0.6356779616562162
0.6376681161042488
0.6338794355996487
0.6239129606323488
0.609432769704816
0.5918380694072083
0.5716154504013828
0.549101027298882
0.5251915568374772
0.5008503872153629
0.47652269816970383
0.4529741290817679
0.4308232962995341
0.41040429871936857
0.39225736289115715
0.37638690271412106
0.36286904217875254
0.3516907736671751
0.342722732392615
0.3358629243640428
0.33101782934472573
0.32808509015484916
0.32703772947566934
0.3278873680282036
0.3307057362062348
0.3356196019489844
0.3427977910106821
0.3524310848563484
0.3647004606660262
0.3797339864218372
0.39755763963121804
0.4180492170243607
0.5944926180588184
0.5944394981497805
0.5943695930456125
0.5942936489160986
0.5942189502910449
0.5941492103547723
0.594086719808392
0.5940326855224208
0.5939878741333438
0.5939545280414106
0.5895921860542577
0.588717473191904
0.5895964539470382
0.5915306219150458
0.5936039892797618
0.5955237652042074
0.5980390214319523
0.6005003674440114
0.6029099556311355
0.6052732157373668
0.6075966449848582
0.6098866433341733
0.6121478273579019
0.6143874489122195
0.6166093275240703
0.6188149418452029
0.621001320883683
0.6231681757575903
0.6253157832655594
0.6274458019468379
0.6295495924998907
0.6316254721767562
0.6336624145738605
0.6356742845571745
0.6376574199880533
0.6338767184323938
0.623907290161142
0.6094354472377456
0.5918276425196138
0.571610370229138
0.549077456946355
0.5251659377691765
0.500802564495937
0.4764532650515591
0.45286803932637393
0.43066679177256434
0.41017533688517516
0.39192905133244527
0.3759233532710984
0.36222413385676017
0.3508075155866326
0.34152938712334524
0.3342709551893563
0.32891959535227705
0.32534687868938517
0.3234981280436657
0.32335265664290436
0.3249486808463592
0.32838214052319614
0.333799655000548
0.3413879074228868
0.35135317578908176
0.3638892850703346
0.3791347585158646
0.3971243016681943
0.5944824118690049
0.5944159946400893
0.5943404505212443
0.5942644702628742
0.5941922378913042
0.5941267007112238
0.594068659085269
0.5940193810511536
0.5939800684504586
0.5895967977952866
0.5887135705007683
0.5895901302231675
0.5915279830128293
0.5936083416310087
0.595537469288442
0.5980682344183074
0.6005482452329555
0.6029758230475645
0.6053532497779821
0.60768587780363
0.6099809155435059
0.6122427512100602
0.6144775065079717
0.6166900865515051
0.6188853646828242
0.6210632278681966
0.6232211510440603
0.6253578252893227
0.6274754031522559
0.6295719675042744
0.6316434938940217
0.6336779976709783
0.6356826326834748
0.6376560415059491
0.6338754972495718
0.6238998834192909
0.609438803037193
0.5918202802215995
0.5716088188858952
0.5490593947325073
0.5251468145580214
0.5007644058080807
0.4763986629600234
0.45278463883790343
0.4305442548758656
0.4099965611743594
0.3916727821641569
0.3755615295370424
0.36172031039933156
0.3501166306318425
0.3405944251642257
0.3330211870832283
0.3272687087002674
0.3231864928975461
0.32069605090805753
0.3197476372488142
0.3203473575811643
0.3225579073428286
0.3264950456641361
0.332323352727458
0.34024529043563423
0.3504802797396784
0.3632328021582918
0.37865010001424476
0.594474374295557
0.5943984795854793
0.5943196752517547
0.5942438878970651
0.5941744020596078
0.5941119908096228
0.5940579840416857
0.5940126185237211
0.5896060721547949
0.5887122406066929
0.5895851945947455
0.5915244069986969
0.5936101045713377
0.5955459829897622
0.598089097113831
0.6005846652011018
0.6030300461822681
0.6054238819713719
0.6077688158620095
0.6100712930866795
0.6123366200308411
0.6145706614895131
0.6167773574625741
0.6189626883931074
0.6211302133275833
0.6232795323943614
0.6254078132595012
0.6275143919902816
0.6296009067649528
0.6316654471106471
0.6337001669750376
0.635701827940627
0.6376686021675928
0.6338818801186186
0.6238946014874974
0.6094403499230541
0.5918136954020683
0.5716089598241092
0.5490462920606761
0.52513268615399
0.5007340794736901
0.47635563093880856
0.45271901606032705
0.43044823651837644
0.40985706201893274
0.39147285673395027
0.3752793357769352
0.36132707691109844
0.3495768130052662
0.3398628723330506
0.33204162986767466
0.32597238719671146
0.32148628294788584
0.31848489512180916
0.31689340125328297
0.31668900756808294
0.31790254265140505
0.32061642689895786
0.3249643846649702
0.33112696202929404
0.33932000385005695
0.3497738306157195
0.362701811718076
0.5944686543022885
0.5943857778101692
0.5943050574146479
0.5942302486540775
0.5941627001947045
0.5941034214040395
0.5940522941982702
0.5896198914697095
0.5887140329914757
0.5895817504324167
0.5915208060035291
0.5936094549809219
0.5955506109928244
0.598103375542693
0.6006118796082539
0.6030727940855032
0.6054835905348106
0.6078434536176929
0.6101565278577376
0.6124276981960705
0.6146638480653602
0.6168686477696833
0.6190472058167152
0.621204235126973
0.6233429991963131
0.6254625372230519
0.6275606034800048
0.6296368705081309
0.6316917998272867
0.633722918303165
0.6357247765187077
0.6376907703899548
0.6338992892160684
0.6238987439726045
0.6094423893416672
0.5918077225212038
0.5716084089171009
0.5490372305415901
0.5251221186114178
0.5007101954032019
0.4763215998081398
0.45266732508529417
0.43037289781622834
0.40974830012241076
0.3913169593624221
0.37505941155308375
0.3610204150647955
0.34915543077574707
0.339291100472577
0.3312748607184473
0.3249561008745095
0.3201508814974121
0.3167444083134022
0.31464076669024926
0.3137922236835117
0.3142009410068602
0.3159173480797949
0.3190417692803385
0.3237240079347412
0.3301581563047199
0.33857115646303365
0.3492024195587012
0.5944643744904551
0.5943771233339563
0.5942953996201379
0.5942213740182184
0.5941560059501113
0.5940986834096179
0.5896380770213415
0.5887187379258189
0.5895803243037296
0.5915176784736039
0.5936076001355406
0.5955516859738188
0.5981123699460562
0.600631274908466
0.6031056102429428
0.6055318593851082
0.6079078771706408
0.610234518859899
0.6125147424218027
0.6147553143905655
0.6169610199417481
0.6191367026542348
0.6212862442024865
0.6234140984043378
0.6255228012715438
0.6276118986676171
0.6296795191244344
0.6317243894560586
0.6337472796448835
0.6357460646194253
0.6377139093107771
0.6339229353306748
0.6239155622632283
0.6094505791938767
0.5918063098741805
0.571606482054901
0.5490311155525491
0.5251138072163015
0.5006915718943608
0.47629454507896074
0.45262654929093615
0.43031367012809046
0.4096635948635955
0.3911954444858728
0.3748881378383216
0.36078144839750775
0.34882677418171015
0.3388446301326269
0.33067529193368383
0.3241603837877081
0.31910366404849605
0.31537709901112226
0.3128673513635406
0.31150572032891405
0.3112696572406003
0.3121807891250049
0.3143073485952735
0.31776580442327906
0.32271961270263894
0.3293740978031991
0.33796545812070405
0.5944615624441597
0.5943714890761016
0.5942893771388883
0.5942164300056181
0.5941521646753588
0.5896600468152704
0.5887261810259938
0.5895807304548248
0.5915158124257559
0.5936052451885621
0.5955505426424654
0.5981166695227882
0.6006441759666413
0.6031295381581746
0.6055695819480177
0.6079609260742022
0.6103029606984304
0.6125955150277379
0.6148437653710543
0.6170526488586022
0.6192282212558368
0.6213741185085044
0.6234939806362763
0.625591517451804
0.6276695625750139
0.629728013529965
0.6317640185194903
0.6337772773711181
0.635767986805444
0.6377339920558455
0.6339450529458716
0.6239397325889116
0.6094671848603727
0.5918149488838648
0.5716058692900787
0.5490278230111701
0.5251068711359679
0.5006770464513659
0.4762728952466281
0.45259430274815504
0.4302669910857837
0.40959772304214837
0.3911007628208807
0.3747548485160508
0.36059536542453985
0.34857063212921596
0.3384962879105246
0.3302068841683208
0.3235380148880501
0.3182834805974706
0.3143046262590473
0.311473929808934
0.3097053824792257
0.30895569465888784
0.3092216477755822
0.31054254617220345
0.31300280323996166
0.31673261486822357
0.321906758562696
0.3287399309077188
0.5944597917856066
0.5943679598643783
0.5942859658083499
0.5942135219430759
0.5896858415725292
0.5887358520282029
0.5895828859287906
0.5915151725677457
0.5936032921621137
0.5955480031473701
0.5981178405751458
0.6006513994920408
0.6031459213687952
0.6055975008866129
0.6080029137763521
0.6103601093241358
0.6126673403973962
0.6149268088208255
0.6171421595752586
0.6193198360994028
0.6214647859220966
0.6235804334589719
0.625669687451063
0.6277364775028945
0.6297837820821159
0.6318104623227451
0.6338148124964766
0.6357959521064366
0.6377547048078385
0.6339637432259564
0.6239629615596075
0.609487700109892
0.5918343560870976
0.5716106962863706
0.5490289232261778
0.5251013747552375
0.5006655226368517
0.47625547604216284
0.45256867692043545
0.43023008799300805
0.40954660712366836
0.39102701115292954
0.3746511954181702
0.36045056374483675
0.34837114255286045
0.338224706974367
0.32984122696517004
0.3230516556731338
0.31764176345040607
0.3134644626607707
0.31038076253511426
0.30829057634314483
0.3071335310319073
0.30688553880213526
0.30756091697747895
0.30921516577533653
0.31194648511636214
0.3158964561277687
0.321249311434301
0.5944585833965962
0.5943660471168204
0.5942839194503273
0.589715773817664
0.5887476261620432
0.5895864072832215
0.591515788378389
0.5936018665666021
0.5955450582880717
0.5981168786429513
0.6006546806878776
0.6031557715370357
0.605616971949017
0.6080343251545138
0.6104057734865057
0.6127279649166787
0.6150014366647102
0.6172270097909921
0.619410094663042
0.6215562315760621
0.6236702504860361
0.6257548901911091
0.627813288090621
0.6298493954220581
0.6318649476092484
0.633859883008695
0.6358320986383071
0.6377817070384768
0.6339838401178467
0.6239830077698743
0.6095061766402403
0.5918581791040869
0.5716219702666443
0.5490359861938529
0.5250985142920098
0.500656264174247
0.47624148084441864
0.45254813638736824
0.4302008123509025
0.4095070642011402
0.3909695807320678
0.3745706495628235
0.3603379610775515
0.3482158773275906
0.3380131151776791
0.32955597529530034
0.3226718660874459
0.31714010211921984
0.31280694054844377
0.30952420140892106
0.30718042787872707
0.3057013897612664
0.30504579871238313
0.3052069523988198
0.3062153609995702
0.30814036339964324
0.31109159626896826
0.31522016540035774
0.5944580551068066
0.5943647880874505
0.5897505446915443
0.5887616162124877
0.5895911361200702
0.59151734921397
0.5936012135775905
0.5955419621753867
0.5981148980777594
0.6006551576664244
0.603160958411397
0.6056291702700969
0.6080565202225531
0.6104402207834737
0.6127767678190766
0.6150649665429585
0.6173039075348282
0.6194963252882318
0.6216469498728221
0.6237613749246429
0.6258438303114391
0.6278973399644352
0.629925075312984
0.6319295935402451
0.6339134720270497
0.6358762099775286
0.6378168985777644
0.6340108964711518
0.6240044455407281
0.6095226646533258
0.5918791241586648
0.5716360426901561
0.5490476041829816
0.5250995738693626
0.5006490553807676
0.476230455846242
0.45253147671676447
0.4301775101643192
0.4094766170538567
0.3909248722667533
0.37450811139986473
0.36025045334857214
0.34809510593758985
0.33784836927251216
0.3293335853539838
0.32237548741760375
0.3167482059497967
0.3122927745566677
0.30885368452800227
0.30631038044378855
0.3045774764220605
0.3035997237046389
0.3033530657358581
0.30384697285665546
0.3051258422077304
0.3072704927345257
0.3104001559241228
0.5944575350109434
0.5897910276040373
0.588778323543537
0.5895971370748037
0.5915197922393853
0.5936011912850816
0.5955390642074232
0.5981123280043048
0.6006540576019462
0.6031627411294511
0.6056360694053754
0.6080708073836727
0.6104648056794684
0.6128138350937813
0.615116419429396
0.6173698232180392
0.6195750053507938
0.6217341688203919
0.6238522827656732
0.6259344786260483
0.6279853377762847
0.6300079877471956
0.6320042278293849
0.6339772881427586
0.6359290723710656
0.6378601131248156
0.6340467858179378
0.6240327877530003
0.6095429039093497
0.59189662959783
0.5716491489858243
0.5490593015612311
0.5251042318208409
0.5006437703606492
0.47622221364970074
0.4525178372507445
0.43015892066717426
0.4094533483110712
0.39089007726884334
0.3744595967472212
0.36018249008163566
0.34800121581981763
0.33772017805573024
0.32916030616398984
0.32214433426295047
0.3164422429961795
0.31189098016594
0.3083292156269863
0.3056291475192363
0.303696497437606
0.30246477192623716
0.30189580239577446
0.30198166879203525
0.3027457742002164
0.304244030696122
0.3065669291307849
0.5898379512609442
0.5887983222269859
0.5896047940261273
0.5915231916756557
0.5936017970790209
0.5955363542457778
0.5981096822946843
0.6006519745381599
0.6031624451922096
0.6056390311342522
0.6080792369323323
0.6104809412295964
0.6128405041328464
0.6151557293005544
0.6174234840855604
0.6196428357312236
0.6218141878426874
0.6239401306260353
0.6260253248300811
0.6280753525892117
0.6300949437502151
0.6320859329667476
0.6340508322765723
0.6359920491489586
0.6379122105930887
0.6340914482256033
0.624070430278085
0.6095722838176979
0.5919167501031132
0.5716626717790069
0.5490679612385834
0.5251105111664183
0.5006397279974926
0.4762165814126406
0.45250670437581497
0.43014410210581794
0.4094357871914089
0.39086300567578625
0.37442199590726954
0.3601297328831905
0.34792825751448386
0.3376204904046959
0.3290253687223685
0.3219641505471341
0.3162034960995614
0.31157717635630744
0.30791924643686597
0.3050961568405084
0.3030065785547749
0.30157505074483265
0.30075201428423126
0.3005153869321496
0.3008712259545661
0.30185447344020994
0.303530799701093
0.5888220031750965
0.5896144786666699
0.5915278755323566
0.593603116023803
0.5955338690899752
0.5981070972000194
0.6006495672474963
0.6031608141346675
0.6056394665668645
0.6080832577718447
0.6104907310092946
0.6128582659601487
0.6151842036664384
0.6174646953818294
0.61969830641911
0.6218835089828068
0.6240210882724317
0.6261134766490036
0.6281659070347531
0.6301841730981844
0.6321717285368587
0.6341312067215833
0.6360643709526955
0.6379742236967075
0.6341454536290902
0.6241178012042388
0.609612510328289
0.5919457880366557
0.5716823269904806
0.5490760055183228
0.5251173583021458
0.5006360432424637
0.4762131585187591
0.4524978518266805
0.43013236400140503
0.4094228281651923
0.3908419481990167
0.3743928839511893
0.3600887921659149
0.3478715798463851
0.33754301445404195
0.3289203469095474
0.32182377017023717
0.3160172897699395
0.31133221225043084
0.3075989497534813
0.3046794032809913
0.3024666803767684
0.3008782077319037
0.29985532191471354
0.29936448796125703
0.2993976460549924
0.2999724034890203
0.30113355600201686
0.5896264284380615
0.5915341715491245
0.5936054347594689
0.595531681291706
0.5981046939362396
0.600647104515457
0.6031586353715642
0.6056382539472536
0.6080843555009662
0.6104956980476169
0.612869257399364
0.6152033871396007
0.6174947213784417
0.6197411113026298
0.6219404328766105
0.6240915209964399
0.6261950160081823
0.6282540726745817
0.6302742314075107
0.6322600360276777
0.6342157230558246
0.6361432680109793
0.6380451378250405
0.6342093698821748
0.624175427196351
0.6096633545844091
0.5919863046130315
0.571712872767792
0.5490899723558136
0.5251270593567599
0.5006332593319137
0.4762115636422981
0.4524912706657554
0.4301232031463832
0.4094136650345379
0.39082557256952954
0.3743703689412461
0.360057019681433
0.34782754791567116
0.3374828328350567
0.32883865481081564
0.32171445520851627
0.3158721275172483
0.3111410701922779
0.30734882210555237
0.30435369788617955
0.30204442732670966
0.30033282325399474
0.2991529834863974
0.2984621971756223
0.2982409986732332
0.29849287498753635
0.29924539054645305
0.5915422288804539
0.5936090110791035
0.5955300172527966
0.5981025841289599
0.6006447855934706
0.6031562954479169
0.6056362936427989
0.608083529049486
0.6104973926968225
0.612875064771205
0.6152154330121687
0.6175151384783056
0.6197724582275609
0.6219845544523235
0.6241495797785597
0.626266224499404
0.6283358785953339
0.6303621568707201
0.6323494234921416
0.634302996512276
0.636226405955949
0.6381224184199823
0.6342822272795396
0.6242435808368553
0.6097249888744111
0.5920384390527198
0.5717553615002453
0.5491152510942253
0.525144054892371
0.5006344313941667
0.47621223022108816
0.45248723771978944
0.4301162762465734
0.4094077285652543
0.3908128417999604
0.37435297532161727
0.36003234346750684
0.3477933208550032
0.33743610461506574
0.3287751452259058
0.3216293749985877
0.31575901145756896
0.310991984003937
0.3071535675066816
0.3040992511055081
0.3017143371741025
0.2999062201697696
0.29860326922745295
0.2977554561908714
0.29733418951244006
0.29733153246539845
0.2977610395206909
0.5936139376224072
0.5955290424456109
0.5981009897069469
0.600642756623365
0.6031540622100738
0.6056340759493857
0.6080817768386684
0.6104969213671886
0.6128772946489598
0.6152219818739488
0.6175281025928259
0.6197939363655741
0.622017012912402
0.6241947691369554
0.626325135764735
0.6284075671883981
0.6304439549290112
0.6324368912018307
0.6343915693533078
0.6363125638510985
0.6382041153644221
0.6343619124206094
0.6243212612081147
0.6097976428782359
0.5921023158649421
0.5718090219816618
0.549153248292095
0.5251713040018919
0.5006436984085508
0.4762168067886299
0.45248651637222215
0.43011144392507455
0.40940462454946175
0.39080295149872213
0.3743395493315685
0.36001314160333026
0.3477666753116985
0.3373998305371714
0.3287257980420305
0.3215631905334398
0.31567090645058676
0.31087574340472013
0.3070012002272698
0.30390054091117047
0.3014563884779353
0.2995726775857643
0.2981732557141697
0.297202282812482
0.2966239036428244
0.29642102383903585
0.29659588957755867
0.5955287708159066
0.5981000553529734
0.6006412307310728
0.6031521122318496
0.6056319286669603
0.6080796797937718
0.6104953665668498
0.6128771485687622
0.6152246889772652
0.6175353010303751
0.6198076930385733
0.6220393940690224
0.6242281490163368
0.6263711698197487
0.6284670808127759
0.6305158656284318
0.6325184460735844
0.6344783962774141
0.6364002086155756
0.6382891104182189
0.6344466197956968
0.6244065273635862
0.6098804443993916
0.5921779988656046
0.5718737335490007
0.5492030882804262
0.525208662017093
0.5006633947269579
0.4762272244916662
0.4524902923424429
0.43010884307479297
0.4094040741704829
0.39079528557412335
0.37432918168086426
0.3599981423667764
0.347745869554575
0.3373716671403355
0.32868747482553795
0.32151173147851847
0.3156023129351063
0.3107851459698007
0.30688233690475347
0.303745403047434
0.3012548760196164
0.2993119854837968
0.297837026994874
0.2967695530928516
0.29606795385739815
0.2957078271397548
0.2956823804614818
0.5980997835609341
0.6006403316486159
0.6031506504895496
0.6056300552562774
0.6080776177992147
0.6104933876774408
0.6128757801733684
0.6152248394771095
0.617538431013299
0.6198154558671648
0.6220538277499633
0.624251288605594
0.6264052988663746
0.6285137593673059
0.630575760973247
0.6325903559604122
0.6345595084923004
0.636486243815054
0.6383757425850606
0.6345349716272694
0.6244975719119605
0.6099715858646416
0.5922644845618348
0.5719498555795859
0.5492642414528095
0.525254793836414
0.5006929701933636
0.47624411972098535
0.4524995130540027
0.43010879943061253
0.4094058606160998
0.39078938047360007
0.3743211457431899
0.35998634600532126
0.34772953591630235
0.3373497833215274
0.3286577248970781
0.3214717418231258
0.3155489346374851
0.3107145604827146
0.3067896386517102
0.3036243132002254
0.3010974908736953
0.2991082898365647
0.2975742188954871
0.29643119231049064
0.2956330529727758
0.29514958964672594
0.2949668228513075
0.6006400541361784
0.6031497825135016
0.6056286533245571
0.6080758180983026
0.6104914095246244
0.612873916109389
0.6152236462601219
0.6175388506437528
0.6198189579843351
0.622062076367524
0.6242662932948806
0.626429064988063
0.6285484812675128
0.6306229045681577
0.6326504393038546
0.6346312260004228
0.6365667467711414
0.6384608646752222
0.6346250318629881
0.6245927896847105
0.6100692975233862
0.5923599339444314
0.5720368946364273
0.5493367914938583
0.5253095434452281
0.5007308165956177
0.4762665444451417
0.4525140631135337
0.43011149227206774
0.4094097404762126
0.3907848925523981
0.37431484499708856
0.3599769654012545
0.34771659642684677
0.3373327471394141
0.32863463523134456
0.32144067911929747
0.3155074169038078
0.31065958703667446
0.30671736671558913
0.30352982116173405
0.3009745945050547
0.2989491643643798
0.29736885579989075
0.2961667109251337
0.2952929967358526
0.29471289236205256
0.2944067301157786
0.6031494973577163
0.605627812721851
0.6080744717576254
0.6104896803867494
0.6128720196911079
0.6152218930194372
0.6175378212231856
0.6198196205612132
0.6220659034427418
0.6242749554018293
0.6264445438566029
0.6285727535733355
0.6306580775999076
0.6326978874041573
0.6346913272926067
0.6366381086615648
0.6385406211984896
0.6347136083971833
0.6246899987396478
0.6101719280479395
0.5924626658806279
0.5721334596725913
0.5494202969242503
0.5253739029969979
0.5007764635305338
0.47629351841033785
0.4525327962915427
0.4301166288430864
0.4094153201163648
0.39078154486711736
0.3743097749864238
0.3599693780668947
0.3477061986582264
0.33731943707414375
0.3286167121829183
0.32141655878287895
0.3154751403719063
0.31061678936573844
0.306661036429475
0.3034561002739114
0.30087864649927204
0.2988248780309088
0.29720841564105066
0.29596003457588504
0.29502719312321546
0.29437142642478575
0.29396857651635544
0.605627518489505
0.608073655224807
0.6104883856093211
0.6128703577760545
0.6152200757336752
0.6175361742309116
0.6198187435277488
0.6220667841028218
0.624279063727373
0.6264535532745692
0.6285886182947482
0.6306827465070082
0.632733383369154
0.6347389360559959
0.6366980791231087
0.6386114890473086
0.6347968313653641
0.624785839470041
0.6102771520461246
0.5925711758231997
0.572238184115935
0.5495136374178625
0.5254485092401333
0.5008306708436517
0.4763255443095127
0.45255467362953267
0.43012360368729613
0.40942199048634725
0.39077906932856665
0.3743054917589542
0.35996309132497406
0.34769766526268764
0.3373089738356079
0.32860278882155247
0.32139783148206275
0.31545006073987625
0.31058348390472323
0.3066171446914308
0.3033985964207207
0.3008037489473463
0.2987278175226127
0.2970830920090161
0.29579856353716316
0.2948194869209514
0.29410451704408364
0.2936259684069258
0.6080733509228993
0.6104875902684628
0.6128691107534525
0.6152184776216325
0.6175344330799099
0.6198171977993331
0.6220660481241758
0.6242801389564918
0.6264579025618864
0.6285979145940814
0.630698916770627
0.6327583494389573
0.6347746388848324
0.6367457199151872
0.6386711985761525
0.6348710446509389
0.6248762099106969
0.6103813407508428
0.5926831365246689
0.5723497667890872
0.5496157836403992
0.5255331187557257
0.5008941067176156
0.4763643227784585
0.4525798030268745
0.43013219411419884
0.40942907790838634
0.39077718562444713
0.37430160042968275
0.35995771173001523
0.3476904588287134
0.3373006661708055
0.3285919533794447
0.3213832870415068
0.31543058270843766
0.3105575758106783
0.30658295528457535
0.3033537515928873
0.30074529142160167
0.298652027474346
0.2969852123382754
0.29567243040713287
0.29465721474330153
0.29389594370136674
0.2933581638526244
0.6104872752978918
0.6128683341151919
0.6152172748101012
0.6175328953316205
0.6198155295261192
0.6220645983782895
0.6242795328802901
0.6264591502468855
0.6286024678151969
0.6307084449874976
0.6327747525412906
0.6347998119234803
0.6367815248152585
0.6387187564394639
0.6349337505497201
0.6249571055886537
0.6104799885537147
0.592794641394311
0.5724658751664594
0.5497257403071961
0.525627215233457
0.5009667892087312
0.4764113327132951
0.45260925475596275
0.4301430651130805
0.40943621421912607
0.39077567157991905
0.3742977671843198
0.3599529281672119
0.34768415449408463
0.3372939707765014
0.32858349263075165
0.3213719799031336
0.315415461255467
0.3105374300174383
0.3065563318760412
0.3033187861849496
0.30069967136835163
0.29859285216222076
0.2969087747020751
0.295573914775239
0.2945304591629794
0.29373299158004884
0.29314888930859007
0.6128680082080279
0.6152165147660273
0.6175317334510988
0.619814048759538
0.6220629995533727
0.6242781736571268
0.6264586632028146
0.6286038672427081
0.6307131682592978
0.6327844629224191
0.6348163821551293
0.6368068233216488
0.6387545689429811
0.6349838137666082
0.6250256646918435
0.6105686323453445
0.5929007144996261
0.5725823125463723
0.5498413109462148
0.5257300243650394
0.5010485436131613
0.4764671637040669
0.45264410427562535
0.4301574819620267
0.4094435901024471
0.39077452342035274
0.3742937578023085
0.359948506969624
0.3476784262399512
0.3372884594492807
0.32857684924380975
0.32136317013316135
0.31540372492068736
0.31052177027510075
0.30653560673932445
0.3032915295567556
0.3006640739425068
0.2985466533020894
0.2968490868054214
0.2954969771952714
0.29443146053537966
0.2936057028164988
0.29298538815878866
0.6152161779515786
0.6175309882243738
0.619812924812993
0.6220615724834733
0.6242766407649528
0.6264573889654087
0.6286034887238732
0.6307147001292905
0.6327893253921258
0.6348262297728178
0.6368235015530394
0.6387799194190211
0.6350215782311889
0.6250805383884861
0.610644014094959
0.5929964197060885
0.5726936480728009
0.549958177381277
0.5258394061107917
0.5011389434621651
0.47653188712884653
0.452685004184495
0.4301765790497944
0.4094518487385499
0.3907740435953102
0.3742895078587862
0.35994429750774626
0.3476730411907548
0.3372837975686156
0.32857158713551915
0.3213562783171932
0.31539461526913143
0.3105096005925128
0.30651947799013424
0.30327028687203184
0.3006363005960323
0.2985105878562324
0.29680248164443834
0.2954368959657052
0.2943541486770329
0.29350628602308554
0.2928576696482892
0.617530640767063
0.6198121929425238
0.6220604837462518
0.624275264239815
0.6264559184700438
0.6286022939534716
0.6307144200681939
0.6327909718137941
0.6348312034305474
0.636833446023972
0.6387966525655749
0.6350483547568613
0.6251220173830944
0.6107045410189024
0.5930781383144758
0.572794547830476
0.5500706309508493
0.5259510320209403
0.5012362207116906
0.476605124509871
0.45273243841052785
0.4302010482985211
0.40946178978344633
0.39077476622693585
0.37428516221333674
0.35994025855000095
0.34766785604152034
0.33727972931445604
0.3285673669530224
0.32135084903469996
0.31538754027799676
0.3105001433701982
0.306506929554911
0.30325373487801366
0.3006146343834613
0.29848243501269833
0.2967660936271836
0.29538998103892455
0.294293777841028
0.29342864611384617
0.29275791655060635
0.6198118353128246
0.6220597640432903
0.6242742082524929
0.6264545894908875
0.6286008823641365
0.6307132993437268
0.632790780627829
0.6348329478856501
0.6368385055608659
0.6388066576857648
0.6350660434560745
0.6251514861651444
0.6107504295391428
0.5931440381840831
0.5728811309077253
0.550173119599942
0.5260592048898847
0.5013364790248946
0.47668525682817287
0.4527866253163002
0.4302313119099872
0.4094742632587223
0.3907772938400926
0.37428107337788796
0.35993647019895103
0.3476628244365831
0.3372760654143611
0.328563927441647
0.32134652402374203
0.31538203687973926
0.3104927915749832
0.3064971682346916
0.3032408406905029
0.3005977345511899
0.29846046023358297
0.29673768422663044
0.29535334876015673
0.2942466391925191
0.29336801782338523
0.29268001349802497
0.6220593968689749
0.6242734997711354
0.6264535640422462
0.6285995981085987
0.6307119432637316
0.6327897286704514
0.6348328365209629
0.6368403328733654
0.6388117802863388
0.6350766449003645
0.6251709817289222
0.6107831213283407
0.5931942173773296
0.5729513684682798
0.5502616498607045
0.5261584897804576
0.5014345031235155
0.47676886493971954
0.45284671962234013
0.4302674342763668
0.4094901705543571
0.39078220909085915
0.37427776497066995
0.35993312961558643
0.3476579946732741
0.33727268107345443
0.32856106906127225
0.3213430214254407
0.3153777427837005
0.3104870705889311
0.30648957492142814
0.3032307980020211
0.3005845543605871
0.29844330886338316
0.29671550498581706
0.29532474685030585
0.2942098344095529
0.2933206770268807
0.29261917932299514
0.6242731238052582
0.6264528660446347
0.6285986012258125
0.6307107010975808
0.6327884248161209
0.6348318482541111
0.6368402928260327
0.6388136765596772
0.6350821065730607
0.6251826931845862
0.6108048011283301
0.5932301061809038
0.5730051849790849
0.550334061985263
0.5262450271340969
0.5015253579406509
0.47685149834553303
0.4529103010964826
0.4303085689101991
0.40951012792928226
0.39078999004368936
0.37427587383319355
0.3599305131525753
0.34765350399756806
0.3372695088164816
0.32855864531489876
0.32134011826153724
0.3153743743304805
0.31048260922244914
0.30648366587919434
0.30322297754650757
0.3005742765863653
0.2984299231688667
0.29669819030867767
0.2953024170982035
0.29418109937246856
0.29328371342682197
0.2925716774425989
0.6264524821316247
0.6285979131575887
0.6307097310304526
0.6327872222838059
0.6348305934927962
0.6368393634004486
0.638813699900092
0.6350841730740577
0.6251887570992949
0.6108178566859332
0.5932539850040026
0.5730438893510983
0.5503900387011876
0.5263166259395934
0.5016055417095764
0.4769290605350875
0.45297404209799225
0.43035271998757524
0.4095338600240073
0.39080071842168446
0.37427598469328205
0.35992889953473023
0.34764955235838724
0.3372665313457467
0.32855655173341547
0.32133764016486016
0.315371707987332
0.31047911693650404
0.30647906310917683
0.30321688794731155
0.30056626337103
0.29841947724400625
0.29668467385494784
0.2952849846242792
0.294158665624442
0.2932548535202475
0.2925345878035543
0.6285975222090548
0.6307090524940998
0.6327862774757702
0.6348294283257421
0.6368381547575652
0.638812824742227
0.635084252381732
0.6251910859655839
0.6108246419715863
0.593268403288866
0.5730697533107126
0.550430611191844
0.526372659827766
0.5016729137955519
0.47699864610360043
0.45303488246248397
0.4303974112633199
0.4095600459228229
0.39081373411551856
0.3742782894426876
0.35992842665327346
0.3476463441429365
0.33726376199505026
0.32855471799370195
0.3213354509470856
0.31536956801616495
0.3104763652116222
0.30647547104161216
0.3032121456104969
0.3005600166951762
0.2984113263719052
0.2966741229440034
0.2952713749727593
0.29414115189396606
0.29323232148636913
0.2925056292678871
0.6307086554648469
0.632785608196365
0.6348285074036573
0.6368370248613935
0.6388116594275534
0.6350833700572021
0.6251912148867453
0.6108272709118707
0.5932759193805819
0.5730854171244353
0.5504578739930267
0.5264137088239829
0.501726495222691
0.4770582812970669
0.45309061081710533
0.43044060495244824
0.40958699309926894
0.39082774789811736
0.37428229088876885
0.3599288951109778
0.3476439828282426
0.3372612104550256
0.32855309634386926
0.321333446314328
0.3153678150380366
0.3104741745002816
0.3064726577229623
0.30320845105851485
0.30055514789030763
0.29840496715745635
0.2966658875159041
0.2952607500903973
0.29412747955606233
0.2932147303143631
0.2924830200413962
0.6327852060574145
0.634827847214825
0.6368361266102351
0.6388105628833941
0.6350821734450601
0.625190271673106
0.6108274437667299
0.5932788478956006
0.57309360435008
0.5504744343252003
0.5264414886578649
0.5017662869521251
0.4771066622905218
0.4531395050770488
0.4304809329480542
0.4096134447416381
0.3908415430337558
0.3742869529607618
0.35992968036759876
0.34764233963688046
0.33725883494026143
0.32855164619343863
0.32133154726844565
0.3153663385967901
0.310472402786939
0.3064704411267784
0.303205570050894
0.30055135368563035
0.2984000067327743
0.2966594599623818
0.29525245568323144
0.2941168063183601
0.2932009968980115
0.2924653684416364
0.6348274409431723
0.6368354754271917
0.6388096862381248
0.6350810439335965
0.6251889760489601
0.6108264138068927
0.5932790617149396
0.5730968090556454
0.550483100443573
0.5264584142568526
0.5017934522858492
0.47714318004020484
0.45318006096130703
0.4305171592377027
0.4096386638423836
0.3908545876817933
0.3742913317536256
0.35992996073937866
0.3476410009386407
0.33725649851377404
0.3285503148749477
0.3213296940621396
0.31536505078079563
0.31047093772228257
0.30646867755817303
0.3032033194959082
0.3005483972547291
0.29839613856645786
0.29665444408307057
0.29524598079364034
0.29410847457305656
0.29319027541714887
0.2924515877097951
0.6368350659859981
0.6388090440507177
0.635080135205796
0.6251877507022439
0.6108249862720008
0.5932779410457156
0.5730970642654027
0.5504864928897867
0.526467265686775
0.5018100549100899
0.47716835670978885
0.453211192974977
0.43054786578974613
0.4096618537719823
0.39086687995773334
0.37429509275572875
0.3599292002327676
0.34763940970760177
0.337253975532487
0.32854901960459154
0.3213278410554845
0.31536388146840405
0.3104696901665622
0.3064672532736718
0.30320155584026637
0.3005460938591623
0.2983931233986254
0.2966505306982538
0.29524092655534456
0.29410197076306993
0.2931819054981451
0.2924408291696313
0.638808632382426
0.6350794595519494
0.6251867602166746
0.610823633044075
0.593276375721306
0.5730958644278806
0.5504867656222205
0.5264707110675311
0.5018187140632542
0.47718378412139323
0.4532328498018813
0.43057177328276974
0.4096818427516813
0.3908782500623807
0.37429836200155037
0.35992744244322267
0.3476371569597507
0.3372510406396083
0.3285476466040088
0.32132595316067725
0.31536277483903374
0.31046858946313116
0.30646607768172424
0.30320016639719977
0.3005442992513538
0.2983907746905336
0.2966474784504746
0.29523698164581386
0.2940968939754586
0.29317537141365846
0.29243243021483556
0.635079016717762
0.6251860153699698
0.6108225354538266
0.5932748867977335
0.5730941735776435
0.5504854953201012
0.5264709638796209
0.5018220407223895
0.4771917839951142
0.45324612014174837
0.4305884590736378
0.40969744084453985
0.3908880086005109
0.37430113929579883
0.35992507206809954
0.34763415721092866
0.337247595862886
0.3285460766229598
0.3213240071306419
0.31536168619675253
0.31046758012615744
0.3064650781989395
0.3031990623759276
0.300542900865858
0.2983889469878964
0.2966450991162295
0.29523390296373003
0.2940929312654381
0.29317027054564876
0.2924258733727395
0.6251855193648413
0.6108217040441641
0.5932736747660023
0.5730925565863336
0.5504836965954327
0.526469634451058
0.5018222226967219
0.47719477918535813
0.4532529152412838
0.43059857800346024
0.40970813023885516
0.3908953009746148
0.37430302229991297
0.35992229969058454
0.34763050855103544
0.33724370183953445
0.32854422063380023
0.32132199533998757
0.31536057960525093
0.3104666191167399
0.3064641964419709
0.3031981734980702
0.3005418108224367
0.2983875270091436
0.29664324589279273
0.295231500835223
0.294089838226877
0.2931662886066016
0.2924207546612557
0.6108211443445182
0.5932727509279843
0.5730912332593854
0.5504819650958286
0.5264677526271001
0.5018208410448868
0.4771948198980136
0.45325532432804827
0.4306035775690613
0.40971429427974515
0.3908997363991493
0.3743035216021897
0.359918970400778
0.3476262104329633
0.3372394430759616
0.32854201867392635
0.3213199231459556
0.31535942483901086
0.310465673705591
0.30646338517308114
0.3031974438822811
0.3005409604916217
0.2983864266138117
0.29664180440338933
0.2952296272208661
0.2940874241210946
0.2931631801307645
0.29241675872669365
0.5932721222636976
0.5730902167787932
0.5504805370454012
0.5264659257289928
0.5018188988005373
0.47719337940331286
0.45325512713319216
0.43060509331598934
0.40971694731791075
0.39090158566235883
0.37430253147803705
0.35991486931355504
0.34762111717921707
0.3372347639863512
0.3285393865330854
0.3213177855743241
0.3153581923448373
0.3104647187144092
0.3064626060822241
0.3031968287745825
0.30054029628270507
0.2983855773345705
0.29664068561348605
0.2952281666510781
0.294085540013327
0.29316075353856585
0.29241363927044506
0.5730895150851224
0.5504794285414532
0.5264644022363465
0.5018169932030371
0.47719138777297
0.4532535982474644
0.43060451050167586
0.40971721795556487
0.3909015193702831
0.3743003957359459
0.3599100921353865
0.34761519540290614
0.33722949976853134
0.3285361789607701
0.32131552980838823
0.31535684429574024
0.3104637327281933
0.30646182793494064
0.30319629211075627
0.30053977630826795
0.2983849261208339
0.2966398203209022
0.29522702908762277
0.2940840696556502
0.2931588592245432
0.29241120406215965
0.5504786477147867
0.5264632031917751
0.5018153801387235
0.4771894106295337
0.45325154825206365
0.4306028178575014
0.4097160237547901
0.3909001991412753
0.3742976079789598
0.35990503058462237
0.3476087358501857
0.33722360159372977
0.3285322603898222
0.3213130432272009
0.3153553273154553
0.3104626928532844
0.3064610252943487
0.3031958045940067
0.3005393678199266
0.29838443198091186
0.2966391548645401
0.29522614436883876
0.2940829223018126
0.2931573804002043
0.29240930298862405
0.526462335523612
0.5018140884471172
0.47718770678537004
0.4532494928129963
0.43060066542868836
0.4097140145130038
0.3908980933239037
0.3742945017402991
0.35990006538843106
0.34760222469066854
0.3372172844605516
0.32852764799267065
0.3213102058635503
0.31535357992147234
0.31046157098693106
0.3064601777041401
0.30319534234183937
0.3005390451883072
0.29838406335449097
0.29663864775152765
0.29522545788284993
0.29408202711389747
0.29315622587816537
0.2924078188654338
0.5018131219679535
0.47718631594612465
0.453247690091642
0.43059850464866156
0.40971165710152074
0.39089552568858926
0.3742912104880968
0.35989533855360617
0.3475960261891387
0.33721090192564207
0.3285225593515611
0.32130697754462256
0.31535156211373533
0.3104603365333288
0.306459270157742
0.30319488593047017
0.30053878838832015
0.29838379600848347
0.2966382670195226
0.29522492717286547
0.29408132880432125
0.2931553244543753
0.29240666019737105
0.47718523558507464
0.453246192160884
0.43059658832629477
0.4097093300950271
0.3908927891732111
0.374287818160108
0.3598908102357042
0.34759022394479555
0.3372046959301371
0.32851727470829717
0.3213034248297736
0.31534928688163116
0.31045896773002873
0.3064582954082817
0.30319442010272857
0.300538581828574
0.29838361134655816
0.2966379881393714
0.2952245192915171
0.2940807842148606
0.29315462053057756
0.2924057555422033
0.45324498400560403
0.4305949770303099
0.4097072718452477
0.3908901880269502
0.37428449217073817
0.3598864603772005
0.3475847445042805
0.33719870362603277
0.32851195095405045
0.3212996417083478
0.31534681251635754
0.3104574634251207
0.3064572573036953
0.30319393426027796
0.30053841351292965
0.2983834949911548
0.2966377923310624
0.29522420871784294
0.294080359654102
0.2931540706792384
0.29240504911885173
0.43059363221806113
0.40970553780374236
0.39088793062687666
0.3742814731715965
0.35988240914203423
0.3475795759391379
0.33719289046576983
0.3285065893851207
0.3212956504842985
0.31534418422050825
0.31045583912226354
0.3064561714602026
0.3031934234709599
0.3005382744103731
0.29838343557802816
0.29663766515784357
0.29522397571435344
0.29408002880761414
0.2931536409708346
0.29240449736196494
0.4097040483444578
0.39088604309167496
0.37427892225105325
0.359878857389927
0.34757485596364723
0.3371873254225954
0.32850117632004733
0.3212914048100212
0.3153413791562428
0.310454101749506
0.30645505804252804
0.30319288883864587
0.3005381577970224
0.2983834236898509
0.29663759531179384
0.2952238050022121
0.2940797711057134
0.2931533048794507
0.2924040662415521
0.3908843826036956
0.3742768079820465
0.35987590898691835
0.3475707704389679
0.33718220875377786
0.3284958250893852
0.32128689714623093
0.31533832188023003
0.3104522248629537
0.3064539257029299
0.3031923352820488
0.3005380581694221
0.29838345085418305
0.29663757350655773
0.2952236846751872
0.2940795704308846
0.29315304165134976
0.29240372916390545
0.3742749048520334
0.3598734568625175
0.3475673700563729
0.33717773509516014
0.3284907661456919
0.3212822475791235
0.3153349652805774
0.3104501538576886
0.3064527559881955
0.3031917653112352
0.3005379692139537
0.29838350850640954
0.29663759141727786
0.2952236052770579
0.2940794140956967
0.2931528350218607
0.29240346533767264
0.35987118749679353
0.3475644764075829
0.337173921557696
0.3284861966472008
0.32127766912282346
0.315331355456138
0.31044784166597494
0.30645150103859525
0.3031911704416132
0.3005378804722418
0.2983835867743922
0.2966376406416077
0.295223558986314
0.29407929202365857
0.2931526722126816
0.2924032584912316
0.34756170514547347
0.3371705471272704
0.3284821259094231
0.3212733317994147
0.31532760990509945
0.3104452788979069
0.3064500972370972
0.3031905241836282
0.30053777326249176
0.2983836729285558
0.2966377116979122
0.2952235388745895
0.294079196082927
0.2931525431447336
0.2924030958731232
0.33716719808714934
0.32847833969265705
0.3212692420957604
0.31532382560613553
0.3104424843937553
0.3064484822318708
0.30318978006202957
0.30053761726096256
0.2983837495929756
0.2966377931270594
0.2952235382306552
0.29407911954093724
0.29315243981810307
0.2924029674710839
0.3284744618949275
0.3212652279677495
0.3153200011225124
0.31043946591258603
0.30644660125006223
0.30318887529619815
0.3005373696658921
0.29838379320201774
0.29663787087571825
0.29522354997425276
0.29407905662267625
0.29315235582526844
0.2924028654014386
0.3212610184253264
0.31531603105193384
0.31043619512847304
0.30644440606054835
0.3031877396583387
0.30053697874563523
0.29838377377105574
0.2966379282415948
0.2952235662446865
0.29407900216706334
0.29315228597265053
0.29240278343442555
0.31531179584226326
0.31043261866215244
0.3064418622186809
0.3031863116805014
0.3005363930403087
0.29838365752161267
0.2966379467852543
0.2952235783040518
0.29407895140878143
0.2931522259911012
0.2924027166284055
0.31042875113279217
0.30643896509773094
0.30318456214663425
0.30053557658301083
0.2983834136710006
0.29663790866623696
0.29522357695266654
0.29407889991956976
0.2931521723349009
0.2924026610499778
0.3064358173010528
0.3031825128956857
0.3005345268276858
0.2983830251148088
0.29663780061639816
0.2952235536570998
0.29407884375415694
0.2931521220695943
0.29240261357044267
0.30318028438691996
0.3005332843255948
0.29838249949778106
0.2966376189688645
0.2952235024314279
0.29407877983757075
0.2931520728573616
0.2924025717264554
0.30053195645076264
0.2983818733375469
0.2966373736508133
0.2952234221103492
0.2940787065695901
0.2931520230496507
0.2924025336373683
0.2983812223014396
0.2966370881828402
0.2952233179622545
0.294078624515361
0.293151971875291
0.29240249797404005
0.29663678686652833
0.29522320124186047
0.29407853688481905
0.2931519196758608
0.29240246396736713
0.2952230835492001
0.2940784493490562
0.2931518680856313
0.29240243143813444
0.2940783325404468
0.2931518200060886
0.29240240081467644
0.2931517874589139
0.29240237309677974
0.29240234049271235
);
boundaryField
{
	inlet
	{
		type fixedValue;
		value uniform 0.723;
	}

	outlet
	{
		type zeroGradient;
	}

	bump
	{
		type zeroGradient;
	}

	frontAndBack
	{
		type empty;
	}

	top
	{
		type zeroGradient;
	}

	symUp
	{
		type zeroGradient;
	}

	symDown
	{
		type zeroGradient;
	}

}
