FoamFile
{
    version     2.0;
    format      ascii;
    class       volScalarField;
    location    "1";
    object      nut;
}

internalField   nonuniform List<scalar>
13770
(
8.30015690032517e-5
8.300141598093003e-5
8.302051681255492e-5
8.300144680349724e-5
8.302060783442358e-5
8.301059778886322e-5
8.300148382342822e-5
8.302070429882651e-5
8.301051643305315e-5
8.29196837398662e-5
8.300152983233537e-5
8.302082255232889e-5
8.301056116825347e-5
8.291966116702679e-5
8.283875240548669e-5
8.300158706235728e-5
8.302096884950453e-5
8.301061471316738e-5
8.291978947161644e-5
8.283854050817676e-5
8.271944409796135e-5
8.300165831543048e-5
8.302114978835466e-5
8.301068110721282e-5
8.291994540472508e-5
8.283868964300139e-5
8.271905253686758e-5
8.259446839205382e-5
8.300174712873465e-5
8.302137347952034e-5
8.301076346770113e-5
8.292013837859619e-5
8.283886938849545e-5
8.271929071065424e-5
8.259373565821069e-5
8.245512727098202e-5
8.300185798145517e-5
8.302164988533664e-5
8.301086566490077e-5
8.292037715702772e-5
8.283909184695255e-5
8.271957747910364e-5
8.259406876796634e-5
8.245385368571812e-5
8.230965559857308e-5
8.30019965992551e-5
8.302199121518293e-5
8.301099252564872e-5
8.292067252239057e-5
8.283936715888565e-5
8.271993228116533e-5
8.259446856428935e-5
8.245429746678244e-5
8.230764346722377e-5
8.216783644058279e-5
8.300217035318025e-5
8.302241242409991e-5
8.301115007316244e-5
8.292103775146203e-5
8.283970779288531e-5
8.272037123591555e-5
8.259496302245496e-5
8.245482859103893e-5
8.230820591498379e-5
8.216490731617257e-5
8.203913469647078e-5
8.300238882290401e-5
8.302293179943615e-5
8.301134586933573e-5
8.292148916000115e-5
8.284012912096346e-5
8.272091411641748e-5
8.25955745546797e-5
8.245548536183468e-5
8.230887832084594e-5
8.216555988532031e-5
8.203528169880959e-5
8.19342287177255e-5
8.300266480452682e-5
8.30235716625034e-5
8.301158945072529e-5
8.292204680550167e-5
8.284065005712629e-5
8.272158526100171e-5
8.259633056035492e-5
8.245629763898572e-5
8.230970974262604e-5
8.216634070820931e-5
8.203596015390241e-5
8.192979226253538e-5
8.186200119239915e-5
8.300301537138149e-5
8.30243594517561e-5
8.301189290467825e-5
8.29227353297569e-5
8.284129391027572e-5
8.272241455040081e-5
8.259726471835732e-5
8.245730181085433e-5
8.231073825683021e-5
8.216730651189106e-5
8.203677519591574e-5
8.193039176232414e-5
8.185783367696851e-5
8.182762783710162e-5
8.300346406767724e-5
8.302532867736646e-5
8.301227190625154e-5
8.292358495602263e-5
8.284208941690939e-5
8.272343871031486e-5
8.259841828853049e-5
8.245854262234944e-5
8.231201009149865e-5
8.216850232191435e-5
8.20377844768318e-5
8.193111732285115e-5
8.185821960076368e-5
8.182514380869887e-5
8.183168650247166e-5
8.300404495666248e-5
8.3026520797762e-5
8.301274674424695e-5
8.292463307014173e-5
8.284307197118373e-5
8.272470287415184e-5
8.25998418818257e-5
8.246007487435724e-5
8.231358218028172e-5
8.216998260534165e-5
8.203903678567165e-5
8.193201860036094e-5
8.185868919801339e-5
8.182517252029163e-5
8.183270722386318e-5
8.187068376299472e-5
8.300480356281387e-5
8.30279886088446e-5
8.301334442616418e-5
8.292592565010292e-5
8.284428573667062e-5
8.272626237726951e-5
8.260159757301001e-5
8.246196582740236e-5
8.23155243030105e-5
8.217181476551512e-5
8.204059098324779e-5
8.19331425595944e-5
8.18592787714825e-5
8.182519125164081e-5
8.183224416095254e-5
8.187707527824543e-5
8.19386157676434e-5
8.300580598654492e-5
8.30297955901798e-5
8.301410266274937e-5
8.292751988045019e-5
8.284578550176899e-5
8.2728185885597e-5
8.260376121433977e-5
8.246429808482813e-5
8.231792229594642e-5
8.217408172870296e-5
8.20425206608653e-5
8.193454588451632e-5
8.186002565432497e-5
8.182523099709353e-5
8.183159927240821e-5
8.187599527360025e-5
8.195185060268645e-5
8.20286402122326e-5
8.300715051305578e-5
8.303202310438964e-5
8.301507021479602e-5
8.292948886784159e-5
8.284764028556273e-5
8.273055799013943e-5
8.260642677626018e-5
8.246717257764543e-5
8.232088194158907e-5
8.217688618206905e-5
8.204491715746055e-5
8.193630094073857e-5
8.186097540355735e-5
8.182531010945725e-5
8.18308300118746e-5
8.187445244064488e-5
8.195001646135478e-5
8.2049484872835e-5
8.21340731171423e-5
8.300896070227425e-5
8.303477908062707e-5
8.301631538410676e-5
8.293192082914337e-5
8.284994019491791e-5
8.273348416083565e-5
8.26097096474217e-5
8.247071472093733e-5
8.232453268561635e-5
8.218035580866837e-5
8.204789512479157e-5
8.193849917421096e-5
8.186218899891592e-5
8.182545259349507e-5
8.182992585132763e-5
8.187259007410875e-5
8.194730415956526e-5
8.204671961765578e-5
8.216254088601643e-5
8.224862935561462e-5
8.301142280290142e-5
8.303818486778024e-5
8.30179367775556e-5
8.293492777096265e-5
8.285279483426122e-5
8.273710039710619e-5
8.261375302136769e-5
8.247507874062997e-5
8.23290363172707e-5
8.218464782273117e-5
8.205159957693379e-5
8.194125837067535e-5
8.186374653859376e-5
8.182569622081656e-5
8.182887849058268e-5
8.187035935201543e-5
8.194402120072739e-5
8.204252011755281e-5
8.215861955668698e-5
8.228417963372085e-5
8.236638262319183e-5
8.301477219994876e-5
8.304240905865424e-5
8.302005333796264e-5
8.293865574938589e-5
8.285634572193937e-5
8.274156936158265e-5
8.261874127485887e-5
8.24804558933285e-5
8.233459252129509e-5
8.218996124976424e-5
8.205621134011807e-5
8.194473210249167e-5
8.186575660652106e-5
8.18260964315527e-5
8.182769053303066e-5
8.186770958061977e-5
8.194007240876847e-5
8.20374347237961e-5
8.215258788631792e-5
8.227885573647871e-5
8.240822037886656e-5
8.248190769755019e-5
8.301926105297959e-5
8.304764391394043e-5
8.30228393800633e-5
8.29432656236274e-5
8.286078114299514e-5
8.27470959094485e-5
8.262489203514527e-5
8.24870931993063e-5
8.234144894013755e-5
8.219654407875455e-5
8.206196435430816e-5
8.194911617429293e-5
8.186836876214882e-5
8.182673827374193e-5
8.182637959146126e-5
8.186459763748083e-5
8.19353558536268e-5
8.203131574566074e-5
8.214528601658691e-5
8.227067083979566e-5
8.240127759137472e-5
8.252922802683573e-5
8.259066638595505e-5
8.302527279303668e-5
8.305406132855232e-5
8.302650599265968e-5
8.294896859300802e-5
8.286630695468468e-5
8.275394548403599e-5
8.263247491497015e-5
8.249527923589958e-5
8.234992688003768e-5
8.220470512028043e-5
8.206915484945299e-5
8.195467263413031e-5
8.187178101343283e-5
8.182775260799185e-5
8.182499340867739e-5
8.186099254205257e-5
8.192977465823733e-5
8.202400260990228e-5
8.213650965542327e-5
8.226076687810322e-5
8.239070599574609e-5
8.252053076440597e-5
8.2642773490443e-5
8.268939607947624e-5
8.303316474919595e-5
8.30619353585776e-5
8.303126245482183e-5
8.295599123172182e-5
8.287319627378336e-5
8.276239473305605e-5
8.264183491266663e-5
8.250536533189252e-5
8.236039710899977e-5
8.221484880085158e-5
8.207815460189572e-5
8.196174133893802e-5
8.187627229953845e-5
8.182932458135984e-5
8.182363052051893e-5
8.185689470890382e-5
8.192324272935445e-5
8.201533958549519e-5
8.212603361209331e-5
8.224888079031792e-5
8.237791862689958e-5
8.250747314627908e-5
8.263229310162254e-5
8.27457158142387e-5
8.277626174712495e-5
8.304341578417702e-5
8.307146945905413e-5
8.303742504518556e-5
8.296451335579222e-5
8.2881739626032e-5
8.27727928016295e-5
8.265331360963759e-5
8.251779521355613e-5
8.23733008168049e-5
8.222743644167877e-5
8.208945691221846e-5
8.197075376231589e-5
8.188221658900606e-5
8.18317361800632e-5
8.18224496911431e-5
8.18523620308759e-5
8.191570965763e-5
8.200518387265896e-5
8.211364077257902e-5
8.223471826182834e-5
8.236259309278366e-5
8.249168124458114e-5
8.261679508807792e-5
8.273352601499066e-5
8.283630468516252e-5
8.285072435419122e-5
8.305641082768508e-5
8.308297817319525e-5
8.304525777233683e-5
8.297478739424694e-5
8.289215706819575e-5
8.278548289150626e-5
8.266732596419548e-5
8.253298408758638e-5
8.23891864512983e-5
8.224300314991005e-5
8.210361802666104e-5
8.198229190581197e-5
8.189009590152831e-5
8.183538264340166e-5
8.182172378723524e-5
8.184752031153995e-5
8.190719358144563e-5
8.199343831063365e-5
8.209913410962003e-5
8.221800000558122e-5
8.234436309583851e-5
8.24727741027027e-5
8.259805119209316e-5
8.271575473937211e-5
8.28225553188758e-5
8.2914046410893e-5
8.291322338725806e-5
8.307226932231328e-5
8.309668318668162e-5
8.305510334672501e-5
8.298694137171794e-5
8.290476161535568e-5
8.280066897979649e-5
8.268424985768096e-5
8.255141153163848e-5
8.240853214285084e-5
8.226220383073555e-5
8.212126498657384e-5
8.19970047953804e-5
8.190057327629715e-5
8.184078290613409e-5
8.182185785843497e-5
8.184262930828344e-5
8.18977928276923e-5
8.198009287285606e-5
8.208237983482947e-5
8.219847930850139e-5
8.232288731336404e-5
8.245031249048756e-5
8.25756238262418e-5
8.26942576199103e-5
8.280275719817166e-5
8.289892990427277e-5
8.297940402429756e-5
8.296481366561511e-5
8.309232742138682e-5
8.311256923746433e-5
8.306719162177685e-5
8.300112101798193e-5
8.291970006159915e-5
8.281862950874807e-5
8.27042411505784e-5
8.257347562096392e-5
8.243185565808479e-5
8.22855667288654e-5
8.214315418146186e-5
8.201560263454659e-5
8.191438135908762e-5
8.184866709323176e-5
8.18233947654292e-5
8.18381014623155e-5
8.188776469543266e-5
8.196523802603938e-5
8.206335980238789e-5
8.217599835420225e-5
8.22978737947316e-5
8.242389371675393e-5
8.254900198858818e-5
8.266854345362012e-5
8.27788017365615e-5
8.287738673877475e-5
8.296312569104287e-5
8.303345170057693e-5
8.300685017361238e-5
8.351070529420908e-5
8.313213250113485e-5
8.308148160625215e-5
8.301731263784296e-5
8.293712295360479e-5
8.283938492552472e-5
8.272752269500778e-5
8.25992497943207e-5
8.245953861796471e-5
8.231362331480569e-5
8.216985061747665e-5
8.20389342234244e-5
8.193230030132415e-5
8.185983834883075e-5
8.182711718770213e-5
8.18344999052209e-5
8.187754372546664e-5
8.194915688331883e-5
8.204218756402029e-5
8.215055400701492e-5
8.226915181286735e-5
8.23931836346288e-5
8.251772288859125e-5
8.263803271561478e-5
8.275014808559054e-5
8.285131144724524e-5
8.294011998724794e-5
8.301620886637892e-5
8.307756928719049e-5
8.304076169382721e-5
8.324626418020998e-5
1.2822071671265156e-7
8.309882337255914e-5
8.303520255127359e-5
8.295698525119326e-5
8.286290264531818e-5
8.275398943781674e-5
8.262886349748177e-5
8.249153078284394e-5
8.23467197245461e-5
8.220188265736761e-5
8.20675983407569e-5
8.195526467241892e-5
8.187513476809184e-5
8.183388901755186e-5
8.183265455980577e-5
8.186772845421717e-5
8.193234233338155e-5
8.201921503124372e-5
8.212231820568143e-5
8.223675337748003e-5
8.235800566325068e-5
8.248141169743428e-5
8.260220468084842e-5
8.271615324056624e-5
8.282011823512617e-5
8.291226528118089e-5
8.299200176136739e-5
8.305953946759431e-5
8.311321824433542e-5
8.306791036527428e-5
8.313424183340602e-5
5.626413185614515e-7
1.39004564452021e-7
8.305536979404319e-5
8.297886527401538e-5
8.288891820707778e-5
8.278345711129728e-5
8.266206393255066e-5
8.252783927919019e-5
8.238468414037005e-5
8.223956943430174e-5
8.210212850585549e-5
8.198392600937114e-5
8.189558040101974e-5
8.184460238194479e-5
8.183349317715497e-5
8.185921033285843e-5
8.191546784883394e-5
8.199504877023742e-5
8.209176109053512e-5
8.2200940335855e-5
8.231843990151855e-5
8.243988852446094e-5
8.256064456031022e-5
8.267624182285203e-5
8.278310695887128e-5
8.287893595116205e-5
8.296268316522843e-5
8.30343598003163e-5
8.309455426955608e-5
8.314179921805984e-5
8.30895183159037e-5
8.308601869482627e-5
2.1383073865811695e-6
5.254862026985073e-7
1.4210930158984696e-7
8.300325111852225e-5
8.291675308310663e-5
8.28155338912841e-5
8.269849831699417e-5
8.2568081097528e-5
8.242742615553866e-5
8.228266983223313e-5
8.214287092528369e-5
8.201886712109289e-5
8.192192464156148e-5
8.186038794390118e-5
8.183796984822503e-5
8.185300388872204e-5
8.189952595993699e-5
8.197049904708454e-5
8.20596679221246e-5
8.216234661065995e-5
8.227485984250811e-5
8.239328618088769e-5
8.251316837325768e-5
8.262995994354653e-5
8.273965193674772e-5
8.283938177018447e-5
8.292759283946921e-5
8.300385448887827e-5
8.30685954753097e-5
8.312262880543183e-5
8.316457527815174e-5
8.31066400256373e-5
8.30386778181753e-5
8.286692679222259e-6
1.820598349988233e-6
5.233383984127578e-7
1.4298643630994796e-7
8.294671412821578e-5
8.284942603401978e-5
8.273766600508058e-5
8.261177417681384e-5
8.247450976018419e-5
8.233106833874902e-5
8.21896211473738e-5
8.20605603171998e-5
8.195487229717429e-5
8.188215185444385e-5
8.18473447293453e-5
8.185014198494828e-5
8.188566066692e-5
8.194672131221946e-5
8.202705973043103e-5
8.212199784713682e-5
8.22280964019999e-5
8.234209953542841e-5
8.24599593455502e-5
8.257711721196796e-5
8.268926183007808e-5
8.279293189181209e-5
8.288593770224672e-5
8.296733369520048e-5
8.303713825047117e-5
8.309605042783897e-5
8.314500300808807e-5
8.318264119108001e-5
8.312016080789779e-5
8.299128968378894e-5
2.4520508034596795e-5
6.319308745034881e-6
1.766537591077835e-6
5.232314814836225e-7
1.4340622292644056e-7
8.28853573597589e-5
8.277869551356563e-5
8.265839043268985e-5
8.252539867680725e-5
8.238438289284136e-5
8.224234550137473e-5
8.210897161893751e-5
8.199513899398279e-5
8.191079170200424e-5
8.1862724254568e-5
8.185202544026144e-5
8.187500064315007e-5
8.192504368438856e-5
8.199532765424933e-5
8.208119713965843e-5
8.217946215566849e-5
8.22873731858682e-5
8.24016326187745e-5
8.25179405887037e-5
8.263173746547253e-5
8.273906016261614e-5
8.283700725484209e-5
8.292396845532852e-5
8.29994677779721e-5
8.306383532180598e-5
8.311793445229901e-5
8.316275150161085e-5
8.319691967741533e-5
8.313081015800138e-5
8.293630814898554e-5
5.8927709412212805e-5
2.004701783224061e-5
5.893160789010839e-6
1.744532064908678e-6
5.222405622980712e-7
1.4373493950111335e-7
8.282169966450618e-5
8.270705327918161e-5
8.257961884235573e-5
8.244208954239213e-5
8.230082031446765e-5
8.216425526243162e-5
8.204297751051952e-5
8.194735626801947e-5
8.188522512838437e-5
8.185995632897049e-5
8.186906959662738e-5
8.190669936713159e-5
8.196603861748053e-5
8.204163986215258e-5
8.213059723485379e-5
8.223073119234798e-5
8.233944694572469e-5
8.245315662470949e-5
8.25673409358904e-5
8.267755703452611e-5
8.278024399472711e-5
8.287301410339554e-5
8.29547256408847e-5
8.302524780097894e-5
8.308511910620573e-5
8.313529652742902e-5
8.317678008697736e-5
8.32081735368058e-5
8.313918109387907e-5
8.28813024136321e-5
7.693699981403156e-5
5.0254890793216775e-5
1.937782266477228e-5
5.833634030385569e-6
1.7374435301859591e-6
5.213205308255376e-7
1.4403849467880257e-7
8.275777680443478e-5
8.263629980272685e-5
8.250381319875029e-5
8.236456238843207e-5
8.222641722033674e-5
8.209880073264055e-5
8.199244317427275e-5
8.191625044976983e-5
8.187522137192379e-5
8.186929581586009e-5
8.189328341085018e-5
8.194052822445939e-5
8.200517599086709e-5
8.208355273993436e-5
8.217418145425282e-5
8.227533976336903e-5
8.238422592562734e-5
8.249689704848435e-5
8.26087109922073e-5
8.271542741838661e-5
8.281388575117651e-5
8.290213814876797e-5
8.297940571687064e-5
8.304580397261373e-5
8.310200752407185e-5
8.314902124421526e-5
8.318783767084317e-5
8.321702452491168e-5
8.31457509653365e-5
8.282599668139453e-5
8.008445568921106e-5
6.545031643612389e-5
3.949480243526009e-5
1.7929727206043163e-5
5.733489962516366e-6
1.7278345352547204e-6
5.203563071929615e-7
1.4433738668824447e-7
8.269531943856732e-5
8.256863384734093e-5
8.243329678446967e-5
8.229500232141324e-5
8.216287927716582e-5
8.204674829176153e-5
8.195672965832039e-5
8.189951593811239e-5
8.187701061374024e-5
8.188622663823283e-5
8.192038912346395e-5
8.197323486813188e-5
8.204048989816699e-5
8.212015861905594e-5
8.22116923694364e-5
8.23133826752857e-5
8.242204788112709e-5
8.253343055943438e-5
8.2642864554636e-5
8.274635223963934e-5
8.284109714060906e-5
8.292551096495066e-5
8.299908812070638e-5
8.306211720195208e-5
8.311535941752906e-5
8.315984028264038e-5
8.319653477174403e-5
8.322397421449106e-5
8.315090112398666e-5
8.277235133431109e-5
8.25563117021915e-5
8.084594140716659e-5
6.780149818392747e-5
4.087073026892103e-5
1.810698731957148e-5
5.694910171959947e-6
1.7189523957132417e-6
5.194175520330375e-7
1.4462888308409236e-7
8.263622805322104e-5
8.250596647407502e-5
8.236981650506667e-5
8.223476453627245e-5
8.211083214622699e-5
8.200763599554623e-5
8.193403496470242e-5
8.189407309426323e-5
8.188673177016598e-5
8.190690798603614e-5
8.194733141567033e-5
8.200292339061676e-5
8.207114648188152e-5
8.215132697549519e-5
8.224336649424307e-5
8.234529558341405e-5
8.245351525334427e-5
8.2563533682971e-5
8.267073263465256e-5
8.277136170928915e-5
8.286293608901248e-5
8.294415302991686e-5
8.301471003158023e-5
8.307501554847638e-5
8.312588551257822e-5
8.316835033858343e-5
8.320336396606357e-5
8.322942401042059e-5
8.315493464424173e-5
8.272193302893881e-5
8.252762312745056e-5
8.23913121075755e-5
8.069850292643484e-5
6.749175369525677e-5
4.063964291207656e-5
1.8008592974560924e-5
5.6486555892384546e-6
1.7101319999258115e-6
5.18497367946044e-7
1.4491522470717477e-7
8.258198039839773e-5
8.244960290595106e-5
8.23143417630636e-5
8.218426867701771e-5
8.206986925609503e-5
8.198002071535894e-5
8.192185531248042e-5
8.189666087671838e-5
8.190097898924225e-5
8.192847320199468e-5
8.19722315017957e-5
8.202874116962321e-5
8.209704631770085e-5
8.217737150631234e-5
8.226970897052941e-5
8.237170050169336e-5
8.247936739382263e-5
8.258806263851656e-5
8.269325786402603e-5
8.279143167362144e-5
8.28803556009886e-5
8.295895046080979e-5
8.302706297350598e-5
8.308518462026578e-5
8.313416566364035e-5
8.317503298641311e-5
8.320871950835831e-5
8.323369337136775e-5
8.315809139400413e-5
8.267586142292167e-5
8.248019186588727e-5
8.238039443843201e-5
8.230652938264234e-5
8.052947020264798e-5
6.697234518803199e-5
4.023423669282609e-5
1.7867285664994752e-5
5.602428017868822e-6
1.7014887557724745e-6
5.176162679985999e-7
1.4520352909235327e-7
8.253345683036925e-5
8.240015546169766e-5
8.226706342240446e-5
8.214310795871657e-5
8.203880069392935e-5
8.196187473006893e-5
8.191747771659435e-5
8.190430809833136e-5
8.191709400388558e-5
8.194904324138654e-5
8.199415012600694e-5
8.205052856706463e-5
8.211850375746104e-5
8.219882460152275e-5
8.229134760347788e-5
8.239329860743955e-5
8.250038525424955e-5
8.260786838538205e-5
8.271132686201864e-5
8.280743926283561e-5
8.289418297008049e-5
8.297065193155335e-5
8.30368026277305e-5
8.309318403880394e-5
8.314066802129709e-5
8.318027377334216e-5
8.321291520060817e-5
8.323703541386078e-5
8.316056057390636e-5
8.26347427539035e-5
8.243565814430038e-5
8.233049068779559e-5
8.230122331503209e-5
8.225089522003041e-5
8.034021498149943e-5
6.640865807124912e-5
3.979691206713245e-5
1.7720971098415406e-5
5.55713312998754e-6
1.6932004573216148e-6
5.167722171086272e-7
1.4548351892933793e-7
8.249096322028778e-5
8.235762699758658e-5
8.222755871109725e-5
8.211030104145065e-5
8.201600186456701e-5
8.195099542400581e-5
8.191837962003889e-5
8.19146099563677e-5
8.19332276833427e-5
8.196756814754055e-5
8.201279968569578e-5
8.206852585635449e-5
8.213602738242134e-5
8.221629801639772e-5
8.230894190187405e-5
8.241079708324112e-5
8.251732671817339e-5
8.262374309719775e-5
8.272573355602866e-5
8.282014515055272e-5
8.29051172368946e-5
8.297987789591442e-5
8.304446442839914e-5
8.309946579790577e-5
8.314576749736932e-5
8.318437963508764e-5
8.321619970009733e-5
8.323964996447954e-5
8.31624911153564e-5
8.259873731255647e-5
8.239827437057664e-5
8.228390413364375e-5
8.224775488821825e-5
8.225832625162531e-5
8.220373363432484e-5
8.017354510626852e-5
6.586398257936953e-5
3.936613428977654e-5
1.7574020960231582e-5
5.513967814805346e-6
1.6851846349182889e-6
5.15952519675581e-7
1.4576022111098976e-7
8.245436332940922e-5
8.232159430365024e-5
8.219502705691661e-5
8.208458313370783e-5
8.19997415028589e-5
8.19453259678414e-5
8.192247056894128e-5
8.192581480226102e-5
8.194824724067876e-5
8.198360476726428e-5
8.202828891993331e-5
8.208316565613758e-5
8.215018543785504e-5
8.223040285843977e-5
8.232312773728823e-5
8.242486292478051e-5
8.253088726544282e-5
8.263639184302366e-5
8.273716505045974e-5
8.283019184084115e-5
8.291373786790863e-5
8.298713523331354e-5
8.305048100107919e-5
8.310439198758971e-5
8.314976263194295e-5
8.318759382843007e-5
8.321876931002953e-5
8.324169442835809e-5
8.316400001599714e-5
8.256768290496329e-5
8.238446620050099e-5
8.224757616208462e-5
8.21973553444023e-5
8.220554258087125e-5
8.221666171173288e-5
8.215890726230786e-5
8.001182081237813e-5
6.53201347033543e-5
3.893938481230158e-5
1.7434600465779675e-5
5.472433786931357e-6
1.6774316544681694e-6
5.151642236639698e-7
1.4603312155275156e-7
8.242324373274523e-5
8.229140275206346e-5
8.216851107206861e-5
8.206464610965637e-5
8.198841730748791e-5
8.194314260890695e-5
8.192817809116223e-5
8.19367752321229e-5
8.196157246600197e-5
8.199710342787276e-5
8.204093242695527e-5
8.209494249378583e-5
8.216153129106652e-5
8.22417064830487e-5
8.233448641809591e-5
8.243609686850387e-5
8.254168030250138e-5
8.264642257137306e-5
8.27462010538143e-5
8.283811189271265e-5
8.292051839603613e-5
8.299283364836688e-5
8.305519902967054e-5
8.310825101236749e-5
8.315289007304678e-5
8.31901084350299e-5
8.322077864662616e-5
8.324329252762313e-5
8.316517905128178e-5
8.254121985130758e-5
8.242227039947715e-5
8.224720871414934e-5
8.215915683117531e-5
8.215508977373775e-5
8.216561994669744e-5
8.216962632598465e-5
8.212857001911624e-5
7.984915400094438e-5
6.477244292504356e-5
3.852906620745743e-5
1.7300037935544328e-5
5.432467585528211e-6
1.6699491963897468e-6
5.144043709105224e-7
1.4630173860540363e-7
8.239705317456025e-5
8.226631891769886e-5
8.214705169337769e-5
8.20492917403082e-5
8.198068123708254e-5
8.19431190416057e-5
8.193442097763023e-5
8.194682946559697e-5
8.197300358429815e-5
8.200823844999508e-5
8.205112512866577e-5
8.210433967344485e-5
8.217056652206584e-5
8.225071240776636e-5
8.234352991081677e-5
8.244502204865083e-5
8.25502315845661e-5
8.265434700982132e-5
8.275332177434206e-5
8.284434053132114e-5
8.292584167820258e-5
8.299730155691784e-5
8.305889471770063e-5
8.311127153151915e-5
8.315533671185713e-5
8.319207478340954e-5
8.322234929740882e-5
8.32445413542186e-5
8.316610014800955e-5
8.251888887712441e-5
8.248392459693726e-5
8.232301060224966e-5
8.216421850096448e-5
8.211718382562685e-5
8.211825770337062e-5
8.211094561099936e-5
8.21378334953647e-5
8.210566437311806e-5
7.967815035407239e-5
6.422989101330091e-5
3.813115593136639e-5
1.716868089764152e-5
5.3941401341853315e-6
1.6627214210688935e-6
5.136722686203499e-7
1.4656733913671652e-7
8.237519856606898e-5
8.224562280111352e-5
8.212977320969005e-5
8.203750285334275e-5
8.197547508775035e-5
8.194430616104697e-5
8.19405228414612e-5
8.195566576444047e-5
8.198257550571833e-5
8.201728971200907e-5
8.205926848483286e-5
8.211179341568733e-5
8.217772659460292e-5
8.225785382292272e-5
8.235069679890426e-5
8.245208285521342e-5
8.255698185665048e-5
8.266058840551574e-5
8.275891951347858e-5
8.284922967822915e-5
8.293001468094645e-5
8.30008006711253e-5
8.30617870939228e-5
8.311363415364549e-5
8.315724980508392e-5
8.319361183659119e-5
8.322357670310077e-5
8.324551702725954e-5
8.31668196206763e-5
8.250019867680621e-5
8.252991835602413e-5
8.243268969316496e-5
8.225979829269147e-5
8.212606037907534e-5
8.208515331128966e-5
8.205715508874797e-5
8.206973337105075e-5
8.211852333034343e-5
8.20829977993087e-5
7.950252609151459e-5
6.369392666177649e-5
3.7744142004569924e-5
1.704308060150375e-5
5.357312494940564e-6
1.6557412206240273e-6
5.129653449305199e-7
1.4682477207157864e-7
8.235709893400736e-5
8.222865170963918e-5
8.211591615306516e-5
8.202845717248292e-5
8.197201026273323e-5
8.194606849778477e-5
8.19461082306261e-5
8.196320153261188e-5
8.199044991804574e-5
8.202456850088471e-5
8.206573222914409e-5
8.211767952053317e-5
8.21833789439427e-5
8.226349503877139e-5
8.235635514047787e-5
8.245764944076507e-5
8.256229461836174e-5
8.266549216517048e-5
8.276331141536698e-5
8.285306152585912e-5
8.293328206880291e-5
8.300353856524488e-5
8.306404918496517e-5
8.311548119990236e-5
8.315874512243709e-5
8.319481296196156e-5
8.322453566328459e-5
8.324627915928339e-5
8.316738153279772e-5
8.248466528145915e-5
8.255452351162063e-5
8.25175301718146e-5
8.239605010030244e-5
8.223345911978155e-5
8.210150683518757e-5
8.202058626543757e-5
8.200433032177199e-5
8.204746641010223e-5
8.210053569175352e-5
8.205975755618397e-5
7.932077648202484e-5
6.316001424742168e-5
3.737030018626161e-5
1.6921750204135653e-5
5.3219406378205595e-6
1.6489772900969037e-6
5.122549157021235e-7
1.4707427088804505e-7
8.234221165673002e-5
8.221481490499024e-5
8.210484008332364e-5
8.202151011011384e-5
8.196972183712169e-5
8.194800835147252e-5
8.195100712194877e-5
8.196948958610897e-5
8.199684342458361e-5
8.203037574872101e-5
8.207083842040247e-5
8.212231225248751e-5
8.218782748054294e-5
8.226793737701831e-5
8.236080872549941e-5
8.24620256525179e-5
8.256646590843552e-5
8.266933731472563e-5
8.276675174445835e-5
8.285606101261435e-5
8.29358379211292e-5
8.300567923695375e-5
8.306581735152575e-5
8.311692456715737e-5
8.315991352954903e-5
8.319575136338163e-5
8.322528475874556e-5
8.324687440395126e-5
8.316782034690808e-5
8.24718337141499e-5
8.256493765802976e-5
8.25682744713036e-5
8.250299246676357e-5
8.238556505356e-5
8.222139355720134e-5
8.203756116906765e-5
8.195598164907405e-5
8.197746439607081e-5
8.202827561229043e-5
8.208198008505267e-5
8.203586166452625e-5
7.913120770752602e-5
6.263149848134975e-5
3.7007635114305724e-5
1.680456173202514e-5
5.2877838607612115e-6
1.642171913021751e-6
5.115534606674748e-7
1.4731701914736646e-7
8.233004349226278e-5
8.22035943525384e-5
8.20960130527844e-5
8.201616539908428e-5
8.196821714025707e-5
8.19498958142717e-5
8.195517868421881e-5
8.197465263457008e-5
8.200198380796591e-5
8.20349817998665e-5
8.207485803635406e-5
8.212594923645791e-5
8.2191320087142e-5
8.227142673653275e-5
8.236430521203875e-5
8.246545808148955e-5
8.256973451055695e-5
8.267234743101081e-5
8.276944315039396e-5
8.285840658101819e-5
8.293783558601448e-5
8.300735194112453e-5
8.306719881125596e-5
8.311805208416146e-5
8.316082627249213e-5
8.319648437371747e-5
8.322586983681032e-5
8.324733925544273e-5
8.316816300296955e-5
8.246128906550457e-5
8.256766439334112e-5
8.259543609095547e-5
8.256882035942096e-5
8.250553018978354e-5
8.238813719176134e-5
8.216296606250879e-5
8.196324679057572e-5
8.192388299510872e-5
8.19563864011615e-5
8.200837573985104e-5
8.20626486806758e-5
8.201218490687975e-5
7.893571375653149e-5
6.210933380892996e-5
3.6656151801117476e-5
1.6689851674444123e-5
5.251138660445248e-6
1.635362957175594e-6
5.108615506928075e-7
1.4755601365663375e-7
8.232015423683181e-5
8.219454067425651e-5
8.208899694841468e-5
8.20120446621237e-5
8.196722938165305e-5
8.195161227300117e-5
8.195865621017194e-5
8.197884101981032e-5
8.200608616632309e-5
8.203861903726317e-5
8.207801395958134e-5
8.212879888027444e-5
8.219405675030254e-5
8.227416181076533e-5
8.236704453715086e-5
8.246814510051754e-5
8.257229153431501e-5
8.267470062564492e-5
8.277154637310247e-5
8.286023922675809e-5
8.293939593016475e-5
8.300865831145811e-5
8.306827772297836e-5
8.311893261614979e-5
8.31615391519565e-5
8.319705686458893e-5
8.322632676167813e-5
8.324770224540854e-5
8.316843055622907e-5
8.245266131334442e-5
8.256663379713786e-5
8.260895197302518e-5
8.260575264649625e-5
8.257989122048269e-5
8.25203192986867e-5
8.23380194934894e-5
8.208307758098055e-5
8.192653576407673e-5
8.190127094116725e-5
8.19343902898418e-5
8.198736101781075e-5
8.204392673237431e-5
8.198820419583303e-5
7.873362630924076e-5
6.159338988195488e-5
3.631312129890255e-5
1.65215946956292e-5
5.213775480274115e-6
1.6287043497431032e-6
5.101912940127813e-7
1.4779128866862543e-7
8.231215718088257e-5
8.218726775240562e-5
8.208343324431108e-5
8.200886052882051e-5
8.196658033742838e-5
8.195310873974669e-5
8.19615101415702e-5
8.198220774712391e-5
8.200934169981304e-5
8.204148159373606e-5
8.208048680872998e-5
8.213102811596892e-5
8.219619756921966e-5
8.227630190218353e-5
8.236918689715442e-5
8.247024515068934e-5
8.257428909005932e-5
8.267653812236471e-5
8.277318840027712e-5
8.286167008066998e-5
8.294061399161755e-5
8.300967812283312e-5
8.306912007511236e-5
8.311962009801433e-5
8.316209584062916e-5
8.319750393740878e-5
8.322668357293634e-5
8.324798567526248e-5
8.316863945613546e-5
8.244562659985488e-5
8.25639769473026e-5
8.261504127857338e-5
8.262565190413408e-5
8.2621977976032e-5
8.260332616802791e-5
8.247832200081211e-5
8.225586771280512e-5
8.204460306845512e-5
8.190352566622766e-5
8.187748679986125e-5
8.191094318551138e-5
8.196697384816244e-5
8.20251623309261e-5
8.196418619621168e-5
7.852492582774523e-5
6.108305626922317e-5
3.594761391702532e-5
1.6338543166102972e-5
5.177015276467689e-6
1.6222290281608231e-6
5.095422303726344e-7
1.48022888764496e-7
8.230571757724424e-5
8.218144741515777e-5
8.207903009690272e-5
8.200639488994141e-5
8.196615236929929e-5
8.195437701158857e-5
8.196382500734071e-5
8.198489510079259e-5
8.201191403241e-5
8.204372863247307e-5
8.208242137972147e-5
8.21327697642965e-5
8.21978699477844e-5
8.227797396565385e-5
8.237085984385368e-5
8.247188413923402e-5
8.25758476993397e-5
8.26779714509408e-5
8.277446930595285e-5
8.286278652219234e-5
8.294156436502607e-5
8.301047392386278e-5
8.306977754859323e-5
8.312015674035346e-5
8.31625305018606e-5
8.319785303560497e-5
8.322696218776693e-5
8.32482069692856e-5
8.316880255550507e-5
8.243990599172775e-5
8.256079464802742e-5
8.261722301418814e-5
8.263603746499211e-5
8.264492664943533e-5
8.265112647351905e-5
8.256803419338945e-5
8.23946233166895e-5
8.221771726288494e-5
8.202324924703982e-5
8.187902373742145e-5
8.185203725410878e-5
8.188794032433051e-5
8.194665308531724e-5
8.200656906806618e-5
8.194009033153344e-5
7.830923621688347e-5
6.056958423830126e-5
3.557246552192061e-5
1.6157414555014084e-5
5.141387159830081e-6
1.6159481383604707e-6
5.089126341842105e-7
1.4825178017019263e-7
8.230055002859351e-5
8.217680377419048e-5
8.207555124216218e-5
8.200448195869002e-5
8.196586843231574e-5
8.1955430829522e-5
8.19656860172102e-5
8.198702857596955e-5
8.201393975412131e-5
8.204548888057723e-5
8.208393292231626e-5
8.213412898569152e-5
8.219917481568614e-5
8.227927866307276e-5
8.237216449451225e-5
8.247316170041866e-5
8.257706248368357e-5
8.267908847680748e-5
8.277546776085181e-5
8.286365712978622e-5
8.294230553352865e-5
8.301109469768431e-5
8.307029058852734e-5
8.312057556079933e-5
8.316286984518507e-5
8.319812561040269e-5
8.322717973049264e-5
8.324837974275157e-5
8.316892989219939e-5
8.243526288963997e-5
8.255762840674701e-5
8.261742875013968e-5
8.264121499760945e-5
8.265712357370168e-5
8.267772370765813e-5
8.262115649144421e-5
8.24824346548503e-5
8.235651941623852e-5
8.219919439150925e-5
8.200005962728134e-5
8.185284826436564e-5
8.182668335736569e-5
8.186517039547532e-5
8.192635139081395e-5
8.198827268159086e-5
8.191585415559587e-5
7.808533712528545e-5
6.005305845462291e-5
3.519905532331261e-5
1.5981244441880103e-5
5.106922700303463e-6
1.609851991570672e-6
5.083024139089669e-7
1.4847880266760192e-7
8.229641455035986e-5
8.217310752376078e-5
8.207280632298892e-5
8.200299546362599e-5
8.19656782638127e-5
8.195629414681561e-5
8.19671720008114e-5
8.198871520892334e-5
8.201553086238245e-5
8.204686549253676e-5
8.208511269580046e-5
8.213518874458309e-5
8.220019181980083e-5
8.228029553696482e-5
8.237318071731086e-5
8.247415638705421e-5
8.257800834551614e-5
8.267995825219222e-5
8.277624549449948e-5
8.28643356652572e-5
8.294288329156381e-5
8.301157877396103e-5
8.307069082985547e-5
8.31209023710231e-5
8.316313474767125e-5
8.319833842203243e-5
8.322734958218236e-5
8.324851462943327e-5
8.316902930424897e-5
8.243149915320068e-5
8.25547229877768e-5
8.26167035208306e-5
8.264358295156163e-5
8.266339582080542e-5
8.26921831327895e-5
8.26520027360777e-5
8.253349635239781e-5
8.244341656793882e-5
8.234043669395967e-5
8.21785444798528e-5
8.197544302197917e-5
8.182626718573457e-5
8.180184872907615e-5
8.18421132779463e-5
8.190650323832606e-5
8.196999699424888e-5
8.189154463203598e-5
7.785185734364227e-5
5.9539024871450494e-5
3.483362809557964e-5
1.5810750815044424e-5
5.0735817533636365e-6
1.6039355957833988e-6
5.077123311643244e-7
1.487136823545468e-7
8.229311193719346e-5
8.21701700504693e-5
8.207064264421006e-5
8.200183900626037e-5
8.19655490791147e-5
8.195699420591158e-5
8.196835234057139e-5
8.1990044155597e-5
8.20167780663552e-5
8.204794057390901e-5
8.20860326992176e-5
8.213601429400949e-5
8.220098365857894e-5
8.228108725826511e-5
8.237397138674598e-5
8.247493000364091e-5
8.257874412383157e-5
8.26806349423413e-5
8.277685088887734e-5
8.28648642206625e-5
8.294333346855887e-5
8.301195612895781e-5
8.307100300133437e-5
8.312115734444831e-5
8.31633415203202e-5
8.319850456704136e-5
8.322748219382492e-5
8.324861993293085e-5
8.316910691475182e-5
8.242845069293259e-5
8.255216909834121e-5
8.261560377436767e-5
8.264446605603941e-5
8.266644275632361e-5
8.269980657448328e-5
8.266988545501845e-5
8.25624526041907e-5
8.249289744963451e-5
8.242887256178993e-5
8.232198402662544e-5
8.21568760841581e-5
8.194978729945258e-5
8.180059906866579e-5
8.177637121439584e-5
8.181960153791988e-5
8.188653258850549e-5
8.195217407652548e-5
8.186629654543177e-5
7.760812325554335e-5
5.903038384072394e-5
3.447605777142149e-5
1.564574204071879e-5
5.0413299908844795e-6
1.598203593778197e-6
5.072198392091572e-7
1.4808431868851383e-7
8.229047853215712e-5
8.216783777346066e-5
8.206893806468874e-5
8.200093886111427e-5
8.196545942500689e-5
8.195755774639539e-5
8.196928611719791e-5
8.199108848446615e-5
8.201775417102322e-5
8.204877915795795e-5
8.208674956122407e-5
8.213665686689883e-5
8.220159958234242e-5
8.228170306652818e-5
8.237458591563434e-5
8.24755310657653e-5
8.25793159538141e-5
8.268116098935918e-5
8.277732181420562e-5
8.286527572357444e-5
8.294368408080224e-5
8.301225019061997e-5
8.307124642830417e-5
8.312135624048638e-5
8.316350290823978e-5
8.3198634274173e-5
8.32275857264078e-5
8.324870214019283e-5
8.316916750348205e-5
8.24259826494556e-5
8.254998040791006e-5
8.261441770588359e-5
8.264459202038657e-5
8.266775938681581e-5
8.270361803885592e-5
8.268027581592056e-5
8.257878366544271e-5
8.25200016205557e-5
8.247915692399536e-5
8.241176652894438e-5
8.230296060898272e-5
8.213349438406267e-5
8.192550722805025e-5
8.177396143653683e-5
8.1751479714672e-5
8.179680498027299e-5
8.186704855549835e-5
8.193476995168209e-5
8.184130881590399e-5
7.73575896245822e-5
5.8529701934446564e-5
3.412577910591103e-5
1.5486097446530216e-5
5.010192012491362e-6
1.5932458314355869e-6
5.095231227536091e-7
1.4634168668298773e-7
8.228838099715297e-5
8.216598673931422e-5
8.206759503161862e-5
8.200023857286417e-5
8.196539519452126e-5
8.195800907852587e-5
8.197002255178489e-5
8.199190737308146e-5
8.201851722670529e-5
8.204943254507159e-5
8.208730774711729e-5
8.213715662600758e-5
8.220207818967668e-5
8.228218160347917e-5
8.237506305705339e-5
8.247599759032666e-5
8.257975997496017e-5
8.268156960506304e-5
8.2777687887649e-5
8.286559591686285e-5
8.29439570195591e-5
8.301247926403624e-5
8.307143620565705e-5
8.312151137202597e-5
8.316362886522974e-5
8.319873553083067e-5
8.322766655551602e-5
8.324876631509595e-5
8.316921480345091e-5
8.242398469641914e-5
8.25481345961437e-5
8.261328678778797e-5
8.264435713109271e-5
8.26681681565365e-5
8.27053335917129e-5
8.268632007674182e-5
8.258799559475337e-5
8.253448066105697e-5
8.25065907969264e-5
8.246272577155169e-5
8.239452652465067e-5
8.228159085542242e-5
8.211196540605627e-5
8.190001121319969e-5
8.174787508304783e-5
8.172624931470555e-5
8.177426190944618e-5
8.184802156146195e-5
8.191825663679882e-5
8.181658819025642e-5
7.710043310500316e-5
5.803668999540582e-5
3.378157564001678e-5
1.5331989311878153e-5
4.9832883271233355e-6
1.6111064135462583e-6
5.11774930332739e-7
1.4080271623984124e-7
8.228671129893427e-5
8.216451770752357e-5
8.206653570359999e-5
8.199969482107166e-5
8.196534710553335e-5
8.1958369310505e-5
8.197060201804142e-5
8.199254834147033e-5
8.201911326858498e-5
8.204994110204776e-5
8.208774212188563e-5
8.213754499986214e-5
8.220244970914495e-5
8.228255314157433e-5
8.237543315548958e-5
8.247635934433055e-5
8.258010445940761e-5
8.26818867575093e-5
8.277797225893155e-5
8.286584491073425e-5
8.294416938521905e-5
8.301265764310746e-5
8.307158412577076e-5
8.31216323542213e-5
8.316372716357353e-5
8.31988145771178e-5
8.322772965816166e-5
8.324881641257909e-5
8.31692517290417e-5
8.242236664757683e-5
8.254659494129456e-5
8.261227282141917e-5
8.264397349326391e-5
8.266811732493365e-5
8.270592518752941e-5
8.268982963961336e-5
8.259319966333849e-5
8.254199177892927e-5
8.252111490361203e-5
8.249043178981646e-5
8.244656556194168e-5
8.23743722845189e-5
8.226251119452229e-5
8.208907162903955e-5
8.187494224960997e-5
8.17215596234934e-5
8.170094399207405e-5
8.175211279346584e-5
8.182992805298759e-5
8.190245301787147e-5
8.179242302368588e-5
7.683656832554148e-5
5.75510560725486e-5
3.34430834022786e-5
1.519593116290213e-5
5.064884517776869e-6
1.6291986212337292e-6
5.170407786277256e-7
1.3048311740739976e-7
8.228538236512528e-5
8.21633517387652e-5
8.206569810983452e-5
8.199927422401528e-5
8.196530915993576e-5
8.195865619304346e-5
8.197105726035206e-5
8.19930492950658e-5
8.201957867893055e-5
8.205033652372343e-5
8.208807997903178e-5
8.213784657619519e-5
8.220273777912659e-5
8.228284136554196e-5
8.237571995906121e-5
8.247663960590572e-5
8.258037150917828e-5
8.268213274215979e-5
8.277819300855022e-5
8.286603841087224e-5
8.294433452633843e-5
8.301279649155699e-5
8.307169939575475e-5
8.312172669392489e-5
8.316380387527305e-5
8.319887628436416e-5
8.322777892144803e-5
8.324885552030784e-5
8.316928055583411e-5
8.242105479341044e-5
8.25453212219792e-5
8.261139536175566e-5
8.264355039134241e-5
8.266784824089303e-5
8.27059401863121e-5
8.269185525512314e-5
8.259614500498317e-5
8.254571632516431e-5
8.25285047189051e-5
8.250501303108039e-5
8.247490363162818e-5
8.242699746834406e-5
8.235687936324111e-5
8.224200478720827e-5
8.206640123038829e-5
8.184992418128416e-5
8.169478352086338e-5
8.167597926633937e-5
8.173080914136396e-5
8.181256712369038e-5
8.188766672711586e-5
8.17691511646844e-5
7.656627614497977e-5
5.70738076193301e-5
3.312193728982628e-5
1.5537190968824125e-5
5.1401118829091305e-6
1.6671386546877627e-6
5.277553625641428e-7
1.1610558683126527e-7
8.228432460794582e-5
8.216242618840875e-5
8.206503341190823e-5
8.199895073247182e-5
8.196527773098618e-5
8.195888430292207e-5
8.197141457314958e-5
8.199344036044562e-5
8.201994213235491e-5
8.205064363547577e-5
8.208834268758602e-5
8.213808057186078e-5
8.220296086155849e-5
8.228306480347218e-5
8.237594203245845e-5
8.247685656916744e-5
8.25805783990096e-5
8.268232341020636e-5
8.277836425652746e-5
8.28661886727932e-5
8.294446286527441e-5
8.301290452227195e-5
8.307178920214648e-5
8.312180025583246e-5
8.316386374020461e-5
8.319892445739539e-5
8.322781738008807e-5
8.32488860491805e-5
8.316930306064601e-5
8.24199891840084e-5
8.254427478838244e-5
8.261065322883041e-5
8.264313908606931e-5
8.266748973587743e-5
8.27056825074016e-5
8.269301199706102e-5
8.259781661544655e-5
8.254742355846487e-5
8.253201532653525e-5
8.251235333208702e-5
8.24898517905726e-5
8.245555249777398e-5
8.241039042868044e-5
8.23379643193681e-5
8.222145544459915e-5
8.204418361581186e-5
8.182402322492014e-5
8.166832954367673e-5
8.165175639659294e-5
8.171014226781297e-5
8.179617450986165e-5
8.187425125391686e-5
8.174738032703621e-5
7.629075451061068e-5
5.661829652532146e-5
3.3749829993888246e-5
1.5577906516995384e-5
5.2826991441927725e-6
1.7428309381396138e-6
5.42194313945627e-7
9.967427840405267e-8
8.228348318636756e-5
8.216169118165225e-5
8.206450395575577e-5
8.199870349646934e-5
8.196525098009526e-5
8.19590654049765e-5
8.197169488023933e-5
8.199374543608932e-5
8.202022617173835e-5
8.205088186688765e-5
8.208854696715832e-5
8.213826199599622e-5
8.220313337426065e-5
8.228323793595582e-5
8.237611388371145e-5
8.247702445608161e-5
8.258073862366963e-5
8.268247114548529e-5
8.27784970211046e-5
8.286630526349233e-5
8.294456253262615e-5
8.301298853219269e-5
8.307185915873518e-5
8.312185761779898e-5
8.316391046072751e-5
8.319896206700378e-5
8.322784740360308e-5
8.324890988169225e-5
8.316932063068035e-5
8.241912181710032e-5
8.254342024744849e-5
8.261003751081278e-5
8.264275755653976e-5
8.266711169190539e-5
8.27053166339842e-5
8.269366275429993e-5
8.259877295467388e-5
8.254808773368484e-5
8.253346550352272e-5
8.251576369878626e-5
8.249740547047524e-5
8.247052826679998e-5
8.243939554750315e-5
8.239241437582106e-5
8.231869789889683e-5
8.220180925855895e-5
8.202066864492521e-5
8.179846016618581e-5
8.164252280473237e-5
8.162807323226522e-5
8.169022557340377e-5
8.17811081590056e-5
8.18627792880799e-5
8.172803818822995e-5
7.602139229259048e-5
5.694197228479789e-5
3.395189009754534e-5
1.4901020809448125e-5
5.645366190124004e-6
1.8102916320371544e-6
5.364591958713338e-7
9.117694916905231e-8
8.228281563462646e-5
8.216110652630654e-5
8.206408168449065e-5
8.199851524084058e-5
8.196522831589148e-5
8.195920897266746e-5
8.197191462880964e-5
8.199398346335922e-5
8.202044852887873e-5
8.205106639528795e-5
8.208870589475114e-5
8.2138402580773e-5
8.220326656479954e-5
8.228337208004196e-5
8.237624685585832e-5
8.247715438086035e-5
8.258086273460552e-5
8.268258561776598e-5
8.277859990920167e-5
8.286639564335738e-5
8.294463986674592e-5
8.301305382874853e-5
8.30719136458358e-5
8.312190235647354e-5
8.316394692785415e-5
8.31989914332719e-5
8.322787084211514e-5
8.32489284875739e-5
8.316933434915652e-5
8.241841551706082e-5
8.254272510163666e-5
8.260953923846412e-5
8.264240494351368e-5
8.266675432775493e-5
8.270492904628402e-5
8.269402149228894e-5
8.259933618332144e-5
8.254823576210755e-5
8.253386736738468e-5
8.251708696512012e-5
8.250094139595967e-5
8.247802436417454e-5
8.245457303729881e-5
8.242195556388048e-5
8.237376181482003e-5
8.230077937776618e-5
8.218049772060001e-5
8.199752969466012e-5
8.177343594409371e-5
8.16171832582101e-5
8.160488999200896e-5
8.167142938538425e-5
8.176777845058605e-5
8.185417711282532e-5
8.17171158320246e-5
7.680514262262472e-5
5.822601029447583e-5
3.44885440587557e-5
1.4686429639420193e-5
5.4522396042153015e-6
1.677882926849016e-6
5.275949488440136e-7
8.681123346815501e-8
8.228228902563605e-5
8.216063946627664e-5
8.206374620343889e-5
8.199837140717415e-5
8.196520966859933e-5
8.19593228242021e-5
8.197208652458204e-5
8.19941694798485e-5
8.202062317743329e-5
8.205120905304181e-5
8.208882970527061e-5
8.21385114994e-5
8.220336920711751e-5
8.228347608784522e-5
8.237634981744805e-5
8.247725504413658e-5
8.2580958980929e-5
8.268267439484207e-5
8.277867963952207e-5
8.286646562465684e-5
8.294469981518114e-5
8.301310454921656e-5
8.307195608512693e-5
8.312193726584612e-5
8.316397539989101e-5
8.319901436836582e-5
8.322788913998882e-5
8.324894301452581e-5
8.31693450619302e-5
8.241784278587822e-5
8.254215875072772e-5
8.260915218893567e-5
8.264207165396161e-5
8.26664413199917e-5
8.270456588038037e-5
8.269421063089049e-5
8.25996985434107e-5
8.254814311117554e-5
8.253378003132059e-5
8.251734157751714e-5
8.250233942874613e-5
8.248147564727478e-5
8.246213268199332e-5
8.243744256269708e-5
8.240352045378354e-5
8.235686513543617e-5
8.228088498762321e-5
8.215960176801831e-5
8.197484410800402e-5
8.174881285666275e-5
8.15921189297842e-5
8.158259529469252e-5
8.165396916449642e-5
8.175700896999208e-5
8.185435176152154e-5
8.177353039290155e-5
7.707080914219622e-5
5.915356052992917e-5
3.567501309657553e-5
1.4927049592756362e-5
5.056623632879674e-6
1.745232650713832e-6
5.134941704025218e-7
8.410412710420833e-8
8.228187648496397e-5
8.21602637325324e-5
8.206348205412772e-5
8.199826028254791e-5
8.196519456580141e-5
8.195941378020409e-5
8.197222025258594e-5
8.199431538199271e-5
8.202076119660293e-5
8.205131906231114e-5
8.208892639669275e-5
8.213859593907316e-5
8.220344815476894e-5
8.228355688445538e-5
8.237642971948843e-5
8.24773332604328e-5
8.258103383842063e-5
8.268274340130956e-5
8.277874145504759e-5
8.286651974460113e-5
8.294474623031552e-5
8.3013143923063e-5
8.307198914844348e-5
8.312196453039305e-5
8.316399764157287e-5
8.319903228783896e-5
8.322790342496877e-5
8.324895435880821e-5
8.316935342965607e-5
8.24173839103902e-5
8.254169259075089e-5
8.260887043959656e-5
8.26417484793545e-5
8.266618143756774e-5
8.270425607036438e-5
8.269429323584715e-5
8.25999789225353e-5
8.25479467361927e-5
8.25335049982429e-5
8.251708685381439e-5
8.250263494799918e-5
8.248279625628321e-5
8.246556938324497e-5
8.244518927987193e-5
8.241902066005994e-5
8.238719527849031e-5
8.233774143623166e-5
8.226142933338817e-5
8.213913612959998e-5
8.195251132459793e-5
8.172427435723229e-5
8.156772189184975e-5
8.156125082304853e-5
8.163848619855564e-5
8.175401730592392e-5
8.189409121487067e-5
8.182510381596876e-5
7.747286043182096e-5
6.0689232767089845e-5
3.74968898628532e-5
1.5130514422081593e-5
4.959022019539841e-6
1.6910598375161642e-6
5.036132316692814e-7
8.239574887650186e-8
8.228155403850956e-5
8.215995985697051e-5
8.206327564150576e-5
8.199817384113032e-5
8.19651814187607e-5
8.195948808447895e-5
8.197232327270607e-5
8.199443042736335e-5
8.202087147635388e-5
8.20514036202461e-5
8.208900219975492e-5
8.213866155545342e-5
8.220350877034265e-5
8.228361990376925e-5
8.237649201435862e-5
8.247739440165919e-5
8.25810923997738e-5
8.268279728093168e-5
8.277878946625838e-5
8.286656153276997e-5
8.294478211721791e-5
8.301317446870066e-5
8.307201492409078e-5
8.312198586003538e-5
8.316401503250677e-5
8.319904629802995e-5
8.3227914577532e-5
8.324896322052188e-5
8.316935996838545e-5
8.241702368633763e-5
8.254130275062087e-5
8.260868189545802e-5
8.264143521217425e-5
8.266596467418811e-5
8.270402315596511e-5
8.269429465759137e-5
8.26002479938777e-5
8.254771430266859e-5
8.253319188725494e-5
8.251663000375295e-5
8.250238749010687e-5
8.24830453048891e-5
8.246682800438357e-5
8.244874897198408e-5
8.242668961093216e-5
8.240299994292656e-5
8.236845088058472e-5
8.231905911880707e-5
8.22424251620637e-5
8.211900773271919e-5
8.193013117139507e-5
8.170018002858086e-5
8.154399410939401e-5
8.154125375380592e-5
8.162937384213974e-5
8.179302642745148e-5
8.192671303138124e-5
8.188442124185798e-5
7.802674293469819e-5
6.2487653588131e-5
3.878244794111607e-5
1.4672115238090618e-5
4.7262408313065905e-6
1.6482989090067434e-6
4.9638378561194e-7
8.117434504545686e-8
8.22812998690429e-5
8.215971517679991e-5
8.206311361976627e-5
8.199810795229601e-5
8.196516784300853e-5
8.195955109756712e-5
8.197240180934253e-5
8.199452153854265e-5
8.202096121356225e-5
8.20514684147891e-5
8.208906193807695e-5
8.213871281901129e-5
8.220355528147159e-5
8.228366941232646e-5
8.237654101357217e-5
8.247744271759346e-5
8.258113868471806e-5
8.268283970757572e-5
8.277882688673354e-5
8.286659374315207e-5
8.294480981629684e-5
8.301319815172415e-5
8.307203504634188e-5
8.312200259527874e-5
8.316402865253536e-5
8.31990572640718e-5
8.322792328517094e-5
8.324897014663638e-5
8.316936508141988e-5
8.24167471487967e-5
8.254097434502494e-5
8.260856289692043e-5
8.264114546797658e-5
8.266576261625234e-5
8.270388585368859e-5
8.269422440489463e-5
8.260053414063559e-5
8.254748983182605e-5
8.253289564474277e-5
8.251614271039051e-5
8.250188977657574e-5
8.248280183924404e-5
8.246698294875759e-5
8.245009769362677e-5
8.243014379948116e-5
8.24108157629701e-5
8.238442423237051e-5
8.235013365641171e-5
8.230086862167502e-5
8.222376053719582e-5
8.209877859814387e-5
8.190798337930664e-5
8.16765854825049e-5
8.152104555781066e-5
8.152626353770107e-5
8.166898354730184e-5
8.181825356678424e-5
8.195545932928985e-5
8.194663119100505e-5
7.858710234201469e-5
6.366375746638382e-5
3.8275138628995296e-5
1.3971449981960141e-5
4.549989507549893e-6
1.6235509029582778e-6
4.913901565881104e-7
8.024101072523605e-8
8.228109691294568e-5
8.215952104212086e-5
8.206298465732099e-5
8.19980601055725e-5
8.19651525906762e-5
8.195960606782913e-5
8.197246187236363e-5
8.199459357650768e-5
8.202103617012323e-5
8.205151811303161e-5
8.208910930537143e-5
8.213875328589458e-5
8.220359105182402e-5
8.228370879317946e-5
8.237658013937501e-5
8.247748159106504e-5
8.258117591744724e-5
8.268287358688213e-5
8.277885624877417e-5
8.286661852012226e-5
8.294483115230026e-5
8.301321650800727e-5
8.307205079620182e-5
8.312201579047663e-5
8.316403934817513e-5
8.319906586321453e-5
8.322793008463735e-5
8.324897556476504e-5
8.316936908412833e-5
8.241653693409989e-5
8.254070251181481e-5
8.260848136524018e-5
8.264090205063622e-5
8.266554213487236e-5
8.270384841417599e-5
8.269410133745245e-5
8.260082274147903e-5
8.254732116211525e-5
8.253261236125944e-5
8.251572297924275e-5
8.250128940531803e-5
8.248237364173272e-5
8.246662311752792e-5
8.245032401913199e-5
8.243139407018768e-5
8.241432151649767e-5
8.239230344994064e-5
8.23662498862585e-5
8.233235403393454e-5
8.228302329808878e-5
8.220499958361956e-5
8.20786014395902e-5
8.188627831162332e-5
8.16532878178334e-5
8.150193065191732e-5
8.156696406894077e-5
8.168955891072876e-5
8.184263504851764e-5
8.198153757165586e-5
8.201331073663505e-5
7.887741063836257e-5
6.328096083900462e-5
3.686562847753868e-5
1.3428627682881085e-5
4.441881098575339e-6
1.6079141416981907e-6
4.871344155368615e-7
7.945872546965776e-8
8.22809360326803e-5
8.215936733315383e-5
8.206288363589624e-5
8.199802496724341e-5
8.196513808325055e-5
8.195965285706308e-5
8.197250965770095e-5
8.199464999351031e-5
8.202110065301219e-5
8.20515568142706e-5
8.208914713159375e-5
8.213878576998987e-5
8.220361882447269e-5
8.228374074418204e-5
8.237661212369387e-5
8.247751377661856e-5
8.258120669285202e-5
8.26829012545397e-5
8.277887955051211e-5
8.28666375372856e-5
8.294484755031767e-5
8.30132307393689e-5
8.307206318188067e-5
8.312202627867384e-5
8.316404778494845e-5
8.31990726263352e-5
8.32279353950606e-5
8.324897980948948e-5
8.316937222333675e-5
8.241637632984093e-5
8.254048593843275e-5
8.260841091241682e-5
8.264072122233491e-5
8.266528966396467e-5
8.270388804162193e-5
8.269397095029338e-5
8.260106444979723e-5
8.25472632246926e-5
8.253231262453115e-5
8.251542018627615e-5
8.250066358122553e-5
8.248191221671789e-5
8.246606880160345e-5
8.245001908578098e-5
8.243154803184843e-5
8.241556327931367e-5
8.239582467447142e-5
8.237416004411209e-5
8.234865707948894e-5
8.231492389948332e-5
8.22651182940838e-5
8.218613349314571e-5
8.205891847261664e-5
8.186448113612377e-5
8.163277434298194e-5
8.154268684739694e-5
8.158355323531271e-5
8.171134517318721e-5
8.186610316206047e-5
8.199768766521964e-5
8.207395005682447e-5
7.880088747330776e-5
6.21940729621826e-5
3.5678860993181244e-5
1.3100654375329363e-5
4.378655996649547e-6
1.5952819929663576e-6
4.7435221074054384e-7
7.876515388553625e-8
8.228081410320959e-5
8.215924060111562e-5
8.206281248038697e-5
8.199799275499679e-5
8.196513019701913e-5
8.195968884598312e-5
8.197255051628013e-5
8.199469417600649e-5
8.202115732755976e-5
8.205158838848877e-5
8.208917767494428e-5
8.213881245967898e-5
8.220364088237743e-5
8.228376744465403e-5
8.237663920336767e-5
8.247754152637674e-5
8.258123315816254e-5
8.268292460384218e-5
8.27788983825218e-5
8.286665210537273e-5
8.294486012593036e-5
8.301324179142118e-5
8.307207300149886e-5
8.312203472316288e-5
8.316405448819873e-5
8.319907797057057e-5
8.32279395437298e-5
8.324898314294593e-5
8.316937469250191e-5
8.24162572522315e-5
8.254031635007273e-5
8.260834542595931e-5
8.264059644444584e-5
8.266502412097436e-5
8.270395578259924e-5
8.269389234882423e-5
8.26012061061199e-5
8.254735035715414e-5
8.253198058944577e-5
8.25152360339601e-5
8.250006615832494e-5
8.248147653166879e-5
8.246549247389435e-5
8.244949694049423e-5
8.243120636871061e-5
8.241566940366691e-5
8.239706372159105e-5
8.237766176944724e-5
8.235663587153378e-5
8.233141667817949e-5
8.229748585594487e-5
8.224696507391095e-5
8.216787848096006e-5
8.20388586346877e-5
8.184465366911242e-5
8.16707327675238e-5
8.155574252169603e-5
8.160289868648056e-5
8.173780861398464e-5
8.187822327169157e-5
8.199221837830082e-5
8.206529712241877e-5
7.845076742777084e-5
6.109950688623766e-5
3.4871329740692784e-5
1.2901410945441952e-5
4.3348489260252714e-6
1.584301652917312e-6
4.6002987524477383e-7
7.81304683263122e-8
8.228072557421779e-5
8.215913241425615e-5
8.206277169564642e-5
8.199795621455924e-5
8.196513245549786e-5
8.195971347867862e-5
8.19725866283792e-5
8.199473102956836e-5
8.202120733895684e-5
8.205161644827619e-5
8.208920301851643e-5
8.213883495866648e-5
8.220365914807108e-5
8.228379073841195e-5
8.23766632129813e-5
8.247756674328987e-5
8.258125711926963e-5
8.268294519978276e-5
8.277891402437488e-5
8.28666632558615e-5
8.294486976070756e-5
8.301325041472764e-5
8.307208089390028e-5
8.312204165773428e-5
8.316405987552474e-5
8.319908222473497e-5
8.322794278620994e-5
8.324898577095916e-5
8.316937664355338e-5
8.241618355325025e-5
8.25401745627206e-5
8.260829757527588e-5
8.264050076101045e-5
8.266477582498543e-5
8.270400533749645e-5
8.269388854882115e-5
8.260123943436337e-5
8.254755147491668e-5
8.25316484727436e-5
8.25151198080988e-5
8.249955123843875e-5
8.248107258285204e-5
8.246498289748923e-5
8.244892034630272e-5
8.243068491001534e-5
8.241525479855255e-5
8.239716316196154e-5
8.237886412372775e-5
8.236014722262159e-5
8.233946647467617e-5
8.231422456919394e-5
8.227967025410943e-5
8.222956446419803e-5
8.214904696896682e-5
8.202029276844651e-5
8.187808241017741e-5
8.168194307730403e-5
8.157259960606852e-5
8.163119801112406e-5
8.175897603923541e-5
8.187119394427111e-5
8.19695378933833e-5
8.201663127177778e-5
7.81344802919197e-5
6.039080985674661e-5
3.439446367277461e-5
1.2767848878582424e-5
4.3012617489293285e-6
1.573699809912002e-6
4.486153936652396e-7
7.754908187481644e-8
8.228065665945544e-5
8.215904915703257e-5
8.206274934520344e-5
8.199792056716749e-5
8.196513925191861e-5
8.195973269201755e-5
8.19726160611562e-5
8.199476710648191e-5
8.202125141302855e-5
8.205164380729959e-5
8.208922545444898e-5
8.213885436162846e-5
8.220367523800669e-5
8.22838122286371e-5
8.237668572351334e-5
8.247759105368873e-5
8.258128013944292e-5
8.268296436398417e-5
8.277892751614242e-5
8.286667181346275e-5
8.294487716227788e-5
8.301325721666267e-5
8.307208737888709e-5
8.312204751918063e-5
8.316406428228396e-5
8.319908564913613e-5
8.322794532204999e-5
8.324898785566508e-5
8.316937819611534e-5
8.241616292100854e-5
8.254003952974182e-5
8.260828074527857e-5
8.264041331557989e-5
8.266454802257127e-5
8.270403300853292e-5
8.269390726927595e-5
8.2601225987887e-5
8.254775802179794e-5
8.253139566757093e-5
8.25149852550482e-5
8.249916883637713e-5
8.248068682737519e-5
8.246457454955172e-5
8.244837396962463e-5
8.243013908581651e-5
8.24146479467961e-5
8.239674377117261e-5
8.237892667492675e-5
8.236133279824552e-5
8.234298964854115e-5
8.232239931755617e-5
8.229654160077509e-5
8.226274951215848e-5
8.221144725039554e-5
8.213145503348453e-5
8.204991910252822e-5
8.18883858010388e-5
8.169445447712254e-5
8.160009125339272e-5
8.166166033351176e-5
8.175854395285624e-5
8.185198412907839e-5
8.194584936370329e-5
8.198171304425582e-5
7.794241073742746e-5
5.9969630221991037e-5
3.4088622548420404e-5
1.2667851659189802e-5
4.271785869225076e-6
1.5635881011018982e-6
4.394263447746835e-7
7.702883012689383e-8
8.228059278569539e-5
8.215900317024526e-5
8.206272746539222e-5
8.199789778370603e-5
8.196514084819044e-5
8.19597548518338e-5
8.19726371972226e-5
8.199480760034726e-5
8.202129208558619e-5
8.205167169731428e-5
8.208924759591073e-5
8.213887152909452e-5
8.220369037112967e-5
8.228383340259754e-5
8.237670812391766e-5
8.247761587631565e-5
8.25813036036412e-5
8.268298323290027e-5
8.277893972065536e-5
8.286667845364858e-5
8.294488291807799e-5
8.30132627043571e-5
8.307209289152944e-5
8.312205267296966e-5
8.316406798179964e-5
8.319908845097029e-5
8.32279473070101e-5
8.324898952537154e-5
8.316937944472335e-5
8.241619298257844e-5
8.253990918742582e-5
8.260829052510398e-5
8.264034599110058e-5
8.266431738875945e-5
8.270407067388547e-5
8.269387143145777e-5
8.260124030224192e-5
8.254785851543677e-5
8.253128569341851e-5
8.251476770700419e-5
8.249893322145394e-5
8.248032037993535e-5
8.246425820486786e-5
8.244790631020018e-5
8.242963500808399e-5
8.241401754196095e-5
8.239613641662602e-5
8.237847733928523e-5
8.236137029799534e-5
8.234416003412392e-5
8.232598194732499e-5
8.230474573602709e-5
8.227988390933486e-5
8.224501458754402e-5
8.219441890714261e-5
8.215871819647248e-5
8.205920010632217e-5
8.189525949206557e-5
8.171662347854657e-5
8.163827075122825e-5
8.166797746395875e-5
8.174330793888463e-5
8.183135988047902e-5
8.192708636849508e-5
8.196238472116064e-5
7.782966857802736e-5
5.9699949197544436e-5
3.387170729347827e-5
1.2582258831443045e-5
4.245205837947381e-6
1.5505645946309624e-6
4.3196768020853345e-7
7.659774526081522e-8
8.228053315987647e-5
8.215899095343969e-5
8.206270525361945e-5
8.199788479278279e-5
8.196514062153169e-5
8.19597791284177e-5
8.197265648515665e-5
8.199485265559678e-5
8.202133510741509e-5
8.205169996382726e-5
8.208927180087763e-5
8.213888753614052e-5
8.220370531571574e-5
8.228385562464118e-5
8.237673172780081e-5
8.247764246374513e-5
8.258132874568673e-5
8.268300280595303e-5
8.277895136864914e-5
8.286668375665152e-5
8.294488754156499e-5
8.301326732542152e-5
8.307209781112509e-5
8.312205743356827e-5
8.316407120143165e-5
8.319909079608526e-5
8.322794886257699e-5
8.324899088231781e-5
8.316938046435108e-5
8.241624397737258e-5
8.253982435221808e-5
8.260829314210433e-5
8.264033779386488e-5
8.266408707371653e-5
8.270410925857005e-5
8.26938026503144e-5
8.260125332165414e-5
8.254786135447232e-5
8.253127654258202e-5
8.251449288880982e-5
8.249878927154998e-5
8.248001302917786e-5
8.246398948759833e-5
8.244754895518278e-5
8.242919290378022e-5
8.241344188376302e-5
8.239551287840464e-5
8.237784743795679e-5
8.236089802853457e-5
8.234417231718657e-5
8.232717605666844e-5
8.230831080801114e-5
8.228823009477099e-5
8.226234616310304e-5
8.222826564502887e-5
8.222041023598019e-5
8.216730859646304e-5
8.20611861394594e-5
8.190839320446912e-5
8.175839185261765e-5
8.165115781777633e-5
8.165579624740807e-5
8.17259927051681e-5
8.181379196847185e-5
8.191330369273556e-5
8.195273681148587e-5
7.77518956892989e-5
5.949622261804285e-5
3.368809556210509e-5
1.250516032490927e-5
4.213175060566455e-6
1.5428900921045998e-6
4.2621653694844587e-7
7.62733779738343e-8
8.228049720724531e-5
8.215899269390747e-5
8.206269871828354e-5
8.19978647012735e-5
8.196515503934648e-5
8.195979721814696e-5
8.197268682185377e-5
8.199490029289797e-5
8.202138664566138e-5
8.205172934293265e-5
8.208929879859369e-5
8.213890410399273e-5
8.220372044808384e-5
8.228388001621775e-5
8.237675786356203e-5
8.24776719310481e-5
8.258135665419939e-5
8.268302396684496e-5
8.277896310169091e-5
8.286668825462032e-5
8.294489151962303e-5
8.301327150641146e-5
8.307210248684977e-5
8.312206208036276e-5
8.316407413511994e-5
8.319909281768609e-5
8.322795008342417e-5
8.324899200863148e-5
8.316938131461444e-5
8.24162619262399e-5
8.253984598599122e-5
8.260824457046638e-5
8.264041170634636e-5
8.266390969421098e-5
8.270407025752437e-5
8.26938280229082e-5
8.260113078005679e-5
8.254789454789509e-5
8.253122687745804e-5
8.25142709486254e-5
8.249862895518811e-5
8.247983054460975e-5
8.246371266457899e-5
8.244731539757562e-5
8.242881722482312e-5
8.241294563286342e-5
8.239495936113038e-5
8.237720414772375e-5
8.236025331231073e-5
8.23436738272776e-5
8.23271915171628e-5
8.230947031015734e-5
8.229187041111633e-5
8.22707923299277e-5
8.224571526515548e-5
8.225363932391647e-5
8.222877965763648e-5
8.216568967551495e-5
8.206460290775849e-5
8.194936743567582e-5
8.177740804101427e-5
8.164026659581108e-5
8.164169144372254e-5
8.171045241418049e-5
8.179972025601022e-5
8.190404001935779e-5
8.194786809379844e-5
7.769267133159761e-5
5.932722575027604e-5
3.352839583563708e-5
1.241768046756522e-5
4.192441710815816e-6
1.5369654933989865e-6
4.223276141030819e-7
7.606462923995626e-8
8.228051360343115e-5
8.215899339552698e-5
8.206270947004146e-5
8.199784168293446e-5
8.196518405027507e-5
8.195981689083852e-5
8.197273163730953e-5
8.19949565597559e-5
8.202144717636218e-5
8.205176380262123e-5
8.208932696240684e-5
8.213892316219005e-5
8.220373620809961e-5
8.228390722177111e-5
8.237678789911512e-5
8.247770531579164e-5
8.258138823800762e-5
8.268304748785014e-5
8.277897550711715e-5
8.286669248506047e-5
8.294489535981533e-5
8.301327569144842e-5
8.307210726135017e-5
8.31220668691828e-5
8.316407695262035e-5
8.319909462249895e-5
8.322795104325772e-5
8.324899297082763e-5
8.316938204288779e-5
8.241625079282437e-5
8.253994849065883e-5
8.260816504148042e-5
8.26405380203473e-5
8.266381850493629e-5
8.270394475703845e-5
8.269396738386103e-5
8.260085950605459e-5
8.254799318088857e-5
8.253107007898179e-5
8.251416619693603e-5
8.249838538112867e-5
8.247980317597223e-5
8.246340379846976e-5
8.24471853181432e-5
8.242851770883319e-5
8.241251990954151e-5
8.239451610501323e-5
8.23766259210324e-5
8.235960596650363e-5
8.234300742557103e-5
8.232668256398854e-5
8.230944923323611e-5
8.229306849630918e-5
8.227448375389091e-5
8.225419499734061e-5
8.227083323402995e-5
8.226212266364647e-5
8.22246198913185e-5
8.216041723964316e-5
8.210251038648012e-5
8.197423272797888e-5
8.17671788978716e-5
8.162876451981655e-5
8.162839806849377e-5
8.169707624544228e-5
8.178946194207893e-5
8.189880561509852e-5
8.19456367840868e-5
7.763673722133628e-5
5.917126701263281e-5
3.335787337355092e-5
1.2354692302640473e-5
4.177359535967196e-6
1.5257184111379552e-6
4.2007874966843367e-7
7.599778846170342e-8
8.228057058354969e-5
8.215900281142882e-5
8.206272137507862e-5
8.19978406023311e-5
8.196521015996535e-5
8.195986294578707e-5
8.197278243136204e-5
8.199503451586798e-5
8.202151194296386e-5
8.205180764757133e-5
8.208935439739069e-5
8.213894520515563e-5
8.220375382500681e-5
8.228393732213827e-5
8.23768231341756e-5
8.247774365281663e-5
8.258142418107294e-5
8.268307399746771e-5
8.277898916240854e-5
8.28666970508896e-5
8.294489964034593e-5
8.301328038140294e-5
8.307211249175554e-5
8.312207203875351e-5
8.316407980562719e-5
8.319909629445417e-5
8.322795179956273e-5
8.324899382298788e-5
8.316938268646817e-5
8.241630250107634e-5
8.25400167716509e-5
8.260813396759329e-5
8.264066700598684e-5
8.266377695444366e-5
8.27038766115603e-5
8.269403826211654e-5
8.260067798657819e-5
8.254796850568885e-5
8.253095308194575e-5
8.251407980711335e-5
8.249812279112378e-5
8.247986560397316e-5
8.246310416732384e-5
8.244709469359199e-5
8.242831586413818e-5
8.241213803891978e-5
8.239419558581128e-5
8.237614622460134e-5
8.235903290699195e-5
8.234234782036521e-5
8.232599435284972e-5
8.230890862215869e-5
8.229306605195069e-5
8.227570974520107e-5
8.22578786533165e-5
8.227924859292454e-5
8.227961816042418e-5
8.225611169163803e-5
8.22120722852205e-5
8.219426440994756e-5
8.213325149728388e-5
8.196445720460557e-5
8.1758587672231e-5
8.161755365694436e-5
8.161599028955364e-5
8.168646296041122e-5
8.17833668990628e-5
8.189656315598664e-5
8.1944531694306e-5
7.75854137164311e-5
5.9015845113504056e-5
3.322384475224597e-5
1.2310142112444755e-5
4.151251810916107e-6
1.5246898064537721e-6
4.198695997111512e-7
7.607194057002574e-8
8.228059852330795e-5
8.215906019560039e-5
8.206272436208183e-5
8.199786480068264e-5
8.196524198979916e-5
8.195993620158802e-5
8.197284551788142e-5
8.19951326559614e-5
8.202158247942302e-5
8.205185762530559e-5
8.20893829577045e-5
8.213896822354997e-5
8.220377544150854e-5
8.228397036262856e-5
8.237686448422975e-5
8.247778802094402e-5
8.258146490177315e-5
8.268310392908327e-5
8.27790046857141e-5
8.286670269692765e-5
8.294490506356607e-5
8.301328616938065e-5
8.307211856554664e-5
8.312207781184365e-5
8.316408282958338e-5
8.319909789615581e-5
8.322795239770505e-5
8.324899460853159e-5
8.316938327396045e-5
8.24164126133532e-5
8.254004596590794e-5
8.260816072175901e-5
8.264075676129418e-5
8.266378862257071e-5
8.270390360445292e-5
8.269398273846712e-5
8.260073366716486e-5
8.254769919451267e-5
8.253103808284628e-5
8.251387447585185e-5
8.249796857298495e-5
8.24798978529342e-5
8.246289059950239e-5
8.244696195563153e-5
8.242822792039773e-5
8.241177535590437e-5
8.239398717194547e-5
8.23757791485802e-5
8.235856006493273e-5
8.234177764199689e-5
8.232530176689464e-5
8.230819553353458e-5
8.229253343527927e-5
8.227572522273457e-5
8.225907890146223e-5
8.228296485362222e-5
8.228842729177885e-5
8.227279552695163e-5
8.223761364735913e-5
8.224138988822251e-5
8.223090816254116e-5
8.212290960996282e-5
8.195870462084005e-5
8.17505836891535e-5
8.160580055767349e-5
8.160513507685884e-5
8.16798114033403e-5
8.17807564030152e-5
8.189591943114099e-5
8.194425633943862e-5
7.752679587831922e-5
5.8857846398081446e-5
3.311014460623318e-5
1.2240738440004067e-5
4.145689797417752e-6
1.5158803911981838e-6
4.2157292457522616e-7
7.630177698509535e-8
8.228061354358122e-5
8.215915791862018e-5
8.206273242476616e-5
8.199789879606117e-5
8.196530356373191e-5
8.196001638984949e-5
8.197293948321236e-5
8.199523296783875e-5
8.202166703332932e-5
8.205190490236597e-5
8.208941735308741e-5
8.213899077211193e-5
8.22038026444977e-5
8.228400746668291e-5
8.237691216906985e-5
8.247783936993853e-5
8.258151058051296e-5
8.268313747080151e-5
8.27790227993823e-5
8.286671041003234e-5
8.294491250793664e-5
8.301329376203428e-5
8.307212590782389e-5
8.312208438817106e-5
8.316408614015055e-5
8.319909946841379e-5
8.322795287478276e-5
8.32489953603877e-5
8.316938382604959e-5
8.241649533400254e-5
8.254011997213595e-5
8.26082034845591e-5
8.2640774528488e-5
8.266391124330455e-5
8.270386463475993e-5
8.269400056439704e-5
8.260082650253414e-5
8.254740808059543e-5
8.253120515954585e-5
8.251363263473683e-5
8.249791256485324e-5
8.247987445884543e-5
8.246277729103335e-5
8.244675426106863e-5
8.24282297815888e-5
8.241143127319907e-5
8.239385708788166e-5
8.237553239584622e-5
8.235818721808462e-5
8.234132886857055e-5
8.232468777102112e-5
8.230748344931885e-5
8.229182300476522e-5
8.227520707781191e-5
8.225906290191538e-5
8.228424266996049e-5
8.229257409650518e-5
8.228200882976961e-5
8.224911666006974e-5
8.226213219033881e-5
8.22839610756501e-5
8.221923697833731e-5
8.211843357893919e-5
8.195548428476859e-5
8.174024221023731e-5
8.159415568897272e-5
8.15977767787031e-5
8.167702991858302e-5
8.178002937211325e-5
8.189637505820757e-5
8.194472338910497e-5
7.74896737563368e-5
5.8768179405071505e-5
3.299025258326795e-5
1.2218092044052671e-5
4.125471304743522e-6
1.518993904952633e-6
4.254979204992126e-7
7.667942894783017e-8
8.22807073182367e-5
8.215922553089708e-5
8.206277789127722e-5
8.199793499125386e-5
8.196539196478434e-5
8.196011009539921e-5
8.197305215903299e-5
8.199533527572986e-5
8.202176025712896e-5
8.205195280218081e-5
8.208945815444791e-5
8.213901775822011e-5
8.220383477869601e-5
8.228405118532048e-5
8.237696591985242e-5
8.247789798594018e-5
8.258156124450546e-5
8.268317460889328e-5
8.277904441085018e-5
8.286672153287231e-5
8.294492306412834e-5
8.301330397168505e-5
8.307213496838103e-5
8.312209192752264e-5
8.316408982287042e-5
8.319910102831649e-5
8.32279532634491e-5
8.324899609918659e-5
8.316938435593812e-5
8.241656810133846e-5
8.254026612527234e-5
8.260821210764572e-5
8.26408342247282e-5
8.266400482692183e-5
8.270383392083164e-5
8.269407694151786e-5
8.260085022584142e-5
8.254730887600922e-5
8.253123092507617e-5
8.251359769028378e-5
8.249777795797608e-5
8.247992922146221e-5
8.246266239493827e-5
8.244652963798395e-5
8.24282422662857e-5
8.241113526590742e-5
8.239375622402124e-5
8.237540812198586e-5
8.235790486756771e-5
8.234100430452516e-5
8.232418729119111e-5
8.230685134878465e-5
8.229111126947237e-5
8.227451083264808e-5
8.225851338492948e-5
8.228432134902505e-5
8.229428803824562e-5
8.228703741209975e-5
8.225350532929447e-5
8.226865547922897e-5
8.231058485314153e-5
8.227070673699157e-5
8.221395581125825e-5
8.212003560915742e-5
8.19483545407692e-5
8.172817502244248e-5
8.1585104894899e-5
8.159457920147724e-5
8.167641268394002e-5
8.178051496208122e-5
8.189771010636762e-5
8.194563234500508e-5
7.746002047990336e-5
5.866720129451226e-5
3.293587382290975e-5
1.2171073149730828e-5
4.129374930264192e-6
1.5210084594096855e-6
4.318806178305524e-7
7.719830191887866e-8
8.228084610290945e-5
8.215926856186217e-5
8.206285793863318e-5
8.199798289071631e-5
8.196550472061843e-5
8.196022253110848e-5
8.197316273106827e-5
8.199545203809824e-5
8.202185187604213e-5
8.205201867673876e-5
8.208950496079595e-5
8.213905830133904e-5
8.22038710662779e-5
8.228410323238091e-5
8.237702591665253e-5
8.247796280581984e-5
8.258161679491905e-5
8.268321540307059e-5
8.277907071183857e-5
8.286673784179907e-5
8.294493803000775e-5
8.301331764832066e-5
8.307214617613739e-5
8.312210052253152e-5
8.316409391489719e-5
8.31991025671497e-5
8.322795359522235e-5
8.324899682924012e-5
8.316938486975823e-5
8.241670366856568e-5
8.254041449080772e-5
8.26082506609239e-5
8.264097554693204e-5
8.266399418160263e-5
8.270396719440428e-5
8.269404021482583e-5
8.260094475567739e-5
8.25473085892625e-5
8.253113767888022e-5
8.251382695043952e-5
8.249748213618843e-5
8.248017346399272e-5
8.246244810175127e-5
8.244636702134038e-5
8.242818482876355e-5
8.241091461978302e-5
8.239364525981159e-5
8.237539263183697e-5
8.23577067868324e-5
8.234078840474442e-5
8.232381087313915e-5
8.230632836621559e-5
8.229047855267986e-5
8.227381483447235e-5
8.225778804205695e-5
8.228386924206798e-5
8.229479259560871e-5
8.228962496247467e-5
8.225418176552038e-5
8.226806073855613e-5
8.232212834234625e-5
8.229620013889236e-5
8.226281597327971e-5
8.221945294844476e-5
8.211669311829968e-5
8.193775669883372e-5
8.171731103740624e-5
8.158013409360226e-5
8.159385109369968e-5
8.167708446872003e-5
8.17820004293116e-5
8.189962398588564e-5
8.194730054086786e-5
7.741424609545005e-5
5.855997430052213e-5
3.283163856836666e-5
1.2172073042455015e-5
4.133460771085181e-6
1.5248616552836156e-6
4.4115615077896186e-7
7.786085341821202e-8
8.228093487607383e-5
8.215936856295084e-5
8.206293302584135e-5
8.199808922237242e-5
8.19656291317363e-5
8.196034114027786e-5
8.197327798389945e-5
8.199557887352743e-5
8.202196115222657e-5
8.205211120350016e-5
8.20895700993054e-5
8.21391137266264e-5
8.220391458327692e-5
8.228416138647272e-5
8.23770929688932e-5
8.247803146693804e-5
8.25816768185084e-5
8.268326054838585e-5
8.277910329737067e-5
8.286676148099076e-5
8.29449587997221e-5
8.301333552512656e-5
8.307215984903256e-5
8.312211016419972e-5
8.316409838111625e-5
8.319910405057275e-5
8.32279539012127e-5
8.324899753268029e-5
8.316938557492023e-5
8.24168992938839e-5
8.254052057045138e-5
8.260840684655198e-5
8.264107546199648e-5
8.266406445200257e-5
8.270410444566807e-5
8.269401529212066e-5
8.26010656283555e-5
8.254732472316847e-5
8.253105535243134e-5
8.25141294828081e-5
8.249719728549006e-5
8.24804849002293e-5
8.246222775089247e-5
8.244622839259327e-5
8.242807414088582e-5
8.241073928673391e-5
8.239352626603151e-5
8.237544466992456e-5
8.23575957561997e-5
8.23406547292256e-5
8.232355554918615e-5
8.230591939063326e-5
8.228995327730606e-5
8.227320126356181e-5
8.225706530791607e-5
8.22832366134332e-5
8.229474755191175e-5
8.229095970763842e-5
8.225294183236142e-5
8.226398878151474e-5
8.23249773838705e-5
8.230779551630423e-5
8.228409426399461e-5
8.227121734204933e-5
8.221953213273065e-5
8.210849470462521e-5
8.192710369796518e-5
8.170995326246636e-5
8.157771837692471e-5
8.159450750948396e-5
8.167880594374746e-5
8.178414763134702e-5
8.190226033425726e-5
8.194960655868843e-5
7.741656673024675e-5
5.854052028996314e-5
3.284608371889009e-5
1.218898124112956e-5
4.14146086797271e-6
1.531048157086087e-6
4.5439229465848743e-7
7.870977820334885e-8
8.228101239453499e-5
8.215952595984475e-5
8.206304626443298e-5
8.199824877319499e-5
8.196574779718097e-5
8.196046272019458e-5
8.197340154153888e-5
8.199572619403605e-5
8.202211325320631e-5
8.205223378400045e-5
8.20896653445356e-5
8.213917638737975e-5
8.220396715925549e-5
8.228422133229365e-5
8.237716599975829e-5
8.24781017598301e-5
8.258174046986416e-5
8.268331196339093e-5
8.277914427255565e-5
8.286679456310843e-5
8.294498656153351e-5
8.301335797431021e-5
8.30721760629259e-5
8.312212071500794e-5
8.316410309392748e-5
8.319910542504288e-5
8.322795420566278e-5
8.324899915501689e-5
8.241710458903762e-5
8.254069787239435e-5
8.260858167882359e-5
8.264119111256181e-5
8.266420043738622e-5
8.270417369131292e-5
8.269411635524959e-5
8.260110117507117e-5
8.254739299670952e-5
8.253099838995938e-5
8.251432814044311e-5
8.249712915703337e-5
8.248062763397566e-5
8.246223275243904e-5
8.244596833223482e-5
8.242803422757399e-5
8.241052110585015e-5
8.239344099119568e-5
8.2375504013528e-5
8.23575754087606e-5
8.234057600143833e-5
8.232340724924927e-5
8.230561987637658e-5
8.228953658031936e-5
8.227270113230362e-5
8.225642652023767e-5
8.228259875150197e-5
8.229449903367313e-5
8.229168735569366e-5
8.22515322124825e-5
8.225836961921863e-5
8.23232699339056e-5
8.231209507967271e-5
8.229122363939155e-5
8.229450419528014e-5
8.22742047887677e-5
8.221364616572055e-5
8.209933111023155e-5
8.191943864508766e-5
8.170489928758796e-5
8.157666116109216e-5
8.15962026265813e-5
8.168125568248042e-5
8.178708862865272e-5
8.190540874916651e-5
8.195277049200381e-5
7.73903343499557e-5
5.847799181080847e-5
3.284223308890086e-5
1.2208624798989077e-5
4.153920654577432e-6
1.5367796905001766e-6
4.7348717864397874e-7
7.991730589573207e-8
8.228117940525607e-5
8.215971763044888e-5
8.206324785504205e-5
8.199839759871792e-5
8.196587552225481e-5
8.196057182183895e-5
8.197354848060956e-5
8.199591660031735e-5
8.202230940327952e-5
8.205239178165433e-5
8.208977540015352e-5
8.213924010589645e-5
8.220402047349669e-5
8.228428194214847e-5
8.237723981811877e-5
8.247817317753247e-5
8.258180748780961e-5
8.268337275664557e-5
8.277919606380494e-5
8.286683829102368e-5
8.294502173897087e-5
8.301338474201929e-5
8.307219453532916e-5
8.312213192163702e-5
8.316410783867433e-5
8.319910663476154e-5
8.32279546753924e-5
8.24173618006888e-5
8.254099219233486e-5
8.260879084823071e-5
8.264137713782833e-5
8.266433526511907e-5
8.270423037040508e-5
8.269428506019305e-5
8.260109144335658e-5
8.254752409235268e-5
8.253092056498969e-5
8.251441936025513e-5
8.24972368896597e-5
8.248057453294414e-5
8.246252548257897e-5
8.244556516004219e-5
8.242813918861554e-5
8.241022349180382e-5
8.239340748561858e-5
8.237553403674176e-5
8.23576272742698e-5
8.234053733471396e-5
8.232333966858607e-5
8.230542335559927e-5
8.228921652946889e-5
8.227231868238598e-5
8.22559019798573e-5
8.228203457123851e-5
8.229422064054916e-5
8.229215010521292e-5
8.225134607856366e-5
8.225270924956297e-5
8.231934819653204e-5
8.231274885878551e-5
8.229232964534149e-5
8.230184164533289e-5
8.230006988473851e-5
8.22702898875201e-5
8.220615786130427e-5
8.209280800104002e-5
8.191398269180396e-5
8.170096211883747e-5
8.157653879678543e-5
8.159871842346959e-5
8.168457713754946e-5
8.179061360494547e-5
8.190920751236628e-5
8.195703491216008e-5
7.742260353883254e-5
5.855621226063189e-5
3.290704953646229e-5
1.2246070834559058e-5
4.1650664594468265e-6
1.5429769388227484e-6
4.761693294487633e-7
8.22470528492326e-8
8.228144281418141e-5
8.215997425892633e-5
8.20634828109538e-5
8.199854627450917e-5
8.196599298866518e-5
8.19606838666824e-5
8.197373743053792e-5
8.199615267172232e-5
8.202254064280187e-5
8.205256491335867e-5
8.208987518475861e-5
8.213929727641878e-5
8.22040667348736e-5
8.228434331628931e-5
8.237730961360992e-5
8.24782466250815e-5
8.258188055163677e-5
8.268344592416562e-5
8.27792602441931e-5
8.286689173081739e-5
8.294506330994211e-5
8.3013414877122e-5
8.307221466599289e-5
8.312214351608679e-5
8.316411237727858e-5
8.31991078503973e-5
8.241769823872942e-5
8.254136382030241e-5
8.260910291338821e-5
8.264163778529914e-5
8.266451116541573e-5
8.270431215934336e-5
8.269443974140735e-5
8.260115151500893e-5
8.254765520282856e-5
8.253086854773026e-5
8.251444311711756e-5
8.249734840858298e-5
8.248049772586458e-5
8.246290038544992e-5
8.244524325802699e-5
8.242827897302576e-5
8.240997096710539e-5
8.23933545014528e-5
8.237556529529829e-5
8.235769397545884e-5
8.234054270025214e-5
8.232331683420258e-5
8.230532217894972e-5
8.228897743103637e-5
8.227204388416404e-5
8.225549654399465e-5
8.228157251797162e-5
8.22939916020852e-5
8.22925224171737e-5
8.225192724992198e-5
8.22480805805471e-5
8.231447063688826e-5
8.231163428779325e-5
8.229074375599436e-5
8.230056954902987e-5
8.230964825049225e-5
8.229780282202765e-5
8.226435409923058e-5
8.220102315412779e-5
8.208854468600465e-5
8.190958862922669e-5
8.169762823585747e-5
8.157736178332572e-5
8.160221843531509e-5
8.168851335298033e-5
8.179489014762024e-5
8.191379787132298e-5
8.196248325247107e-5
7.745074359655904e-5
5.860642198565177e-5
3.297400420574557e-5
1.2278746014987773e-5
4.174006516380553e-6
1.542911752991186e-6
4.7505419785747193e-7
9.364915788597143e-8
8.228176411459451e-5
8.216029208210468e-5
8.206372609553934e-5
8.199870190211603e-5
8.196608883337049e-5
8.196083295573791e-5
8.197396439845512e-5
8.199642674347907e-5
8.202277752520001e-5
8.20527195274422e-5
8.208995547113504e-5
8.213934443680687e-5
8.22041124514091e-5
8.228440296484583e-5
8.237737747114386e-5
8.247832462036377e-5
8.258196537100979e-5
8.268353178912589e-5
8.277933485490828e-5
8.286695100089139e-5
8.294510866799261e-5
8.301344720846072e-5
8.307223593692655e-5
8.312215543068248e-5
8.316411671209571e-5
8.241806912568086e-5
8.254175782573434e-5
8.260948032180968e-5
8.264195209587405e-5
8.266474007693172e-5
8.270445025949786e-5
8.269455499422268e-5
8.260132069959576e-5
8.254772937964622e-5
8.253096273668334e-5
8.251437042951745e-5
8.249743873786768e-5
8.248046058215916e-5
8.246317077247563e-5
8.244522000751171e-5
8.242829896431837e-5
8.24099557222071e-5
8.239317790222436e-5
8.23756659081474e-5
8.23577066348281e-5
8.234059796324962e-5
8.232330681748692e-5
8.23053013366671e-5
8.228880694671088e-5
8.227185840732874e-5
8.225520328244065e-5
8.228121558493374e-5
8.229384094724334e-5
8.229288783957332e-5
8.225256582675828e-5
8.224428910773899e-5
8.230949899544996e-5
8.230912915729517e-5
8.228812780893951e-5
8.229498497700783e-5
8.231012695820305e-5
8.230903436168917e-5
8.229328721388395e-5
8.22605091911026e-5
8.219817301007275e-5
8.208553021867555e-5
8.190551187915662e-5
8.16952766307717e-5
8.157943246647058e-5
8.160637769196142e-5
8.16933078323568e-5
8.180005428257176e-5
8.191928989875042e-5
8.196968396891184e-5
7.749186639114174e-5
5.868996569567373e-5
3.3043592944173973e-5
1.2296201408234292e-5
4.161970504966719e-6
1.5062876126222163e-6
4.793784180186075e-7
1.4895048000771707e-7
8.228213841017858e-5
8.216065263384296e-5
8.206397839437884e-5
8.199883575118811e-5
8.196619443123707e-5
8.196101654833463e-5
8.197422507599593e-5
8.199669990523501e-5
8.202298345263843e-5
8.205284634485738e-5
8.20900280695779e-5
8.213939745082885e-5
8.220416579941287e-5
8.228446206959755e-5
8.237745068603133e-5
8.247841330988457e-5
8.258206412001163e-5
8.268362477193316e-5
8.277941209988857e-5
8.286701045883629e-5
8.294515519016709e-5
8.301348158660631e-5
8.307225868174946e-5
8.312216810966446e-5
8.241849423640444e-5
8.254216086359695e-5
8.260987306364314e-5
8.264228217082625e-5
8.266499342287843e-5
8.270462598793972e-5
8.269465734034141e-5
8.260151992460922e-5
8.254781226429593e-5
8.253115287205386e-5
8.25143009135866e-5
8.249751941469381e-5
8.248042638004218e-5
8.246332967320669e-5
8.244544320365654e-5
8.242823595117265e-5
8.241019985948093e-5
8.239290491494301e-5
8.237583206133407e-5
8.235765821182837e-5
8.234067269399242e-5
8.232330307435456e-5
8.230533030496809e-5
8.228869975304461e-5
8.227173958016428e-5
8.225500959460841e-5
8.228095440639709e-5
8.229377154369507e-5
8.229328189406554e-5
8.225329696530253e-5
8.224254581861417e-5
8.230468410008636e-5
8.230499292934006e-5
8.228552214406841e-5
8.228749345903086e-5
8.230587904768593e-5
8.231148130146637e-5
8.230583531174357e-5
8.22906329917096e-5
8.225889678029467e-5
8.219684002187974e-5
8.208269625416038e-5
8.190237140868467e-5
8.169446241182566e-5
8.158242880995505e-5
8.161156579126661e-5
8.169906308751733e-5
8.180618585709559e-5
8.19262170144668e-5
8.197878796074457e-5
7.754872592159078e-5
5.8787735527102276e-5
3.307615302642966e-5
1.223862877831752e-5
4.016478120237416e-6
1.4418127328044648e-6
4.66583860404714e-7
1.512191183104292e-7
8.228259068898292e-5
8.21610410049603e-5
8.206421840636779e-5
8.199895478098218e-5
8.196632845341661e-5
8.196122416990638e-5
8.197447672060548e-5
8.199692088026612e-5
8.202315198171646e-5
8.205296668916942e-5
8.209011842079076e-5
8.213946776476398e-5
8.220422578985822e-5
8.228452841665783e-5
8.237753748723879e-5
8.247851576725144e-5
8.258216660140046e-5
8.268371208889721e-5
8.2779481899989e-5
8.286706723507168e-5
8.29452036762246e-5
8.301352017805203e-5
8.307228459081563e-5
8.24190335252263e-5
8.254265309039487e-5
8.261032733004196e-5
8.264266378188142e-5
8.266528430835049e-5
8.270483725533144e-5
8.269479857467078e-5
8.260167741721812e-5
8.254796970655877e-5
8.253131110422963e-5
8.251438092250365e-5
8.249755931153923e-5
8.248042330013232e-5
8.2463410042117e-5
8.244571615341405e-5
8.24282492731419e-5
8.2410522471101e-5
8.239272574453112e-5
8.23759434955076e-5
8.235763788769323e-5
8.23406875361066e-5
8.232332958925296e-5
8.230536598439408e-5
8.22886535898826e-5
8.227166572637603e-5
8.225489867893407e-5
8.228077581243855e-5
8.229377162383113e-5
8.229371338782114e-5
8.225412442441449e-5
8.224310372714273e-5
8.230072031077906e-5
8.229998732221833e-5
8.228305100658634e-5
8.228043818849443e-5
8.229934098804709e-5
8.230934837199968e-5
8.230951042031657e-5
8.230430626049623e-5
8.229009279243609e-5
8.225908440318691e-5
8.219559129927462e-5
8.20807786749311e-5
8.190079158515619e-5
8.16949509109173e-5
8.158697184162931e-5
8.161783250907315e-5
8.170584481423413e-5
8.181387394527864e-5
8.193484877669942e-5
8.199094179435441e-5
7.760579473230111e-5
5.8841427818368555e-5
3.294263059194594e-5
1.1675120920711165e-5
3.6351500229208757e-6
1.3336162253533168e-6
4.836046398748516e-7
1.5171668606353687e-7
8.228311841180824e-5
8.216144182908829e-5
8.206444940660379e-5
8.199909982018157e-5
8.196649199880537e-5
8.196141352256233e-5
8.197465885224782e-5
8.199708785985147e-5
8.202331056518206e-5
8.205310650785192e-5
8.209022587427173e-5
8.213954302582891e-5
8.220429212298357e-5
8.22846104825048e-5
8.237763760774732e-5
8.247861668981662e-5
8.258225267502542e-5
8.268378230557874e-5
8.277954331163479e-5
8.286712650460417e-5
8.294525992483442e-5
8.301356677156943e-5
8.241967362202529e-5
8.254327211464305e-5
8.261090410283147e-5
8.264316957472008e-5
8.266567831056226e-5
8.270513727156266e-5
8.269502576142975e-5
8.260184203854186e-5
8.254816992555279e-5
8.253143451356779e-5
8.251457909260353e-5
8.249758810098694e-5
8.248050378227533e-5
8.246340473885669e-5
8.244594472846039e-5
8.242835979288253e-5
8.241077530427584e-5
8.239277800934332e-5
8.237590039480075e-5
8.235773860734466e-5
8.234057961753875e-5
8.23234042480726e-5
8.230537852246007e-5
8.228865561115455e-5
8.227162401450578e-5
8.225484866348704e-5
8.228066765710811e-5
8.229382344119446e-5
8.229417692585989e-5
8.225503347902357e-5
8.224436095063718e-5
8.229808936649576e-5
8.229524259407993e-5
8.228077096888768e-5
8.227602006600341e-5
8.229158574893934e-5
8.230495140693901e-5
8.230852129039931e-5
8.230905455733634e-5
8.230472642689213e-5
8.229163361229292e-5
8.225926853494591e-5
8.219525558203318e-5
8.208035793581751e-5
8.190053858691282e-5
8.169777062142334e-5
8.159314043843859e-5
8.162523911206013e-5
8.171431629381987e-5
8.18233650611115e-5
8.194633696553203e-5
8.200746699055666e-5
7.765551773632247e-5
5.8720566102967915e-5
3.167393434347741e-5
9.902230014761601e-6
3.607332483224657e-6
1.3977544541986008e-6
4.861712985716444e-7
1.5135730024539699e-7
8.228369312454772e-5
8.216185952343305e-5
8.206471760242002e-5
8.199929273457727e-5
8.196664425563907e-5
8.196153417792971e-5
8.19747809554049e-5
8.199724480288918e-5
8.202348241199263e-5
8.205325025129882e-5
8.20903229816501e-5
8.213961561170986e-5
8.220437028383479e-5
8.228470175540685e-5
8.23777272357067e-5
8.247869081708837e-5
8.258231456367212e-5
8.268384291793851e-5
8.277960958409639e-5
8.28671977988337e-5
8.294532900463033e-5
8.242037074973266e-5
8.25439701248768e-5
8.261156957913036e-5
8.264377740704256e-5
8.266618720256822e-5
8.270554402617078e-5
8.269535901448339e-5
8.260208113689682e-5
8.25483964568891e-5
8.253157703263664e-5
8.251478648602097e-5
8.249767419311378e-5
8.248063602885177e-5
8.246337671871788e-5
8.244610682395999e-5
8.242847018125677e-5
8.241094882741229e-5
8.239298555455594e-5
8.23757677312395e-5
8.235792604659249e-5
8.23403977027026e-5
8.232348562544925e-5
8.230538493810542e-5
8.228866952768734e-5
8.227161557133297e-5
8.225483351240481e-5
8.22806193917638e-5
8.229390808222878e-5
8.229465748808644e-5
8.225599878526652e-5
8.22458401217011e-5
8.229764301090634e-5
8.22910896977744e-5
8.227758384172559e-5
8.227375410785607e-5
8.228317445931726e-5
8.2299209168186e-5
8.230518187218843e-5
8.230908838380632e-5
8.231035981762694e-5
8.230750130219828e-5
8.229308511985689e-5
8.226035523745667e-5
8.219638774067003e-5
8.208102039142104e-5
8.190283130735828e-5
8.170308609378011e-5
8.160101936122949e-5
8.163451569358943e-5
8.17246280090083e-5
8.183584518117775e-5
8.196221840591064e-5
8.203129277506376e-5
7.761772402133956e-5
5.7377898617182784e-5
2.670658164604711e-5
9.290455208155672e-6
3.1587760609694615e-6
1.4141868801856808e-6
4.849227292802217e-7
1.5076136040425422e-7
8.228430351843348e-5
8.216232064828355e-5
8.206503414068309e-5
8.199948420393934e-5
8.19667396539124e-5
8.196160698985468e-5
8.197490205048173e-5
8.199741415822643e-5
8.202364317279627e-5
8.205336649101802e-5
8.209040602197596e-5
8.213969254469579e-5
8.220444840664177e-5
8.228477181534068e-5
8.237778367590051e-5
8.247874250972999e-5
8.258237378728769e-5
8.268391363577386e-5
8.277968842310925e-5
8.286727943722941e-5
8.24211119970519e-5
8.25447223784684e-5
8.261228772592201e-5
8.264443191700428e-5
8.266675102673024e-5
8.270601152923456e-5
8.2695763772614e-5
8.260239776108425e-5
8.254866248850435e-5
8.253179040163497e-5
8.251495066401641e-5
8.249786058513975e-5
8.248073887143548e-5
8.246345354896832e-5
8.244616997879072e-5
8.242856814560824e-5
8.241104463537768e-5
8.239319586814608e-5
8.237568356185993e-5
8.235807149599914e-5
8.234028187608862e-5
8.232348631843213e-5
8.230544228257126e-5
8.228864738131325e-5
8.227164732593684e-5
8.225483008487199e-5
8.228061954872793e-5
8.229401032481843e-5
8.229513510320569e-5
8.225698832582925e-5
8.224747067049242e-5
8.229878137820925e-5
8.228803511903312e-5
8.227327037186814e-5
8.227211656532381e-5
8.227468992825508e-5
8.229232376360584e-5
8.230074552622636e-5
8.230671698633561e-5
8.231121705268132e-5
8.231428858350197e-5
8.231011522595145e-5
8.229541840414565e-5
8.22629107585564e-5
8.219831221014247e-5
8.2084011250445e-5
8.190788313734345e-5
8.171112524434595e-5
8.161142558458298e-5
8.164574413523854e-5
8.173804057050424e-5
8.185294865846168e-5
8.19856783944338e-5
8.206944674799551e-5
7.688125199828731e-5
5.045220507342814e-5
2.0995495010406483e-5
6.639012238863648e-6
3.0452047605614863e-6
1.4108250059740069e-6
4.826902838886411e-7
1.5043628425530675e-7
8.228494649425317e-5
8.216280377961982e-5
8.206533614463109e-5
8.199962407115058e-5
8.196679916383756e-5
8.196168629319295e-5
8.19750349153476e-5
8.199756039626307e-5
8.202376417656679e-5
8.205346053387633e-5
8.209048661363041e-5
8.213975995917947e-5
8.22044988668067e-5
8.228481218159838e-5
8.237782948513084e-5
8.247880253752254e-5
8.258244441988311e-5
8.268398864472626e-5
8.277976702059365e-5
8.242187594281801e-5
8.254552696704174e-5
8.261307058198952e-5
8.264514568402914e-5
8.266736316666723e-5
8.270651667429146e-5
8.269621013803769e-5
8.260276799415051e-5
8.254897642786922e-5
8.253208202988008e-5
8.2515132195859e-5
8.249809832668533e-5
8.24808467236523e-5
8.246362996620777e-5
8.244620011331842e-5
8.242869741320598e-5
8.241106494389056e-5
8.23933543361286e-5
8.237568157901446e-5
8.235811932646806e-5
8.234031039652512e-5
8.232337595232182e-5
8.23055786024385e-5
8.22885747293021e-5
8.227170806196567e-5
8.22548307197484e-5
8.228065022496544e-5
8.229412363541292e-5
8.229559047341726e-5
8.225796692489137e-5
8.224917682668295e-5
8.230013853616542e-5
8.228730222708474e-5
8.226930108088297e-5
8.227062722521127e-5
8.226910348619824e-5
8.228489859005992e-5
8.229589148463909e-5
8.230318887801455e-5
8.230961556638084e-5
8.231623589614466e-5
8.231799504390525e-5
8.231358552521987e-5
8.229924815597246e-5
8.226598634759632e-5
8.220228223555524e-5
8.208951325420268e-5
8.191594016711108e-5
8.172280836928151e-5
8.162434458833736e-5
8.166022955721938e-5
8.175620047014437e-5
8.187794099118855e-5
8.202450799662967e-5
8.213868180594214e-5
7.170294549371322e-5
4.156251237471756e-5
1.37383127046729e-5
6.282003991361483e-6
2.982239622556849e-6
1.403601800539766e-6
4.811720384219977e-7
1.501064019385408e-7
8.228558411898261e-5
8.216325494520399e-5
8.206558832746554e-5
8.199973278324589e-5
8.196686103518786e-5
8.196176614123092e-5
8.197513140954125e-5
8.199765708250173e-5
8.202385617562184e-5
8.205354449599344e-5
8.209054998411829e-5
8.213980025218119e-5
8.220453160503441e-5
8.228485642874104e-5
8.237788763113591e-5
8.247886390780382e-5
8.258250418567229e-5
8.26840559285411e-5
8.242262588351391e-5
8.254635061075879e-5
8.261390757482304e-5
8.264593247656185e-5
8.266805426068032e-5
8.270709570277502e-5
8.269672128999177e-5
8.260320307358851e-5
8.254934330029626e-5
8.253243633409554e-5
8.251539350778258e-5
8.249835280965127e-5
8.248103020129131e-5
8.246381847879769e-5
8.244632310325257e-5
8.242884933149625e-5
8.241111295197099e-5
8.239347193784039e-5
8.237572822190062e-5
8.23581261718915e-5
8.234042473510034e-5
8.232324133311048e-5
8.230573787046389e-5
8.228850433153111e-5
8.227175321834688e-5
8.225484871739952e-5
8.228068559781662e-5
8.229424867983971e-5
8.22960109791915e-5
8.22589032889032e-5
8.22508812931951e-5
8.23016413277159e-5
8.228820361678407e-5
8.226664718999366e-5
8.22680820379945e-5
8.226725705299182e-5
8.227728873696245e-5
8.229101286809285e-5
8.229918334856679e-5
8.230680260180795e-5
8.231566298129096e-5
8.232098552057121e-5
8.232253949831504e-5
8.231859806797287e-5
8.230334272766674e-5
8.227085386283986e-5
8.220841296076618e-5
8.209764830813828e-5
8.192797605424045e-5
8.173795518788406e-5
8.164112673523068e-5
8.16796079482121e-5
8.178242622657653e-5
8.191893301070076e-5
8.209790105712216e-5
8.255014558085491e-5
6.769971372807831e-5
2.711980309034992e-5
1.2784246754019258e-5
6.110525513649378e-6
2.9347579311259676e-6
1.397814285679542e-6
4.797537768483074e-7
1.4957777534266985e-7
8.228618828204769e-5
8.216366453828626e-5
8.206581164900897e-5
8.19998315448637e-5
8.196690809389387e-5
8.196180201905068e-5
8.197517861166558e-5
8.199772367912895e-5
8.20239309831936e-5
8.205360351376957e-5
8.209058799453924e-5
8.213983303912898e-5
8.220457477331157e-5
8.228490573874938e-5
8.237793094035906e-5
8.247890349724739e-5
8.25825596900808e-5
8.242334396874504e-5
8.254716075419219e-5
8.261475919119696e-5
8.264676222285317e-5
8.266880809313728e-5
8.270775649856988e-5
8.269732176431749e-5
8.260373090315837e-5
8.254977992983529e-5
8.253284215962581e-5
8.251574509223595e-5
8.249863587673862e-5
8.248131121459697e-5
8.246398778574228e-5
8.244657095552689e-5
8.242900093081527e-5
8.241130567087297e-5
8.239357375991127e-5
8.237584538483677e-5
8.235815115362804e-5
8.234054196546198e-5
8.23231916593159e-5
8.230583544662706e-5
8.228851311841237e-5
8.227173500876911e-5
8.225490012275707e-5
8.228070384401698e-5
8.229438285570944e-5
8.229639680180299e-5
8.2259777906275e-5
8.225251875441595e-5
8.23032037635162e-5
8.228941767649426e-5
8.226551892368787e-5
8.226508564117473e-5
8.226665762551622e-5
8.227017736413409e-5
8.22855935066492e-5
8.229509792703878e-5
8.230346503991311e-5
8.231381509985252e-5
8.232140776119085e-5
8.232655559434498e-5
8.232867672642556e-5
8.232363473542357e-5
8.23090188239898e-5
8.227758422598538e-5
8.221666168774038e-5
8.210939801532942e-5
8.19437455394648e-5
8.175785591155293e-5
8.166328288260195e-5
8.170726461119185e-5
8.182503285903563e-5
8.199285551921666e-5
8.250240174735822e-5
8.328145571701579e-5
4.590867763236196e-5
2.5214206711926435e-5
1.2399536217928854e-5
5.992222332196157e-6
2.8990426921478093e-6
1.3927830252163119e-6
4.779193608710133e-7
1.4970491606017276e-7
8.228675045767391e-5
8.21640340854506e-5
8.206600398807931e-5
8.199990164530108e-5
8.196691741131306e-5
8.196180747163708e-5
8.197520929646408e-5
8.199777419376206e-5
8.202397610305499e-5
8.205363737394058e-5
8.209062195331567e-5
8.21398739181586e-5
8.220461252777666e-5
8.228493112641288e-5
8.237795402233939e-5
8.24789483016888e-5
8.242400169634984e-5
8.254793142942452e-5
8.261559677884529e-5
8.264760280328425e-5
8.266958938955755e-5
8.270846094310582e-5
8.269798692191672e-5
8.260434341012492e-5
8.255030052837259e-5
8.253330441400307e-5
8.251616985007074e-5
8.2498977456452e-5
8.24816607913738e-5
8.246420203831669e-5
8.244685179876461e-5
8.242919580917709e-5
8.241159647570538e-5
8.23937387470003e-5
8.237605561537998e-5
8.235823409136367e-5
8.23406516925246e-5
8.232324331768251e-5
8.230586165307096e-5
8.22886105485951e-5
8.227166341263777e-5
8.2254969960854e-5
8.228070782209631e-5
8.229450671880078e-5
8.229675889453616e-5
8.226058598856537e-5
8.225405158186735e-5
8.230474704157937e-5
8.229079477546771e-5
8.226595044571008e-5
8.226294623493534e-5
8.226530208634708e-5
8.226685762201388e-5
8.227952718690514e-5
8.229121657333854e-5
8.230001275910292e-5
8.231138336681832e-5
8.23205087412812e-5
8.232796149132465e-5
8.233377867134692e-5
8.233460658265897e-5
8.23300574379578e-5
8.231632375847004e-5
8.228597401069824e-5
8.222805095119103e-5
8.212449065909961e-5
8.196447233348233e-5
8.178374512373727e-5
8.169416814368003e-5
8.175170351874128e-5
8.190132226719802e-5
8.236764605557195e-5
8.303311178164949e-5
6.964388957078213e-5
4.4742876530509145e-5
2.458105100663214e-5
1.2138311326100689e-5
5.904277075689425e-6
2.8723009304968477e-6
1.3872997985402797e-6
4.77939248111374e-7
1.4904893137472758e-7
8.228724304023596e-5
8.216434034047434e-5
8.206614878634164e-5
8.199993962910715e-5
8.196691774702317e-5
8.196181564789093e-5
8.197523381109882e-5
8.199779904541987e-5
8.20240007537321e-5
8.205366995864795e-5
8.20906604531247e-5
8.213990371673134e-5
8.22046278854024e-5
8.228494567815699e-5
8.23779887978854e-5
8.242456173740138e-5
8.2548620788072e-5
8.26163836797286e-5
8.264842860548651e-5
8.267038049679304e-5
8.270918290125836e-5
8.269868337481594e-5
8.26050040738214e-5
8.255089701256026e-5
8.253383509585834e-5
8.251665737066141e-5
8.249939420333329e-5
8.248205807355729e-5
8.246451994891125e-5
8.244711567241256e-5
8.24294728976212e-5
8.241186241922045e-5
8.239403331534595e-5
8.237630812116595e-5
8.235843886014171e-5
8.234077172050375e-5
8.232335594970957e-5
8.230587712730332e-5
8.228872342069604e-5
8.227161433023941e-5
8.225500855821634e-5
8.228073060126882e-5
8.229458669696047e-5
8.229710542590615e-5
8.226133136282568e-5
8.225547549586878e-5
8.23062330343093e-5
8.229222596918616e-5
8.226728420190756e-5
8.226166254406443e-5
8.226334804698652e-5
8.226665672828402e-5
8.227333867133237e-5
8.228763104699726e-5
8.229675325228172e-5
8.2308787885194e-5
8.231898296191966e-5
8.232801251798707e-5
8.233623507634616e-5
8.234057745412438e-5
8.234175277788974e-5
8.233791927953599e-5
8.232486490434924e-5
8.229708438365244e-5
8.22422162329343e-5
8.214413936035823e-5
8.19911587774232e-5
8.181878425618686e-5
8.174239337165185e-5
8.183126261746746e-5
8.223349027567143e-5
8.269276399913517e-5
8.394240923220634e-5
6.395719942065281e-5
4.516698769531365e-5
2.4150768849521664e-5
1.1948219829945656e-5
5.840530081068273e-6
2.853559129723231e-6
1.3862524444636589e-6
4.7611159568270343e-7
1.502355142438803e-7
8.228764215502826e-5
8.21645748787158e-5
8.206625028487975e-5
8.19999677669736e-5
8.19669249790473e-5
8.196182552862354e-5
8.197524356652621e-5
8.199781493861287e-5
8.202402996740734e-5
8.205370550116446e-5
8.209068561168252e-5
8.213991558980235e-5
8.220463982273882e-5
8.228497187964345e-5
8.242501384947786e-5
8.25492009016343e-5
8.261707786431959e-5
8.264919767292736e-5
8.267115723869224e-5
8.270991395539797e-5
8.269940062566758e-5
8.260569482435773e-5
8.255154737082293e-5
8.253443618592393e-5
8.251720968621785e-5
8.249988676764713e-5
8.248250464789547e-5
8.246494398569997e-5
8.244740977305734e-5
8.242982173778324e-5
8.241209131793747e-5
8.239440613015639e-5
8.237656493888925e-5
8.235877841761975e-5
8.234092472047345e-5
8.232351263789058e-5
8.230593049631333e-5
8.228878536277786e-5
8.227164930341503e-5
8.225498393996905e-5
8.22808035240956e-5
8.22946065280995e-5
8.229742288108421e-5
8.226201405392363e-5
8.225679996907184e-5
8.230767597554312e-5
8.22936577868247e-5
8.226874223651946e-5
8.226106908059495e-5
8.22618442075059e-5
8.226661552230544e-5
8.227015254505842e-5
8.22836387750557e-5
8.229395094717267e-5
8.230635312878296e-5
8.231726347753339e-5
8.232740224971804e-5
8.233730792715752e-5
8.234389228430742e-5
8.234842792293478e-5
8.235017255685693e-5
8.234664635662876e-5
8.233579065139948e-5
8.231044683394429e-5
8.226040074006365e-5
8.21691998099907e-5
8.202678867059639e-5
8.187126007111639e-5
8.182768660420619e-5
8.2113129954076e-5
8.244906928243506e-5
8.29627279965372e-5
8.482064029908894e-5
6.339874996612565e-5
4.5237993458711354e-5
2.3800078300141404e-5
1.1809728545653046e-5
5.797093977234811e-6
2.842683433501518e-6
1.381924674522491e-6
4.79261132282678e-7
1.4989262100077186e-7
8.228794950526404e-5
8.216474341019749e-5
8.206631920932076e-5
8.19999881646253e-5
8.196693249983308e-5
8.196182978991786e-5
8.197525414887187e-5
8.199783817465865e-5
8.202405889227413e-5
8.205372504874771e-5
8.209069519257225e-5
8.213992667102286e-5
8.220465982171222e-5
8.242536284893159e-5
8.254967094188607e-5
8.261766182813543e-5
8.264987334837405e-5
8.26718777910717e-5
8.271063005742172e-5
8.270012836176384e-5
8.260641342271498e-5
8.25522348812852e-5
8.25350958696693e-5
8.251782649499402e-5
8.250045091353143e-5
8.24830089122578e-5
8.24654408533492e-5
8.244779587991695e-5
8.24302131088965e-5
8.241238293416915e-5
8.239474927727172e-5
8.237687072708993e-5
8.235914961095081e-5
8.234117469876806e-5
8.232369984870014e-5
8.230605373395841e-5
8.228879856343292e-5
8.22717522378486e-5
8.22549292819754e-5
8.228091445475311e-5
8.229460374476163e-5
8.229767514597533e-5
8.226262515297368e-5
8.225801176872252e-5
8.23091154079318e-5
8.229511395921547e-5
8.227025060763337e-5
8.226155735132555e-5
8.226067057524965e-5
8.22660134492739e-5
8.227023975226951e-5
8.227917415714938e-5
8.229182670246025e-5
8.230436520996892e-5
8.231568951391368e-5
8.232657438794793e-5
8.233769151591024e-5
8.234580841059328e-5
8.235244350365744e-5
8.235741946193064e-5
8.235910509988778e-5
8.235745759343048e-5
8.234850439834887e-5
8.232733438904246e-5
8.228333880903173e-5
8.220252618548945e-5
8.207890826998705e-5
8.196107162429811e-5
8.205416208811081e-5
8.227484348020858e-5
8.244460685051859e-5
8.325487789249897e-5
8.530182479910048e-5
6.328942573730158e-5
4.484679282298321e-5
2.3539790801618853e-5
1.1717807638810052e-5
5.772833922715391e-6
2.8391450187378878e-6
1.3886577510670675e-6
4.787563626711196e-7
1.510743123955741e-7
8.228816994358004e-5
8.216485280936332e-5
8.206635981992296e-5
8.20000009181899e-5
8.196693660681128e-5
8.196183565178798e-5
8.197526715399684e-5
8.199785555946664e-5
8.20240708940138e-5
8.205373218145e-5
8.209070558471505e-5
8.213994272242432e-5
8.24256120672584e-5
8.255003243727574e-5
8.261813505441375e-5
8.265044255909078e-5
8.267251050997035e-5
8.271129273357543e-5
8.270083603043247e-5
8.26071429433888e-5
8.255294611978034e-5
8.253579507769156e-5
8.251849756082365e-5
8.250107977603849e-5
8.248357767657138e-5
8.24659850138558e-5
8.244827999612835e-5
8.243064030382069e-5
8.241279534561895e-5
8.239505190866644e-5
8.237725792771971e-5
8.235946340960609e-5
8.234156021064152e-5
8.232389788966971e-5
8.230628841241715e-5
8.228881334437322e-5
8.227187339711103e-5
8.22549131498446e-5
8.228101431012663e-5
8.229465768198288e-5
8.229783993037849e-5
8.226315585844743e-5
8.225906102886467e-5
8.23105568143053e-5
8.229665543471238e-5
8.227184598529667e-5
8.226282926921752e-5
8.225998709262542e-5
8.226500076088071e-5
8.227101610435448e-5
8.227587244706001e-5
8.228966333269514e-5
8.230306176603577e-5
8.23145712186689e-5
8.232587710307224e-5
8.233783195181947e-5
8.234702816189465e-5
8.235506006674816e-5
8.236201350049934e-5
8.236659592011518e-5
8.236986630298468e-5
8.236963951632268e-5
8.23642932989393e-5
8.234831787991542e-5
8.23136987872774e-5
8.22507608043155e-5
8.216552022193581e-5
8.213413059681037e-5
8.218484894578444e-5
8.218875340639377e-5
8.247898614437012e-5
8.345612649880615e-5
8.552531132409001e-5
6.316114127822249e-5
4.448242563448738e-5
2.3369918446947032e-5
1.1669125135368313e-5
5.765685199047853e-6
2.8430833354291557e-6
1.3888013674797198e-6
4.822121254028283e-7
1.5137693570826277e-7
8.228831224264254e-5
8.216491660641861e-5
8.20663823322163e-5
8.200000657859898e-5
8.19669371013818e-5
8.196183650787662e-5
8.197527140756708e-5
8.199786081801323e-5
8.202407750499885e-5
8.205374280446458e-5
8.209071905077848e-5
8.242577359794201e-5
8.255028878728662e-5
8.261849573648951e-5
8.265090180931382e-5
8.267304311380286e-5
8.271187391581599e-5
8.270148729319964e-5
8.260784791420069e-5
8.255366025970027e-5
8.253651242696288e-5
8.251920470845876e-5
8.250176095586335e-5
8.248421125112482e-5
8.246657641624383e-5
8.244883730188804e-5
8.243111465430537e-5
8.241329696302744e-5
8.239539555035353e-5
8.237768269870983e-5
8.235976509649754e-5
8.234200015370312e-5
8.232414215397523e-5
8.230662222469555e-5
8.22889138603444e-5
8.227199421572786e-5
8.225498329202699e-5
8.228107072255059e-5
8.229481821774197e-5
8.229795406363505e-5
8.226361088485944e-5
8.225990142917467e-5
8.231193080397501e-5
8.229829621749604e-5
8.227361274429941e-5
8.226425254997624e-5
8.225972691059075e-5
8.226415599975223e-5
8.227187123638014e-5
8.227514503738502e-5
8.228723764650788e-5
8.230254997165974e-5
8.231415977331978e-5
8.232563162179128e-5
8.233808425865178e-5
8.234800500099938e-5
8.235698411389959e-5
8.236522833314582e-5
8.237146789009295e-5
8.237735522699672e-5
8.238162742254118e-5
8.238449703734602e-5
8.238358272567702e-5
8.237590569780986e-5
8.235727102018284e-5
8.232909803782522e-5
8.22940034040211e-5
8.223762133604299e-5
8.208426652470919e-5
8.211202427709001e-5
8.250233719541627e-5
8.35411951534696e-5
8.559327606560735e-5
6.307489185711413e-5
4.426102175516816e-5
2.3292570867596704e-5
1.1659424571706534e-5
5.775907065348495e-6
2.853855272163107e-6
1.3973311108426728e-6
4.83672801524937e-7
1.5168894767027847e-7
8.228839662754864e-5
8.216495085203186e-5
8.206639090300014e-5
8.200000350275234e-5
8.19669292882103e-5
8.196183092837816e-5
8.197527234992563e-5
8.199786886127046e-5
8.202408930755224e-5
8.205375413035638e-5
8.242587041006809e-5
8.25504552746225e-5
8.261874934542188e-5
8.265124863877306e-5
8.267347046682649e-5
8.271236144839299e-5
8.270205758022623e-5
8.260849463504446e-5
8.255434799266518e-5
8.253722551467425e-5
8.251992584630826e-5
8.250247507369823e-5
8.248489856777812e-5
8.246722308286346e-5
8.244945337836455e-5
8.243165402129079e-5
8.241383875986081e-5
8.239584723135561e-5
8.237809633779637e-5
8.236015190255894e-5
8.234237809656882e-5
8.232449733536756e-5
8.2306960853461e-5
8.228919171817684e-5
8.227212411756588e-5
8.225516815739514e-5
8.228110284561623e-5
8.22950555954359e-5
8.229810413004265e-5
8.22640097850324e-5
8.226055571931223e-5
8.231313673555458e-5
8.229995281588863e-5
8.227555932188391e-5
8.22659674444681e-5
8.225975182706599e-5
8.226354657584994e-5
8.227197230388823e-5
8.22760311906411e-5
8.228484335641507e-5
8.230247260410808e-5
8.23145690869487e-5
8.232609362381883e-5
8.233877071240683e-5
8.234909557945068e-5
8.235867166558708e-5
8.236777077635122e-5
8.237500489937443e-5
8.238228541210813e-5
8.238878298316552e-5
8.239568904178115e-5
8.240230679641836e-5
8.240869982503694e-5
8.241513635552929e-5
8.242664990961476e-5
8.242059385162563e-5
8.23739564803008e-5
8.21501427580178e-5
8.197166622236057e-5
8.206141380573193e-5
8.248782835917284e-5
8.354191377157835e-5
8.556060465411199e-5
6.309804713082568e-5
4.420417820534222e-5
2.3297379450477726e-5
1.1688622573304247e-5
5.802141532993355e-6
2.8708723935013775e-6
1.4026589371399785e-6
4.850955425731353e-7
1.5279699641214167e-7
8.228844117444756e-5
8.216496333896523e-5
8.206638731588822e-5
8.199999292638953e-5
8.196691929180405e-5
8.196182905913235e-5
8.197528087074402e-5
8.199788110942943e-5
8.202409841038203e-5
8.242592113097923e-5
8.25505554823131e-5
8.261891379984469e-5
8.265149067653829e-5
8.26737912738158e-5
8.271275047488959e-5
8.27025350347314e-5
8.260906135278477e-5
8.255497996269538e-5
8.253790912236322e-5
8.252063802482936e-5
8.250319858603048e-5
8.248561743479568e-5
8.246791915447062e-5
8.245012322069231e-5
8.24322679528027e-5
8.241441467221406e-5
8.239640730057071e-5
8.23785257898503e-5
8.23606413400828e-5
8.234270695199032e-5
8.23249439573061e-5
8.230725506488181e-5
8.228963747771922e-5
8.227229509971947e-5
8.225547831930519e-5
8.22811800658089e-5
8.229529926675197e-5
8.229835634912102e-5
8.226436848878693e-5
8.226111983162529e-5
8.23141524966246e-5
8.230149693021604e-5
8.227755429868247e-5
8.226799739578447e-5
8.226026530696309e-5
8.226330301274321e-5
8.227157829800517e-5
8.227705583098882e-5
8.228270213742991e-5
8.23021616056681e-5
8.231569380452768e-5
8.23273679797939e-5
8.234014555898511e-5
8.235062762027133e-5
8.23604805486025e-5
8.237009315662129e-5
8.237791397837242e-5
8.238593341602579e-5
8.239346866566065e-5
8.240217318851042e-5
8.241219777909731e-5
8.242525235716943e-5
8.244408812570637e-5
8.247658756616567e-5
8.248533010134933e-5
8.2483488247017e-5
8.231063332234298e-5
8.204445196996757e-5
8.189291414492815e-5
8.20116483240479e-5
8.244437398612542e-5
8.350693102358118e-5
8.548411751463996e-5
6.32677560472067e-5
4.430513478212839e-5
2.338560273238838e-5
1.1753635812025519e-5
5.843185561283776e-6
2.893754420702e-6
1.4078421818583638e-6
4.886927054672552e-7
1.5356464282041863e-7
8.228845728574404e-5
8.216496080707783e-5
8.206637762647829e-5
8.199998255261288e-5
8.196691503888653e-5
8.196183509626804e-5
8.197529130166213e-5
8.199788779572973e-5
8.24259395533529e-5
8.255060802495603e-5
8.26190127661576e-5
8.265164693573208e-5
8.267401398744085e-5
8.271304160600118e-5
8.27029146316741e-5
8.260953624131324e-5
8.255553328164645e-5
8.253853631860314e-5
8.252131683025793e-5
8.250390800651635e-5
8.24863413859368e-5
8.246864232828909e-5
8.245083398162486e-5
8.243294615073564e-5
8.241504081308004e-5
8.239704161899469e-5
8.237903469248786e-5
8.23611869209016e-5
8.234311150410121e-5
8.23253929442137e-5
8.230758674083307e-5
8.229010503218512e-5
8.227257427992281e-5
8.225585239519913e-5
8.228140731050667e-5
8.229551158890714e-5
8.229871920473712e-5
8.226468242503857e-5
8.226166874289251e-5
8.231509084162716e-5
8.230288231203716e-5
8.227942453208432e-5
8.227015784737788e-5
8.226128013271609e-5
8.226366662287904e-5
8.227158695133524e-5
8.227809751093794e-5
8.228214940941253e-5
8.23014031793822e-5
8.231722329890853e-5
8.232933292745331e-5
8.234229911046753e-5
8.235284746597791e-5
8.236273319427826e-5
8.237254816700462e-5
8.23806515112747e-5
8.238901055244001e-5
8.239696634963855e-5
8.240629713938769e-5
8.241754539598511e-5
8.243321650796519e-5
8.245727610831384e-5
8.249886482512298e-5
8.250641091109564e-5
8.253546097899061e-5
8.244395756889704e-5
8.223109854123188e-5
8.196471647996839e-5
8.183150267001231e-5
8.195134658778484e-5
8.239975119802644e-5
8.345282013915655e-5
8.538733134846837e-5
6.358066152950508e-5
4.456615663385268e-5
2.355103627774119e-5
1.1852635201910408e-5
5.89867785516963e-6
2.921599452936879e-6
1.418078261055637e-6
4.915583876906378e-7
1.5404660855857385e-7
8.228845566663213e-5
8.216495230733635e-5
8.206636823911518e-5
8.199997634586861e-5
8.196691656146061e-5
8.196184165570089e-5
8.197529552930731e-5
8.24259383001656e-5
8.255062735677731e-5
8.26190648848254e-5
8.265174057494343e-5
8.267415688321836e-5
8.271324320021494e-5
8.270319823397024e-5
8.26099138975732e-5
8.255599509073488e-5
8.253908358241306e-5
8.252193683244913e-5
8.250457987710066e-5
8.24870459665933e-5
8.246936500104122e-5
8.24515622921603e-5
8.243366356731296e-5
8.241571795780851e-5
8.239771785952495e-5
8.237964654675234e-5
8.236175800630228e-5
8.23436688118252e-5
8.232581940923539e-5
8.23080515105856e-5
8.229048647877653e-5
8.227300228599258e-5
8.22561803059241e-5
8.228185124925168e-5
8.229571817466856e-5
8.229918898259808e-5
8.226494838277856e-5
8.226216434228371e-5
8.231610058720345e-5
8.230419881143348e-5
8.228113526051094e-5
8.22721992837307e-5
8.226257622536943e-5
8.226462753101578e-5
8.227226423473712e-5
8.227950066033805e-5
8.22828987414165e-5
8.230023574868907e-5
8.23186960282324e-5
8.233166383110922e-5
8.234508666619103e-5
8.235583687092043e-5
8.23656593542984e-5
8.237544473510318e-5
8.23835617419669e-5
8.239196624947254e-5
8.239998047189224e-5
8.24093538463532e-5
8.242069487646618e-5
8.243688160463971e-5
8.246230938139761e-5
8.250643386445504e-5
8.250483013327376e-5
8.254621966282156e-5
8.251609844621402e-5
8.238376096604331e-5
8.216362578485864e-5
8.190569857843816e-5
8.176648959747228e-5
8.19009462113203e-5
8.236018189416789e-5
8.338921871838432e-5
8.528875529243126e-5
6.40496782408569e-5
4.497669361985697e-5
2.3790668920841357e-5
1.1984715034803896e-5
5.966929396712459e-6
2.954261329757535e-6
1.4275481345133475e-6
4.936173433423817e-7
1.5458652946202507e-7
8.228844723720041e-5
8.216494343547655e-5
8.206636077920482e-5
8.199997352280863e-5
8.196691866618439e-5
8.196184360935189e-5
8.24259292509407e-5
8.255062621613964e-5
8.261908435374188e-5
8.265179004016932e-5
8.267424171949045e-5
8.271337190755572e-5
8.27033941992768e-5
8.261019625943531e-5
8.25563615656226e-5
8.253953791399105e-5
8.252247558081165e-5
8.25051904007354e-5
8.248770856590483e-5
8.247006255366861e-5
8.245228218885962e-5
8.243439217075418e-5
8.241642876411057e-5
8.239841733006256e-5
8.238033192512972e-5
8.236236238959133e-5
8.234433638594243e-5
8.23262976814739e-5
8.230862259372926e-5
8.229086295834927e-5
8.227351230225948e-5
8.22564553922068e-5
8.228242436373684e-5
8.229599800549485e-5
8.229976329381764e-5
8.226522672987371e-5
8.226249546056712e-5
8.231720458961122e-5
8.230556430943546e-5
8.228282305219714e-5
8.227407310963012e-5
8.226410510654491e-5
8.226592216435737e-5
8.227356102178083e-5
8.228154124346082e-5
8.228409898093025e-5
8.229903648608011e-5
8.231956246138484e-5
8.23339914797157e-5
8.2348162245606e-5
8.235943980683894e-5
8.236932444338073e-5
8.237899256059822e-5
8.23869391225466e-5
8.23951399022306e-5
8.24029551664442e-5
8.241204578014864e-5
8.242292656982619e-5
8.243858976353785e-5
8.24634298389379e-5
8.250673622792392e-5
8.249672584316809e-5
8.253618699955948e-5
8.254570207511644e-5
8.246839477566859e-5
8.232182361645814e-5
8.211460168198441e-5
8.184597728726454e-5
8.170996329729892e-5
8.186822924114894e-5
8.231728404614159e-5
8.331932176271382e-5
8.518947425814499e-5
6.466520482407151e-5
4.55327790994795e-5
2.4097903531668856e-5
1.2145676577366933e-5
6.048463058255906e-6
2.9917134929930673e-6
1.4359063900636871e-6
4.959236371755222e-7
1.5463166259250222e-7
8.228843803687954e-5
8.216493532467903e-5
8.206635511485864e-5
8.199997195833685e-5
8.196691871163661e-5
8.242591940189856e-5
8.25506165932921e-5
8.26190832439927e-5
8.265180872943502e-5
8.267428627223074e-5
8.271344740847823e-5
8.270351858675722e-5
8.261039097683799e-5
8.255663578008796e-5
8.253989695660944e-5
8.252292091389212e-5
8.250571837653534e-5
8.248830706315141e-5
8.247071329742383e-5
8.245297038337312e-5
8.24351060395916e-5
8.24171490573757e-5
8.23991305891146e-5
8.238105034567585e-5
8.236301392360254e-5
8.234503401819016e-5
8.232689597384762e-5
8.230920691084851e-5
8.229138176792481e-5
8.227399565437255e-5
8.225681171172853e-5
8.228293120364346e-5
8.229643426193332e-5
8.230037553027523e-5
8.226564973119243e-5
8.226261513688458e-5
8.231830453157417e-5
8.230697777945569e-5
8.228460540739017e-5
8.227599840194649e-5
8.22658802408114e-5
8.226740552725567e-5
8.227513976160174e-5
8.228417210235929e-5
8.228604679015297e-5
8.229842438368931e-5
8.232013233003267e-5
8.23361417156702e-5
8.235114739757314e-5
8.23633043703023e-5
8.237355673318037e-5
8.238323389609974e-5
8.239097736281056e-5
8.239879735439936e-5
8.240621327271712e-5
8.241480685454729e-5
8.242494526268458e-5
8.243960687905108e-5
8.246295883428254e-5
8.250379974123146e-5
8.248853668321137e-5
8.251977095722075e-5
8.255138847108538e-5
8.251332942583039e-5
8.240440281843125e-5
8.227819452670238e-5
8.206951551320264e-5
8.178506562521138e-5
8.167824865081923e-5
8.18399543803702e-5
8.227060422007702e-5
8.324464997523809e-5
8.509069474055563e-5
6.543168420399949e-5
4.6146683205364456e-5
2.4446663453890407e-5
1.2337910306908273e-5
6.144378994995782e-6
3.0344339524284594e-6
1.4451430151721211e-6
4.970341001884551e-7
1.5570759798236864e-7
8.22884296188676e-5
8.216492837419559e-5
8.20663512137659e-5
8.199997055403909e-5
8.242591090689486e-5
8.255060623202353e-5
8.26190732118709e-5
8.265180759343412e-5
8.267430301055109e-5
8.271348657603735e-5
8.270359081513692e-5
8.261051332444324e-5
8.255682510175146e-5
8.254016510619204e-5
8.25232713537501e-5
8.250615265183284e-5
8.248882174176936e-5
8.247129687724168e-5
8.245360632302665e-5
8.243578184541364e-5
8.241785205676594e-5
8.23998444236566e-5
8.238177635891926e-5
8.236370777191972e-5
8.234572616324261e-5
8.232760293375745e-5
8.230977989890011e-5
8.22920539064068e-5
8.227444897696676e-5
8.225732872896348e-5
8.228331496149781e-5
8.229701984350778e-5
8.230093238136132e-5
8.226627895333789e-5
8.22626158449763e-5
8.231934961625783e-5
8.230835377143001e-5
8.22864022800948e-5
8.227818040284886e-5
8.226786285580813e-5
8.226914670559522e-5
8.227680184952413e-5
8.228696764706221e-5
8.228870112275916e-5
8.229871045732953e-5
8.2321161356292e-5
8.233828224178236e-5
8.235386491625486e-5
8.236705642827136e-5
8.23780002478023e-5
8.238798124172899e-5
8.239569190564209e-5
8.240311437615879e-5
8.240999248527688e-5
8.241793816291707e-5
8.242716889734553e-5
8.244062347047385e-5
8.246213015825273e-5
8.249980254275653e-5
8.24805640231683e-5
8.25038172917872e-5
8.254580393390083e-5
8.253492075676564e-5
8.244966926410026e-5
8.235789605537997e-5
8.225172897746538e-5
8.200915399638985e-5
8.17486209301742e-5
8.165952000219317e-5
8.181032239897448e-5
8.222134653516733e-5
8.316713835622413e-5
8.499265526831091e-5
6.63336223709016e-5
4.656903889129878e-5
2.4850683444680956e-5
1.2565673315422833e-5
6.25697608195766e-6
3.0846468002323547e-6
1.4523909714341806e-6
5.008122496585613e-7
1.5554802550391112e-7
8.228842239762433e-5
8.216492333342257e-5
8.206634882519618e-5
8.242590393074682e-5
8.25505977684435e-5
8.261906238783924e-5
8.265179750704164e-5
8.267430173589438e-5
8.27135012779041e-5
8.270362838290808e-5
8.261058334651595e-5
8.255694361241768e-5
8.254035004007304e-5
8.252353220487987e-5
8.250649268489871e-5
8.248924268978965e-5
8.24717954121969e-5
8.245417164796446e-5
8.243639941736669e-5
8.241851146346037e-5
8.240053463368221e-5
8.238249043733142e-5
8.236442047946678e-5
8.234641464259654e-5
8.232835385709863e-5
8.231039370205554e-5
8.229276763371548e-5
8.227497662339184e-5
8.225790547787917e-5
8.228374773525228e-5
8.229763504944063e-5
8.23014830627022e-5
8.226695947014332e-5
8.226266380654885e-5
8.232037730076081e-5
8.230971904490612e-5
8.228802203542288e-5
8.228052168237132e-5
8.227016784929997e-5
8.227128190037986e-5
8.227873499638121e-5
8.228936454305928e-5
8.229171023931047e-5
8.229977000704165e-5
8.232292169515995e-5
8.234079804960073e-5
8.235648527398794e-5
8.23705230456317e-5
8.238229338255706e-5
8.239287936481867e-5
8.240088208464595e-5
8.240808389797318e-5
8.24144246067474e-5
8.242165516933427e-5
8.242986717567985e-5
8.244203495087234e-5
8.2461584097582e-5
8.249584114510232e-5
8.247409337514385e-5
8.24900439462268e-5
8.253599505052078e-5
8.254051351660618e-5
8.24739111551677e-5
8.239891951040459e-5
8.234764156116716e-5
8.219776045170716e-5
8.196536014449109e-5
8.173241335321137e-5
8.164216821731557e-5
8.177968951016781e-5
8.217101080767676e-5
8.308809368979552e-5
8.48897445452562e-5
6.729515428767417e-5
4.697823352168337e-5
2.5330701823869914e-5
1.2841217750209646e-5
6.3953408480205816e-6
3.146788784057154e-6
1.4665621946667957e-6
5.016131362927415e-7
1.556607829097255e-7
8.228841702828556e-5
8.216492037334046e-5
8.242589870108969e-5
8.255059116082532e-5
8.26190537527128e-5
8.265178650464942e-5
8.267429209627862e-5
8.271350052468408e-5
8.270364307011253e-5
8.261061944807313e-5
8.255701044575329e-5
8.25404654271775e-5
8.252371140591495e-5
8.250674472761588e-5
8.248957035423863e-5
8.247220053395692e-5
8.245465082520369e-5
8.243694259470016e-5
8.241910626642856e-5
8.240117343860889e-5
8.238316719329648e-5
8.236511951647059e-5
8.234709774827287e-5
8.232908714391885e-5
8.23110750839523e-5
8.229344210382702e-5
8.227564371078847e-5
8.225841888684799e-5
8.228437925107682e-5
8.229818934038963e-5
8.23022084862682e-5
8.22674665762392e-5
8.226284536217804e-5
8.232137505914848e-5
8.231124533725833e-5
8.228942921783017e-5
8.228274268741795e-5
8.227275149963923e-5
8.227387979189404e-5
8.228129021810941e-5
8.229141087718038e-5
8.229465223756224e-5
8.230118440561638e-5
8.232524666578358e-5
8.234393433296325e-5
8.235938240544257e-5
8.237386183151469e-5
8.238628316425706e-5
8.239757263776237e-5
8.240619418158448e-5
8.241349454813696e-5
8.241947831536607e-5
8.242604471815584e-5
8.243321362058158e-5
8.244406147883836e-5
8.246165477476012e-5
8.249242073401433e-5
8.246943839670656e-5
8.247932251629317e-5
8.252514122428204e-5
8.253756106284436e-5
8.24827674726115e-5
8.241842148293363e-5
8.240410736323723e-5
8.230125435798771e-5
8.214921165813734e-5
8.19468326936716e-5
8.17197568731874e-5
8.162515179524858e-5
8.174942526185413e-5
8.212066641200579e-5
8.30070605227595e-5
8.476294606407838e-5
6.838628105750833e-5
4.7443495104470056e-5
2.5921543459539934e-5
1.3189361912911652e-5
6.5741603629349834e-6
3.2289243129146484e-6
1.4765995169924608e-6
5.032010689146433e-7
1.556635338780303e-7
8.228841382993406e-5
8.242589551562845e-5
8.255058624120268e-5
8.261904724807004e-5
8.265177772116284e-5
8.267428136584272e-5
8.27134923661377e-5
8.270364314331139e-5
8.261063324510442e-5
8.255704342582983e-5
8.254052966611988e-5
8.252382248385279e-5
8.250691706390793e-5
8.248981194817696e-5
8.247251371124176e-5
8.24550373868195e-5
8.24373988143983e-5
8.241962279450341e-5
8.240174031065211e-5
8.238378053333056e-5
8.236577172680434e-5
8.234775717147717e-5
8.232977138890908e-5
8.231178044384111e-5
8.22940748704738e-5
8.227639310262721e-5
8.225890141940457e-5
8.228512522244235e-5
8.229874880868485e-5
8.230315060372144e-5
8.2267838554537e-5
8.226305260275377e-5
8.232229999282693e-5
8.231296327882539e-5
8.229084820810137e-5
8.228473174036074e-5
8.227555547554114e-5
8.22767498357055e-5
8.228455630908131e-5
8.229379566623936e-5
8.22974192537352e-5
8.230303300796966e-5
8.232763102550905e-5
8.234752051631629e-5
8.236277562709877e-5
8.237740931145164e-5
8.23901294980891e-5
8.240191848556187e-5
8.241128500990902e-5
8.241899915282983e-5
8.242492677487194e-5
8.243104461893551e-5
8.243725815947333e-5
8.244680765416526e-5
8.246248754489162e-5
8.2489752770794e-5
8.246645064646324e-5
8.247164979315e-5
8.251552374614408e-5
8.253207913604124e-5
8.248500219449027e-5
8.242597297188806e-5
8.243777765850042e-5
8.23659951946995e-5
8.224893819779216e-5
8.213093526813932e-5
8.193292275563147e-5
8.17080896614822e-5
8.16097848259629e-5
8.172026855536296e-5
8.207041682479451e-5
8.292303755163036e-5
8.461049938366303e-5
6.969418381156083e-5
4.801945554723592e-5
2.6682826220537536e-5
1.3648694218866087e-5
6.8181228864827345e-6
3.3438774528711804e-6
1.49047301839882e-6
5.048874507519757e-7
1.5566745589419643e-7
8.255058320177455e-5
8.261904249767854e-5
8.265177121247799e-5
8.26742725793997e-5
8.271348270185337e-5
8.270363580629278e-5
8.261063223791654e-5
8.255705462446726e-5
8.254056020546724e-5
8.252388340020705e-5
8.250702312427767e-5
8.248997619013421e-5
8.247274309426066e-5
8.245533381110675e-5
8.2437763860375e-5
8.242005209961365e-5
8.240222516045137e-5
8.238431361858503e-5
8.236635091617268e-5
8.234836609075721e-5
8.23303983435624e-5
8.23124483912215e-5
8.229467988901782e-5
8.22771078275746e-5
8.225946264541792e-5
8.228581057521692e-5
8.229944004047339e-5
8.230412481676183e-5
8.226835369022699e-5
8.226308317968996e-5
8.232326199162783e-5
8.23145980599992e-5
8.22925330693786e-5
8.228659547512672e-5
8.227875422714074e-5
8.22797323477296e-5
8.228816134957909e-5
8.229688919658287e-5
8.23002866325306e-5
8.230559137793728e-5
8.232973842336028e-5
8.235109724738575e-5
8.236647319018372e-5
8.238133563236734e-5
8.239414105234889e-5
8.240606463082536e-5
8.241601864896263e-5
8.24242761344514e-5
8.243042813004125e-5
8.243640716717944e-5
8.244190025301872e-5
8.245026180372597e-5
8.24640979506627e-5
8.2487869781676e-5
8.246481412165658e-5
8.246655744108332e-5
8.250775681614071e-5
8.252637246537862e-5
8.24849177055733e-5
8.242874857949545e-5
8.245343020004413e-5
8.240837833003474e-5
8.230960391932433e-5
8.223267042374169e-5
8.211867261354562e-5
8.191917599553405e-5
8.169902897971818e-5
8.159638054900272e-5
8.169221471941165e-5
8.202092267931112e-5
8.283381715205784e-5
8.443370509564621e-5
7.134098504456238e-5
4.878816852993441e-5
2.770481121013002e-5
1.4289711534278398e-5
7.170432658843409e-6
3.5142764574695286e-6
1.508499248368185e-6
5.068376135636762e-7
1.5555343670223342e-7
8.26190395665657e-5
8.265176656028857e-5
8.267426606742211e-5
8.271347431276816e-5
8.27036266344113e-5
8.261062365024146e-5
8.25570522105425e-5
8.25405695896965e-5
8.252391148138568e-5
8.250708030800835e-5
8.249007647356635e-5
8.247289792359726e-5
8.245554911310206e-5
8.243804113384408e-5
8.242039248211595e-5
8.24026233127395e-5
8.238476139630556e-5
8.236684331303861e-5
8.234889960783775e-5
8.23309606700835e-5
8.231304830305169e-5
8.229525156794798e-5
8.227771271687528e-5
8.226010362721591e-5
8.228639718646322e-5
8.230026014637492e-5
8.230500658391617e-5
8.226910949777583e-5
8.226291515858005e-5
8.23244223425769e-5
8.231594819541152e-5
8.229442991480049e-5
8.228844482014611e-5
8.228236855074591e-5
8.228302918491296e-5
8.229168811712596e-5
8.230048028035547e-5
8.230338277182308e-5
8.230879614883696e-5
8.233181755564343e-5
8.23542764370747e-5
8.237003136959721e-5
8.238540938362759e-5
8.239845679170083e-5
8.241027612378511e-5
8.242052666656035e-5
8.24291946224897e-5
8.243568349712797e-5
8.244178926510612e-5
8.244688057223948e-5
8.245426005726544e-5
8.246639121999132e-5
8.248670021851004e-5
8.246417572540889e-5
8.246345511217002e-5
8.250182232946154e-5
8.252114080239595e-5
8.248318869692728e-5
8.24277172575085e-5
8.245837620204884e-5
8.243182938325005e-5
8.234809514920266e-5
8.229368491177989e-5
8.22251229012703e-5
8.210497414374923e-5
8.190813838666472e-5
8.169262248155169e-5
8.158458648563874e-5
8.16660703383969e-5
8.197267505177072e-5
8.273752970379064e-5
8.422838953195711e-5
7.353326590716658e-5
4.98813146963561e-5
2.9162737943472292e-5
1.5237359048220255e-5
7.708094547013891e-6
3.7820940625590477e-6
1.5315800195449521e-6
5.086254102435342e-7
1.553998057418098e-7
8.265176372160141e-5
8.267426153939113e-5
8.271346802972924e-5
8.270361849761738e-5
8.26106135159926e-5
8.25570432389748e-5
8.254056656522629e-5
8.252391937452853e-5
8.250710566013281e-5
8.249012949743001e-5
8.247299162395312e-5
8.245569313597542e-5
8.243824039252582e-5
8.242064808850123e-5
8.240293571781812e-5
8.238512394855814e-5
8.236724833638099e-5
8.234934372044757e-5
8.233144267313032e-5
8.231356930717968e-5
8.229577495853412e-5
8.227820783870993e-5
8.226070918605414e-5
8.228695240152313e-5
8.230107449371137e-5
8.23059033346768e-5
8.226988819708857e-5
8.22627526365531e-5
8.232569943292166e-5
8.231725338449305e-5
8.229618471810862e-5
8.229035018443565e-5
8.228610273194473e-5
8.228694727056601e-5
8.229510165292544e-5
8.230412293369976e-5
8.230649591421548e-5
8.231248200829074e-5
8.233438619669963e-5
8.235715185598875e-5
8.237321114873412e-5
8.23891604212883e-5
8.240284940085193e-5
8.241463395378517e-5
8.242503294082731e-5
8.243385871502936e-5
8.244057789975694e-5
8.244689459786325e-5
8.245187218553044e-5
8.245851481130048e-5
8.246914716357848e-5
8.248609111338478e-5
8.246420506961967e-5
8.246176126865319e-5
8.249750681869548e-5
8.251686743300919e-5
8.24811759276894e-5
8.242552881982732e-5
8.245794952628219e-5
8.244376538103508e-5
8.236974555645689e-5
8.233107026264234e-5
8.228915054137494e-5
8.221507547029512e-5
8.209327251533293e-5
8.190000424704085e-5
8.168823911872038e-5
8.1574789631067e-5
8.164208668177607e-5
8.19263055108847e-5
8.263621197885394e-5
8.399487544272409e-5
7.663400715095513e-5
5.156405680641316e-5
3.137511944388288e-5
1.6723023792769386e-5
8.583492338934101e-6
4.216488140637007e-6
1.5581270495495098e-6
5.100642838556615e-7
1.5300993638225006e-7
8.267425884191129e-5
8.271346383617449e-5
8.270361239757313e-5
8.261060481148786e-5
8.255703284563043e-5
8.25405577673803e-5
8.25239158345108e-5
8.250711187263448e-5
8.249015184061824e-5
8.247304004275891e-5
8.245577940665996e-5
8.243837215492017e-5
8.24208292617568e-5
8.240316701915357e-5
8.238540488228017e-5
8.23675706280938e-5
8.23496999759941e-5
8.233183204849763e-5
8.231399828564463e-5
8.22962295008489e-5
8.227862644015167e-5
8.22611894566783e-5
8.228749567955116e-5
8.230176197566351e-5
8.230693286872577e-5
8.227050851018788e-5
8.226272115926567e-5
8.232685952474993e-5
8.231883071714612e-5
8.229759602764833e-5
8.229237464011322e-5
8.228959475063986e-5
8.229146321442706e-5
8.229860669407317e-5
8.230758209801448e-5
8.230944507440717e-5
8.231622838197089e-5
8.233760732093231e-5
8.236008796786669e-5
8.237620731852441e-5
8.239230750691976e-5
8.24068967266783e-5
8.241889268366456e-5
8.242956648135239e-5
8.243844125756463e-5
8.244519195072861e-5
8.245160549302802e-5
8.245659681407632e-5
8.246269519598313e-5
8.247205426791357e-5
8.248582041359819e-5
8.246458878691574e-5
8.246097771355376e-5
8.249446714132486e-5
8.251368430269121e-5
8.247955695798999e-5
8.242358435668269e-5
8.245550744663519e-5
8.244979093413426e-5
8.238190592414597e-5
8.235148622755693e-5
8.232772377855024e-5
8.228122432068145e-5
8.220645987029615e-5
8.208400263563139e-5
8.189433948669395e-5
8.168586701896719e-5
8.156654921588121e-5
8.162155288157505e-5
8.188135433592566e-5
8.252753296877671e-5
8.372571017478851e-5
8.133276064772273e-5
5.435528731456182e-5
3.495776185076278e-5
1.922674344963474e-5
1.004965058621915e-5
4.561711789372495e-6
1.584883919437338e-6
5.105255747710725e-7
1.4960442149623824e-7
8.271346144185586e-5
8.270360836434573e-5
8.26105982919431e-5
8.255702358271902e-5
8.254054741058188e-5
8.252390697388397e-5
8.2507107725169e-5
8.249015616935409e-5
8.247305908662086e-5
8.245582275667056e-5
8.243845011659412e-5
8.242094726435193e-5
8.240332798586558e-5
8.238560908001749e-5
8.236781634704371e-5
8.234997697624317e-5
8.233213316092029e-5
8.23143266913355e-5
8.229659017991874e-5
8.227897873339201e-5
8.226154487185666e-5
8.228798377335352e-5
8.230229270006309e-5
8.230800192611323e-5
8.227104316523892e-5
8.226269234736314e-5
8.232788587248142e-5
8.232053929363264e-5
8.229889874239494e-5
8.229442972711204e-5
8.229287638401033e-5
8.229604030327104e-5
8.230238841238594e-5
8.231085914539245e-5
8.231241406599103e-5
8.23197947229182e-5
8.234121600553299e-5
8.236307380017945e-5
8.237933044090046e-5
8.239499101697292e-5
8.241034164210818e-5
8.242268357104462e-5
8.243383968953934e-5
8.24429446210566e-5
8.244963111335406e-5
8.245598040249787e-5
8.246093093697266e-5
8.246653860274429e-5
8.247478606517608e-5
8.248562911978394e-5
8.24650367891083e-5
8.246067549819177e-5
8.249232253514068e-5
8.251150023799602e-5
8.247859697648771e-5
8.242246197378388e-5
8.245259366784407e-5
8.245265075234732e-5
8.238906240453162e-5
8.236244411022118e-5
8.234891536116752e-5
8.232018309316674e-5
8.227420121773482e-5
8.21996927763947e-5
8.207699615544893e-5
8.189116059112877e-5
8.168470110248417e-5
8.156052048325566e-5
8.160453232762816e-5
8.183731985145969e-5
8.24093689108978e-5
8.341287180911789e-5
8.347984135779316e-5
5.935980354772281e-5
4.125871741983288e-5
2.335416667711603e-5
1.234362990781262e-5
4.781033095686901e-6
1.6041268951205437e-6
5.101211671608409e-7
1.4832897330678275e-7
8.270360608302796e-5
8.261059387366868e-5
8.255701647796823e-5
8.254053778243078e-5
8.252389643640792e-5
8.250709878003386e-5
8.249015130627636e-5
8.247306131461728e-5
8.245583819877784e-5
8.243848791505586e-5
8.242101601289829e-5
8.240343069413058e-5
8.238574761999704e-5
8.236799041491723e-5
8.235018334798824e-5
8.233235925202454e-5
8.231456535471915e-5
8.22968456271605e-5
8.227924424489395e-5
8.226180318169351e-5
8.22883816230942e-5
8.230270137956532e-5
8.230891210799613e-5
8.227161399575064e-5
8.226249112664724e-5
8.232897195070705e-5
8.232202501817505e-5
8.230038370347732e-5
8.229652966207682e-5
8.229631376355519e-5
8.230010762060604e-5
8.230648464797043e-5
8.231374768780433e-5
8.231577047000351e-5
8.232339312779211e-5
8.234491203138403e-5
8.236577351128969e-5
8.238252331165097e-5
8.239752239320503e-5
8.241323895603889e-5
8.242585870500895e-5
8.243745406834187e-5
8.244711410003795e-5
8.245382237427959e-5
8.24600887123306e-5
8.246488963861302e-5
8.246992799611948e-5
8.247709651604283e-5
8.24852809882765e-5
8.246529893929886e-5
8.246050442897829e-5
8.24906771514322e-5
8.25100909648414e-5
8.247829880688327e-5
8.242238141019115e-5
8.245008934109447e-5
8.245400924932167e-5
8.239383019528511e-5
8.236850124327872e-5
8.236032235785501e-5
8.234157113595997e-5
8.231307435920096e-5
8.226852579780585e-5
8.219461005070263e-5
8.20724625957109e-5
8.188965847177675e-5
8.168462697586669e-5
8.155727371709245e-5
8.159070232563573e-5
8.179425046921324e-5
8.227991994895666e-5
8.306041542568712e-5
8.294594487485354e-5
6.922880251324434e-5
4.891312178651829e-5
3.108224111291629e-5
1.3739022133143618e-5
4.952024378216387e-6
1.6129975649944553e-6
5.094886293059022e-7
1.4868258094316774e-7
8.261059131606185e-5
8.255701174383494e-5
8.254053030480973e-5
8.252388643927177e-5
8.250708805623441e-5
8.249014224222113e-5
8.247305561095223e-5
8.24558380956371e-5
8.243849943961008e-5
8.242104775760507e-5
8.240348930651035e-5
8.238583346369677e-5
8.236810417759656e-5
8.235032394299828e-5
8.233252163699996e-5
8.231473416090012e-5
8.229701231770603e-5
8.227940928793804e-5
8.226196554707368e-5
8.22886744954143e-5
8.230302907804747e-5
8.230957817634086e-5
8.227218868828397e-5
8.226212176035292e-5
8.233014921631183e-5
8.232330080144184e-5
8.230190537719415e-5
8.229914617749329e-5
8.229996870305655e-5
8.230373958293335e-5
8.23106253085624e-5
8.231613369530984e-5
8.231936635808095e-5
8.232719560230914e-5
8.234854770786649e-5
8.236803551147989e-5
8.238532655716524e-5
8.239998867036489e-5
8.241571098037419e-5
8.242855990648198e-5
8.244024073515581e-5
8.245060768011715e-5
8.245749890737936e-5
8.246382298180086e-5
8.246848655741343e-5
8.247285219015742e-5
8.24788775450945e-5
8.248462070388483e-5
8.246520308668036e-5
8.246020558482562e-5
8.248915167372543e-5
8.250913761274565e-5
8.247851797110372e-5
8.242332623457776e-5
8.244847979003476e-5
8.245487996256193e-5
8.2397770327809e-5
8.237230271663003e-5
8.23665282110523e-5
8.235308263388297e-5
8.233424468147657e-5
8.23069414448171e-5
8.226401720623173e-5
8.219149823189323e-5
8.206973057046784e-5
8.18897664995737e-5
8.168550189236674e-5
8.155653882921415e-5
8.15801087280129e-5
8.175279085975845e-5
8.21412373710141e-5
8.268883545222492e-5
8.248495159366342e-5
7.626437484714806e-5
5.7526335385562656e-5
3.5792766352780286e-5
1.4799409814200834e-5
5.049352090969456e-6
1.6129477313033283e-6
5.073641625012575e-7
1.4853976471259667e-7
8.255700908967834e-5
8.254052544882055e-5
8.252387867586751e-5
8.250707767892564e-5
8.249013132173887e-5
8.247304637954552e-5
8.245583140987131e-5
8.243849676281426e-5
8.242105503474068e-5
8.240351447450554e-5
8.238588099824454e-5
8.236817154511384e-5
8.23504104091307e-5
8.23326250528376e-5
8.231484742482686e-5
8.22971166938492e-5
8.22794929254447e-5
8.226202957060662e-5
8.228885252522771e-5
8.230328300361332e-5
8.231005263720623e-5
8.227265194932049e-5
8.22617031480947e-5
8.233118945441415e-5
8.232463680576694e-5
8.23030983892854e-5
8.230213821976369e-5
8.230353743310948e-5
8.230743414145321e-5
8.23143269594893e-5
8.231841531538678e-5
8.232244913735979e-5
8.233136396572875e-5
8.235186377098086e-5
8.237014767038685e-5
8.238730950691196e-5
8.240222074138245e-5
8.24176664623818e-5
8.243091471491261e-5
8.244235479285519e-5
8.245323342536753e-5
8.246041610080582e-5
8.246688012530709e-5
8.247160501673795e-5
8.247527201666559e-5
8.248011817215678e-5
8.248359373046077e-5
8.246468462954475e-5
8.24596348834484e-5
8.24874426901683e-5
8.250827977482248e-5
8.247901300638916e-5
8.242512366540617e-5
8.24479778941216e-5
8.245587020427672e-5
8.240179129928143e-5
8.23754183755087e-5
8.237018977168404e-5
8.235930304383891e-5
8.234549299244824e-5
8.232760936896958e-5
8.230164898497725e-5
8.226101649599194e-5
8.218965265247482e-5
8.206894402826424e-5
8.189086798272788e-5
8.168790066664508e-5
8.155763896689521e-5
8.157320567218665e-5
8.171475911926614e-5
8.200337282053565e-5
8.234182783310876e-5
8.19653085190525e-5
7.587727794099848e-5
5.79033035125726e-5
3.491039402355166e-5
1.539822678460818e-5
5.078640480940601e-6
1.5959516565928646e-6
5.078240112132485e-7
1.4833236755110178e-7
8.254052281522413e-5
8.252387372535468e-5
8.25070696219647e-5
8.249012055485648e-5
8.247303524656413e-5
8.245582194773182e-5
8.243848893812253e-5
8.242104953230528e-5
8.240351716028856e-5
8.238589904233439e-5
8.236820703856607e-5
8.235045763483118e-5
8.23326815238644e-5
8.231490964650085e-5
8.22971753973624e-5
8.227952551810873e-5
8.226202154451447e-5
8.228892489574449e-5
8.230344254062466e-5
8.231040200827662e-5
8.227294073538158e-5
8.226129503677526e-5
8.23319035679447e-5
8.232602400973013e-5
8.230433874504672e-5
8.230495836351233e-5
8.230668698492123e-5
8.231120954781064e-5
8.231726784871397e-5
8.232085778056724e-5
8.232467321395812e-5
8.23358130702348e-5
8.235455813832964e-5
8.237238406227404e-5
8.238847533366744e-5
8.240402102589221e-5
8.241891654092502e-5
8.243274878968725e-5
8.244400855659186e-5
8.245499239436526e-5
8.246254009591811e-5
8.246897297155087e-5
8.247400999676551e-5
8.247703316130715e-5
8.248079194133552e-5
8.248218853217773e-5
8.246377283413288e-5
8.24587689274668e-5
8.248538414117942e-5
8.250719439806506e-5
8.247953372263447e-5
8.242749038894037e-5
8.24485572512835e-5
8.245728423740294e-5
8.240638269237234e-5
8.237877498149742e-5
8.237288135769351e-5
8.236289613803344e-5
8.235138515204087e-5
8.233835370750615e-5
8.232155304960855e-5
8.229766094400865e-5
8.225880480862758e-5
8.218932739520372e-5
8.206955732051099e-5
8.189303211466485e-5
8.169150023905847e-5
8.156021346895475e-5
8.15707183219602e-5
8.168432287111565e-5
8.188616055127825e-5
8.205910721058434e-5
8.154463627152819e-5
7.586441989151468e-5
5.7706370224571994e-5
3.4337992898185565e-5
1.5609484588162043e-5
5.002953325009647e-6
1.5979540809591194e-6
5.083920250840468e-7
1.481068804934103e-7
8.252387108456945e-5
8.250706457638688e-5
8.249011219957326e-5
8.24730240828919e-5
8.24558105803426e-5
8.243847916650868e-5
8.242104039906889e-5
8.24035085750164e-5
8.238589677908318e-5
8.236821738309234e-5
8.235048009172445e-5
8.233270688344923e-5
8.23149332908855e-5
8.22971922664597e-5
8.227952426708434e-5
8.226197590092138e-5
8.228892932353738e-5
8.230350199187382e-5
8.231064028775789e-5
8.227306132009323e-5
8.226087250292018e-5
8.233233621777721e-5
8.232717753841894e-5
8.230599974488552e-5
8.230745775195668e-5
8.230955896513134e-5
8.231437382641311e-5
8.231942247303835e-5
8.232302138968255e-5
8.232660200343401e-5
8.233988047923814e-5
8.235685843097879e-5
8.237426807807796e-5
8.238928643577525e-5
8.240515281108525e-5
8.241954187911216e-5
8.243368582050289e-5
8.244519448035237e-5
8.245592061247183e-5
8.246395605738831e-5
8.247005857889959e-5
8.247547440776345e-5
8.247794576315624e-5
8.248077126424825e-5
8.248037314563095e-5
8.246250894838982e-5
8.245765145210358e-5
8.248297946633802e-5
8.250567241596843e-5
8.247990471890619e-5
8.243011911893442e-5
8.244998163489157e-5
8.245917031206582e-5
8.241169214383782e-5
8.238289901065792e-5
8.237555103812521e-5
8.236546233255244e-5
8.235459414715528e-5
8.234373605074408e-5
8.233158957607693e-5
8.231661698569008e-5
8.229424843721288e-5
8.225777377900372e-5
8.21899508040894e-5
8.207132728745606e-5
8.189707625202706e-5
8.169562904746684e-5
8.156425493182697e-5
8.157302616960507e-5
8.166662337200053e-5
8.180746912684608e-5
8.188953600560671e-5
8.143482729568625e-5
7.60777432666861e-5
5.769042855033274e-5
3.4141484661480264e-5
1.5308255380359316e-5
5.007550722335525e-6
1.6032774646188606e-6
5.090000323460891e-7
1.4787791063431482e-7
8.250706192954033e-5
8.249010705942127e-5
8.247301542816361e-5
8.245579901528954e-5
8.243846753621691e-5
8.242103022421831e-5
8.240349795470669e-5
8.238588485413177e-5
8.236820980126155e-5
8.235048212414547e-5
8.233271526447792e-5
8.231493501775349e-5
8.22971802248749e-5
8.22794917172305e-5
8.226190965784009e-5
8.228890292667007e-5
8.230349376270714e-5
8.231076773470898e-5
8.227304897404666e-5
8.2260405308416e-5
8.233263571157204e-5
8.232821932208002e-5
8.230768916020305e-5
8.230952952572257e-5
8.231234188047156e-5
8.231664239630929e-5
8.232112467949065e-5
8.232441389579533e-5
8.232899470820654e-5
8.234304383350508e-5
8.235920063878608e-5
8.237508698498223e-5
8.23901236405802e-5
8.240532305693332e-5
8.24198489934934e-5
8.243351557366621e-5
8.244572059276924e-5
8.245598710340906e-5
8.246460483572239e-5
8.247032268725223e-5
8.247587672434317e-5
8.247795680753289e-5
8.247987167788879e-5
8.24780824536908e-5
8.24608572601256e-5
8.245629807070593e-5
8.248034750851758e-5
8.250364822346642e-5
8.248006931447973e-5
8.243276429193731e-5
8.245187738967693e-5
8.24613916884329e-5
8.24175577041451e-5
8.238797059142617e-5
8.23787287465457e-5
8.23679643056813e-5
8.235672695128287e-5
8.234641100119053e-5
8.233630779756817e-5
8.232578581912321e-5
8.231207977621928e-5
8.229196959624315e-5
8.225732063610726e-5
8.219118486950377e-5
8.20748930558934e-5
8.190250731463976e-5
8.170016814251524e-5
8.157003938951668e-5
8.158001396046253e-5
8.166388738528465e-5
8.17671898820829e-5
8.181041212837886e-5
8.148240979225042e-5
7.637910953654805e-5
5.7742835627559624e-5
3.3376270182876364e-5
1.528385923131772e-5
5.028763013343061e-6
1.608885754661334e-6
5.096231865125769e-7
1.4764666021595633e-7
8.249010440728458e-5
8.247301019514947e-5
8.245579006429447e-5
8.243845556824225e-5
8.242101829572805e-5
8.240348726888894e-5
8.238587256440649e-5
8.236819428780119e-5
8.235046884394045e-5
8.233270832642139e-5
8.231492823137711e-5
8.229715654814516e-5
8.227944125260455e-5
8.226182390042727e-5
8.228886393694958e-5
8.230345772772591e-5
8.231081432182159e-5
8.227294799930182e-5
8.225989791393571e-5
8.233286756679375e-5
8.232927799796261e-5
8.230914763707397e-5
8.231112670050459e-5
8.231463325027776e-5
8.231816089871064e-5
8.232230924781711e-5
8.232540794686582e-5
8.233202948846908e-5
8.234556521615655e-5
8.236120895839923e-5
8.237511398150022e-5
8.239058852595021e-5
8.240465590543518e-5
8.241972006650763e-5
8.243248875108989e-5
8.244533877795003e-5
8.245522569760996e-5
8.246421687063065e-5
8.24699348788416e-5
8.247517447613006e-5
8.247717716561843e-5
8.24779983406572e-5
8.247528005176573e-5
8.245871294534362e-5
8.245461792518351e-5
8.247757636396359e-5
8.250116144376176e-5
8.24800498432417e-5
8.243532672872316e-5
8.245383997345522e-5
8.246374094946158e-5
8.242361524174844e-5
8.239387745991377e-5
8.238260855209996e-5
8.23709399979079e-5
8.235875930738287e-5
8.23479685510054e-5
8.233834248562883e-5
8.232967992084608e-5
8.232020611784938e-5
8.230867096874652e-5
8.229026831138895e-5
8.225707055688745e-5
8.219346115427216e-5
8.207988783935699e-5
8.190884132850799e-5
8.170569122211139e-5
8.157721533084251e-5
8.15905331635342e-5
8.167372385519524e-5
8.176612339818009e-5
8.180544998871345e-5
8.157873907569691e-5
7.662384900134902e-5
5.72639718443224e-5
3.349605556777435e-5
1.542311717077374e-5
5.059479052892079e-6
1.614852306427259e-6
5.102666001308717e-7
1.4741009599331019e-7
8.247300753804203e-5
8.245578474153527e-5
8.243844632906592e-5
8.242100592680483e-5
8.240347500011055e-5
8.238586124777597e-5
8.236818014921107e-5
8.235044950986161e-5
8.233268896054019e-5
8.231491160986756e-5
8.229713344662653e-5
8.227939045898943e-5
8.22617325491258e-5
8.228881844775766e-5
8.230341649958826e-5
8.231082015170445e-5
8.227280276665616e-5
8.225937673382088e-5
8.233322114076777e-5
8.233011994472376e-5
8.231027651996466e-5
8.231236322167986e-5
8.231606689201083e-5
8.231907287162584e-5
8.232270993044721e-5
8.232640666561103e-5
8.233462385743608e-5
8.234777173106203e-5
8.236203422146425e-5
8.237515284547596e-5
8.238990406822842e-5
8.240376539614984e-5
8.241847218923436e-5
8.243114799815103e-5
8.244376340558688e-5
8.245385118813433e-5
8.246255676199202e-5
8.2468862570403e-5
8.247336939023378e-5
8.247567595730955e-5
8.247524693859963e-5
8.247199453440769e-5
8.245602315967001e-5
8.245245170752019e-5
8.247459276644788e-5
8.249823829736361e-5
8.24798417908632e-5
8.243786273000603e-5
8.245558734844113e-5
8.24660680989794e-5
8.242945631600089e-5
8.240029796772475e-5
8.238712699161804e-5
8.23745744396205e-5
8.236125970745919e-5
8.23493760659393e-5
8.233926930928365e-5
8.233092237038e-5
8.232311265912667e-5
8.23157710349523e-5
8.230584907238787e-5
8.228871191208885e-5
8.225763529178853e-5
8.219606749655153e-5
8.208598390705523e-5
8.191581973028595e-5
8.171265362901356e-5
8.158502548054973e-5
8.160142397075285e-5
8.168870084591915e-5
8.178517691085413e-5
8.183806888027621e-5
8.166230685537922e-5
7.602416653359941e-5
5.663973476349829e-5
3.351239367146918e-5
1.5555359092791404e-5
5.09103215933915e-6
1.620987472460012e-6
5.109333552249499e-7
1.47172970086287e-7
8.245578207921806e-5
8.243844092122336e-5
8.242099641300933e-5
8.240346223616391e-5
8.238584859016633e-5
8.236816807272908e-5
8.23504333533248e-5
8.233266560001737e-5
8.231488576718406e-5
8.229710636651836e-5
8.22793498466084e-5
8.226165306288939e-5
8.228878517568097e-5
8.230337888563904e-5
8.231081130464649e-5
8.227264225410144e-5
8.225895010408152e-5
8.233357643337785e-5
8.233073030271311e-5
8.231095414897115e-5
8.231324680590622e-5
8.231657371859165e-5
8.231950277993139e-5
8.232263306350605e-5
8.23276573109838e-5
8.233638596234626e-5
8.234924931511886e-5
8.236169076097379e-5
8.237494405589496e-5
8.238824211998469e-5
8.240267907687915e-5
8.241596529306022e-5
8.242954553577283e-5
8.244096938300287e-5
8.24519371300125e-5
8.245973152141623e-5
8.246690007764513e-5
8.247057951079576e-5
8.247328579680827e-5
8.247184587800156e-5
8.246823244428085e-5
8.245290489005013e-5
8.244971471461056e-5
8.247118012185384e-5
8.249480294646892e-5
8.247930327710893e-5
8.244049375837487e-5
8.245705731236026e-5
8.246839413265496e-5
8.243483065467574e-5
8.24068251742719e-5
8.239204270572578e-5
8.23787683888634e-5
8.236444687341476e-5
8.235118735653538e-5
8.234003820305666e-5
8.233107622187077e-5
8.232339657068313e-5
8.231770656453391e-5
8.231194018176845e-5
8.23031175424074e-5
8.228809596217954e-5
8.225809324239946e-5
8.219881356510412e-5
8.209193407067305e-5
8.192288707978858e-5
8.171981401049095e-5
8.159150425307647e-5
8.160965676536565e-5
8.169975855188663e-5
8.180384495696074e-5
8.187463568993245e-5
8.16905610555653e-5
7.627511403511338e-5
5.705636817143735e-5
3.3819495325281824e-5
1.571180569805286e-5
5.12398174844025e-6
1.627352537085132e-6
5.116228777311525e-7
1.4692805935852557e-7
8.243843825277007e-5
8.242099092639778e-5
8.240345246725385e-5
8.238583544147047e-5
8.236815497215683e-5
8.235042038212592e-5
8.233264727485615e-5
8.231485821070865e-5
8.229707365609255e-5
8.22793114705701e-5
8.226159372083712e-5
8.228878196893936e-5
8.230336473992777e-5
8.231080042311469e-5
8.22724846960704e-5
8.225868726184282e-5
8.23337580320394e-5
8.233112735782398e-5
8.231127525146643e-5
8.231369513798505e-5
8.231640513435849e-5
8.231940492624443e-5
8.232240684771545e-5
8.232892139368498e-5
8.233773665295263e-5
8.234949070379726e-5
8.23610510562696e-5
8.23735585017602e-5
8.238652947846122e-5
8.240053662704197e-5
8.241312776885753e-5
8.2426892132637e-5
8.243757569483692e-5
8.244899431586336e-5
8.245624773820348e-5
8.246375838821062e-5
8.246710034415425e-5
8.246972577052034e-5
8.246799358402294e-5
8.246388307555707e-5
8.244957895582731e-5
8.244649457270384e-5
8.24671737084997e-5
8.249070208251187e-5
8.247816774951777e-5
8.244322167985958e-5
8.245838888778173e-5
8.247086793896868e-5
8.243981443876915e-5
8.241314619577471e-5
8.239709165842574e-5
8.238320365970286e-5
8.236824970396502e-5
8.235362043073976e-5
8.234118153249547e-5
8.23310889919893e-5
8.232260841705997e-5
8.231707667436939e-5
8.231295841233324e-5
8.230814553576248e-5
8.230146686716564e-5
8.228739878956782e-5
8.225830718749896e-5
8.220106816463632e-5
8.209608633786025e-5
8.192852060035859e-5
8.172408548008248e-5
8.159475263918685e-5
8.161242793407387e-5
8.17036672697689e-5
8.181008223341457e-5
8.186172416458872e-5
8.171358506062571e-5
7.653805781541933e-5
5.7511136300253573e-5
3.414101183979733e-5
1.5873923850837508e-5
5.158290402603608e-6
1.6338967472031514e-6
5.123319492904286e-7
1.466828512085117e-7
8.242098825006067e-5
8.240344690986943e-5
8.238582544319145e-5
8.236814145377431e-5
8.235040677990514e-5
8.233263327242424e-5
8.231483759267218e-5
8.229704177923467e-5
8.227927150834425e-5
8.226154316172341e-5
8.228881568882678e-5
8.230339156883491e-5
8.231081034672327e-5
8.227238674389823e-5
8.225849305006422e-5
8.233387565813637e-5
8.233131190511535e-5
8.231134616377307e-5
8.231356622447141e-5
8.231595452615836e-5
8.23188578652109e-5
8.23224494416459e-5
8.232957184892774e-5
8.233840754453308e-5
8.234862997474322e-5
8.2360132937318e-5
8.2371174566358e-5
8.238471870088056e-5
8.239717526830232e-5
8.241039816234823e-5
8.242277868962885e-5
8.24341453869653e-5
8.244452402828176e-5
8.24525312962108e-5
8.245924785378247e-5
8.246320097045198e-5
8.246495480410906e-5
8.246372780997924e-5
8.245882503746638e-5
8.244612296769582e-5
8.244297586272549e-5
8.246264763890526e-5
8.248584584409102e-5
8.247621126925766e-5
8.244576621283806e-5
8.245976722328457e-5
8.247356041232007e-5
8.244477799161538e-5
8.241915976708328e-5
8.240215448108298e-5
8.238753690955049e-5
8.237236577936295e-5
8.23566143329018e-5
8.234288835678767e-5
8.233148655333e-5
8.232168124692877e-5
8.23153774218416e-5
8.231147206665982e-5
8.23082044624619e-5
8.230556728200625e-5
8.229980572959455e-5
8.228643394800174e-5
8.225823400734029e-5
8.220120151119798e-5
8.209719278722353e-5
8.192958568736657e-5
8.172380303622056e-5
8.159333847509961e-5
8.161028256097223e-5
8.170006169502473e-5
8.177393084415176e-5
8.18561044981845e-5
8.172621328580628e-5
7.679096101229288e-5
5.798000016505521e-5
3.4468871204947935e-5
1.604250731383208e-5
5.193683595259137e-6
1.6406619840047844e-6
5.130670988086287e-7
1.4642983889264428e-7
8.240344422291745e-5
8.238581982463834e-5
8.23681312582666e-5
8.235039291197589e-5
8.233261910694956e-5
8.231482242527203e-5
8.229701877716495e-5
8.227923523901357e-5
8.226149558446191e-5
8.228887565112674e-5
8.23034658819261e-5
8.231086578259879e-5
8.227234405477898e-5
8.225833085511239e-5
8.233395089790455e-5
8.233136894332336e-5
8.231117219833668e-5
8.231304805578188e-5
8.231532906762071e-5
8.231806095657294e-5
8.232268896570243e-5
8.232953298358418e-5
8.2338128751646e-5
8.23472112147571e-5
8.235827370416667e-5
8.236872075297539e-5
8.238188238210047e-5
8.239359712089815e-5
8.24068415003529e-5
8.241813882706324e-5
8.243009829096969e-5
8.243911805272344e-5
8.244820749552907e-5
8.24537105510373e-5
8.245868442080291e-5
8.245937473886584e-5
8.245888094955709e-5
8.245319105242749e-5
8.244231542410354e-5
8.243925930458567e-5
8.245784243327888e-5
8.248033559019499e-5
8.247344793550571e-5
8.244761473374249e-5
8.246120842405904e-5
8.247622867903133e-5
8.245012054772326e-5
8.242496156036903e-5
8.240733310060583e-5
8.239159358494955e-5
8.237643841532714e-5
8.235991991250192e-5
8.234506471813306e-5
8.233245914269677e-5
8.232113991786408e-5
8.23135324033322e-5
8.230894076335598e-5
8.230580277179045e-5
8.230478290887357e-5
8.230307418792027e-5
8.22979027328232e-5
8.228537285221434e-5
8.22561360950677e-5
8.219865086437162e-5
8.209426882569427e-5
8.192579870950777e-5
8.171979502574044e-5
8.158887001723091e-5
8.160440292717639e-5
8.165384845385918e-5
8.176239641540531e-5
8.185729164043844e-5
8.174187847914444e-5
7.704597909049376e-5
5.8459828288684463e-5
3.480677645214556e-5
1.621632148398297e-5
5.230432953174432e-6
1.6476249788811246e-6
5.138174425616623e-7
1.4617270488334838e-7
8.238581712317634e-5
8.236812558960274e-5
8.235038255764802e-5
8.233260491497198e-5
8.231480763394344e-5
8.229700231808888e-5
8.227920979962598e-5
8.226145491294318e-5
8.228895785819755e-5
8.230357726889045e-5
8.231097895603715e-5
8.227231885887266e-5
8.225820516803643e-5
8.233398935810224e-5
8.233133456587749e-5
8.231080420946325e-5
8.231244714514962e-5
8.231456117673247e-5
8.231752954771844e-5
8.232255209443509e-5
8.232895487141317e-5
8.233691700127767e-5
8.234549027992294e-5
8.235558268185259e-5
8.236625543239596e-5
8.237799836857926e-5
8.239015923714187e-5
8.240196951378916e-5
8.241374768452582e-5
8.24246415824999e-5
8.243383871724044e-5
8.244249547075616e-5
8.244795140120656e-5
8.245293603532996e-5
8.24535817446614e-5
8.245315500700402e-5
8.244740592859138e-5
8.243780488769914e-5
8.24353048189496e-5
8.245285632177558e-5
8.24744478093201e-5
8.247012154855731e-5
8.244836178086077e-5
8.24624600091757e-5
8.247832456366161e-5
8.245587035657932e-5
8.243070306970522e-5
8.241283131504283e-5
8.239551952300617e-5
8.238022106594445e-5
8.236326407346164e-5
8.234745048980307e-5
8.233391759885398e-5
8.232118545605387e-5
8.231204057380626e-5
8.230628132808044e-5
8.230241236160946e-5
8.230159045644312e-5
8.230155663818624e-5
8.230038673771444e-5
8.229609892132758e-5
8.228231400796967e-5
8.225190996248607e-5
8.219353016437188e-5
8.208871133024444e-5
8.192047192352604e-5
8.171496328700681e-5
8.158318542794846e-5
8.155247953919428e-5
8.164182938813888e-5
8.176368315700203e-5
8.18608989524621e-5
8.176266316601952e-5
7.72963736353371e-5
5.895098565964516e-5
3.515169751691344e-5
1.6396510338920378e-5
5.268374082193045e-6
1.6547467947712992e-6
5.145680942181519e-7
1.4590385140018503e-7
8.236812286840319e-5
8.235037685105071e-5
8.233259444609783e-5
8.231479314893734e-5
8.229698683949677e-5
8.227919193319228e-5
8.226142702666703e-5
8.228906699666275e-5
8.230372270631287e-5
8.231112995895341e-5
8.227232340454368e-5
8.225810059962585e-5
8.23340213935855e-5
8.233120604096429e-5
8.231037704445135e-5
8.231182846601791e-5
8.231385439567356e-5
8.231715518503306e-5
8.232188392360608e-5
8.232793926054627e-5
8.233508023683541e-5
8.234335161106089e-5
8.235261821992488e-5
8.236321062300276e-5
8.237391160485517e-5
8.238610755078221e-5
8.239672591153238e-5
8.240890488549904e-5
8.241840135300215e-5
8.242844115175687e-5
8.243565960026067e-5
8.244213154215114e-5
8.244590397518285e-5
8.244769705682705e-5
8.244646919574026e-5
8.244173374305464e-5
8.243249877874071e-5
8.243103943934929e-5
8.24474793053323e-5
8.246846010404571e-5
8.246641169081408e-5
8.244810089039656e-5
8.246311129195357e-5
8.24793947463427e-5
8.246146909264247e-5
8.243643809968028e-5
8.241868400172114e-5
8.239973427466669e-5
8.238372454126774e-5
8.23665154842766e-5
8.234977275701309e-5
8.233559686555423e-5
8.232176347470822e-5
8.231108594649088e-5
8.23039610375619e-5
8.229892577149148e-5
8.22974591003606e-5
8.229772595822516e-5
8.229821636579891e-5
8.229805409256214e-5
8.229246995392871e-5
8.227732799594369e-5
8.224590405497121e-5
8.21879429026994e-5
8.208367422428088e-5
8.19164369484245e-5
8.171066493788538e-5
8.152931285687091e-5
8.154148840682633e-5
8.164718505756121e-5
8.176726164244261e-5
8.187046418614856e-5
8.178653099735971e-5
7.754200401616115e-5
5.945048249039985e-5
3.5506394655896615e-5
1.6582276507316055e-5
5.306599814565525e-6
1.661785161107339e-6
5.153305506757295e-7
1.456332844765308e-7
8.235037410333778e-5
8.233258871439293e-5
8.231478261492443e-5
8.229697209801055e-5
8.227917570967113e-5
8.226140765405146e-5
8.228921004645354e-5
8.230390780724675e-5
8.231131018282476e-5
8.227234951975739e-5
8.225803397423376e-5
8.233407525491213e-5
8.233106340072757e-5
8.230998203187174e-5
8.23112436035835e-5
8.231332379229285e-5
8.23165323576842e-5
8.232088361546373e-5
8.232646616855066e-5
8.233298961826496e-5
8.234082308842611e-5
8.234958295712205e-5
8.235954387525942e-5
8.236991387484883e-5
8.238118128117331e-5
8.2391750198869e-5
8.240296779967222e-5
8.241240277879977e-5
8.242193730439521e-5
8.242884543891514e-5
8.243544484222814e-5
8.243855405074952e-5
8.244109310488049e-5
8.243931297048957e-5
8.24357893609851e-5
8.242677726517631e-5
8.242637537817109e-5
8.244151066364641e-5
8.246241348614171e-5
8.24621894570294e-5
8.244737958332833e-5
8.24628433137892e-5
8.247954150100389e-5
8.246603759026167e-5
8.24420793916413e-5
8.242456195944051e-5
8.240464924800305e-5
8.238721079159107e-5
8.236977667499679e-5
8.23519533239775e-5
8.233720471019187e-5
8.232264240281552e-5
8.231062738941412e-5
8.23021379971618e-5
8.229579759998208e-5
8.229323803833432e-5
8.229302737090064e-5
8.229388211889625e-5
8.229555971766527e-5
8.229414076014995e-5
8.228737717515491e-5
8.227101291456349e-5
8.224115041765092e-5
8.218429446970566e-5
8.208088638507519e-5
8.191354546284099e-5
8.165995329004721e-5
8.151958856235574e-5
8.155169017170817e-5
8.16543442221193e-5
8.1776033624264e-5
8.188559097619297e-5
8.181078253049971e-5
7.77809813378692e-5
5.9958823481424785e-5
3.5869524690522406e-5
1.6756347558225005e-5
5.342375457936646e-6
1.6689212498811323e-6
5.161203298422305e-7
1.4535706291635956e-7
8.233258593165263e-5
8.231477687093202e-5
8.229696155227594e-5
8.227916075367218e-5
8.226139063708617e-5
8.228938455831382e-5
8.230413686941358e-5
8.231152837253852e-5
8.227239499118954e-5
8.225799797026949e-5
8.233417782805597e-5
8.233099155543426e-5
8.230965525157757e-5
8.23108100362893e-5
8.231283595241572e-5
8.231574717518595e-5
8.231971149489059e-5
8.23247241390718e-5
8.233079680012041e-5
8.233810563743315e-5
8.234640635344716e-5
8.235564736402502e-5
8.236571444477817e-5
8.237597041438689e-5
8.238658026665654e-5
8.239656688871104e-5
8.240638548917824e-5
8.24145989059523e-5
8.24222025978703e-5
8.242767052550295e-5
8.243151310632635e-5
8.243336425771515e-5
8.243226800644504e-5
8.242894022721544e-5
8.242112941743145e-5
8.242112205170188e-5
8.243523318853427e-5
8.245601365668129e-5
8.245725656045809e-5
8.244651370134099e-5
8.246164140053348e-5
8.247932664054208e-5
8.246903151411039e-5
8.244744304495023e-5
8.242991117371347e-5
8.24102812906314e-5
8.23910224332034e-5
8.237328814893485e-5
8.235420797277239e-5
8.233861445318839e-5
8.232358232216608e-5
8.231045407221351e-5
8.230077087109754e-5
8.229318901351441e-5
8.228936340494584e-5
8.228824717947303e-5
8.228874000438396e-5
8.22910152890567e-5
8.229155433013987e-5
8.228921576764813e-5
8.228149171139193e-5
8.226768679203339e-5
8.223955421487992e-5
8.218291723597673e-5
8.207912473218542e-5
8.186860275292077e-5
8.165156920855644e-5
8.153359298391815e-5
8.156364969021744e-5
8.166374958043541e-5
8.179299096869524e-5
8.190163121209015e-5
8.183498583509008e-5
7.801422953806616e-5
6.0475002273812363e-5
3.623353361814409e-5
1.6882087175532145e-5
5.378251336186799e-6
1.6762931093527255e-6
5.169344123187657e-7
1.4507588590482463e-7
8.231477404271782e-5
8.229695580795413e-5
8.227915025214143e-5
8.226137551700562e-5
8.228958766305083e-5
8.230440724482779e-5
8.231179257040494e-5
8.227246556530959e-5
8.225798672579224e-5
8.233434161415014e-5
8.23310000138521e-5
8.230942790338754e-5
8.231050480031281e-5
8.231230458148194e-5
8.231491376348e-5
8.231844099076548e-5
8.232298141961297e-5
8.232857973281412e-5
8.233535457828472e-5
8.23431124974649e-5
8.235174160752032e-5
8.236124958813436e-5
8.237085828766795e-5
8.238091885231442e-5
8.23903522230659e-5
8.239974110785555e-5
8.240741276759696e-5
8.24149436798982e-5
8.241973048448064e-5
8.242413958361624e-5
8.242520404714638e-5
8.242510820265044e-5
8.242135597969538e-5
8.241541561892143e-5
8.241519658458868e-5
8.242917692030549e-5
8.244893273125819e-5
8.245184250451299e-5
8.24449758407092e-5
8.245981407709983e-5
8.247898163233628e-5
8.247072530493618e-5
8.245225773718694e-5
8.243443468974632e-5
8.241605590179612e-5
8.239536075787747e-5
8.237716779448802e-5
8.235694151604993e-5
8.233997421689864e-5
8.232447123919458e-5
8.231040133244643e-5
8.229964505399445e-5
8.229106513733394e-5
8.228600627157896e-5
8.22838049667027e-5
8.228356293357017e-5
8.228573407344388e-5
8.228702382691882e-5
8.228692779493413e-5
8.228435819448601e-5
8.227974553746941e-5
8.226816513734811e-5
8.223986031676344e-5
8.218215784786726e-5
8.203929930943012e-5
8.186176041316757e-5
8.166738292259758e-5
8.155011553639591e-5
8.157299154000136e-5
8.16838112469545e-5
8.181180502967368e-5
8.191737208330345e-5
8.185972112958994e-5
7.824097189010026e-5
6.099692698745393e-5
3.6574715671368345e-5
1.7000304709129595e-5
5.415258338897928e-6
1.6838839131488265e-6
5.177774673043819e-7
1.447926039683704e-7
8.229695292170205e-5
8.227914451758178e-5
8.226136511992e-5
8.228982233133733e-5
8.230471880526149e-5
8.231210292788396e-5
8.227256567871005e-5
8.225800308476924e-5
8.23345739038124e-5
8.233108269303769e-5
8.230930904520132e-5
8.231023800034907e-5
8.231179447220084e-5
8.231408432511862e-5
8.231720090685972e-5
8.232131153359132e-5
8.232642345090085e-5
8.233266070697453e-5
8.233983088546193e-5
8.234786686260735e-5
8.235672647422096e-5
8.236579340298044e-5
8.23751008470315e-5
8.238420417236191e-5
8.239274388524196e-5
8.240043327613198e-5
8.240708432064206e-5
8.241208938571869e-5
8.241595106390144e-5
8.241735284489605e-5
8.241724334221025e-5
8.241389511636114e-5
8.240891985817131e-5
8.240896417090547e-5
8.242320326006018e-5
8.24413937301419e-5
8.244641600005221e-5
8.244197135854711e-5
8.24576839737128e-5
8.247789474495658e-5
8.247191573581414e-5
8.24561466559347e-5
8.243841261079979e-5
8.242111868581866e-5
8.240013670269846e-5
8.238124302776562e-5
8.23604240994532e-5
8.23416478245375e-5
8.232540135171721e-5
8.231042807299497e-5
8.229860591376175e-5
8.228923662030242e-5
8.22831370138616e-5
8.227984452884343e-5
8.227873199535645e-5
8.228045539248345e-5
8.228182062850271e-5
8.228277083650939e-5
8.228358197626397e-5
8.228429191271947e-5
8.228198727897547e-5
8.227021131396007e-5
8.22396032251818e-5
8.214596713656775e-5
8.203396957042391e-5
8.187820972366114e-5
8.168714349507889e-5
8.155793300617792e-5
8.159466412231157e-5
8.170781725748546e-5
8.182930071032801e-5
8.193391398380412e-5
8.18844988540597e-5
7.846121614751833e-5
6.151380232836083e-5
3.69126665468737e-5
1.7121812029553947e-5
5.453641978522495e-6
1.6917330949897396e-6
5.186561684961406e-7
1.4450688667310224e-7
8.227914155850098e-5
8.226135940615747e-5
8.229009476626829e-5
8.230507635225231e-5
8.231246042600535e-5
8.22726938351714e-5
8.225805205959692e-5
8.233487855063848e-5
8.233123986196354e-5
8.230926382941022e-5
8.231002578148464e-5
8.231135047485739e-5
8.231331767553773e-5
8.23160751801797e-5
8.23197633458355e-5
8.232439051231895e-5
8.233009078510421e-5
8.233667172669194e-5
8.234408742636179e-5
8.235230664051917e-5
8.236075872649514e-5
8.236941747979711e-5
8.237798171309387e-5
8.238587757950709e-5
8.239326868686652e-5
8.239929546353341e-5
8.240433246653157e-5
8.240755885628339e-5
8.240948711607289e-5
8.240892848761171e-5
8.240669258353914e-5
8.240156322020726e-5
8.240279447040212e-5
8.241652758845378e-5
8.243412004091348e-5
8.244084227348044e-5
8.243774329392866e-5
8.245507468722427e-5
8.247540332451875e-5
8.247293746106213e-5
8.245883499772601e-5
8.24423400355446e-5
8.242502183354029e-5
8.240498672550411e-5
8.238518050864272e-5
8.236448203122478e-5
8.234399299733966e-5
8.232659414315686e-5
8.231070153234443e-5
8.229763105932313e-5
8.228755105801096e-5
8.228063162436802e-5
8.227632967953622e-5
8.227436042689692e-5
8.227551401419089e-5
8.227662046604245e-5
8.227808733408845e-5
8.228129116930058e-5
8.22852255909442e-5
8.228805698329622e-5
8.228545195402258e-5
8.2270104525236e-5
8.220534534770599e-5
8.214185117961733e-5
8.205075913820732e-5
8.190045994259967e-5
8.169162795646683e-5
8.157825622645365e-5
8.162401553588716e-5
8.17290932952737e-5
8.184733156249163e-5
8.195078856171204e-5
8.190954157010138e-5
7.86720479653351e-5
6.203042147991247e-5
3.725864159753396e-5
1.7246752677144106e-5
5.4935633896993615e-6
1.6998738199237748e-6
5.195718469169437e-7
1.4421793985158328e-7
8.226135636162402e-5
8.229040908711726e-5
8.230548793568253e-5
8.23128711799661e-5
8.227284827392037e-5
8.225813108592786e-5
8.23352621571379e-5
8.233147425518331e-5
8.230927337035875e-5
8.230987652759798e-5
8.2310983343171e-5
8.231266747175734e-5
8.231508789184063e-5
8.231836869798374e-5
8.232252526995282e-5
8.232769442832168e-5
8.233369896710025e-5
8.234049249761908e-5
8.234807180052424e-5
8.235586923318857e-5
8.236391523733458e-5
8.237185072658517e-5
8.237921893161831e-5
8.238603450034779e-5
8.239174416259608e-5
8.239636602675313e-5
8.2399464156693e-5
8.240122003143343e-5
8.240082010859498e-5
8.239906658589985e-5
8.239423327230062e-5
8.239633744171101e-5
8.240912022317911e-5
8.242722688919717e-5
8.243451389596643e-5
8.243340632063686e-5
8.245135346074303e-5
8.247191578746572e-5
8.247309115504846e-5
8.2460538691996e-5
8.24461344964151e-5
8.242818886049866e-5
8.24094271450827e-5
8.238886984949881e-5
8.236850440478432e-5
8.234710678711275e-5
8.232822385079078e-5
8.231147537093964e-5
8.229692705250311e-5
8.228595381743125e-5
8.227836947922106e-5
8.227317259259354e-5
8.227042901158399e-5
8.227100363274127e-5
8.227171758785354e-5
8.227415426670731e-5
8.227867251675659e-5
8.22845938213499e-5
8.229020688203e-5
8.229235107187268e-5
8.228549277428754e-5
8.223636038361653e-5
8.220228992723987e-5
8.215885452684109e-5
8.20756206781049e-5
8.190107636856658e-5
8.170672916140306e-5
8.161173966925614e-5
8.164914590250906e-5
8.175024939829148e-5
8.186560807119541e-5
8.196838144496196e-5
8.193389219890786e-5
7.887430866288054e-5
6.25525346629481e-5
3.7614494988436276e-5
1.7376628820056604e-5
5.535195432335357e-6
1.708319428685603e-6
5.205175538315031e-7
1.4392309137142355e-7
8.229076809112441e-5
8.230595950811857e-5
8.231334356330143e-5
8.227303130115133e-5
8.225823654477756e-5
8.233572373190313e-5
8.233178295923154e-5
8.230934145924159e-5
8.230979714338144e-5
8.23107010750597e-5
8.231213656492488e-5
8.23142437489145e-5
8.231714587921511e-5
8.232085291575404e-5
8.232551032920233e-5
8.233095196159082e-5
8.233714134471571e-5
8.234408703283352e-5
8.235123268613765e-5
8.235863737104827e-5
8.236596438857154e-5
8.237276272210493e-5
8.237902244771695e-5
8.238431547226546e-5
8.238852416983037e-5
8.23915169878446e-5
8.239292747615554e-5
8.239290916791881e-5
8.239095188921275e-5
8.238732891502188e-5
8.238914797360974e-5
8.240192431860149e-5
8.24198388659393e-5
8.2427604203052e-5
8.242906460017236e-5
8.24464269980033e-5
8.24682757140401e-5
8.247153323724859e-5
8.246175829651883e-5
8.244901885401554e-5
8.243146655788058e-5
8.241312140327738e-5
8.239257131365091e-5
8.237193072276915e-5
8.235070467607828e-5
8.233030807714564e-5
8.231283433779125e-5
8.229682498525506e-5
8.228456499055475e-5
8.227632839774327e-5
8.227027840950754e-5
8.22668071557234e-5
8.226691858963487e-5
8.226793483365114e-5
8.227119107443572e-5
8.227655292486526e-5
8.228348021005911e-5
8.229053754052289e-5
8.229469921300664e-5
8.229249167624311e-5
8.225187211163785e-5
8.223429097707651e-5
8.221952482017047e-5
8.218650882466612e-5
8.207347898638383e-5
8.190834787381136e-5
8.17418734687515e-5
8.163974423376286e-5
8.167311776358395e-5
8.177148078594175e-5
8.18846279793693e-5
8.198604875826988e-5
8.195774951165347e-5
7.9068552937033e-5
6.307841969098568e-5
3.798196674531991e-5
1.7511445885832412e-5
5.57863295577439e-6
1.7170297457274351e-6
5.214962521660808e-7
1.4362328099696823e-7
8.230649676868933e-5
8.231388430320446e-5
8.227324730587373e-5
8.225836997551675e-5
8.233626607612486e-5
8.233216189290197e-5
8.230947052723958e-5
8.230978726821518e-5
8.231050947422727e-5
8.23117165503407e-5
8.231353856762894e-5
8.231609075500396e-5
8.231938446925989e-5
8.232355872206042e-5
8.232846052223122e-5
8.233406503143904e-5
8.234039880391685e-5
8.234691036666462e-5
8.235367021162493e-5
8.23603853015375e-5
8.236659738687921e-5
8.237233083610896e-5
8.237711798545198e-5
8.238095983836651e-5
8.238365967088416e-5
8.238495289663087e-5
8.238497642571577e-5
8.238298658959307e-5
8.238027790270612e-5
8.238167226036643e-5
8.239511344161359e-5
8.241164678257327e-5
8.242085971492349e-5
8.242360033756881e-5
8.244114207883687e-5
8.246418758553484e-5
8.246863489127452e-5
8.246234832116068e-5
8.245055684147999e-5
8.243496874353152e-5
8.241618409974519e-5
8.239649116737171e-5
8.237483599836843e-5
8.235425953388176e-5
8.233276717598838e-5
8.231456498940523e-5
8.229752786579686e-5
8.228362064298015e-5
8.227459105920563e-5
8.226767756805878e-5
8.22634357021736e-5
8.226327851352266e-5
8.226545341685445e-5
8.226913997306602e-5
8.227511237244855e-5
8.228251992596045e-5
8.229001697801075e-5
8.229466974544076e-5
8.229494991851965e-5
8.22592832719024e-5
8.22505699974943e-5
8.225183337972779e-5
8.224985723659892e-5
8.218312485301831e-5
8.207248717059027e-5
8.194339527834662e-5
8.177080626466286e-5
8.166514614175982e-5
8.169704203501589e-5
8.179328266813084e-5
8.190378987499884e-5
8.200423515575471e-5
8.198148649507818e-5
7.92560290033253e-5
6.360915056686654e-5
3.8362052503273914e-5
1.765110082719535e-5
5.623674382652203e-6
1.7260488332465502e-6
5.225176112627956e-7
1.4332087423109431e-7
8.23145002665947e-5
8.227349890281167e-5
8.225853446575102e-5
8.233689782851987e-5
8.23326149440286e-5
8.230965941622147e-5
8.230984601527367e-5
8.231040242033711e-5
8.231140079785528e-5
8.231296021179298e-5
8.231519365730921e-5
8.231810912877724e-5
8.23218412812894e-5
8.232623827713931e-5
8.233128629480773e-5
8.233703032108452e-5
8.234293476910997e-5
8.234907296662948e-5
8.235517512863274e-5
8.236080198902681e-5
8.2365999343988e-5
8.237029954527719e-5
8.237372093545559e-5
8.237607644071923e-5
8.237725524735776e-5
8.237717116963981e-5
8.237544192737131e-5
8.237285637225675e-5
8.23745762943019e-5
8.238780518410503e-5
8.240363866631968e-5
8.241400520500417e-5
8.241698448854035e-5
8.243584541625456e-5
8.245883133061434e-5
8.246545645891349e-5
8.24615028916504e-5
8.24513110901312e-5
8.243770023560048e-5
8.241914357999831e-5
8.240026746400759e-5
8.237792169432639e-5
8.235734446432876e-5
8.233556160682322e-5
8.231630198159292e-5
8.229891398160492e-5
8.228331197483981e-5
8.227325727491952e-5
8.226550385038111e-5
8.226031618432226e-5
8.226082039831234e-5
8.22637293798339e-5
8.226802153058755e-5
8.227427249457515e-5
8.228192691946299e-5
8.228867930016872e-5
8.229353070655178e-5
8.229498572297657e-5
8.226266785424687e-5
8.225850296479988e-5
8.226830450879657e-5
8.228449525269866e-5
8.224637287105014e-5
8.21745120149241e-5
8.210718223247948e-5
8.197211277471132e-5
8.179531990937091e-5
8.169048719781573e-5
8.172128332783183e-5
8.181518268135534e-5
8.192341098571666e-5
8.202257442744055e-5
8.200516948876548e-5
7.943712163457472e-5
6.414586301123229e-5
3.875554167568573e-5
1.7794438214615253e-5
5.670602833725952e-6
1.7354391366343938e-6
5.235623681140517e-7
1.4300621475884108e-7
8.22737889920569e-5
8.2258732068817e-5
8.233762985943126e-5
8.233314932892673e-5
8.230990871956814e-5
8.23099702281011e-5
8.231037255727973e-5
8.231117892233813e-5
8.231250005287219e-5
8.231444004544283e-5
8.231701084606423e-5
8.232034001643441e-5
8.232428006045526e-5
8.232881118281976e-5
8.233399637754244e-5
8.233932065346922e-5
8.234486866692317e-5
8.235038286019336e-5
8.235543092079789e-5
8.236008865629084e-5
8.236391195620452e-5
8.2366904549255e-5
8.236890496873112e-5
8.236985521167956e-5
8.236967848062122e-5
8.236817246488158e-5
8.2365550574854e-5
8.23678073923318e-5
8.2379870175179e-5
8.2396300622787e-5
8.240628901598551e-5
8.241048287792962e-5
8.242966552276157e-5
8.24526683625997e-5
8.246188939044589e-5
8.24592118001751e-5
8.24517429796386e-5
8.243893150124167e-5
8.242220246027087e-5
8.240332365032795e-5
8.238165784916694e-5
8.23599932383453e-5
8.233864212220649e-5
8.231796026286409e-5
8.230054030662376e-5
8.228371586219262e-5
8.227233858948662e-5
8.226388573816213e-5
8.225782498501496e-5
8.225939690504637e-5
8.226291096351948e-5
8.226751659657756e-5
8.227401847189551e-5
8.228107823322614e-5
8.228693275691814e-5
8.229185245270818e-5
8.229398318376892e-5
8.226422234078608e-5
8.226216153913768e-5
8.227618988381952e-5
8.230285848777485e-5
8.228157957519083e-5
8.22310585425332e-5
8.220910998700401e-5
8.213600062808997e-5
8.199433615548226e-5
8.181984250168395e-5
8.171585522752274e-5
8.174561458451511e-5
8.183737442381716e-5
8.194326058885637e-5
8.204111257994733e-5
8.202861616864403e-5
7.961217825519775e-5
6.468771386378761e-5
3.9160251852138446e-5
1.7943312667209466e-5
5.719837785741426e-6
1.745046287774353e-6
5.246549426492131e-7
1.4269763672730712e-7
8.22589637064261e-5
8.23384722719186e-5
8.23337745815515e-5
8.231022318124485e-5
8.231015939906392e-5
8.231041211300029e-5
8.231104077621742e-5
8.231214428636253e-5
8.231381768859208e-5
8.231607195977859e-5
8.231903405393595e-5
8.23225593920386e-5
8.232662682117322e-5
8.233129656853042e-5
8.233607540457246e-5
8.234106211659388e-5
8.234602358688693e-5
8.235052105784896e-5
8.235464972586017e-5
8.235799184620517e-5
8.236056871365355e-5
8.236221547824681e-5
8.236289292904957e-5
8.23625789525132e-5
8.236113752169783e-5
8.235868312750587e-5
8.236107447195583e-5
8.237216293578316e-5
8.238885542589777e-5
8.239820409028194e-5
8.240415934589026e-5
8.242237469853625e-5
8.244649079645442e-5
8.245698619602878e-5
8.24564429649709e-5
8.245122986419383e-5
8.243935143145544e-5
8.242467022462952e-5
8.24057915567336e-5
8.238550264092051e-5
8.236276571004373e-5
8.234175766963733e-5
8.231993730696775e-5
8.230195766564815e-5
8.228475819755334e-5
8.227177445075457e-5
8.226281850409391e-5
8.225671082674525e-5
8.225851137157796e-5
8.226288711627902e-5
8.226759459375255e-5
8.227401508814114e-5
8.227980671998747e-5
8.228522933289416e-5
8.228990460380572e-5
8.22936415317373e-5
8.226502730212818e-5
8.22637645226357e-5
8.227953248189868e-5
8.231220199743284e-5
8.23008236673371e-5
8.226052417046966e-5
8.22657369588867e-5
8.223875105092987e-5
8.215613978011579e-5
8.201666524828384e-5
8.184409885103048e-5
8.174135428734018e-5
8.177006779826114e-5
8.185979511482773e-5
8.196331963540858e-5
8.20596903581748e-5
8.205186657854538e-5
7.978112744623574e-5
6.523111332774102e-5
3.957832570285677e-5
1.8101280403323833e-5
5.770540239665191e-6
1.7551282736178537e-6
5.25804132649442e-7
1.424946664599461e-7
8.23394362156018e-5
8.233449845904786e-5
8.231060748993283e-5
8.231041663035628e-5
8.231051995925807e-5
8.231097664901962e-5
8.231187745566641e-5
8.231330826617087e-5
8.231527662124895e-5
8.231790129111549e-5
8.232105033582878e-5
8.232470048257297e-5
8.232891071319166e-5
8.233319114648726e-5
8.233765379758436e-5
8.23420925856293e-5
8.234607832935858e-5
8.234970870124131e-5
8.235258212694151e-5
8.235474099887408e-5
8.235604432024956e-5
8.235645401735233e-5
8.235596764376045e-5
8.235446993927118e-5
8.235222038338396e-5
8.235444414307737e-5
8.236506589928798e-5
8.238092685844802e-5
8.239061815426203e-5
8.239702219311854e-5
8.241504936344968e-5
8.243973644850931e-5
8.24510079522647e-5
8.245323222580798e-5
8.244931616822263e-5
8.24397146430413e-5
8.24258912657341e-5
8.240827884651433e-5
8.23885209291021e-5
8.236616235365154e-5
8.234458237965506e-5
8.232269082145893e-5
8.230314401651393e-5
8.228622031138534e-5
8.227158042628593e-5
8.226209129648385e-5
8.225682041678181e-5
8.225844166704294e-5
8.226333115004229e-5
8.226819701598695e-5
8.227349564763377e-5
8.227858754759112e-5
8.228356371256222e-5
8.228904097964518e-5
8.22941960430501e-5
8.226552256952603e-5
8.226442999390922e-5
8.228055609326186e-5
8.231661923455968e-5
8.231113141383949e-5
8.227495639454615e-5
8.229532885263864e-5
8.229667376049302e-5
8.225754874400826e-5
8.217649103799265e-5
8.203847604552795e-5
8.186853165072007e-5
8.176685767082602e-5
8.179471084134711e-5
8.188236313700052e-5
8.198352101710953e-5
8.207820301429614e-5
8.207504738947086e-5
7.994312476076642e-5
6.577594297835335e-5
4.0014287154811173e-5
1.826266506443349e-5
5.824185435572384e-6
1.7656121258357762e-6
5.484402388846574e-7
1.0088820818622189e-6
8.233533128319841e-5
8.231106546825909e-5
8.231074525861586e-5
8.23106979903616e-5
8.231098359441409e-5
8.231168813958753e-5
8.23128928050367e-5
8.231460195718199e-5
8.231692264032642e-5
8.231972803449956e-5
8.232300054853361e-5
8.232679901953794e-5
8.233064159777229e-5
8.233462954890308e-5
8.233858316565869e-5
8.23420895134066e-5
8.234526114006813e-5
8.234770036579051e-5
8.234945387997461e-5
8.235041206581339e-5
8.23505607338176e-5
8.234990424113703e-5
8.234831643838753e-5
8.234616025146923e-5
8.23481456689487e-5
8.23583036880794e-5
8.237307197318694e-5
8.238334058897236e-5
8.238924502199052e-5
8.24080255126987e-5
8.243192417158453e-5
8.24448873811662e-5
8.244867061046554e-5
8.24466645214129e-5
8.243933522091255e-5
8.242638475006182e-5
8.241058355121129e-5
8.239079752624116e-5
8.236981217783339e-5
8.234724974398503e-5
8.232602434603746e-5
8.230464885089015e-5
8.228779018976327e-5
8.227196924536054e-5
8.226142205271202e-5
8.225755450274844e-5
8.225905699658336e-5
8.22642597537689e-5
8.226898513187377e-5
8.227255529036153e-5
8.227746111008704e-5
8.22822038583871e-5
8.228964808281194e-5
8.229486967269774e-5
8.226600709736449e-5
8.226444539660297e-5
8.228045654534953e-5
8.231840105710081e-5
8.231646687922257e-5
8.228131427244943e-5
8.230987284042978e-5
8.232772570443238e-5
8.231472618675964e-5
8.22766694971749e-5
8.21961375105174e-5
8.206045692915906e-5
8.189293963139048e-5
8.179246915800515e-5
8.18194547689997e-5
8.19051224505708e-5
8.200356610724595e-5
8.209688843249128e-5
8.209798181785306e-5
8.009887267020942e-5
6.632488644770605e-5
4.045994352432704e-5
1.8436044279313012e-5
5.880427101513749e-6
1.9073536571768627e-6
2.037805633020669e-6
3.827140692159104e-6
8.231160366627946e-5
8.231114806252236e-5
8.231094754346057e-5
8.231106190569946e-5
8.231157198778577e-5
8.231255680132101e-5
8.231402535837715e-5
8.231607081608415e-5
8.231856964400485e-5
8.23214989831806e-5
8.232492644668199e-5
8.232838161196474e-5
8.233195703316349e-5
8.233547621089922e-5
8.233854182076905e-5
8.234128643920927e-5
8.234333225006002e-5
8.234471668094455e-5
8.234534272682187e-5
8.23452268852452e-5
8.234439783784686e-5
8.234273115982208e-5
8.234059887007236e-5
8.234232283043916e-5
8.235175846746139e-5
8.236568621358968e-5
8.23759240069847e-5
8.2381741472887e-5
8.240055319155108e-5
8.24238644816496e-5
8.243834992108611e-5
8.244302557453961e-5
8.24435200248586e-5
8.24375633199072e-5
8.242675701029821e-5
8.24119410947934e-5
8.239317761362188e-5
8.237281323188844e-5
8.235032182738336e-5
8.232915413880888e-5
8.230711108127024e-5
8.228922863938281e-5
8.227316694526512e-5
8.226078234991359e-5
8.225864739625657e-5
8.226011102507889e-5
8.226546363833513e-5
8.226945035591672e-5
8.227179621805103e-5
8.227636317876776e-5
8.228246070389366e-5
8.229075760148216e-5
8.229563780755251e-5
8.226634040846926e-5
8.22641131414462e-5
8.227986793434187e-5
8.231881790665608e-5
8.231905223719532e-5
8.228346834265464e-5
8.231631708706627e-5
8.23436937265411e-5
8.234538921040152e-5
8.233321204651096e-5
8.22949629237212e-5
8.221588131244635e-5
8.20824943661595e-5
8.191729238783653e-5
8.181819742742647e-5
8.184440942906641e-5
8.192760545509138e-5
8.202377011805472e-5
8.211555401224837e-5
8.212080693391771e-5
8.024909591016144e-5
6.687033029016725e-5
4.092765564910191e-5
1.8619474108956615e-5
6.490930050288368e-6
5.033158222849664e-6
6.422277668977847e-6
1.5394228039440418e-5
8.231163080545868e-5
8.231127115678639e-5
8.231121139135976e-5
8.231152669541397e-5
8.231229401795676e-5
8.231352930667322e-5
8.231531847701028e-5
8.231754249752271e-5
8.232016896045951e-5
8.232326097737285e-5
8.23263716095617e-5
8.232958627855692e-5
8.233273297113616e-5
8.233541123384388e-5
8.233776658702915e-5
8.233944997084932e-5
8.234050476598135e-5
8.234083609006478e-5
8.234046921923974e-5
8.233945891302303e-5
8.233770628770343e-5
8.233559181749108e-5
8.233702831694008e-5
8.234560785516013e-5
8.235871376117455e-5
8.236853570505331e-5
8.237464765003727e-5
8.239255528317638e-5
8.241605118061676e-5
8.24308353137046e-5
8.243724014007194e-5
8.243923128958722e-5
8.24350826456304e-5
8.242635364022276e-5
8.2412538145047e-5
8.239553239191742e-5
8.237515486958278e-5
8.235378175218674e-5
8.23318524950505e-5
8.231039095316409e-5
8.229076699908546e-5
8.227499562846957e-5
8.226059150287554e-5
8.225977472857175e-5
8.226165062634989e-5
8.226670850198607e-5
8.226974203756365e-5
8.22712270704686e-5
8.227571813449674e-5
8.2284115478571e-5
8.229190993120809e-5
8.229653237230817e-5
8.226644277668352e-5
8.226377789955947e-5
8.227911253226313e-5
8.231856221503106e-5
8.23201355804768e-5
8.2283535146332e-5
8.231853970771498e-5
8.235142311873293e-5
8.236115968874838e-5
8.236359161866649e-5
8.235080125549222e-5
8.231322687398478e-5
8.223585906016121e-5
8.210422424956957e-5
8.194185721920126e-5
8.184411294097202e-5
8.186905003569259e-5
8.19500965706838e-5
8.204397335639252e-5
8.213432912014262e-5
8.214350609114912e-5
8.039171639162493e-5
6.74193568831312e-5
4.141823686909478e-5
2.0612735280691312e-5
1.2806751204639747e-5
1.2373100465045959e-5
2.5588793504224557e-5
5.5740300684813757e-5
8.231167213350713e-5
8.231143163029034e-5
8.231155018362505e-5
8.23121001513076e-5
8.231310506314633e-5
8.231464561078288e-5
8.231661579929116e-5
8.23189749055517e-5
8.232177137225475e-5
8.23245772257261e-5
8.232747375005249e-5
8.23302999954959e-5
8.233265419878385e-5
8.233467244932505e-5
8.233603026491611e-5
8.233678470518719e-5
8.233685848237565e-5
8.23362758763155e-5
8.233509773586648e-5
8.233324558974678e-5
8.233113619359237e-5
8.233227556984708e-5
8.233999206991871e-5
8.235212934553813e-5
8.236149293827025e-5
8.236768843659516e-5
8.238467563653313e-5
8.240806579803349e-5
8.242285240430454e-5
8.243107934910973e-5
8.24339245602061e-5
8.243220661536489e-5
8.242467547012228e-5
8.241292940359401e-5
8.239699585127368e-5
8.237765419322345e-5
8.235684052230458e-5
8.233486589784995e-5
8.23135920933617e-5
8.229306145990614e-5
8.227689119660433e-5
8.22614784293011e-5
8.226074407421369e-5
8.22636475393586e-5
8.226798329913435e-5
8.227013716177134e-5
8.227090136295737e-5
8.22764634287247e-5
8.228597732634476e-5
8.229313381641388e-5
8.229713323141975e-5
8.226656552657326e-5
8.226349785915471e-5
8.22783418270387e-5
8.231800790041132e-5
8.232041850368647e-5
8.228265425402473e-5
8.231866832503676e-5
8.235475166909955e-5
8.236878897062624e-5
8.237926201768909e-5
8.238086874004326e-5
8.236820043996989e-5
8.233196314748681e-5
8.225522216054307e-5
8.212633952210368e-5
8.196652378546339e-5
8.186981053747691e-5
8.189344969119702e-5
8.197261017643135e-5
8.206422479497049e-5
8.215328890762333e-5
8.216572055040951e-5
8.052989916486697e-5
6.797648323214028e-5
4.47379748684747e-5
2.917271904285602e-5
2.303370422654933e-5
3.05713528903903e-5
5.466577916606006e-5
7.556579844635738e-5
8.231172567454028e-5
8.231163953916302e-5
8.231196969149343e-5
8.231274615617902e-5
8.231404136475129e-5
8.231576731083874e-5
8.231788181116093e-5
8.232041820800063e-5
8.232296476660943e-5
8.232558345055453e-5
8.232813171073255e-5
8.233021318997326e-5
8.23319577323352e-5
8.233304072851605e-5
8.23335303302659e-5
8.233337094113565e-5
8.233260612373315e-5
8.233129230080224e-5
8.232935204143717e-5
8.232723119998061e-5
8.232806681803242e-5
8.23349348559593e-5
8.234603438255968e-5
8.235488847909839e-5
8.236091479904221e-5
8.237715375745788e-5
8.239981054179039e-5
8.241494194048422e-5
8.242405104089148e-5
8.242832261189635e-5
8.242829908678621e-5
8.242240286101979e-5
8.241262154548864e-5
8.239774046221812e-5
8.238018036448461e-5
8.235936125433558e-5
8.233848453501742e-5
8.231639525386473e-5
8.22962895961637e-5
8.2278687989517e-5
8.226365065036099e-5
8.226181897323514e-5
8.226584375623833e-5
8.226946695056207e-5
8.227043283786755e-5
8.22708840753868e-5
8.227814540978923e-5
8.228779393360909e-5
8.229443221044363e-5
8.229745925055329e-5
8.226674925159165e-5
8.226329056813313e-5
8.227762240264659e-5
8.231735126529408e-5
8.232029032608885e-5
8.228142636319477e-5
8.231785043467695e-5
8.235580235326596e-5
8.237206488240883e-5
8.238687859023002e-5
8.239643948849356e-5
8.239778122222713e-5
8.238633756664714e-5
8.234975385507651e-5
8.227520168640546e-5
8.214840790571062e-5
8.199118419827185e-5
8.18949402741022e-5
8.191796717755489e-5
8.199501376331113e-5
8.208478134773323e-5
8.21720093008332e-5
8.21878032653985e-5
8.066358981967819e-5
7.050424041313386e-5
5.286239202945877e-5
4.481256450657067e-5
5.475159242600748e-5
7.357223669780135e-5
8.169656871610033e-5
8.288457340738523e-5
8.231179581158168e-5
8.231189801916922e-5
8.231244395721316e-5
8.231349546230113e-5
8.231498308490344e-5
8.231686357410075e-5
8.231916382886456e-5
8.23214899184457e-5
8.232387865520132e-5
8.232618903445627e-5
8.232804309414941e-5
8.232956298435536e-5
8.233043213404612e-5
8.233070580720892e-5
8.233034576903975e-5
8.232941776764352e-5
8.232799468442215e-5
8.232599447126282e-5
8.232386975820292e-5
8.232440326872033e-5
8.2330436680881e-5
8.234049497938615e-5
8.23487584993393e-5
8.235451596906839e-5
8.236989751824008e-5
8.239161825355822e-5
8.240699099765432e-5
8.241654288198125e-5
8.242239224922806e-5
8.242340804249308e-5
8.241979764111227e-5
8.241118692080042e-5
8.239832918257167e-5
8.23818492343781e-5
8.236205766589788e-5
8.234183092486254e-5
8.231962606941072e-5
8.22996289882359e-5
8.22810999743754e-5
8.226617950264523e-5
8.22636770090308e-5
8.226781377908819e-5
8.227139285365504e-5
8.227055933819247e-5
8.22710935223241e-5
8.227989670778381e-5
8.228950393873033e-5
8.229548049610618e-5
8.229780573213534e-5
8.226696156275955e-5
8.226315874217068e-5
8.227697106161953e-5
8.231668324888263e-5
8.231996637972965e-5
8.22801547499438e-5
8.231668808225082e-5
8.235573633973815e-5
8.237308511035039e-5
8.239017759889753e-5
8.240406339472456e-5
8.241307950374943e-5
8.241569875481623e-5
8.240319864499199e-5
8.236842210138276e-5
8.229493561395673e-5
8.217076392115453e-5
8.201487665201566e-5
8.192036233145682e-5
8.194219062121743e-5
8.201777128956207e-5
8.210512626714287e-5
8.219087039941649e-5
8.220949609741366e-5
8.120530420402627e-5
7.369411272852538e-5
5.864113268100505e-5
5.605262456653384e-5
6.871013843279288e-5
7.999772863899829e-5
8.274534082184196e-5
8.299794097429533e-5
8.231188339115364e-5
8.231219063735224e-5
8.231299625932968e-5
8.231424977357549e-5
8.23159046453777e-5
8.231798010678599e-5
8.232011264078827e-5
8.232231284233288e-5
8.232443358256366e-5
8.232610365875028e-5
8.232744084399397e-5
8.232814445798656e-5
8.232825919075041e-5
8.232774440865287e-5
8.232668077285124e-5
8.232516220891932e-5
8.232312115992038e-5
8.232101198966924e-5
8.232127112345085e-5
8.232649989875661e-5
8.233552883047521e-5
8.234315279502963e-5
8.234858993891326e-5
8.236295666300624e-5
8.238366007364891e-5
8.239892233116723e-5
8.240896765449196e-5
8.241585657519682e-5
8.241813493214465e-5
8.241632583965356e-5
8.240918280359406e-5
8.239829732238468e-5
8.238282958152655e-5
8.236478383441205e-5
8.234457231517214e-5
8.232361870545038e-5
8.230256168535555e-5
8.228460772969814e-5
8.226832252533412e-5
8.226640647803831e-5
8.226951926041067e-5
8.227359395205222e-5
8.227075174016027e-5
8.227133183257224e-5
8.228178354375369e-5
8.229109313626307e-5
8.22963552045089e-5
8.229818347661738e-5
8.226716433348274e-5
8.226309778426054e-5
8.227639695955115e-5
8.231604710031116e-5
8.231956676972167e-5
8.227898232207399e-5
8.231548434188572e-5
8.235517782354767e-5
8.237299908030199e-5
8.239122994071988e-5
8.240741817661882e-5
8.242055066523245e-5
8.243097463320968e-5
8.243202839880701e-5
8.242120469631704e-5
8.238661476436335e-5
8.231530828076188e-5
8.21916998885597e-5
8.203910020336143e-5
8.194531255857447e-5
8.196677811559214e-5
8.204030902095198e-5
8.212574498911875e-5
8.220936972469158e-5
8.226819457360516e-5
8.233139018242009e-5
8.173448359192582e-5
8.158184769464037e-5
8.236574578521874e-5
8.291103282004802e-5
8.304253434501597e-5
8.306163665336886e-5
8.302030270108039e-5
8.231198260069457e-5
8.231253326537265e-5
8.231355273519633e-5
8.23149894351757e-5
8.231684833492273e-5
8.231880407158879e-5
8.232084362363972e-5
8.232281669336965e-5
8.232435249037258e-5
8.232555076196458e-5
8.232612960462126e-5
8.232612959168093e-5
8.232551231743382e-5
8.232435515015322e-5
8.232276324654367e-5
8.232068933375563e-5
8.231860512742758e-5
8.231862748601078e-5
8.232310991345481e-5
8.233113943545471e-5
8.23380988051843e-5
8.23431777170707e-5
8.23564615456072e-5
8.237600115739356e-5
8.239091303630085e-5
8.240132759293328e-5
8.240889548577383e-5
8.241252936230437e-5
8.241196835381629e-5
8.240684369528095e-5
8.239724182889403e-5
8.238369121270013e-5
8.236673655762088e-5
8.23474504104029e-5
8.232740723512109e-5
8.230590167686588e-5
8.228837265265565e-5
8.22708233048427e-5
8.226910271876563e-5
8.227154250668493e-5
8.227533731953372e-5
8.227150763989976e-5
8.227138646746656e-5
8.228385509764913e-5
8.229251614139472e-5
8.229721776866623e-5
8.229862266828442e-5
8.226732784218786e-5
8.226309440243283e-5
8.227590844300114e-5
8.231545952769274e-5
8.231915725398824e-5
8.227796900240448e-5
8.231437950942231e-5
8.23544524718307e-5
8.237242671321063e-5
8.239117173784109e-5
8.240854317970342e-5
8.242382050122213e-5
8.243851453374093e-5
8.24470010266259e-5
8.24497591440927e-5
8.243849547264155e-5
8.240582215231706e-5
8.233379587080559e-5
8.221343355042221e-5
8.206271367040066e-5
8.19705961606143e-5
8.199115639121013e-5
8.206321572122765e-5
8.214590073205896e-5
8.22536395112866e-5
8.258716455004643e-5
8.260043471908967e-5
8.254909202563657e-5
8.269978259050034e-5
8.289433461475228e-5
8.298425693111804e-5
8.30384114710956e-5
8.305370162140527e-5
8.301548545954992e-5
8.23120993903679e-5
8.231287861463131e-5
8.231409949183587e-5
8.231574977479332e-5
8.231754305070466e-5
8.23194398943523e-5
8.232129458590377e-5
8.23227407279718e-5
8.232385062011421e-5
8.232434713212096e-5
8.232427156604596e-5
8.232359150473517e-5
8.232238630357453e-5
8.232075601769614e-5
8.231866662736119e-5
8.231660702642866e-5
8.231642124028133e-5
8.23202261979161e-5
8.232731491452166e-5
8.23336056621254e-5
8.233829755956345e-5
8.23504840240603e-5
8.236873897061316e-5
8.238313446741317e-5
8.239365571626e-5
8.240176218432101e-5
8.240643918888494e-5
8.240712444745232e-5
8.240378369797796e-5
8.239560035950141e-5
8.238404148436812e-5
8.236809901397806e-5
8.235042437726393e-5
8.233060960489236e-5
8.231012186782118e-5
8.229164375063616e-5
8.227443000040442e-5
8.227106266193043e-5
8.22743445839661e-5
8.227641260795256e-5
8.227293888830516e-5
8.22714271065089e-5
8.22859375277673e-5
8.229388144957969e-5
8.229791249814934e-5
8.229914102076925e-5
8.22674399697772e-5
8.22631051865137e-5
8.227551562358413e-5
8.231492497576575e-5
8.23187646474994e-5
8.22771305263699e-5
8.231342696272399e-5
8.235372109003714e-5
8.237169352010102e-5
8.239061700139697e-5
8.240855804193841e-5
8.242490013409077e-5
8.2441886496899e-5
8.245436659379423e-5
8.246466155376076e-5
8.246654420249689e-5
8.245717141303371e-5
8.242269841712961e-5
8.235333420064744e-5
8.223447620664379e-5
8.208659073903042e-5
8.199572593733622e-5
8.201598634556155e-5
8.208554024823441e-5
8.219034517175018e-5
8.256067213595588e-5
8.26902406955786e-5
8.270740700292127e-5
8.274615537147359e-5
8.284059482441486e-5
8.291965301738013e-5
8.297533686463867e-5
8.3031938266494e-5
8.304731044197672e-5
8.301189603823349e-5
8.231221715864479e-5
8.231321819379925e-5
8.231466353773788e-5
8.231630843847303e-5
8.231808036632965e-5
8.231983563638829e-5
8.232122512440505e-5
8.232228990146223e-5
8.232275491264127e-5
8.232264495588338e-5
8.232193761099095e-5
8.232071695045456e-5
8.231908691959729e-5
8.231700973669714e-5
8.231498573866852e-5
8.23146112380594e-5
8.231780094419818e-5
8.232402132039691e-5
8.232966405833769e-5
8.233395574433868e-5
8.234504691947824e-5
8.236194948400393e-5
8.237568708107893e-5
8.238610171366224e-5
8.239456458917272e-5
8.239999161646356e-5
8.24019014814097e-5
8.239995599817572e-5
8.239357992290251e-5
8.238348346220878e-5
8.236934771947475e-5
8.235272603060743e-5
8.2333928159175e-5
8.231427264565094e-5
8.229517963286952e-5
8.227837941159985e-5
8.227301566845143e-5
8.227723191424669e-5
8.227767710583716e-5
8.227442752521212e-5
8.227229369923584e-5
8.22875693719702e-5
8.229539331148646e-5
8.229832617616396e-5
8.229970831357258e-5
8.22675300041747e-5
8.226307274621714e-5
8.22752212611975e-5
8.231444383022745e-5
8.23183937543417e-5
8.227646202406766e-5
8.231263758245398e-5
8.235305467146742e-5
8.237096234636092e-5
8.238988952490905e-5
8.240806839561221e-5
8.242489378698279e-5
8.244307175148691e-5
8.245763787839382e-5
8.247205571397081e-5
8.24811685438321e-5
8.248505721495388e-5
8.24731100821671e-5
8.244084205548533e-5
8.237214613184719e-5
8.22556934381965e-5
8.211044211576293e-5
8.202136926914858e-5
8.204021150647762e-5
8.213116143769842e-5
8.250241109717516e-5
8.265573950685477e-5
8.27194482881714e-5
8.274382738718838e-5
8.27843830601133e-5
8.28426412060388e-5
8.290703132564047e-5
8.296483249582096e-5
8.302694524927164e-5
8.304211890629794e-5
8.300927735007348e-5
8.231233313948194e-5
8.231357034644247e-5
8.23150772442815e-5
8.231674148072514e-5
8.23184168307338e-5
8.23197742976766e-5
8.232082583064229e-5
8.232130284062392e-5
8.232120673462786e-5
8.232051080138449e-5
8.231930581115115e-5
8.23177012560573e-5
8.231566750920312e-5
8.231369759913395e-5
8.231316453003849e-5
8.231579464100283e-5
8.2321215578002e-5
8.232624547064394e-5
8.233014539870251e-5
8.234016335556486e-5
8.235567928370035e-5
8.236864269786974e-5
8.237879105028362e-5
8.238739982765427e-5
8.239338049191126e-5
8.239628739923598e-5
8.239561439988143e-5
8.239093572589636e-5
8.238229510886977e-5
8.23701333679566e-5
8.235446636474462e-5
8.233730107758757e-5
8.231792093014199e-5
8.229951828123082e-5
8.228208531396688e-5
8.227598659743531e-5
8.227918054566084e-5
8.228002138825719e-5
8.227531759743457e-5
8.227414290100001e-5
8.228843167596447e-5
8.229703685592811e-5
8.229853874341863e-5
8.230019456517378e-5
8.226767880511928e-5
8.226294420405963e-5
8.227500378599931e-5
8.231403754390279e-5
8.231804142253907e-5
8.227594713130368e-5
8.231200508912135e-5
8.235247659563264e-5
8.237030707690358e-5
8.238915314326963e-5
8.240739382151583e-5
8.242439844276047e-5
8.244316027007888e-5
8.245876593380796e-5
8.247539563674422e-5
8.248841391116866e-5
8.249970501177641e-5
8.250047838863968e-5
8.249049091886901e-5
8.24582528892645e-5
8.239103510383079e-5
8.227705539048117e-5
8.213485137931565e-5
8.204664291080876e-5
8.208667842151539e-5
8.244800657170693e-5
8.259801326907068e-5
8.266613146694922e-5
8.269071095070591e-5
8.271360466841953e-5
8.276214402164942e-5
8.282270574725447e-5
8.289375472360065e-5
8.295613958405426e-5
8.302310883423067e-5
8.303795721066561e-5
8.300735991208836e-5
8.23124539633745e-5
8.231382759183818e-5
8.231539812027703e-5
8.231701420797031e-5
8.231836480072308e-5
8.231942828351618e-5
8.231994956313869e-5
8.231990920439761e-5
8.231926997603478e-5
8.231811489359183e-5
8.231656014637066e-5
8.231458922542817e-5
8.231269307845287e-5
8.231203772127944e-5
8.23141711093341e-5
8.231885810802983e-5
8.232331365129223e-5
8.23268409090583e-5
8.233583738177785e-5
8.2349966291885e-5
8.236206741315135e-5
8.237181250648599e-5
8.238038266007635e-5
8.238672591131545e-5
8.239038744273282e-5
8.239087385461772e-5
8.238761981093598e-5
8.23806416009392e-5
8.23701018053653e-5
8.235605473687707e-5
8.234005047724794e-5
8.23217144012546e-5
8.230381259266511e-5
8.228618855331758e-5
8.22795048594168e-5
8.228070818373045e-5
8.228300942067795e-5
8.227606628822996e-5
8.227610014962484e-5
8.228897259383179e-5
8.229830187510445e-5
8.229886831334453e-5
8.230040204268627e-5
8.226796754553556e-5
8.226272048852405e-5
8.22748092927814e-5
8.231373568108004e-5
8.23176941519188e-5
8.227556016276465e-5
8.231151808851323e-5
8.23519868347897e-5
8.236975344972317e-5
8.238848489745242e-5
8.24066960014675e-5
8.242372836721987e-5
8.244274342507898e-5
8.245882468956176e-5
8.247660076303212e-5
8.249167955431634e-5
8.250705511084017e-5
8.251485100926167e-5
8.251747714657931e-5
8.250715232839202e-5
8.247563605973141e-5
8.24102323457147e-5
8.229900457533687e-5
8.215922801500485e-5
8.209211283520908e-5
8.240524867927769e-5
8.254496384588285e-5
8.260773214776954e-5
8.26290825963197e-5
8.263863991819086e-5
8.267616953724314e-5
8.273477732047095e-5
8.280362964974154e-5
8.288278889795919e-5
8.294900765979887e-5
8.302022003914705e-5
8.303460684343568e-5
8.300594150128597e-5
8.231254188175492e-5
8.231402763767708e-5
8.231560157859128e-5
8.231697240610497e-5
8.231807426632677e-5
8.231866650675153e-5
8.231871316196704e-5
8.231816885213854e-5
8.231710352575408e-5
8.231562779520478e-5
8.231373850992347e-5
8.231192600948523e-5
8.231118208957361e-5
8.23128849553141e-5
8.231691124113886e-5
8.232083111515186e-5
8.23240074813381e-5
8.233205059622172e-5
8.234483002414762e-5
8.235601642562087e-5
8.236524431209504e-5
8.237361670202307e-5
8.238013174500505e-5
8.23843420711816e-5
8.238578597042411e-5
8.238378626170879e-5
8.237839691331082e-5
8.236939649152452e-5
8.235721902794244e-5
8.234224456278347e-5
8.232559452261555e-5
8.230772602551039e-5
8.229097056708091e-5
8.228265205998181e-5
8.228297623253707e-5
8.228544544258241e-5
8.227778934106256e-5
8.227723369012432e-5
8.228997416315615e-5
8.229878417502956e-5
8.229958590365943e-5
8.23002684040005e-5
8.226834914779059e-5
8.226250034853541e-5
8.227455478037281e-5
8.231356526454662e-5
8.231735301341112e-5
8.227526168852672e-5
8.231116397183067e-5
8.235157672912924e-5
8.236930134802497e-5
8.238791570929208e-5
8.240605104525392e-5
8.24230412397622e-5
8.244213454779376e-5
8.245839764641299e-5
8.247672831891306e-5
8.249285486027814e-5
8.251045005448974e-5
8.252206265422733e-5
8.253167541994099e-5
8.253378457851201e-5
8.252367872154839e-5
8.249346507194893e-5
8.243004028017714e-5
8.232101171554703e-5
8.22008365166715e-5
8.239141266128148e-5
8.250141659081373e-5
8.255364143101725e-5
8.256980389801356e-5
8.256521775392515e-5
8.258921064853859e-5
8.264069176180356e-5
8.270963677057294e-5
8.278754217252144e-5
8.28738457986069e-5
8.29432568162301e-5
8.30180378477351e-5
8.303189452594634e-5
8.30048927227799e-5
8.231261061507252e-5
8.231415530343108e-5
8.23155705682323e-5
8.231673909253524e-5
8.23174318406472e-5
8.231759180136089e-5
8.231717138560534e-5
8.231622856386966e-5
8.231486628649444e-5
8.231308222120052e-5
8.23113641744717e-5
8.231055500753222e-5
8.231188833254634e-5
8.231532767854605e-5
8.231875941621003e-5
8.232160856542197e-5
8.232876949222028e-5
8.234026342703359e-5
8.235051980343219e-5
8.235914928645702e-5
8.236719059311344e-5
8.237370433353094e-5
8.23782718447099e-5
8.238045932594709e-5
8.237955595362112e-5
8.237555318974389e-5
8.236814071628695e-5
8.235764020660986e-5
8.234416726778217e-5
8.232889671693587e-5
8.231183236595931e-5
8.229563964211717e-5
8.228589444834895e-5
8.228553176831745e-5
8.22872644053734e-5
8.228039677694217e-5
8.227762035595265e-5
8.229135584220088e-5
8.229880032342045e-5
8.230045315082818e-5
8.230007159077985e-5
8.226858522917672e-5
8.226244806343322e-5
8.227416441407229e-5
8.231351535717891e-5
8.231704780558472e-5
8.227500283733503e-5
8.231093211905633e-5
8.23512389907012e-5
8.236893698389604e-5
8.238745236041132e-5
8.240549037614309e-5
8.242240918103596e-5
8.244149269621841e-5
8.245779526740727e-5
8.247635297632311e-5
8.249298061424957e-5
8.25117502016762e-5
8.252539604065761e-5
8.253881959679035e-5
8.254784732815124e-5
8.254985267762328e-5
8.2540761636768e-5
8.25119251070013e-5
8.244983910091846e-5
8.235730407874441e-5
8.243092335142942e-5
8.247590703901132e-5
8.25068562835394e-5
8.251613233920301e-5
8.249705898938927e-5
8.250399553558084e-5
8.254535265755964e-5
8.260832925272496e-5
8.268812926471185e-5
8.27741603901722e-5
8.286670303900265e-5
8.293862745847305e-5
8.30163736109715e-5
8.302970426990824e-5
8.300410385646343e-5
8.231265501352987e-5
8.231413542751336e-5
8.231539803090622e-5
8.231622250358998e-5
8.231652584463653e-5
8.231625404572394e-5
8.231545805874557e-5
8.231423552650413e-5
8.231258452655827e-5
8.231097553449082e-5
8.231012570146449e-5
8.231113712810228e-5
8.23140590560624e-5
8.231705120036122e-5
8.23196043354541e-5
8.232595609063736e-5
8.233624249254006e-5
8.234558075047665e-5
8.235356579027501e-5
8.236117416490042e-5
8.23675372634255e-5
8.23722826080197e-5
8.23750166760466e-5
8.237502203457898e-5
8.2372230874039e-5
8.236631629383317e-5
8.235737699916343e-5
8.234562392128128e-5
8.233156386588157e-5
8.231602035746507e-5
8.229987657439409e-5
8.228964672320449e-5
8.228759247719676e-5
8.228933953942586e-5
8.228280775686135e-5
8.227834014265333e-5
8.229223709331306e-5
8.229914387216064e-5
8.230088175569897e-5
8.230023792322699e-5
8.226844400011378e-5
8.226263764731607e-5
8.227366493785203e-5
8.231350255315691e-5
8.231684054928331e-5
8.227473735567159e-5
8.23108040275329e-5
8.235097461632838e-5
8.236864034903811e-5
8.238708839055209e-5
8.240502388284837e-5
8.242185890168646e-5
8.244089205080442e-5
8.245717713595711e-5
8.247578033842684e-5
8.24926223750607e-5
8.251198262328876e-5
8.252667839429887e-5
8.254213629950598e-5
8.255497063743365e-5
8.256368342684797e-5
8.256656400085051e-5
8.255849149999632e-5
8.253030737893304e-5
8.248075482038443e-5
8.249847097088585e-5
8.247983160994762e-5
8.247179589278244e-5
8.246950940913296e-5
8.243660138304241e-5
8.242333148326778e-5
8.245151686033834e-5
8.250527046519139e-5
8.258022043578464e-5
8.267000356705097e-5
8.276328739702234e-5
8.286101747298182e-5
8.293489209308377e-5
8.30151051110222e-5
8.302792533329038e-5
8.300350321929309e-5
8.231264832022797e-5
8.23140289413635e-5
8.231501548498532e-5
8.231549480761119e-5
8.231540003925201e-5
8.231477235995868e-5
8.231370712649273e-5
8.231220953739817e-5
8.231072683582009e-5
8.230986189837084e-5
8.231059934268169e-5
8.231306085468266e-5
8.231565978029019e-5
8.231794818445858e-5
8.232356984549298e-5
8.233273403309304e-5
8.23411862668444e-5
8.234850871410456e-5
8.235561612169077e-5
8.236170894537751e-5
8.236647108395924e-5
8.236956604837141e-5
8.237028539025835e-5
8.236853811829535e-5
8.236395678314518e-5
8.235653512354183e-5
8.23464017802743e-5
8.233379592271912e-5
8.231969159461974e-5
8.230417983111841e-5
8.229318347365225e-5
8.228977554194858e-5
8.2291417611135e-5
8.228514086517162e-5
8.228002542016077e-5
8.229245689287076e-5
8.229996812404875e-5
8.230082670036231e-5
8.230074356850021e-5
8.226807050737684e-5
8.226287817595995e-5
8.227323779730552e-5
8.231339162937769e-5
8.231679483029695e-5
8.227444847125652e-5
8.23107422313295e-5
8.235079481123292e-5
8.236839196681123e-5
8.238680834842493e-5
8.240465267418422e-5
8.242139480852377e-5
8.244036053117019e-5
8.245662054341759e-5
8.247516711566675e-5
8.249208030270124e-5
8.251170748709168e-5
8.252691905504995e-5
8.254342192964247e-5
8.255832344162535e-5
8.257070038032096e-5
8.258022749939211e-5
8.2583933815762e-5
8.257611496391826e-5
8.255684585558977e-5
8.255369162669163e-5
8.250183034689286e-5
8.24539170045804e-5
8.243161245972544e-5
8.238532337755504e-5
8.23498488554006e-5
8.23619179198394e-5
8.2403770704575e-5
8.246996129487221e-5
8.25562354591547e-5
8.265512094407015e-5
8.275452004365297e-5
8.285647928891991e-5
8.293188954707449e-5
8.301412405561698e-5
8.302647789150554e-5
8.300304128995106e-5
8.231261253919235e-5
8.231379092040173e-5
8.23144769870373e-5
8.231459071666739e-5
8.231415631637513e-5
8.231326409357044e-5
8.231193273247e-5
8.231058609073905e-5
8.230973150762138e-5
8.231024137525636e-5
8.231229683873782e-5
8.231454305902589e-5
8.231659459790168e-5
8.232156327724473e-5
8.232969979639987e-5
8.23373130884078e-5
8.234397762045203e-5
8.235054488294545e-5
8.235628021740669e-5
8.236092350923048e-5
8.236420789116443e-5
8.236545019572189e-5
8.236456390390599e-5
8.236114709361033e-5
8.235514243367769e-5
8.234652615279463e-5
8.233550731225068e-5
8.232271917048288e-5
8.230849003685967e-5
8.229622140272633e-5
8.229249178183343e-5
8.22929095545796e-5
8.228813449278255e-5
8.22819121101204e-5
8.229272799994762e-5
8.23005205257168e-5
8.230096434247863e-5
8.230104138509983e-5
8.226793922484296e-5
8.226284390253092e-5
8.227308185003469e-5
8.231310149887081e-5
8.231689457910361e-5
8.227417813404752e-5
8.23106851090208e-5
8.235071348015202e-5
8.236818134052388e-5
8.238658889342543e-5
8.240437492141652e-5
8.242101291539158e-5
8.243990110769537e-5
8.245615855511402e-5
8.24745890754895e-5
8.249150708846255e-5
8.25112239419653e-5
8.2526669461702e-5
8.254366877337392e-5
8.255967092119973e-5
8.257401666325247e-5
8.258718192738571e-5
8.259743808987637e-5
8.260120189147224e-5
8.259940821806584e-5
8.25871460107093e-5
8.252145370276463e-5
8.244854401229546e-5
8.240453167821524e-5
8.234402597552839e-5
8.228552108840766e-5
8.227916325915612e-5
8.230693197783831e-5
8.236132408427787e-5
8.24394785311213e-5
8.253634424860628e-5
8.264303801688019e-5
8.274745365208726e-5
8.285287220006847e-5
8.292946465035279e-5
8.301335794214794e-5
8.302529980364012e-5
8.300268194935269e-5
8.231253177143133e-5
8.231345520763426e-5
8.231380833258066e-5
8.231359452814225e-5
8.231289482581548e-5
8.231174022443508e-5
8.231053295851897e-5
8.230970420195124e-5
8.231002885760336e-5
8.231173051467113e-5
8.231366365251194e-5
8.231550119283699e-5
8.231988864885158e-5
8.232709179903091e-5
8.233392653995886e-5
8.233995733381698e-5
8.234597150135138e-5
8.235129223165165e-5
8.23557120682733e-5
8.235903650065103e-5
8.23606204484861e-5
8.236040361868813e-5
8.235797556685927e-5
8.235323921704788e-5
8.234606349645774e-5
8.233657803620418e-5
8.232520695237244e-5
8.231233253307873e-5
8.229936461868982e-5
8.22951134529079e-5
8.229440761752745e-5
8.229130714486315e-5
8.228386610931007e-5
8.229305976884674e-5
8.230049718321267e-5
8.230149583579095e-5
8.230097189973884e-5
8.226818316723071e-5
8.226253679420546e-5
8.227313135760078e-5
8.231275957040859e-5
8.231700095926859e-5
8.22740195675083e-5
8.23105669242154e-5
8.235072707179816e-5
8.236801638902105e-5
8.238640056022673e-5
8.240418614493702e-5
8.242070974123475e-5
8.243950371942831e-5
8.245580045986801e-5
8.2474079566271e-5
8.249097443692414e-5
8.251068573488834e-5
8.252622549407448e-5
8.25434185839911e-5
8.255998881215478e-5
8.257536748902603e-5
8.259048484861423e-5
8.260433533012154e-5
8.261457139011607e-5
8.262213274581875e-5
8.260464522439534e-5
8.253237720959902e-5
8.244564756196282e-5
8.238624406283336e-5
8.231278058921403e-5
8.223166248943243e-5
8.22051919926289e-5
8.221764949734144e-5
8.225795178507081e-5
8.232440538298152e-5
8.241394377536893e-5
8.25201000021852e-5
8.263325305168031e-5
8.27417956249054e-5
8.284998603511695e-5
8.292750246195906e-5
8.301275529412055e-5
8.30243401862311e-5
8.300240012605047e-5
8.231241734728521e-5
8.231303975777499e-5
8.23130734636276e-5
8.231258787212551e-5
8.231162478035337e-5
8.231055761080175e-5
8.230976245052477e-5
8.230993177030436e-5
8.231132568608543e-5
8.231298294201048e-5
8.231463107958567e-5
8.231849931205914e-5
8.232486110042933e-5
8.233098095185687e-5
8.233641733544023e-5
8.234188751564305e-5
8.234676630908098e-5
8.235088979185636e-5
8.235413393732006e-5
8.235589842048691e-5
8.235616375524706e-5
8.235453701692673e-5
8.235089778593832e-5
8.234505338161666e-5
8.233701766246008e-5
8.232712685716956e-5
8.231555547059397e-5
8.230316770593158e-5
8.229741278404158e-5
8.229630211832713e-5
8.229402857837602e-5
8.228655838678868e-5
8.22928275620421e-5
8.230057594717507e-5
8.230179299470404e-5
8.230109375086914e-5
8.226833550265501e-5
8.226239458396702e-5
8.227305016458191e-5
8.231263203604566e-5
8.231694386485328e-5
8.227403642229555e-5
8.231037373070341e-5
8.235078991643381e-5
8.236792661139949e-5
8.238621512003116e-5
8.240407441858252e-5
8.2420487740357e-5
8.243915286202931e-5
8.245554181943484e-5
8.247365136331411e-5
8.249051073206969e-5
8.25101661042146e-5
8.252574114435155e-5
8.254296148975448e-5
8.255981010049936e-5
8.257571330376996e-5
8.259184129346723e-5
8.260762794167682e-5
8.262144547797006e-5
8.263376520501832e-5
8.261273926288511e-5
8.253659447666196e-5
8.244116889498696e-5
8.23720285944632e-5
8.228983734044089e-5
8.218870556907369e-5
8.214114985520501e-5
8.213798191346884e-5
8.216323983627865e-5
8.22153077170455e-5
8.229327171778291e-5
8.239296245021378e-5
8.25069024499901e-5
8.262539886495935e-5
8.27372455239135e-5
8.28476682432825e-5
8.292591340251946e-5
8.301227738950316e-5
8.302355886276398e-5
8.300217779529744e-5
8.23122760043965e-5
8.231258418166204e-5
8.231233370414658e-5
8.231157762734666e-5
8.231065335841894e-5
8.230989780569843e-5
8.230993135516961e-5
8.231105070032108e-5
8.231246345139e-5
8.231394372543648e-5
8.231735303953336e-5
8.232295906910215e-5
8.232842902679368e-5
8.233331651266264e-5
8.233826959113396e-5
8.234270242844431e-5
8.234648744235312e-5
8.23495628263559e-5
8.235137580589347e-5
8.235195314917716e-5
8.235093842511417e-5
8.234821020158931e-5
8.234354836707128e-5
8.233687215292989e-5
8.232842356575204e-5
8.231820430573849e-5
8.230703785749737e-5
8.229988072059683e-5
8.229820586282875e-5
8.229663992634897e-5
8.228961103416639e-5
8.229230254192447e-5
8.230084500357917e-5
8.23017642200759e-5
8.230157198094989e-5
8.226818282038599e-5
8.226261131006125e-5
8.227272086571935e-5
8.231276910766657e-5
8.231674662871968e-5
8.227414347065507e-5
8.231018821174277e-5
8.235081382728232e-5
8.236794641341356e-5
8.238602170557044e-5
8.24040130289035e-5
8.242035610420244e-5
8.243883446336599e-5
8.245536847610418e-5
8.247330861067112e-5
8.249012280432242e-5
8.250969396409278e-5
8.252529229142503e-5
8.25424480910864e-5
8.25594198662673e-5
8.257558011848746e-5
8.259219593255519e-5
8.26089903472241e-5
8.262476543115367e-5
8.263933944437814e-5
8.2615722367003e-5
8.253701028652254e-5
8.243536988174885e-5
8.235946858567986e-5
8.227223239334918e-5
8.2155652639277e-5
8.208750486441927e-5
8.206901162325291e-5
8.20795060799219e-5
8.21162662845895e-5
8.217930345942301e-5
8.22676047116389e-5
8.237585822105151e-5
8.249630440327956e-5
8.261907405368184e-5
8.273357838022273e-5
8.284580264900754e-5
8.292462470489615e-5
8.301189641634679e-5
8.302292333686308e-5
8.300200149345167e-5
8.231212142681108e-5
8.231212698104689e-5
8.231159209857008e-5
8.231081511473724e-5
8.231010465522596e-5
8.231001753170314e-5
8.231088468690735e-5
8.231207292777562e-5
8.231340187398852e-5
8.231640451501089e-5
8.232133669608669e-5
8.232622014141891e-5
8.233060999290306e-5
8.233508162479503e-5
8.233908414706566e-5
8.23425143537552e-5
8.234536314524841e-5
8.234712366427862e-5
8.234786970169144e-5
8.234729111269226e-5
8.234528457444705e-5
8.234162685516852e-5
8.23361839067162e-5
8.232909869555614e-5
8.232026694996864e-5
8.231032815294312e-5
8.230244276345842e-5
8.229998046617055e-5
8.229926993542905e-5
8.229250305382585e-5
8.229218649277513e-5
8.23007001294059e-5
8.230205554053834e-5
8.230182790897483e-5
8.226821169996458e-5
8.22627685271994e-5
8.227250775797363e-5
8.231286562994012e-5
8.231667866333379e-5
8.227412992678253e-5
8.231013992705599e-5
8.235072604246138e-5
8.236807201138849e-5
8.238584564700002e-5
8.240395803538837e-5
8.242032395716548e-5
8.24385438833491e-5
8.245525805792435e-5
8.247305202968684e-5
8.248980908298745e-5
8.250927402172178e-5
8.252491201164172e-5
8.254195291577668e-5
8.255896492354355e-5
8.257525064956495e-5
8.259206735167325e-5
8.260934996580664e-5
8.262617238656388e-5
8.264166944532523e-5
8.261607072803188e-5
8.25355782078144e-5
8.242925926392751e-5
8.234820823021511e-5
8.225787889267455e-5
8.213026282953662e-5
8.204379742001694e-5
8.201088561654318e-5
8.200782257283956e-5
8.203005355131556e-5
8.20769225815673e-5
8.214966179083352e-5
8.224666554831599e-5
8.236212046198e-5
8.248777916778002e-5
8.261397253281268e-5
8.273061922742078e-5
8.284429649687994e-5
8.292357928488434e-5
8.301159171511885e-5
8.302240685023665e-5
8.300186119347218e-5
8.231196652459231e-5
8.231166871632223e-5
8.231104056639537e-5
8.231037912315739e-5
8.231018463581155e-5
8.231081473114246e-5
8.231179092041962e-5
8.231297406131321e-5
8.231561257378637e-5
8.231994438583953e-5
8.232430403931554e-5
8.232824816788265e-5
8.233228088618921e-5
8.233588112240764e-5
8.233896100067628e-5
8.234155314406872e-5
8.234319142633952e-5
8.234399226863924e-5
8.23436976015316e-5
8.234223436982199e-5
8.233939133147203e-5
8.233501881750623e-5
8.232918779408609e-5
8.23217041877116e-5
8.231303448563915e-5
8.230471365859677e-5
8.23016876302372e-5
8.23012204037672e-5
8.229537433798509e-5
8.229236551090503e-5
8.230029642925191e-5
8.230271263286808e-5
8.230176777179351e-5
8.226860358387265e-5
8.226263385760469e-5
8.227264775813634e-5
8.231273434231032e-5
8.231689955409728e-5
8.227391389794087e-5
8.231023995927893e-5
8.235056295523826e-5
8.236822121049798e-5
8.238574703834429e-5
8.24038629511706e-5
8.242038426472316e-5
8.243829360783507e-5
8.24551828023711e-5
8.247287866170899e-5
8.248956788735769e-5
8.250889833056451e-5
8.252460946851614e-5
8.254151042414744e-5
8.255851583727454e-5
8.257487153500984e-5
8.259173597801636e-5
8.260921523913842e-5
8.262657595645618e-5
8.264231154325163e-5
8.261515257103669e-5
8.253339938702786e-5
8.24235058878499e-5
8.233839739623479e-5
8.224590632982987e-5
8.211045555558487e-5
8.200873795554616e-5
8.196299839318079e-5
8.194813028166336e-5
8.195783712839076e-5
8.198953525538101e-5
8.204485473392306e-5
8.212556603320787e-5
8.222989569830086e-5
8.235108920470418e-5
8.248091448874222e-5
8.260985430290145e-5
8.272822604064457e-5
8.284307873376418e-5
8.29227315340362e-5
8.301134733738315e-5
8.30219875508264e-5
8.300174923235851e-5
8.231181147743584e-5
8.231133266573088e-5
8.231072128687954e-5
8.231042777359364e-5
8.231083195427304e-5
8.231160219484734e-5
8.231263791474809e-5
8.231494256382465e-5
8.231873616874805e-5
8.232262902615063e-5
8.232618015951377e-5
8.232982144274898e-5
8.233305627125488e-5
8.233580417892868e-5
8.233813191786794e-5
8.233960525858083e-5
8.23403783560284e-5
8.234024337236832e-5
8.233916582127404e-5
8.233695616083499e-5
8.23334721752593e-5
8.232874946620958e-5
8.232251615160438e-5
8.231512803981433e-5
8.230701199614575e-5
8.230326417001957e-5
8.230253579872358e-5
8.22982427612979e-5
8.229284557390707e-5
8.230012579454238e-5
8.23032285805774e-5
8.230196824129988e-5
8.226885658413655e-5
8.226263266529128e-5
8.227277340356339e-5
8.231267003435141e-5
8.231718287297754e-5
8.227371094007469e-5
8.231030127148689e-5
8.23504753907562e-5
8.236826684834871e-5
8.238577139693058e-5
8.240371547606112e-5
8.242049565208719e-5
8.24381134911688e-5
8.245511799839656e-5
8.247277707126734e-5
8.24894019394225e-5
8.250855414121851e-5
8.252437921738464e-5
8.254113528176647e-5
8.255810236990956e-5
8.257451339055424e-5
8.259134968107828e-5
8.260886026367787e-5
8.262647489682738e-5
8.264211899372366e-5
8.261370507909785e-5
8.253104884281145e-5
8.241841744006449e-5
8.233009422401262e-5
8.223594994431155e-5
8.209484136207662e-5
8.198086718861139e-5
8.192424845645387e-5
8.189953783027223e-5
8.189930611154244e-5
8.19185675853147e-5
8.195733941132385e-5
8.201908800966988e-5
8.210641110404979e-5
8.221649978815432e-5
8.234222962149745e-5
8.247538437563492e-5
8.260652257837378e-5
8.272628864388204e-5
8.284209371841603e-5
8.29220442889152e-5
8.30111510234813e-5
8.302164747927773e-5
8.300165969310185e-5
8.231169909667904e-5
8.231113621590022e-5
8.231074582524937e-5
8.231092920799716e-5
8.231149538600907e-5
8.231237793405412e-5
8.231436850011206e-5
8.231767308706172e-5
8.23211472769738e-5
8.232435306144565e-5
8.232765193059936e-5
8.233056428532029e-5
8.233301270567202e-5
8.233508417284121e-5
8.233637387527374e-5
8.233706402970724e-5
8.23369941051774e-5
8.23361685082605e-5
8.233442967040662e-5
8.233165621137057e-5
8.232787242435802e-5
8.232275340462005e-5
8.231658692465017e-5
8.230940996443768e-5
8.230483079408765e-5
8.230369739207957e-5
8.230091127382847e-5
8.229465057924515e-5
8.230008522214647e-5
8.230359810688902e-5
8.23025391633319e-5
8.226883929653558e-5
8.226297056591408e-5
8.227261986281069e-5
8.231293002111194e-5
8.231729893088266e-5
8.227373741817366e-5
8.231016705174501e-5
8.235055249416198e-5
8.236816991034696e-5
8.238587051912329e-5
8.240356968921433e-5
8.242058472778187e-5
8.243803245063647e-5
8.245505749027184e-5
8.247272158444708e-5
8.2489317651535e-5
8.250823137848272e-5
8.252420529154618e-5
8.254083303440768e-5
8.255773433230409e-5
8.257420426164071e-5
8.259098297988108e-5
8.260842898659263e-5
8.262613732415181e-5
8.264155340451145e-5
8.261211347482299e-5
8.252880586119641e-5
8.24140818574256e-5
8.232321755752017e-5
8.222774665349178e-5
8.208246365814709e-5
8.19588366214948e-5
8.189330358257487e-5
8.186066934450874e-5
8.185310385610228e-5
8.186351479576858e-5
8.18889670801091e-5
8.193216755523655e-5
8.199892949284876e-5
8.209126768372498e-5
8.22058063148279e-5
8.233511469647084e-5
8.24709188637944e-5
8.260382441293715e-5
8.272472010352241e-5
8.284129667354775e-5
8.292148749367644e-5
8.301099314024774e-5
8.302137190343657e-5
8.300158796323513e-5
8.231163280062583e-5
8.231114464857368e-5
8.231110434286428e-5
8.231146220658205e-5
8.231218089330627e-5
8.231387056911805e-5
8.231672487628667e-5
8.231981803392362e-5
8.232271856969255e-5
8.232571861602414e-5
8.232835531013136e-5
8.233054451888274e-5
8.233238391198836e-5
8.233349043311784e-5
8.233406752864323e-5
8.233399533257271e-5
8.233331577504679e-5
8.233190801956996e-5
8.232967957096252e-5
8.232666168364247e-5
8.232250274570209e-5
8.231744344046756e-5
8.231141422239313e-5
8.230637891352434e-5
8.230481498811498e-5
8.230329680293386e-5
8.22973862040593e-5
8.229986172008838e-5
8.230399789281391e-5
8.230312259607513e-5
8.226900269919863e-5
8.226327919583528e-5
8.227253973070848e-5
8.23132396872624e-5
8.231745425088756e-5
8.227384290211629e-5
8.230998180128265e-5
8.235065824277772e-5
8.23680665106988e-5
8.238589826562276e-5
8.240351231345165e-5
8.242059384824833e-5
8.243804012910146e-5
8.245502766266068e-5
8.24726741073499e-5
8.248931660309642e-5
8.250793077377446e-5
8.252406393134265e-5
8.254060401262015e-5
8.255741447002166e-5
8.257394839179471e-5
8.259066973355677e-5
8.260799429655843e-5
8.262570221627485e-5
8.264085895692973e-5
8.261056882951597e-5
8.252679008167398e-5
8.241047380618323e-5
8.231760880527599e-5
8.222104826757181e-5
8.207261266972002e-5
8.194147725644149e-5
8.18688122050444e-5
8.182997142534234e-5
8.181734499836635e-5
8.182246953995395e-5
8.183917884876104e-5
8.186718134278193e-5
8.191312767973881e-5
8.198330578678775e-5
8.207931641309273e-5
8.219727539529258e-5
8.232938616211287e-5
8.246730818359207e-5
8.26016392929692e-5
8.27234500298688e-5
8.28406518297347e-5
8.292103665037904e-5
8.301086606450227e-5
8.302114875651321e-5
8.30015304212177e-5
8.231163360163732e-5
8.231136062329073e-5
8.231149812633274e-5
8.231203609631507e-5
8.231343073110733e-5
8.231586489240249e-5
8.231860703713866e-5
8.232123482536262e-5
8.232397417934638e-5
8.23263776331637e-5
8.232835057869097e-5
8.232999232675018e-5
8.233093403838083e-5
8.233138975961391e-5
8.233127384333369e-5
8.233066164932732e-5
8.232947062750816e-5
8.23276408829281e-5
8.2325225295279e-5
8.232186613034213e-5
8.231777341886906e-5
8.231281209688289e-5
8.230766011196681e-5
8.230586596915173e-5
8.23050489590437e-5
8.230003738608892e-5
8.229959668230127e-5
8.23041175701503e-5
8.230364332761792e-5
8.226947904598572e-5
8.226342669457221e-5
8.227277640423332e-5
8.231335969227833e-5
8.231791141261516e-5
8.227378024261211e-5
8.230998787463823e-5
8.235061146905735e-5
8.236810740600332e-5
8.238576783359998e-5
8.240354546517204e-5
8.242055278532278e-5
8.24380604143043e-5
8.245507677255359e-5
8.247260428960562e-5
8.248937982357326e-5
8.250766959418402e-5
8.252392911753646e-5
8.254044182039177e-5
8.255714649197129e-5
8.257373753372662e-5
8.259042052072083e-5
8.260759149301966e-5
8.262523704979023e-5
8.264015964718125e-5
8.260915662692231e-5
8.252503800420178e-5
8.240751749561698e-5
8.231308249610083e-5
8.221562064757859e-5
8.206474714393867e-5
8.192781867375959e-5
8.184953725256201e-5
8.180592945355026e-5
8.179004376957493e-5
8.179284605289662e-5
8.180555033896295e-5
8.182365421100304e-5
8.185193136253988e-5
8.189895619838067e-5
8.197123741475401e-5
8.206989669964541e-5
8.219044853158106e-5
8.232476555244486e-5
8.24643880891714e-5
8.259986941525785e-5
8.272242196370183e-5
8.284013025900264e-5
8.292067179911152e-5
8.301076372692132e-5
8.302096817502849e-5
8.300148420806904e-5
8.231170482754011e-5
8.231160520685884e-5
8.231193863910942e-5
8.231303463953887e-5
8.231507028154838e-5
8.231748406454407e-5
8.231986641777782e-5
8.232237658178185e-5
8.23245842686885e-5
8.232638202698482e-5
8.232786392322266e-5
8.232867081599934e-5
8.232901601604478e-5
8.232883913242537e-5
8.232824292703958e-5
8.232717978454036e-5
8.232562650253598e-5
8.232366566816645e-5
8.232094741573142e-5
8.231766915291913e-5
8.231365790234551e-5
8.230885332478071e-5
8.230672297526372e-5
8.230607140668587e-5
8.23024269928059e-5
8.229950406441203e-5
8.23039965910011e-5
8.230423393451892e-5
8.227002147945622e-5
8.226367659764803e-5
8.22730867501307e-5
8.231353845498119e-5
8.23185019201293e-5
8.227367445280905e-5
8.231010561904063e-5
8.235051798295481e-5
8.236820789042942e-5
8.238560966862753e-5
8.240352510831388e-5
8.242057308324624e-5
8.24379977112819e-5
8.245522040747218e-5
8.247252528315135e-5
8.248945655997555e-5
8.250747621947305e-5
8.252378459880836e-5
8.254032846650659e-5
8.255693853174486e-5
8.257355950886048e-5
8.259023123492503e-5
8.260723678190901e-5
8.262477111425089e-5
8.263951320852805e-5
8.26079062604404e-5
8.252354517894426e-5
8.240512101951878e-5
8.230945490964777e-5
8.221125257663417e-5
8.205844969327363e-5
8.19170788053268e-5
8.183441754721421e-5
8.178719233089112e-5
8.176937624627624e-5
8.177201007028704e-5
8.178469753418882e-5
8.179875647283865e-5
8.181504035847257e-5
8.184165879975862e-5
8.188849003045001e-5
8.196193866163693e-5
8.206244242476955e-5
8.218497025988688e-5
8.232103677840744e-5
8.246202546617539e-5
8.259843639310515e-5
8.272159010907248e-5
8.283970852900243e-5
8.292037668158745e-5
8.301068127585154e-5
8.302082211160644e-5
8.300144705721078e-5
8.231178803853405e-5
8.231188821298536e-5
8.231267345483333e-5
8.231432163682905e-5
8.231642194580358e-5
8.231858088498434e-5
8.232088908150911e-5
8.232293482609181e-5
8.232459472607636e-5
8.23259523771553e-5
8.232665944120059e-5
8.232691802254725e-5
8.232668374443582e-5
8.232607581647255e-5
8.232507938637056e-5
8.232370582038119e-5
8.232207211698204e-5
8.231984614709211e-5
8.231723153045645e-5
8.231403560000761e-5
8.230999834968199e-5
8.230747178110589e-5
8.23067274664929e-5
8.230443485272049e-5
8.230027672352007e-5
8.230392373090294e-5
8.230489040295634e-5
8.227053846779016e-5
8.226410606362117e-5
8.227330969952894e-5
8.231398436539423e-5
8.231900645677046e-5
8.227376955437354e-5
8.23100902130028e-5
8.235063158910157e-5
8.236817437940013e-5
8.238561834283141e-5
8.24033351237358e-5
8.242069675353836e-5
8.243785836523159e-5
8.245537871696088e-5
8.247250728066677e-5
8.248948218997416e-5
8.250736462679211e-5
8.252364058881517e-5
8.254023191405829e-5
8.255680000920596e-5
8.25734068135843e-5
8.25900873487532e-5
8.260693627214281e-5
8.262431562859048e-5
8.263894047561698e-5
8.26068186286871e-5
8.252228878016057e-5
8.240319452558739e-5
8.230655713434751e-5
8.22077616227624e-5
8.205339469722436e-5
8.190863810990492e-5
8.182257860815064e-5
8.177262361958462e-5
8.175379770806538e-5
8.175765384901006e-5
8.177315136893737e-5
8.178833533878e-5
8.179934617249213e-5
8.18113192838819e-5
8.18349679589019e-5
8.188081253555096e-5
8.195473551554099e-5
8.205651717860824e-5
8.218056922610083e-5
8.231802503936933e-5
8.246011422374436e-5
8.25972766011876e-5
8.272091729080831e-5
8.283936763380222e-5
8.292013806735885e-5
8.30106148228489e-5
8.302070401414973e-5
8.300141716098719e-5
8.231188695920793e-5
8.231234289988133e-5
8.23136046207719e-5
8.231539774719404e-5
8.231734848646746e-5
8.23194774629073e-5
8.232139185915004e-5
8.232294914513921e-5
8.232421607816151e-5
8.232485699939463e-5
8.232505821996832e-5
8.232478396805931e-5
8.232416022823063e-5
8.232319475956354e-5
8.23219313707586e-5
8.232051999853444e-5
8.231865591671572e-5
8.231655948614429e-5
8.231403436016377e-5
8.231079168944824e-5
8.230813935511841e-5
8.230725334736298e-5
8.230606393267051e-5
8.230206048312135e-5
8.230382968137326e-5
8.230554190859824e-5
8.227108757254658e-5
8.226458374807041e-5
8.227355139589898e-5
8.23145575299406e-5
8.23195574177852e-5
8.227397387349587e-5
8.231001295304409e-5
8.235090252652813e-5
8.236809649984899e-5
8.238572931632405e-5
8.240312249385393e-5
8.242077715552656e-5
8.24377920089631e-5
8.245541315998043e-5
8.247261305509796e-5
8.248943802128587e-5
8.250729818544593e-5
8.252354043028392e-5
8.254011636131653e-5
8.25567301134294e-5
8.257328480885448e-5
8.258996798482719e-5
8.26066881757078e-5
8.26238764945072e-5
8.26384413464794e-5
8.26058811889893e-5
8.252123925751643e-5
8.240165911281515e-5
8.230423948504154e-5
8.220499577392993e-5
8.204932510918962e-5
8.190200958484823e-5
8.181331669406336e-5
8.176130381348437e-5
8.174206626941882e-5
8.174793098391432e-5
8.1767920107297e-5
8.178802246961961e-5
8.180003386629304e-5
8.18046478479705e-5
8.181077682117789e-5
8.183079572803299e-5
8.187514849343396e-5
8.194911403944557e-5
8.205179635506458e-5
8.217702728008848e-5
8.231559215972515e-5
8.245856852624549e-5
8.259633835964611e-5
8.272037330918139e-5
8.283909215497328e-5
8.291994520102427e-5
8.301056124495418e-5
8.302060854676359e-5
8.300139305654304e-5
8.231204100320124e-5
8.231291031087275e-5
8.231439417201252e-5
8.231614367643288e-5
8.231810993368381e-5
8.231992024113901e-5
8.232140822824126e-5
8.232261736088284e-5
8.232322449291662e-5
8.23233978238336e-5
8.232310735373085e-5
8.232247944232498e-5
8.232153364422079e-5
8.232033753753863e-5
8.231906819156722e-5
8.231745846512915e-5
8.231574635105422e-5
8.231375101537139e-5
8.231117508111438e-5
8.230858132360645e-5
8.230766696533127e-5
8.230710684660662e-5
8.230396527788886e-5
8.230368819815996e-5
8.230594002265525e-5
8.227166761272552e-5
8.226506675233039e-5
8.227386162676163e-5
8.231512660906689e-5
8.232032413924336e-5
8.227408565170713e-5
8.231011633907238e-5
8.23510845586286e-5
8.236824583508716e-5
8.238573002569192e-5
8.240313271150874e-5
8.24206741646774e-5
8.243789796228296e-5
8.245530081803305e-5
8.247278174163122e-5
8.248940201857303e-5
8.250718860922672e-5
8.252353216811067e-5
8.253997193340129e-5
8.25567026609188e-5
8.257321387094465e-5
8.258985379356859e-5
8.26064803911618e-5
8.26234616424794e-5
8.263800470226504e-5
8.260507551402355e-5
8.252036611910545e-5
8.24004501642565e-5
8.230237202924568e-5
8.220283146144136e-5
8.204603629144441e-5
8.189681119598555e-5
8.180607270736252e-5
8.175250686513005e-5
8.173321798147696e-5
8.174144388286874e-5
8.176669899176199e-5
8.179401806214258e-5
8.18118782448584e-5
8.181630120446034e-5
8.181250812279194e-5
8.18121694724998e-5
8.182827540787179e-5
8.187091853501138e-5
8.19447069075406e-5
8.204802216905466e-5
8.217417457902813e-5
8.231362689403154e-5
8.245731884984967e-5
8.259557966053233e-5
8.271993363659171e-5
8.283886958831312e-5
8.291978935002287e-5
8.301051802143377e-5
8.302053134394833e-5
8.231223055967107e-5
8.23133974747607e-5
8.231494642412189e-5
8.231675947048314e-5
8.231848734245244e-5
8.231993633640653e-5
8.232112088486776e-5
8.232172755668486e-5
8.232190285964825e-5
8.232162046667842e-5
8.232100484069211e-5
8.232008313278323e-5
8.231893421487058e-5
8.231775822871882e-5
8.231631882661003e-5
8.231487968982786e-5
8.231328492186618e-5
8.231123909510753e-5
8.230900173570163e-5
8.230791205196279e-5
8.230755593050844e-5
8.230550854025967e-5
8.230359884752645e-5
8.230601355364254e-5
8.227222947098242e-5
8.226558829189205e-5
8.22741951643355e-5
8.231573038955088e-5
8.232124213885835e-5
8.227414740541875e-5
8.231035359447856e-5
8.235122000441858e-5
8.236857741368058e-5
8.238570130515394e-5
8.240329758133408e-5
8.242054680867381e-5
8.243802668596371e-5
8.245522231197915e-5
8.247283715609555e-5
8.248948356100342e-5
8.250697781950623e-5
8.252360319191938e-5
8.253984600365761e-5
8.255666550599867e-5
8.257321554861295e-5
8.2589740288271e-5
8.260628758856179e-5
8.262308185544812e-5
8.263761749261107e-5
8.260438010783198e-5
8.251964108970311e-5
8.239951665304601e-5
8.23008449656961e-5
8.220116810792478e-5
8.204336594860202e-5
8.189274214405191e-5
8.180040585690659e-5
8.174566702414232e-5
8.172652261244634e-5
8.173717167088768e-5
8.176784107031995e-5
8.18034252936885e-5
8.183024129176579e-5
8.184031930713331e-5
8.183441000136297e-5
8.182144764053395e-5
8.181454404369173e-5
8.182678173160787e-5
8.186773302880333e-5
8.194122881037956e-5
8.204499888896109e-5
8.217187577676026e-5
8.231203952727178e-5
8.245630881520787e-5
8.259496636538482e-5
8.271957836450998e-5
8.283868979932668e-5
8.29196634174153e-5
8.301048307954473e-5
8.231239496661221e-5
8.2313741109953e-5
8.231540515006772e-5
8.231706581734896e-5
8.23185020939068e-5
8.231969227299469e-5
8.232033288221139e-5
8.232054177671476e-5
8.232029244168141e-5
8.231970877369514e-5
8.231882119555754e-5
8.231771594834021e-5
8.231660681745006e-5
8.231528136367486e-5
8.23140305019853e-5
8.231272361725461e-5
8.231107983856606e-5
8.230935954140658e-5
8.230810350088939e-5
8.23077253825762e-5
8.230665793535501e-5
8.230410513827384e-5
8.2306010717275e-5
8.227275559759178e-5
8.22661376401191e-5
8.227454611555749e-5
8.231640001952583e-5
8.232221448388869e-5
8.227427083017632e-5
8.231052516265767e-5
8.235152163888748e-5
8.236882788633759e-5
8.238589971075162e-5
8.240336314238131e-5
8.242064861948733e-5
8.243799830934152e-5
8.245531913297514e-5
8.247271900567842e-5
8.248965176263875e-5
8.250674319378172e-5
8.252364758769173e-5
8.253982398126548e-5
8.255657759558604e-5
8.257328006134592e-5
8.258964966701484e-5
8.260607595186179e-5
8.26227426584365e-5
8.263727525484621e-5
8.260377103471628e-5
8.251903999934008e-5
8.23988176283337e-5
8.229957070192251e-5
8.219991995971392e-5
8.204118850627553e-5
8.188956343159824e-5
8.179597039035025e-5
8.174034610763778e-5
8.1721435547854e-5
8.173438838854881e-5
8.177022936440117e-5
8.181423946109138e-5
8.185155606655788e-5
8.18712961549226e-5
8.186992888210581e-5
8.185257495860152e-5
8.183041786989176e-5
8.181725148632643e-5
8.182593189595518e-5
8.186530108240863e-5
8.193847190912812e-5
8.204257336646607e-5
8.217002268891446e-5
8.231075757560433e-5
8.24554926892074e-5
8.25944707510097e-5
8.27192913479294e-5
8.283854456358399e-5
8.291956159778752e-5
8.231251193864045e-5
8.231402820830403e-5
8.231563318404616e-5
8.231707820406893e-5
8.231829968551225e-5
8.231900824475504e-5
8.231928286750447e-5
8.231909586863728e-5
8.231856440443879e-5
8.23177245814312e-5
8.231667047755187e-5
8.231561758416274e-5
8.231437306022771e-5
8.2313246299129e-5
8.231213709608658e-5
8.231078569077488e-5
8.230946509318379e-5
8.23082353539e-5
8.230781213334348e-5
8.230746403274319e-5
8.230521464016218e-5
8.230595978804391e-5
8.227323636733397e-5
8.226666843084231e-5
8.227493811043548e-5
8.231710181129432e-5
8.232326139306223e-5
8.227442006938552e-5
8.231064074228588e-5
8.235194469379374e-5
8.236901666781522e-5
8.23862552507407e-5
8.240338811116845e-5
8.242087926333602e-5
8.243795277231905e-5
8.245544054870248e-5
8.247262091812455e-5
8.248971738718701e-5
8.250664131203713e-5
8.252356444403627e-5
8.253992922307398e-5
8.255647068405526e-5
8.257334132125011e-5
8.258962153142459e-5
8.260582433364384e-5
8.262242928543092e-5
8.2636990321726e-5
8.260322472731969e-5
8.251854245904989e-5
8.239831778032715e-5
8.229848726436749e-5
8.219900709899234e-5
8.203941186029903e-5
8.188708240985394e-5
8.179249652625897e-5
8.173620500048071e-5
8.171755417211285e-5
8.173258982045591e-5
8.177313958120099e-5
8.182517555027962e-5
8.187336914180933e-5
8.190500013407845e-5
8.191300989833728e-5
8.18985474486863e-5
8.186962393354215e-5
8.183876256676826e-5
8.18199489688474e-5
8.182546015783414e-5
8.186342563589944e-5
8.193627882123115e-5
8.204062511130208e-5
8.216852857513282e-5
8.230972241442369e-5
8.245483339001831e-5
8.25940703250253e-5
8.271905948515956e-5
8.283842715813171e-5
8.23126098883772e-5
8.231417017277001e-5
8.231564241293166e-5
8.231691751443584e-5
8.231772332264153e-5
8.231809558985171e-5
8.231800219083971e-5
8.231754754920326e-5
8.231677143830686e-5
8.23157761981281e-5
8.231477860906338e-5
8.231360045629411e-5
8.231256005518515e-5
8.231158243575016e-5
8.231043513678837e-5
8.230940543721576e-5
8.230829012582091e-5
8.230783016132565e-5
8.230778761381223e-5
8.23062540687919e-5
8.230583541572956e-5
8.227347356102361e-5
8.226714911572441e-5
8.227535363329136e-5
8.231782053644198e-5
8.232440230465619e-5
8.227456059437517e-5
8.231080431489163e-5
8.235233864679615e-5
8.236932270312934e-5
8.238652742370651e-5
8.240359783360244e-5
8.242098545072267e-5
8.243811249340092e-5
8.245540708413877e-5
8.24726956629966e-5
8.248961569217705e-5
8.250667203897953e-5
8.252341909081523e-5
8.254004204517586e-5
8.255645049627036e-5
8.257331336588683e-5
8.258966591874909e-5
8.260555675865442e-5
8.262209871820251e-5
8.263678678112647e-5
8.260272867951821e-5
8.251812711049764e-5
8.239798484389828e-5
8.229755969761891e-5
8.219834951026183e-5
8.203797297397347e-5
8.188514196771103e-5
8.178977460390748e-5
8.173298097221508e-5
8.171458148423007e-5
8.173143353356039e-5
8.177612633384676e-5
8.183547119916991e-5
8.189414895850616e-5
8.193848345452748e-5
8.195882259423482e-5
8.195280109394983e-5
8.192483359260527e-5
8.188489558194384e-5
8.184620809839274e-5
8.182243071384498e-5
8.182521107073197e-5
8.186196673878663e-5
8.193452923270098e-5
8.203905883269076e-5
8.216732370680979e-5
8.23088866248644e-5
8.245430086798789e-5
8.259374683412441e-5
8.271887208983502e-5
8.231265798667676e-5
8.23141761339125e-5
8.231552544614802e-5
8.231645406362859e-5
8.231695346268496e-5
8.231698322258775e-5
8.231663317449198e-5
8.231594269454074e-5
8.231501650428931e-5
8.231407430468209e-5
8.231295745129878e-5
8.231198444983489e-5
8.231109879399468e-5
8.231009062313056e-5
8.230925877449385e-5
8.23083522169508e-5
8.230779588292904e-5
8.230777220251638e-5
8.230696508022801e-5
8.23057168907357e-5
8.227342178669645e-5
8.226756166571898e-5
8.227574680751747e-5
8.231856158951937e-5
8.232559755349798e-5
8.22747549305148e-5
8.23110132696052e-5
8.235274913981984e-5
8.236971658490182e-5
8.238675259878796e-5
8.240392324057286e-5
8.242104174540495e-5
8.243835572337502e-5
8.245536656584872e-5
8.247277840620861e-5
8.248955642201728e-5
8.250663621165839e-5
8.25233899423798e-5
8.254001574619572e-5
8.255656549085378e-5
8.257319501091456e-5
8.258970946610229e-5
8.260535015407342e-5
8.262170340897215e-5
8.263667248996859e-5
8.260230037534647e-5
8.251776360002738e-5
8.239779022871088e-5
8.229677506143409e-5
8.219786860085463e-5
8.203682885970916e-5
8.188361491054863e-5
8.17876415694128e-5
8.173047018792487e-5
8.171229784661593e-5
8.173069155206154e-5
8.177893651874255e-5
8.184472364333683e-5
8.191303926268787e-5
8.196989738239062e-5
8.200393084878334e-5
8.201000494586747e-5
8.198910609422561e-5
8.194810245181141e-5
8.18982018360576e-5
8.185263934085173e-5
8.182461731299652e-5
8.182509066138934e-5
8.186082361559562e-5
8.193313037406693e-5
8.20377987660266e-5
8.216635196694532e-5
8.23082118516548e-5
8.245387076886122e-5
8.25934854033536e-5
8.231265969413104e-5
8.2314104664461e-5
8.231518196595852e-5
8.231583498855538e-5
8.231601544946127e-5
8.231579606456293e-5
8.231521509760303e-5
8.231437398932169e-5
8.231349355378036e-5
8.23124378386675e-5
8.231151791669857e-5
8.231069856011896e-5
8.230978140396425e-5
8.230908172050535e-5
8.230837140802484e-5
8.230776644541886e-5
8.230771495901086e-5
8.230740472652181e-5
8.230605271261146e-5
8.227327365649822e-5
8.22678796050878e-5
8.227608370201172e-5
8.231930224688432e-5
8.232681055137661e-5
8.227503323815826e-5
8.23112509081584e-5
8.235327062641348e-5
8.237011410750141e-5
8.238707968121544e-5
8.240419257045751e-5
8.242124309246084e-5
8.24384787265659e-5
8.245551150629854e-5
8.247270867044353e-5
8.248967523684028e-5
8.250647362193004e-5
8.252347702299117e-5
8.253990895656583e-5
8.255667986836754e-5
8.25731128056486e-5
8.258962758226429e-5
8.260527070010941e-5
8.262125277948478e-5
8.263660246805747e-5
8.260199716745529e-5
8.251741302044096e-5
8.239770858794859e-5
8.22961306233999e-5
8.219749740613123e-5
8.203594202747753e-5
8.188240333885364e-5
8.178596892328063e-5
8.172851466666944e-5
8.171053977206398e-5
8.173021465803038e-5
8.178144480559425e-5
8.185276892512873e-5
8.19296465732488e-5
8.199821975620573e-5
8.204612994781434e-5
8.20662731751999e-5
8.205671490403288e-5
8.202117781588721e-5
8.196824843285983e-5
8.190953530739583e-5
8.185808360710416e-5
8.182649218532215e-5
8.182504275704589e-5
8.185992279080302e-5
8.193200998269519e-5
8.203678448440797e-5
8.216556813879572e-5
8.230766706886477e-5
8.24535232786614e-5
8.231263521632123e-5
8.231389030125267e-5
8.231472333085998e-5
8.231508084600536e-5
8.231501613670901e-5
8.231456794493141e-5
8.231383115067438e-5
8.231302252680956e-5
8.231203019167598e-5
8.231115858949615e-5
8.231038673303698e-5
8.230953415742128e-5
8.230891766789172e-5
8.230833493776222e-5
8.230773186724577e-5
8.230765264926906e-5
8.230760916614958e-5
8.230665826176768e-5
8.22730503322073e-5
8.226808147345e-5
8.22763397003427e-5
8.231999110337364e-5
8.232801253953898e-5
8.227535282666062e-5
8.23115445621202e-5
8.23538820683009e-5
8.237057248047585e-5
8.238749252301975e-5
8.24044621790301e-5
8.242153749467952e-5
8.243858016096613e-5
8.245572990554408e-5
8.247265452513939e-5
8.24897949687705e-5
8.250640823106223e-5
8.252346886665876e-5
8.253993337853581e-5
8.255661606589467e-5
8.257316245339305e-5
8.258939670659113e-5
8.260526947274784e-5
8.262085536074525e-5
8.263648557980739e-5
8.260188385287155e-5
8.251705453277021e-5
8.239770767984501e-5
8.229562228279906e-5
8.219719348804271e-5
8.203526540298939e-5
8.18814400883154e-5
8.178465256809078e-5
8.172699237473699e-5
8.170918455019259e-5
8.172990645293202e-5
8.178360656882966e-5
8.185959484320032e-5
8.194388080841714e-5
8.202300712261228e-5
8.208417191396566e-5
8.211902931032725e-5
8.212338093222379e-5
8.2098091404978e-5
8.204896925399527e-5
8.198536831576056e-5
8.191904867549304e-5
8.186262949972051e-5
8.182807111480648e-5
8.182503455332476e-5
8.185920967908249e-5
8.193111138585862e-5
8.203596763000247e-5
8.216493578062344e-5
8.23072270810752e-5
8.23125614952363e-5
8.231360439721523e-5
8.231416521573824e-5
8.231427797580786e-5
8.231398414327826e-5
8.231337147383543e-5
8.231264679249084e-5
8.231172458628587e-5
8.231089687820341e-5
8.231016239985069e-5
8.230936250300912e-5
8.230879831336665e-5
8.230829537957927e-5
8.230774141875373e-5
8.230759483981718e-5
8.230762163929131e-5
8.230705850004527e-5
8.227279859833046e-5
8.226803354530392e-5
8.227650304435558e-5
8.232058557408739e-5
8.23291582279647e-5
8.227567076259898e-5
8.231189633031431e-5
8.235453435765095e-5
8.237115177541322e-5
8.238793960867722e-5
8.240484308618327e-5
8.242181968803572e-5
8.243881479812251e-5
8.245588373471858e-5
8.247279163799952e-5
8.248979188510617e-5
8.250655933020443e-5
8.252332613137502e-5
8.254009979788849e-5
8.255644870896687e-5
8.257322282400457e-5
8.258918266551325e-5
8.260519000626449e-5
8.262064687024105e-5
8.263627437624437e-5
8.26019534852555e-5
8.251673068013788e-5
8.239773057280203e-5
8.229524197370626e-5
8.21969426655438e-5
8.203473721554128e-5
8.188068644991482e-5
8.178360597330491e-5
8.17258094202988e-5
8.170813922452167e-5
8.172970528544352e-5
8.178542468751194e-5
8.186527858869781e-5
8.195584074872033e-5
8.204420178919882e-5
8.211750274304159e-5
8.216675007002119e-5
8.21861623012966e-5
8.217422582558924e-5
8.21341061639673e-5
8.20726557237412e-5
8.199974075014975e-5
8.19269527615115e-5
8.186638910399064e-5
8.182938516137527e-5
8.182504697330861e-5
8.185864315048567e-5
8.193038979746962e-5
8.20353094784632e-5
8.216442538183298e-5
8.231246341426762e-5
8.231325694448893e-5
8.231357172128847e-5
8.231344954983297e-5
8.231297711463116e-5
8.231235227438133e-5
8.231150929401327e-5
8.231072944203675e-5
8.23100265143746e-5
8.230926188055193e-5
8.230873051964688e-5
8.230827678898825e-5
8.230779409817176e-5
8.230757736070357e-5
8.230757080517085e-5
8.230730870490991e-5
8.227271573458183e-5
8.226782105280649e-5
8.227657517809108e-5
8.232106367398632e-5
8.233019599387439e-5
8.227596786463583e-5
8.231227084747491e-5
8.23552207646292e-5
8.237181422708814e-5
8.238845625218263e-5
8.240531197229935e-5
8.242214500954165e-5
8.243913115869197e-5
8.245606282313115e-5
8.247302193775666e-5
8.248983309544787e-5
8.250674657587747e-5
8.252328776004364e-5
8.254018474995902e-5
8.255643420858312e-5
8.257310430752594e-5
8.258915331213235e-5
8.26049653238048e-5
8.262062916187447e-5
8.263606148412319e-5
8.260208439872818e-5
8.251654771654781e-5
8.239770082577719e-5
8.229497844302548e-5
8.21967474068983e-5
8.203429306605758e-5
8.18801211967273e-5
8.178275803429337e-5
8.172489343148231e-5
8.170733285712437e-5
8.172957199995966e-5
8.178692720450612e-5
8.186994324388033e-5
8.196573204777597e-5
8.20619890890693e-5
8.214604758538395e-5
8.220871080325832e-5
8.224323038884505e-5
8.224628981020625e-5
8.221875172331241e-5
8.216497032146549e-5
8.209262342602208e-5
8.20117001638963e-5
8.193347161346107e-5
8.186947827165446e-5
8.183047003772412e-5
8.182506908564932e-5
8.185819166893755e-5
8.192980977365221e-5
8.203477880665294e-5
8.231234447606866e-5
8.23128893889794e-5
8.231295885669914e-5
8.231264280731085e-5
8.231212777806655e-5
8.2311372192969e-5
8.231064635380558e-5
8.230997563176543e-5
8.230923858505671e-5
8.23087260032866e-5
8.230829323924056e-5
8.23078545750657e-5
8.230760718646282e-5
8.230755203107371e-5
8.230746465709515e-5
8.227284524838436e-5
8.22676175511e-5
8.227657785078163e-5
8.23214275409609e-5
8.23310849434343e-5
8.227622468885358e-5
8.23126321411513e-5
8.235594002474409e-5
8.237250410144446e-5
8.238907473178649e-5
8.240581676158313e-5
8.242258597984325e-5
8.243944899143687e-5
8.245635986582265e-5
8.24732261125961e-5
8.24900452694687e-5
8.250684928526526e-5
8.252346463081426e-5
8.254013180130264e-5
8.2556607971808e-5
8.25728794091345e-5
8.258922971452631e-5
8.260475902970844e-5
8.262064029302332e-5
8.263601413988769e-5
8.26021422806358e-5
8.25165693890265e-5
8.239758201076546e-5
8.229480288911099e-5
8.219661007863211e-5
8.203388812835847e-5
8.187972271784592e-5
8.178205504930412e-5
8.172418773999165e-5
8.170671111205498e-5
8.172948182999809e-5
8.178815316412538e-5
8.187372878621552e-5
8.197380993864005e-5
8.20766924512952e-5
8.217004350852073e-5
8.224476518423648e-5
8.229364280725258e-5
8.231213577683775e-5
8.229928485854251e-5
8.22571551709133e-5
8.219114470098077e-5
8.210931579614878e-5
8.202158574815944e-5
8.193882035527259e-5
8.187200522759504e-5
8.183136082739769e-5
8.182509451615139e-5
8.185783099219201e-5
8.19293429436878e-5
8.231221928597562e-5
8.23125066726242e-5
8.231236442679437e-5
8.231196737442786e-5
8.231130694447359e-5
8.231063631734374e-5
8.230999836204108e-5
8.230928541632014e-5
8.23087811334585e-5
8.230835993671312e-5
8.230794205625654e-5
8.230767648366125e-5
8.230757630435792e-5
8.230753173709294e-5
8.227300402028755e-5
8.226741833001427e-5
8.227650129034239e-5
8.232169531967879e-5
8.233180940799262e-5
8.22764227876739e-5
8.231295801484601e-5
8.23566641053593e-5
8.237320932566229e-5
8.238976212804001e-5
8.24063758547492e-5
8.242310895158116e-5
8.243981603137088e-5
8.245671172131918e-5
8.247345780767246e-5
8.249031553341411e-5
8.250698314485678e-5
8.252368617033803e-5
8.254014414094848e-5
8.255674710894437e-5
8.257281162993463e-5
8.258920593516964e-5
8.260477250422337e-5
8.262056562896798e-5
8.26361609444934e-5
8.260214961053875e-5
8.25166937904896e-5
8.239743963529115e-5
8.229464989858947e-5
8.219652544121351e-5
8.203351028799147e-5
8.187945544493892e-5
8.178146283837262e-5
8.172364681404384e-5
8.170623232380164e-5
8.172941911205061e-5
8.178914421267271e-5
8.187677424648362e-5
8.198034087608784e-5
8.208869838396369e-5
8.218991049810624e-5
8.227516086075197e-5
8.233713380279585e-5
8.237057412902295e-5
8.237323667140904e-5
8.234528145432145e-5
8.22899321163712e-5
8.221315554722033e-5
8.212317768726677e-5
8.202971725629097e-5
8.194319297981004e-5
8.187406590880465e-5
8.183208916658175e-5
8.182511988587164e-5
8.185754203607497e-5
8.231208777230248e-5
8.231213836566941e-5
8.231186781386412e-5
8.231131249733963e-5
8.23106996718561e-5
8.231009324555928e-5
8.230940172004731e-5
8.23088984211882e-5
8.230847678540414e-5
8.230806487548314e-5
8.230779547970564e-5
8.23076441741156e-5
8.230756610937171e-5
8.227308974923115e-5
8.226724972071704e-5
8.227634687189997e-5
8.232188554205102e-5
8.233238643498968e-5
8.227656097511975e-5
8.231323781781919e-5
8.235735201605767e-5
8.237392840914568e-5
8.239047390807557e-5
8.24070177702436e-5
8.242366540475299e-5
8.244029339603799e-5
8.245706082843284e-5
8.247378267764563e-5
8.249053523094545e-5
8.250722728011286e-5
8.252382665863148e-5
8.254031993216711e-5
8.255675713945802e-5
8.257295636298958e-5
8.258907856995293e-5
8.26049623077721e-5
8.262049714096098e-5
8.263633605753342e-5
8.260225411039509e-5
8.251672674794715e-5
8.239737819107156e-5
8.229445076504823e-5
8.219647555690414e-5
8.203317419997315e-5
8.187927178736695e-5
8.178096446813431e-5
8.172323336648091e-5
8.170586452563368e-5
8.172937389117973e-5
8.178994003440532e-5
8.187920779137125e-5
8.198557909472855e-5
8.209840516204363e-5
8.220615567414013e-5
8.230038709268306e-5
8.237392190564771e-5
8.242118650362342e-5
8.243915533654503e-5
8.242656686677116e-5
8.238477277612527e-5
8.231766081897063e-5
8.223153471784892e-5
8.213462967102884e-5
8.2036381476675e-5
8.194675822569275e-5
8.187574227959002e-5
8.183268296400257e-5
8.1825143186982e-5
8.231196268393176e-5
8.231183101457933e-5
8.231138803044311e-5
8.231083244633198e-5
8.231025324498719e-5
8.230958827781862e-5
8.230907986290631e-5
8.230865030305816e-5
8.230823132888492e-5
8.230795580369363e-5
8.230776150404976e-5
8.230764012003293e-5
8.22731353719369e-5
8.226721383645366e-5
8.22761806613698e-5
8.232202277319723e-5
8.23328434985226e-5
8.227665424071378e-5
8.231346914417774e-5
8.235797347116736e-5
8.23746333064685e-5
8.239119424642796e-5
8.240772107352915e-5
8.242427196486065e-5
8.244085419752297e-5
8.245746594641647e-5
8.247416063902347e-5
8.249076981087378e-5
8.250748912683889e-5
8.252396773107603e-5
8.254052173330496e-5
8.255678463327532e-5
8.257311105244927e-5
8.25890338858918e-5
8.26051130615165e-5
8.262057344606217e-5
8.263640422526688e-5
8.260248177091207e-5
8.251662540981829e-5
8.239737685278265e-5
8.22942166393233e-5
8.219641908907166e-5
8.203290454755261e-5
8.187912809690702e-5
8.178055267964236e-5
8.172291702216964e-5
8.170558311894859e-5
8.172933979184202e-5
8.179057621695649e-5
8.188114213357605e-5
8.198975394601244e-5
8.210619093557034e-5
8.221930576415493e-5
8.232105566438354e-5
8.240453689366746e-5
8.2464132894386e-5
8.249645014586464e-5
8.249929634633798e-5
8.247258636759848e-5
8.241836035252035e-5
8.234093772488959e-5
8.224679309536e-5
8.214405212567753e-5
8.204182792232888e-5
8.194965899484804e-5
8.187710374554811e-5
8.183316570215051e-5
8.231185848772415e-5
8.23115358494369e-5
8.231103669538864e-5
8.231047863724288e-5
8.230983641759267e-5
8.230931957366289e-5
8.230887892901918e-5
8.230844514303025e-5
8.230815278870173e-5
8.230792362510707e-5
8.230776064137249e-5
8.227317094122753e-5
8.226726014814634e-5
8.227603110907285e-5
8.23221171646247e-5
8.233319604553423e-5
8.227671295950877e-5
8.231365267793649e-5
8.235851456248809e-5
8.237528549472093e-5
8.239190799235045e-5
8.240844714983033e-5
8.24249492605972e-5
8.2441461310634e-5
8.24579822817946e-5
8.247456417490888e-5
8.249110534361607e-5
8.250771114381063e-5
8.252419132124458e-5
8.254064881970678e-5
8.255693102014667e-5
8.257315592663656e-5
8.258914462638836e-5
8.260513364788373e-5
8.262076238397331e-5
8.263641287952804e-5
8.260267042626953e-5
8.251653962291514e-5
8.239728921692209e-5
8.229403192836948e-5
8.21963130770093e-5
8.203271289223388e-5
8.187900245128407e-5
8.178022065457815e-5
8.172267362785964e-5
8.170536924686986e-5
8.17293126768309e-5
8.17910834737979e-5
8.188267333104573e-5
8.19930646163714e-5
8.2112396270584e-5
8.222986402835176e-5
8.233781382644374e-5
8.242967630308037e-5
8.24999607914158e-5
8.254520313506402e-5
8.256270096992768e-5
8.255140372738284e-5
8.251189749045402e-5
8.244668404330394e-5
8.236035050169823e-5
8.225940074165748e-5
8.215177929990284e-5
8.204626872253757e-5
8.195201551663529e-5
8.187820768631341e-5
8.23117583469523e-5
8.231132103549373e-5
8.231078146025691e-5
8.231015362199131e-5
8.230962443347079e-5
8.230916010673725e-5
8.230870952874949e-5
8.230838993649077e-5
8.230812630598488e-5
8.230792653660443e-5
8.227320213585182e-5
8.226728353204244e-5
8.227590582776004e-5
8.232215044972108e-5
8.233345393414057e-5
8.227673230511636e-5
8.231379001854686e-5
8.235897249985491e-5
8.237586375230867e-5
8.239258356041895e-5
8.240916967249895e-5
8.242567211543068e-5
8.244212249891526e-5
8.245858405206949e-5
8.247504284310065e-5
8.249152497744665e-5
8.250798270922979e-5
8.252445538767249e-5
8.254078697198512e-5
8.255711597962533e-5
8.257319765442055e-5
8.258929086750371e-5
8.260512805406225e-5
8.262091562301586e-5
8.26364576155139e-5
8.260270483858194e-5
8.251655887632836e-5
8.239707041757961e-5
8.229391588902188e-5
8.219618033038846e-5
8.203257255907267e-5
8.187890231333393e-5
8.177995597858749e-5
8.172248456437258e-5
8.170520877483571e-5
8.172928977136141e-5
8.179148764817603e-5
8.188388139107298e-5
8.19956795896493e-5
8.211731683832656e-5
8.223828597523988e-5
8.235128714468003e-5
8.245009639106857e-5
8.252943713440331e-5
8.258596271010778e-5
8.26167765429854e-5
8.262028182951259e-5
8.259606572498698e-5
8.254516658271555e-5
8.247039501511922e-5
8.237645245469148e-5
8.226977733707614e-5
8.215809842998195e-5
8.204988307147998e-5
8.195392713726164e-5
8.231168647035614e-5
8.231116204289738e-5
8.231054657148642e-5
8.230999699295532e-5
8.230949815115515e-5
8.230902533801248e-5
8.230866749598248e-5
8.230837434656895e-5
8.230813158371515e-5
8.227324471389794e-5
8.226729609145798e-5
8.227583025310358e-5
8.23221538029256e-5
8.233363737798713e-5
8.227670760670996e-5
8.231388365618666e-5
8.235934956582728e-5
8.237636478178735e-5
8.239319495283412e-5
8.240986249883394e-5
8.242640156434734e-5
8.244283550090381e-5
8.245924067941833e-5
8.24756207600801e-5
8.249200601449436e-5
8.250837391973639e-5
8.252474112419641e-5
8.254102521017467e-5
8.25572768541562e-5
8.257334634113115e-5
8.258938484754961e-5
8.26052052222557e-5
8.262096559238955e-5
8.263654411189675e-5
8.26026400969973e-5
8.251660555138407e-5
8.239685103078758e-5
8.229379096550539e-5
8.219610778216438e-5
8.203243439344715e-5
8.187884910182595e-5
8.177974298412273e-5
8.172233560632766e-5
8.170509148136905e-5
8.172926908742591e-5
8.179181006732381e-5
8.188483190017947e-5
8.19977385589465e-5
8.212120276933599e-5
8.224496864142412e-5
8.236204625394385e-5
8.246653850580963e-5
8.255341589038635e-5
8.261955153790403e-5
8.266206307404255e-5
8.267913005156418e-5
8.266975893960453e-5
8.263396329338432e-5
8.257309710727805e-5
8.249012266248124e-5
8.238974710581997e-5
8.227828885178295e-5
8.216325448067192e-5
8.205281989777286e-5
8.231163065051482e-5
8.23110232847193e-5
8.231043804738034e-5
8.230989943302953e-5
8.230939338737628e-5
8.23089945751846e-5
8.230866300805687e-5
8.230837591513334e-5
8.227330841237622e-5
8.2267309162182e-5
8.227580694962215e-5
8.232217886129036e-5
8.233377130031951e-5
8.227664753231051e-5
8.231393389015554e-5
8.235964928946912e-5
8.237678860502179e-5
8.239373368349953e-5
8.241050053656691e-5
8.242710775522441e-5
8.24435670918149e-5
8.245994476086906e-5
8.247626938865322e-5
8.249256583911315e-5
8.250885732790759e-5
8.2525109930138e-5
8.254134070677073e-5
8.25574846386538e-5
8.257356227227793e-5
8.258949870623286e-5
8.260534435160964e-5
8.262099539589262e-5
8.263662070856178e-5
8.260258126632177e-5
8.251660569776425e-5
8.239673169150204e-5
8.229363784866246e-5
8.219613056214166e-5
8.203229460859081e-5
8.18788419333575e-5
8.177957408085857e-5
8.172221471142816e-5
8.170501001405372e-5
8.172924915298162e-5
8.179206803191291e-5
8.188557801034985e-5
8.199935570200034e-5
8.21242615113615e-5
8.225024896895653e-5
8.237059129848188e-5
8.247968502740342e-5
8.25727464084608e-5
8.264691037454789e-5
8.26994293564611e-5
8.272847621282659e-5
8.273280508765084e-5
8.27118203396565e-5
8.266584346600773e-5
8.25963876497625e-5
8.250645122780521e-5
8.24006806683961e-5
8.228525124219516e-5
8.216745292727735e-5
8.23115871325269e-5
8.231095634942912e-5
8.231036989352066e-5
8.230982043243382e-5
8.230937276134623e-5
8.230899710548391e-5
8.230866711329817e-5
8.227339568043077e-5
8.22673225624871e-5
8.22758035996267e-5
8.232222308659312e-5
8.23338782269167e-5
8.227656371692158e-5
8.231394394405757e-5
8.235987344166562e-5
8.237713300325137e-5
8.23941965562606e-5
8.241107117903786e-5
8.24277670459059e-5
8.244428314476614e-5
8.246067445254104e-5
8.247696580667141e-5
8.249320056493372e-5
8.250940909557013e-5
8.252557984524188e-5
8.254171731270267e-5
8.25577901201333e-5
8.257380278512319e-5
8.258970112609745e-5
8.260549801782958e-5
8.262110599314766e-5
8.263667051988521e-5
8.260258904029528e-5
8.25165733509862e-5
8.239669161550742e-5
8.229352849706762e-5
8.219619587575097e-5
8.203220733797778e-5
8.187884724590105e-5
8.177945498199844e-5
8.17221103053236e-5
8.17049584064676e-5
8.172922911384744e-5
8.179227528656726e-5
8.188616246371468e-5
8.200062332546698e-5
8.212666267098874e-5
8.225440710323345e-5
8.237734844326488e-5
8.249013770379396e-5
8.258821734748557e-5
8.266898780953411e-5
8.272989351998673e-5
8.276922875369049e-5
8.278571937282063e-5
8.277849237430627e-5
8.274724990201453e-5
8.269246757822005e-5
8.261569890990821e-5
8.251990659005029e-5
8.240964331341333e-5
8.229093234274615e-5
8.231156416663377e-5
8.231091708331512e-5
8.231031275791289e-5
8.230980621470697e-5
8.230938163586324e-5
8.230900219084877e-5
8.227350791943018e-5
8.226734135567324e-5
8.22757965941333e-5
8.232228663145519e-5
8.233397031415824e-5
8.227646450894616e-5
8.231392049135914e-5
8.236002869469329e-5
8.23773953247363e-5
8.239457860723886e-5
8.241156774935244e-5
8.242836443467865e-5
8.244495924393564e-5
8.24613969862092e-5
8.247769136730247e-5
8.249388794342274e-5
8.251002893916908e-5
8.252612242066408e-5
8.25421733156205e-5
8.255816926411087e-5
8.25741016519699e-5
8.258995857369409e-5
8.260569234234201e-5
8.262128444313255e-5
8.26367522967059e-5
8.260266261689021e-5
8.251656166814783e-5
8.239669025372721e-5
8.2293494617553e-5
8.219626087076691e-5
8.203220501101334e-5
8.187883724030008e-5
8.177939097649378e-5
8.17220132503113e-5
8.17049302606675e-5
8.172920914090891e-5
8.179244242855986e-5
8.188661944775956e-5
8.200161543622722e-5
8.212854341018282e-5
8.22576725375678e-5
8.238267309216894e-5
8.249841148594887e-5
8.260052810295843e-5
8.268667166393007e-5
8.275449447682956e-5
8.280247504347687e-5
8.28294452365849e-5
8.283448351631527e-5
8.281700717349325e-5
8.277686554371902e-5
8.271456754319971e-5
8.263163379623697e-5
8.253095395221481e-5
8.241696916573937e-5
8.231155187292631e-5
8.23108850432964e-5
8.231031048872218e-5
8.230981931742373e-5
8.230938424614482e-5
8.227363860324983e-5
8.226736537782892e-5
8.227578499270554e-5
8.232237234587735e-5
8.233406378691106e-5
8.227634997858516e-5
8.231387316891212e-5
8.2360127248444e-5
8.2377581822982e-5
8.239487508873251e-5
8.241198277355066e-5
8.242888990015613e-5
8.244557874331753e-5
8.24620862495846e-5
8.247841740031583e-5
8.24946080695516e-5
8.251070530525145e-5
8.252672811212298e-5
8.2542702170101e-5
8.25586131505327e-5
8.257447119885634e-5
8.259025373999071e-5
8.260594001027421e-5
8.262148835984629e-5
8.263690532404492e-5
8.260278042432956e-5
8.25166155173364e-5
8.239672194168784e-5
8.229350716919415e-5
8.219632461033117e-5
8.203226299934081e-5
8.187881247459459e-5
8.177937414635206e-5
8.172192006438437e-5
8.17049177597111e-5
8.172919073570085e-5
8.179257725594497e-5
8.188697625515595e-5
8.200239095520619e-5
8.213001374393888e-5
8.22602311504718e-5
8.238685705905905e-5
8.250493717105932e-5
8.261027946448554e-5
8.270075314169748e-5
8.277421100737798e-5
8.282933547993789e-5
8.286513189822527e-5
8.288076867763094e-5
8.287561057694348e-5
8.284921788223449e-5
8.280146430347961e-5
8.273281877643468e-5
8.264473079792974e-5
8.253999513899123e-5
8.231154279587093e-5
8.23108859134849e-5
8.231032049965943e-5
8.230982599001047e-5
8.227379120699933e-5
8.226739854097776e-5
8.22757699288794e-5
8.232248286798511e-5
8.233416673322219e-5
8.227621999471949e-5
8.231380639922261e-5
8.236018608477391e-5
8.237770562628767e-5
8.23950907339774e-5
8.24123095800605e-5
8.242933360866061e-5
8.244612870966538e-5
8.24627238478505e-5
8.247911669166811e-5
8.249533521770833e-5
8.251141906445334e-5
8.252739235974893e-5
8.254329402711137e-5
8.25591257110311e-5
8.257490206846054e-5
8.259060658545078e-5
8.260622487460418e-5
8.262172148791305e-5
8.263709652569594e-5
8.2602943544865e-5
8.251673059905034e-5
8.239680882323236e-5
8.229354147364009e-5
8.219638949796467e-5
8.203233843676412e-5
8.187878113145171e-5
8.177938818268164e-5
8.172183266385181e-5
8.170491288374784e-5
8.172917639358247e-5
8.179268522154664e-5
8.188725466208509e-5
8.200299656998098e-5
8.213116131837372e-5
8.226223220935673e-5
8.239013711584121e-5
8.251006930470875e-5
8.261797537789007e-5
8.271191406211914e-5
8.278991877384467e-5
8.285087101234063e-5
8.28939724757526e-5
8.291855213253465e-5
8.292406340998761e-5
8.291001333636403e-5
8.287597996640686e-5
8.28217880696626e-5
8.274782896660514e-5
8.265545808603368e-5
8.231154118769698e-5
8.231089498176871e-5
8.23103270392825e-5
8.227396933742144e-5
8.226744152555082e-5
8.227576155232487e-5
8.232261407830595e-5
8.233428502052563e-5
8.227607196841037e-5
8.231372294352202e-5
8.236021700563004e-5
8.237778397389118e-5
8.239523778067828e-5
8.241255139514083e-5
8.242968716296407e-5
8.244659712715404e-5
8.246329438680909e-5
8.24797688731727e-5
8.249604176913498e-5
8.251214560403345e-5
8.252809897069627e-5
8.254394618938905e-5
8.255970375830679e-5
8.257539867056482e-5
8.259102251592414e-5
8.260656025142288e-5
8.262199150337408e-5
8.263731020890747e-5
8.260313853600714e-5
8.251688608066986e-5
8.239695351184919e-5
8.229360300624583e-5
8.219645390075473e-5
8.203240205979487e-5
8.18787437507631e-5
8.177941582540946e-5
8.172175589304069e-5
8.170490976901697e-5
8.17291686757032e-5
8.17927701814574e-5
8.188747201141225e-5
8.20034691295415e-5
8.213205563900079e-5
8.226379475060546e-5
8.239270365598243e-5
8.251409607031597e-5
8.262403138655419e-5
8.272072757070467e-5
8.280237419073941e-5
8.28680335246407e-5
8.291710101596018e-5
8.294909126116743e-5
8.29636185687297e-5
8.296028060203113e-5
8.293859870480922e-5
8.289809476722387e-5
8.283850785249523e-5
8.276012877638374e-5
8.231154757544075e-5
8.231089485318385e-5
8.227417489250402e-5
8.226749157678922e-5
8.227575587714014e-5
8.232276367813373e-5
8.233442519897183e-5
8.227590556434459e-5
8.231362282029341e-5
8.236022829460801e-5
8.237782843772885e-5
8.239533333882075e-5
8.241271948881969e-5
8.242995233619491e-5
8.244697406778578e-5
8.246378391189769e-5
8.248035644448296e-5
8.2496705399568e-5
8.251285707179861e-5
8.252882354278265e-5
8.25446452068862e-5
8.256034448609978e-5
8.257596353923053e-5
8.259150511101991e-5
8.260696168720913e-5
8.262231284929429e-5
8.263756429804272e-5
8.26033539238669e-5
8.251707496016276e-5
8.239712601916155e-5
8.229370860628322e-5
8.21965217844686e-5
8.203245492377385e-5
8.187869822834414e-5
8.177944338119655e-5
8.17216941457702e-5
8.170490556761717e-5
8.172916950136153e-5
8.179283526448592e-5
8.188764206165079e-5
8.200383761649623e-5
8.213275161081328e-5
8.226501325465172e-5
8.239470867392653e-5
8.251724951887473e-5
8.262878573597305e-5
8.272766698557277e-5
8.281221409072942e-5
8.288164662942903e-5
8.293553696504912e-5
8.297358430014858e-5
8.29955896145657e-5
8.300131502722966e-5
8.299037169213553e-5
8.296222003150611e-5
8.291628965856438e-5
8.285221108823896e-5
8.231154515454385e-5
8.227441281956394e-5
8.226755341488742e-5
8.227575425328378e-5
8.232293644137646e-5
8.233458738630115e-5
8.227572114815338e-5
8.23135078381448e-5
8.236022434145221e-5
8.237784829430087e-5
8.239538976124761e-5
8.241283070520941e-5
8.243013938163791e-5
8.244725992820993e-5
8.246418115179768e-5
8.248086379489992e-5
8.249730678848911e-5
8.251352942233299e-5
8.252953784725313e-5
8.254536675608391e-5
8.256103571946712e-5
8.257659372210246e-5
8.25920581776376e-5
8.26074328990261e-5
8.262270290556032e-5
8.26378765123922e-5
8.260361211705474e-5
8.251729738744324e-5
8.239731701417468e-5
8.22938535116535e-5
8.219661465173921e-5
8.203252249807287e-5
8.187865786433769e-5
8.17794639040357e-5
8.172165031551961e-5
8.170489820862041e-5
8.17291802309033e-5
8.17928833977194e-5
8.188777559463302e-5
8.20041248198453e-5
8.213329244058059e-5
8.22659624251988e-5
8.239627290194064e-5
8.251971510198921e-5
8.263251108193299e-5
8.273311800384271e-5
8.281996492900426e-5
8.289240441433227e-5
8.2950163291578e-5
8.299310969754801e-5
8.302123048121963e-5
8.303447870139138e-5
8.303263092745998e-5
8.301523465959889e-5
8.298165370940522e-5
8.29312020550915e-5
8.227468549486604e-5
8.226763099752747e-5
8.227575895906598e-5
8.232313734363812e-5
8.233477658799003e-5
8.227551986582019e-5
8.231337843053339e-5
8.236021133755656e-5
8.237784951550537e-5
8.239541746817666e-5
8.24128980320006e-5
8.243026476677141e-5
8.244746391737285e-5
8.246448521512551e-5
8.248127848677403e-5
8.249782895570339e-5
8.251414178551328e-5
8.253021644793875e-5
8.254608212148576e-5
8.256175331779744e-5
8.257727714476553e-5
8.259267867663614e-5
8.260797583962957e-5
8.262316522219003e-5
8.263825937908546e-5
8.260393532003955e-5
8.251757197001306e-5
8.239754220668696e-5
8.229403100089455e-5
8.219675225906127e-5
8.203263196080178e-5
8.187865386270052e-5
8.177947996717037e-5
8.172162884427458e-5
8.170488369402733e-5
8.172920177601995e-5
8.179291716857093e-5
8.188788086773205e-5
8.200434866216818e-5
8.2133712063826e-5
8.226670113053346e-5
8.239749184740531e-5
8.252164024996919e-5
8.263542551243811e-5
8.273739178815859e-5
8.282605601279563e-5
8.290088101191697e-5
8.296172449776128e-5
8.300860200834903e-5
8.304167049513494e-5
8.306107330750438e-5
8.306677995763265e-5
8.305850192987585e-5
8.303568774245109e-5
8.299757998874023e-5
8.226772045616287e-5
8.227576527441748e-5
8.232336879627515e-5
8.233499684030296e-5
8.22752987285908e-5
8.23132364820732e-5
8.236019407294064e-5
8.23778395801632e-5
8.239542364171992e-5
8.241293291371082e-5
8.2430341984087e-5
8.244760203636413e-5
8.246470425995571e-5
8.24815984332294e-5
8.249825846329361e-5
8.251467607627668e-5
8.25308372053582e-5
8.254676480847364e-5
8.256246815467609e-5
8.257798996525752e-5
8.259335428449851e-5
8.260858731189257e-5
8.262369938893873e-5
8.263871471800447e-5
8.26043319423053e-5
8.251791698386306e-5
8.239782209718692e-5
8.22942478392285e-5
8.219693227046228e-5
8.203278804087618e-5
8.187870543861967e-5
8.177950384245747e-5
8.172163512714128e-5
8.170485851960483e-5
8.172923345032933e-5
8.179293843360564e-5
8.188796391976402e-5
8.200452326418186e-5
8.213403705904864e-5
8.226727569748531e-5
8.23984407922e-5
8.252314166343605e-5
8.263770251860652e-5
8.274073738937342e-5
8.283083387042279e-5
8.290754479153149e-5
8.297083658396093e-5
8.302084936989737e-5
8.30578884613698e-5
8.308227152905547e-5
8.309416096510728e-5
8.30934604275463e-5
8.307978148928323e-5
8.305244709496228e-5
8.227577525349814e-5
8.232363443687602e-5
8.233525048641911e-5
8.227505484981678e-5
8.23130807261732e-5
8.236017658473488e-5
8.237782394578039e-5
8.239541668208913e-5
8.241294364248733e-5
8.243038338925548e-5
8.244768816613771e-5
8.246485375459553e-5
8.248183075344028e-5
8.249859212028876e-5
8.251511800900092e-5
8.253138115832868e-5
8.254739168505138e-5
8.256315298563871e-5
8.257870287068816e-5
8.259406157163739e-5
8.260925501205894e-5
8.262430217329217e-5
8.263924095761457e-5
8.260480253211642e-5
8.251833703023305e-5
8.23981710456469e-5
8.229451177642497e-5
8.219714571628852e-5
8.203296697571313e-5
8.18787984865883e-5
8.177954264397102e-5
8.172166914327802e-5
8.170482453068733e-5
8.172927145916328e-5
8.1792948465775e-5
8.188802872982024e-5
8.20046597717671e-5
8.213428819276502e-5
8.226772252437703e-5
8.239917896822561e-5
8.252431137692607e-5
8.2639479502982e-5
8.274335303218464e-5
8.283457597448173e-5
8.291277391382457e-5
8.297800214502487e-5
8.303050389404807e-5
8.307070977947303e-5
8.309908969188327e-5
8.311598319887013e-5
8.312148633980959e-5
8.311540290392955e-5
8.309721530238171e-5
8.232393778970985e-5
8.233554255144492e-5
8.227478445966584e-5
8.231290988192495e-5
8.236016070256702e-5
8.237780728279213e-5
8.239540277343354e-5
8.241293945266247e-5
8.243039828677048e-5
8.244773546534636e-5
8.246494786896932e-5
8.248199033625822e-5
8.249883603329088e-5
8.251546337907791e-5
8.253183330799483e-5
8.254794310513844e-5
8.256378394074755e-5
8.257938813651628e-5
8.259477130880825e-5
8.260995605476406e-5
8.262496173283634e-5
8.263983522428304e-5
8.260534598822798e-5
8.251883302245303e-5
8.239859361064037e-5
8.22948323754237e-5
8.219739331494157e-5
8.20331508665284e-5
8.187889929669429e-5
8.17795859616267e-5
8.172171772154169e-5
8.170478740841407e-5
8.17293090999217e-5
8.179294863623137e-5
8.188807746986147e-5
8.200476691969809e-5
8.213448168580155e-5
8.226807018343291e-5
8.239975288430017e-5
8.252522182162495e-5
8.264086487765228e-5
8.274539577361235e-5
8.283750324530152e-5
8.291687124404475e-5
8.298362700768857e-5
8.303809760988957e-5
8.308081728140283e-5
8.311238465909312e-5
8.313329447812344e-5
8.31438194618993e-5
8.314395650341921e-5
8.313337701882793e-5
8.233587592016283e-5
8.227448247078039e-5
8.231272211094906e-5
8.236014789596269e-5
8.237779198309818e-5
8.239538708484988e-5
8.241292717565297e-5
8.243039666152643e-5
8.244775415500265e-5
8.246500046420389e-5
8.248209155425086e-5
8.24990044817982e-5
8.251571732117955e-5
8.253218852503227e-5
8.254840347455595e-5
8.256434084228035e-5
8.258002136678035e-5
8.259545551753964e-5
8.26106615283957e-5
8.262565584938472e-5
8.264048642272615e-5
8.260596002403305e-5
8.251940622892467e-5
8.239909331367468e-5
8.229521946327422e-5
8.219768905673455e-5
8.203335067215962e-5
8.187899186370065e-5
8.177961590484894e-5
8.172175609423183e-5
8.17047483486927e-5
8.172933815290968e-5
8.179294064374611e-5
8.188811110824633e-5
8.200485143950326e-5
8.213463021834687e-5
8.226834111587659e-5
8.240019900904822e-5
8.252592987399099e-5
8.264194399263978e-5
8.274698957983633e-5
8.283979077221612e-5
8.292007796220464e-5
8.298803621549554e-5
8.304406008064089e-5
8.308876795520992e-5
8.312286511083901e-5
8.314697796848311e-5
8.316153381458573e-5
8.316670741028773e-5
8.31623602270245e-5
8.227414416843009e-5
8.231251417942996e-5
8.236013867426748e-5
8.237777970551932e-5
8.239537235110466e-5
8.241291242056732e-5
8.243038591823837e-5
8.244775489008017e-5
8.246502258565628e-5
8.248214887684278e-5
8.249911196636833e-5
8.25158934929383e-5
8.253245102376829e-5
8.254876682782544e-5
8.256480760150289e-5
8.258058197274303e-5
8.259608943899989e-5
8.261134337612601e-5
8.262635608927576e-5
8.26411730795763e-5
8.260663411787365e-5
8.252005560818799e-5
8.239967415095936e-5
8.229568077510865e-5
8.219804781900792e-5
8.203359002700737e-5
8.187909226919774e-5
8.177962862193747e-5
8.17217648832571e-5
8.170469927829846e-5
8.172935009661403e-5
8.179292550308534e-5
8.188813022824579e-5
8.200491843309646e-5
8.213474376454265e-5
8.226855294561095e-5
8.240054593596235e-5
8.252648012249047e-5
8.264278388934706e-5
8.274823207300884e-5
8.284157679269789e-5
8.292258524509058e-5
8.299148862595879e-5
8.30487353413052e-5
8.30950114366322e-5
8.313110897332449e-5
8.315776388303994e-5
8.317553437391349e-5
8.318475128452092e-5
8.318545094277938e-5
8.231228257836264e-5
8.236013271296677e-5
8.237777079927178e-5
8.239536040009158e-5
8.241289823068986e-5
8.243037205202868e-5
8.244774557949695e-5
8.246502548224349e-5
8.248217408514665e-5
8.249917347592565e-5
8.251600646089644e-5
8.253263383965892e-5
8.254903652026737e-5
8.256517750551503e-5
8.258105346002308e-5
8.259665216590675e-5
8.261197659250532e-5
8.262703443789398e-5
8.264186732412547e-5
8.260734683124118e-5
8.252077106925024e-5
8.240033642727369e-5
8.229622170658956e-5
8.219847773423993e-5
8.203388341794544e-5
8.187922529888321e-5
8.17796412607565e-5
8.172174617189906e-5
8.170463127485151e-5
8.172933788063327e-5
8.179290226850982e-5
8.1888135568819e-5
8.200497177033831e-5
8.213483026893064e-5
8.226871952789723e-5
8.240081607523413e-5
8.252690749851767e-5
8.264343713934413e-5
8.274919995109093e-5
8.28429701931585e-5
8.292454405752945e-5
8.299418944362137e-5
8.305239736369612e-5
8.309990778322247e-5
8.313758267854788e-5
8.316624753797227e-5
8.3186569160611e-5
8.319901105541123e-5
8.320376261728346e-5
8.236012942237938e-5
8.237776481763011e-5
8.239535164692287e-5
8.241288659110778e-5
8.243035838248651e-5
8.244773255446486e-5
8.246501750353287e-5
8.248217894993132e-5
8.249920144176408e-5
8.251607165160801e-5
8.25327515514061e-5
8.25492249770607e-5
8.256545311948603e-5
8.258142845786264e-5
8.259712687756495e-5
8.261254002292497e-5
8.262766571914322e-5
8.264254125014691e-5
8.260806943634705e-5
8.252153046722846e-5
8.240107070445734e-5
8.229684429678017e-5
8.21989854685467e-5
8.203423764179407e-5
8.187940315450367e-5
8.177967504297383e-5
8.172172081568218e-5
8.170454703238626e-5
8.172930010057977e-5
8.179286868664754e-5
8.188812810859003e-5
8.200501446658483e-5
8.21348961502503e-5
8.226885178227067e-5
8.24010270039538e-5
8.252723933952589e-5
8.264394493400294e-5
8.274995336709862e-5
8.284405654178541e-5
8.292607333004352e-5
8.299630072698337e-5
8.305526333196696e-5
8.3103743693059e-5
8.314265966190325e-5
8.317290927873524e-5
8.319524784136111e-5
8.321024936144279e-5
8.321823289973804e-5
8.237776127946265e-5
8.23953456732147e-5
8.241287798298052e-5
8.243034703972359e-5
8.24477193804926e-5
8.246500527117013e-5
8.248217220267668e-5
8.249920808790845e-5
8.251610206532889e-5
8.253281994586776e-5
8.254934674485059e-5
8.25656462785014e-5
8.258170881554885e-5
8.259750563573154e-5
8.261301659386614e-5
8.262822858673246e-5
8.264316955786374e-5
8.260877245721358e-5
8.252230303760329e-5
8.240185448603855e-5
8.229754181538794e-5
8.219957696193877e-5
8.203466377456433e-5
8.187962951415086e-5
8.177973964602489e-5
8.172170819804612e-5
8.170446064720606e-5
8.172924430299746e-5
8.179282422497773e-5
8.188810930275198e-5
8.200504893075436e-5
8.213494666996679e-5
8.226895833558163e-5
8.240119253186084e-5
8.252749703318329e-5
8.264433951391473e-5
8.275053945126494e-5
8.284490296473534e-5
8.292726654039643e-5
8.299795016040982e-5
8.3057504769925e-5
8.310674642006337e-5
8.31466372266525e-5
8.317813359725843e-5
8.320206222339023e-5
8.321908762208173e-5
8.322963638646894e-5
8.239534204302764e-5
8.241287201876272e-5
8.24303385698486e-5
8.24477083202856e-5
8.246499256807386e-5
8.248216071368807e-5
8.249920247339752e-5
8.25161103151916e-5
8.253285251431582e-5
8.254941789942756e-5
8.256577145922095e-5
8.258190580521713e-5
8.259778965175982e-5
8.261339789000323e-5
8.262870578296597e-5
8.264373075911571e-5
8.260942904421902e-5
8.252305660005573e-5
8.240265557604472e-5
8.229829335170589e-5
8.220024784777874e-5
8.203517256058191e-5
8.187991194463094e-5
8.177983624762627e-5
8.172171178446035e-5
8.170438347003057e-5
8.172918256425709e-5
8.179277252340341e-5
8.188808171192142e-5
8.200507724415728e-5
8.21349861571291e-5
8.226904603320974e-5
8.240132352061688e-5
8.252769731662986e-5
8.264464610394577e-5
8.275099508558936e-5
8.284556206629188e-5
8.292819703377946e-5
8.299923811587273e-5
8.305925682616172e-5
8.310909543237466e-5
8.314975100360544e-5
8.318222654449901e-5
8.32074058940841e-5
8.322602701381011e-5
8.32386040933891e-5
8.241286830627798e-5
8.243033261764815e-5
8.244769998279027e-5
8.246498177712471e-5
8.2482148456702e-5
8.249919167880438e-5
8.251610573819769e-5
8.25328621982057e-5
8.254945234940523e-5
8.25658449594944e-5
8.258203380206037e-5
8.259798966694793e-5
8.261368456396086e-5
8.262908850329048e-5
8.264420748189225e-5
8.261001654630347e-5
8.252376187794993e-5
8.240343997830092e-5
8.229906643342157e-5
8.220097611975641e-5
8.203575895508507e-5
8.188025839739109e-5
8.177996806037632e-5
8.172172490256904e-5
8.170431339779695e-5
8.172912054967781e-5
8.179271914095868e-5
8.188804908753479e-5
8.200510145151312e-5
8.213501820979862e-5
8.22691202879229e-5
8.240142853341006e-5
8.252785328553176e-5
8.264488444265555e-5
8.275134911228098e-5
8.284607502082523e-5
8.292892229823682e-5
8.300024336085263e-5
8.306062574875738e-5
8.311093213531214e-5
8.31521870588522e-5
8.318543064915601e-5
8.321159209201222e-5
8.323146854772588e-5
8.324564483594078e-5
8.243032883292908e-5
8.244769404580701e-5
8.246497356734656e-5
8.248213792243145e-5
8.24991798437203e-5
8.251609559035919e-5
8.253285856658937e-5
8.254946330792496e-5
8.25658810353305e-5
8.258210926398736e-5
8.259811992875316e-5
8.26138868611166e-5
8.262937691919518e-5
8.264459062115538e-5
8.261051669730359e-5
8.252439441291839e-5
8.240417685079462e-5
8.229982643912668e-5
8.220172706440794e-5
8.203639806286534e-5
8.188066383461169e-5
8.178013962444033e-5
8.172174397990679e-5
8.170424034922062e-5
8.172905141092065e-5
8.179266537172035e-5
8.188801454939363e-5
8.200512354634843e-5
8.213504579097297e-5
8.226918534549428e-5
8.240151430880621e-5
8.252797519684617e-5
8.264506997539832e-5
8.275162407871498e-5
8.284647403286816e-5
8.292948733943555e-5
8.300102764348624e-5
8.306169492573761e-5
8.311236769671171e-5
8.315409198618313e-5
8.318793740222045e-5
8.32148690076922e-5
8.323573132204138e-5
8.325116567095573e-5
8.244769019906819e-5
8.246496764963365e-5
8.248212983651811e-5
8.249916955447719e-5
8.25160841539425e-5
8.253284901900635e-5
8.254946053432954e-5
8.256589311834354e-5
8.258214672846235e-5
8.259819699800856e-5
8.261401887911824e-5
8.262958081614019e-5
8.264487994536648e-5
8.261091961069008e-5
8.252493445077652e-5
8.240484048618093e-5
8.230054298588416e-5
8.220246555725232e-5
8.203705651092219e-5
8.188110764743811e-5
8.178034706538948e-5
8.172177043204986e-5
8.170415787381209e-5
8.172896215501055e-5
8.179260478962045e-5
8.188797742046268e-5
8.200514469518458e-5
8.213507113822973e-5
8.226924440377296e-5
8.240158614682635e-5
8.252807107337371e-5
8.26452148030245e-5
8.2751837602192e-5
8.284678428048904e-5
8.292992736482425e-5
8.300163931349497e-5
8.306252973556613e-5
8.311348936893481e-5
8.315558102707286e-5
8.318989765800367e-5
8.32174325805221e-5
8.323906813905014e-5
8.325549046439132e-5
8.246496375132152e-5
8.248212394246355e-5
8.249916158943462e-5
8.251607409906427e-5
8.253283795883663e-5
8.254945154277672e-5
8.256589111971192e-5
8.258215979599735e-5
8.259823563197366e-5
8.261409722899464e-5
8.26297141236031e-5
8.264508481849135e-5
8.261122454473122e-5
8.25253708475783e-5
8.24054097866626e-5
8.23011916604141e-5
8.22031627706105e-5
8.203770554151918e-5
8.188156518365054e-5
8.178057594152625e-5
8.17218024804179e-5
8.170406489180484e-5
8.172884413115538e-5
8.179252690767288e-5
8.188793194065653e-5
8.200516384211751e-5
8.213509541015804e-5
8.226929963075363e-5
8.240164815026157e-5
8.252814719531572e-5
8.264532840824933e-5
8.275200345284583e-5
8.284702543754328e-5
8.293026990358911e-5
8.30021162011902e-5
8.30631813784021e-5
8.311436556380063e-5
8.315674462875572e-5
8.319142999928285e-5
8.321943715505322e-5
8.324167855951051e-5
8.325887576836796e-5
8.248212000280819e-5
8.24991557238211e-5
8.251606625267478e-5
8.253282812847163e-5
8.254944083778157e-5
8.256588264187497e-5
8.258215849451699e-5
8.259824955411549e-5
8.261413683022448e-5
8.262979345453162e-5
8.264521898810009e-5
8.261144083804508e-5
8.252570204940877e-5
8.240587209104269e-5
8.230175196561327e-5
8.220379658686351e-5
8.203832316593859e-5
8.188201904577207e-5
8.178081116917681e-5
8.172183294909837e-5
8.170395898543433e-5
8.172869501809787e-5
8.179242316222937e-5
8.188786968015327e-5
8.200517704493915e-5
8.213511809235822e-5
8.226935212054841e-5
8.240170337502382e-5
8.252820844337604e-5
8.264541824520467e-5
8.275213239017933e-5
8.284721287911469e-5
8.293053646881259e-5
8.30024878907858e-5
8.30636899215475e-5
8.311504986110211e-5
8.315765370722282e-5
8.319262749118457e-5
8.322100404846737e-5
8.324371976845034e-5
8.326152408660677e-5
8.249915175291133e-5
8.251606042056828e-5
8.253282039903967e-5
8.254943122302666e-5
8.256587227205539e-5
8.258215049079527e-5
8.259824887709287e-5
8.261415148663848e-5
8.26298338372833e-5
8.264529902584376e-5
8.261158270617748e-5
8.25259374584282e-5
8.240622444021358e-5
8.230221035542084e-5
8.220434762013918e-5
8.20388911285569e-5
8.18824580695959e-5
8.178104654571716e-5
8.172185769641184e-5
8.170383557869415e-5
8.172851380185822e-5
8.179228787456443e-5
8.188778307028805e-5
8.200517819343193e-5
8.213513678441668e-5
8.226940170713637e-5
8.24017539400095e-5
8.252825855467541e-5
8.264549017089312e-5
8.275223283768774e-5
8.2847358616863e-5
8.293074387175012e-5
8.300277750386197e-5
8.306408670373431e-5
8.311558419427502e-5
8.315836380375313e-5
8.319356309991557e-5
8.322222846584016e-5
8.324531530830446e-5
8.326359491151987e-5
8.251605642824675e-5
8.253281460548288e-5
8.2549423609436e-5
8.256586286474177e-5
8.258214043769473e-5
8.259824131035971e-5
8.261415136640227e-5
8.26298491168835e-5
8.26453400200828e-5
8.261166749334776e-5
8.252609209428122e-5
8.240647562485012e-5
8.230256187993665e-5
8.220480184607866e-5
8.203939073664561e-5
8.188287123208898e-5
8.178128180215633e-5
8.172188255536408e-5
8.170369619684261e-5
8.172830054015154e-5
8.179211602367486e-5
8.188766633719314e-5
8.200516030423649e-5
8.213514753367261e-5
8.226944693596528e-5
8.240180100583745e-5
8.252830034475492e-5
8.264554877761972e-5
8.275231139033959e-5
8.284747204788865e-5
8.293090524455863e-5
8.300300310780872e-5
8.306439622202858e-5
8.311600136501132e-5
8.315891838766464e-5
8.319429396115281e-5
8.32231850471395e-5
8.324656212599935e-5
8.32652135925288e-5
8.253281060110168e-5
8.254941785957402e-5
8.256585536619724e-5
8.258213123058673e-5
8.259823155678914e-5
8.261414420201557e-5
8.262984949052963e-5
8.264535582112878e-5
8.261171110256117e-5
8.252618463675151e-5
8.240664087108257e-5
8.23028135403901e-5
8.220515244708831e-5
8.203980701632566e-5
8.188324299370216e-5
8.17815139387239e-5
8.172191768765664e-5
8.170355348212707e-5
8.172806287960205e-5
8.179190561917087e-5
8.188751536098991e-5
8.2005116335262e-5
8.213514561240763e-5
8.226948518757522e-5
8.240184484689526e-5
8.252833581393546e-5
8.264559767356928e-5
8.275237321341945e-5
8.284756052468622e-5
8.293103085486196e-5
8.300317881385002e-5
8.306463762078383e-5
8.311632701702427e-5
8.315935146302801e-5
8.319486476577737e-5
8.32239322461684e-5
8.324753622447864e-5
8.326647849056134e-5
8.254941385213098e-5
8.256584966496227e-5
8.258212384675652e-5
8.25982225433348e-5
8.261413473203496e-5
8.262984269608159e-5
8.264535663111466e-5
8.261172811877228e-5
8.252623235008298e-5
8.240673979412364e-5
8.230297940670038e-5
8.220540472638217e-5
8.204013103481574e-5
8.188355840533024e-5
8.178173176482267e-5
8.172196706311047e-5
8.170342355921926e-5
8.172781822005173e-5
8.179166401069905e-5
8.188733073290845e-5
8.200504080918468e-5
8.21351265494692e-5
8.226951312371998e-5
8.240188496692251e-5
8.252836629517432e-5
8.264563964377853e-5
8.275242237615037e-5
8.284762980384428e-5
8.293112873048548e-5
8.300331564785839e-5
8.306482585379426e-5
8.311658119290266e-5
8.315968961470183e-5
8.3195310514618e-5
8.322451580885724e-5
8.324829712378199e-5
8.326746671466704e-5
8.25658456628418e-5
8.258211819906172e-5
8.259821527409634e-5
8.26141259063032e-5
8.262983349471865e-5
8.264535017717112e-5
8.261172929483966e-5
8.252625110135056e-5
8.240679073859886e-5
8.230307872703672e-5
8.220557158869742e-5
8.20403656007983e-5
8.18838067754585e-5
8.17819216660776e-5
8.172202364369379e-5
8.170331474507106e-5
8.172758479081794e-5
8.179140812924439e-5
8.188712191975158e-5
8.200493381559008e-5
8.213508800886327e-5
8.2269527580746e-5
8.240192042414495e-5
8.252839256936043e-5
8.264567681824117e-5
8.275246207198409e-5
8.28476844139119e-5
8.293120515173273e-5
8.30034222214842e-5
8.306497260343539e-5
8.31167795499679e-5
8.315995362193276e-5
8.319565859319629e-5
8.322497152040061e-5
8.324889140428728e-5
8.326823864965873e-5
8.258211421022193e-5
8.25982096845741e-5
8.261411875168942e-5
8.262982485112475e-5
8.264534123109478e-5
8.261172275347717e-5
8.252625258996624e-5
8.240681068617842e-5
8.23031297553157e-5
8.2205672067861e-5
8.204052118998614e-5
8.188398775160662e-5
8.1782072834122e-5
8.172207658068866e-5
8.17032241069164e-5
8.17273714717314e-5
8.179115480266776e-5
8.188690486605528e-5
8.200480423331353e-5
8.21350326179091e-5
8.22695271848794e-5
8.240195041404168e-5
8.252841506268861e-5
8.264571077677018e-5
8.275249482424805e-5
8.284772791262132e-5
8.293126504947004e-5
8.300350526076181e-5
8.306508699117204e-5
8.311693432059312e-5
8.31601597187333e-5
8.319593038192746e-5
8.322532735855418e-5
8.324935550229901e-5
8.326884155181644e-5
8.259820571634252e-5
8.261411322468548e-5
8.262981781111399e-5
8.264533276492584e-5
8.261171351525414e-5
8.252624563530157e-5
8.240681215052611e-5
8.230314964567285e-5
8.220572432418412e-5
8.204061520459421e-5
8.188410787325517e-5
8.178218320968681e-5
8.172211759491166e-5
8.170314562999714e-5
8.172717730674628e-5
8.179091179750504e-5
8.188669213030502e-5
8.200466629627473e-5
8.213496909110166e-5
8.226951435895832e-5
8.240197513105473e-5
8.252843414118156e-5
8.264574266923291e-5
8.275252261955639e-5
8.284776311321781e-5
8.293131229465275e-5
8.300357002857041e-5
8.306517613687796e-5
8.311705505568322e-5
8.316032058895742e-5
8.319614258532948e-5
8.322560519084326e-5
8.324971790386295e-5
8.326931238566656e-5
8.261410928379846e-5
8.26298123505654e-5
8.264532583982685e-5
8.261170471502513e-5
8.252623568157509e-5
8.240680456420604e-5
8.230315097870782e-5
8.220574556658093e-5
8.204066440525496e-5
8.18841803185714e-5
8.178225608073424e-5
8.17221455802952e-5
8.170307663559197e-5
8.1727000927854e-5
8.179067965462593e-5
8.188648624036347e-5
8.200453025187755e-5
8.213490821829033e-5
8.226949584680031e-5
8.240199659760148e-5
8.252845050276302e-5
8.264577334003481e-5
8.275254702517622e-5
8.28477922398456e-5
8.293134994402121e-5
8.300362064002917e-5
8.306524560214511e-5
8.311714920983945e-5
8.316044613707522e-5
8.319630825587142e-5
8.322582210230227e-5
8.325000087458665e-5
8.32696800499451e-5
8.262980844311916e-5
8.264532044954257e-5
8.261169749151048e-5
8.252622614592547e-5
8.240679373229224e-5
8.23031432169307e-5
8.220574819886947e-5
8.204068479866633e-5
8.188421784886329e-5
8.178229987601982e-5
8.172216228249438e-5
8.170301981596491e-5
8.17268462678747e-5
8.17904614856757e-5
8.188628448548838e-5
8.200439698565839e-5
8.2134855419536e-5
8.226947980143656e-5
8.240201853360385e-5
8.252846553727734e-5
8.264580345066898e-5
8.27525692805315e-5
8.284781705565514e-5
8.29313804174206e-5
8.300366032282806e-5
8.30652997263378e-5
8.311722260324988e-5
8.316054409482208e-5
8.319643758713502e-5
8.322599144292673e-5
8.325022181065593e-5
8.326996713266183e-5
8.264531658118109e-5
8.261169185719225e-5
8.252621829232976e-5
8.240678332960978e-5
8.23031321104223e-5
8.220574155388543e-5
8.204068764917916e-5
8.188423295871024e-5
8.178232221965333e-5
8.172217171343355e-5
8.17029773839028e-5
8.172672122538898e-5
8.179026726154001e-5
8.18860896003563e-5
8.200426333220033e-5
8.21348076503869e-5
8.22694707850628e-5
8.240204457526653e-5
8.252848128721708e-5
8.264583357304709e-5
8.275259036851109e-5
8.284783895710405e-5
8.293140564175614e-5
8.30036916116445e-5
8.306534189840651e-5
8.311727977453681e-5
8.316062049948534e-5
8.319653853812327e-5
8.322612363906107e-5
8.325039430536316e-5
8.327019128181972e-5
8.261168780527806e-5
8.252621215323772e-5
8.240677473617246e-5
8.230312137688332e-5
8.220573124283614e-5
8.204068160252376e-5
8.188423415788338e-5
8.178233078880688e-5
8.172217581259311e-5
8.170294981939886e-5
8.172662993582386e-5
8.179010937638913e-5
8.18859130701867e-5
8.200413183084768e-5
8.21347591647608e-5
8.226946779202291e-5
8.240207584891466e-5
8.252849979369942e-5
8.264586416277871e-5
8.275261107921757e-5
8.284785904073524e-5
8.293142715978338e-5
8.300371650451065e-5
8.306537476342393e-5
8.311732426324955e-5
8.316068006019548e-5
8.319661732539913e-5
8.322622683207255e-5
8.325052897529365e-5
8.327036628743358e-5
8.252620772294859e-5
8.240676799913839e-5
8.23031124642302e-5
8.220572100192581e-5
8.204067189164671e-5
8.1884228209584e-5
8.17823303465245e-5
8.172217649162851e-5
8.170293362749992e-5
8.172657074151667e-5
8.178999377182789e-5
8.188576850590773e-5
8.200401291578869e-5
8.213471002733716e-5
8.226946813084215e-5
8.240211064035598e-5
8.252852226182606e-5
8.264589542996879e-5
8.27526320483644e-5
8.284787815852858e-5
8.293144621047971e-5
8.300373658355021e-5
8.306540038675511e-5
8.311735882632022e-5
8.316072645031427e-5
8.319667880025919e-5
8.322630738195555e-5
8.325063411063996e-5
8.32705029197178e-5
8.240676310584338e-5
8.230310544894111e-5
8.22057123598614e-5
8.204066210286093e-5
8.188421921353615e-5
8.178232507635307e-5
8.17221740180784e-5
8.17029248850583e-5
8.172653617626526e-5
8.17899177933645e-5
8.188566227930549e-5
8.20039178079982e-5
8.213466734795748e-5
8.226947276946611e-5
8.240214729735173e-5
8.252854913875879e-5
8.264592731044048e-5
8.275265379626353e-5
8.28478969607153e-5
8.29314637934064e-5
8.30037531071992e-5
8.306542038160289e-5
8.311738560895973e-5
8.316076253209587e-5
8.319672674968244e-5
8.322637025317386e-5
8.325071618793191e-5
8.327060958883451e-5
8.230310029346333e-5
8.220570547118715e-5
8.204065371452843e-5
8.188421017387366e-5
8.17823175692691e-5
8.172216952913346e-5
8.17029193731714e-5
8.172651793726295e-5
8.178987228052666e-5
8.188559162829385e-5
8.200385049201036e-5
8.213463847183689e-5
8.226948624849388e-5
8.240218728568177e-5
8.252858138923971e-5
8.264595988420953e-5
8.275267680922972e-5
8.284791595005373e-5
8.293148071523292e-5
8.300376708345885e-5
8.306543600786401e-5
8.311740627760333e-5
8.316079053371826e-5
8.319676412779379e-5
8.322641932274866e-5
8.325078026296309e-5
8.327069286502209e-5
8.220570030917102e-5
8.204064691841195e-5
8.188420237537564e-5
8.178231004149418e-5
8.172216392843913e-5
8.170291516513782e-5
8.17265086230913e-5
8.178984735974732e-5
8.188554820205644e-5
8.200380730586942e-5
8.213462459261737e-5
8.226951126591003e-5
8.240223418802435e-5
8.252862136666693e-5
8.264599412983126e-5
8.275270172620081e-5
8.284793555784848e-5
8.293149762893491e-5
8.300377932441378e-5
8.306544825042603e-5
8.311742212342894e-5
8.316081218703789e-5
8.319679323824493e-5
8.322645761717037e-5
8.325083028445773e-5
8.327075787723597e-5
8.20406417176703e-5
8.188419602170305e-5
8.178230351664279e-5
8.172215849828365e-5
8.170291146827106e-5
8.17265040629e-5
8.178983492566963e-5
8.188552373811773e-5
8.200378164991113e-5
8.213462164021601e-5
8.226954499432354e-5
8.240228936681088e-5
8.252867140012599e-5
8.264603214614349e-5
8.275272951723873e-5
8.284795625270827e-5
8.293151506197919e-5
8.300379048918043e-5
8.306545787933531e-5
8.31174341440552e-5
8.31608288349119e-5
8.319681587618677e-5
8.32264874992059e-5
8.325086933534373e-5
8.327080863132509e-5
8.188419108770686e-5
8.178229820982944e-5
8.172215387221419e-5
8.17029084995965e-5
8.172650209826814e-5
8.178983015510056e-5
8.188551213586759e-5
8.200376869209447e-5
8.213462534665853e-5
8.22695817280827e-5
8.240234972989114e-5
8.252873106439939e-5
8.264607604453293e-5
8.275276134475942e-5
8.284797861651641e-5
8.293153343632932e-5
8.300380111395013e-5
8.306546549720725e-5
8.311744310748495e-5
8.316084151558585e-5
8.319683343889356e-5
8.322651081337887e-5
8.32508998229757e-5
8.327084825480234e-5
8.178229405540287e-5
8.172215020603983e-5
8.170290632705098e-5
8.172650183236085e-5
8.178983015781468e-5
8.188550964955606e-5
8.200376590066332e-5
8.213463453126634e-5
8.22696180815302e-5
8.24024105846152e-5
8.252879658986126e-5
8.26461262555128e-5
8.275279793060439e-5
8.284800327288801e-5
8.293155306044783e-5
8.300381163281896e-5
8.306547157476576e-5
8.311744960333106e-5
8.316085102871287e-5
8.319684701258002e-5
8.32265289993534e-5
8.32509236272884e-5
8.327087918980311e-5
8.172214739203532e-5
8.170290490827773e-5
8.172650257709088e-5
8.178983297603202e-5
8.188551335296649e-5
8.200377155546446e-5
8.213464989563534e-5
8.226965485550735e-5
8.240246996770421e-5
8.2528863801897e-5
8.264618125516137e-5
8.275283890191047e-5
8.284803062286175e-5
8.293157407697286e-5
8.300382238287159e-5
8.306547647830277e-5
8.311745408397022e-5
8.316085798788354e-5
8.319685744008265e-5
8.32265431809619e-5
8.325094221627811e-5
8.327090334336603e-5
8.170290407317358e-5
8.17265039242756e-5
8.178983703028167e-5
8.188552040491074e-5
8.200378305846404e-5
8.213467126114814e-5
8.226969429957212e-5
8.240252941585203e-5
8.252893143631853e-5
8.264623942111136e-5
8.275288302951604e-5
8.284806059074159e-5
8.29315963829151e-5
8.300383359042373e-5
8.306548048919607e-5
8.311745689906377e-5
8.316086286284275e-5
8.319686537416803e-5
8.322655423551011e-5
8.325095673664304e-5
8.327092220456978e-5
8.172650564723423e-5
8.178984145922595e-5
8.188552839921686e-5
8.200379693952423e-5
8.213469609233088e-5
8.22697365758278e-5
8.240259079995391e-5
8.2529001048975e-5
8.26463009511363e-5
8.275292952975034e-5
8.284809275491637e-5
8.29316196117837e-5
8.300384534558592e-5
8.306548381825926e-5
8.311745832488893e-5
8.31608660147811e-5
8.319687131960267e-5
8.322656284818606e-5
8.325096808432232e-5
8.327093693645078e-5
8.178984609173407e-5
8.188553618242555e-5
8.200381033120838e-5
8.213472052556773e-5
8.226977876091645e-5
8.240265315045996e-5
8.252907379602358e-5
8.264636741455681e-5
8.275297915745673e-5
8.284812695308753e-5
8.293164330406252e-5
8.300385759485183e-5
8.306548662060651e-5
8.311745859029822e-5
8.316086772686566e-5
8.319687566711061e-5
8.322656955456668e-5
8.32509769597805e-5
8.32709484475238e-5
8.188554394643456e-5
8.200382229215442e-5
8.213474182742322e-5
8.226981686440826e-5
8.240271258187632e-5
8.2529147771862e-5
8.264643929046961e-5
8.275303369211388e-5
8.284816381900658e-5
8.293166728146626e-5
8.300387019994516e-5
8.306548902118216e-5
8.311745790122834e-5
8.31608682321089e-5
8.319687872125194e-5
8.322657477429109e-5
8.325098391107794e-5
8.327095744779961e-5
8.200383389166238e-5
8.213475996519669e-5
8.226984887752736e-5
8.24027650863913e-5
8.252921857539125e-5
8.264651424759303e-5
8.275309411711052e-5
8.284820458914173e-5
8.293169199382331e-5
8.300388309336843e-5
8.306549116418925e-5
8.31174564663793e-5
8.316086774006895e-5
8.319688072415372e-5
8.322657883770304e-5
8.32509893677507e-5
8.327096449239591e-5
8.213477742716416e-5
8.226987619811841e-5
8.240280963635733e-5
8.252928242021652e-5
8.264658811181666e-5
8.275315935314541e-5
8.284825025194447e-5
8.293171853963722e-5
8.30038964836227e-5
8.306549329527197e-5
8.31174545277652e-5
8.316086646303558e-5
8.31968818765295e-5
8.322658200722236e-5
8.325099366729114e-5
8.32709700157742e-5
8.226990298459452e-5
8.240284906423015e-5
8.252933898803764e-5
8.264665772389535e-5
8.275322692769671e-5
8.284830091628672e-5
8.293174832601312e-5
8.30039110106621e-5
8.306549586166657e-5
8.31174523999533e-5
8.316086464131437e-5
8.319688235683485e-5
8.322658449474898e-5
8.325099707594074e-5
8.327097435842377e-5
8.240288887596296e-5
8.252939178300188e-5
8.2646723181009e-5
8.275329499584062e-5
8.284835611881059e-5
8.293178268907887e-5
8.300392777492712e-5
8.306549959444123e-5
8.311745051512345e-5
8.316086256595987e-5
8.319688233873686e-5
8.322658647592969e-5
8.32509998050744e-5
8.327097778771171e-5
8.252944653067604e-5
8.26467877598104e-5
8.275336382061759e-5
8.28484157393732e-5
8.293182279215458e-5
8.300394823843037e-5
8.306550552575164e-5
8.311744946112954e-5
8.316086059442685e-5
8.319688200622776e-5
8.322658810172782e-5
8.325100202406629e-5
8.32709805141854e-5
8.26468559258057e-5
8.27534355837999e-5
8.284848047547344e-5
8.29318696799512e-5
8.300397401638208e-5
8.306551489894837e-5
8.31174499854186e-5
8.31608591518942e-5
8.319688156411871e-5
8.322658950742549e-5
8.32510038702942e-5
8.327098270424652e-5
8.275351220061559e-5
8.284855145161456e-5
8.293192409754689e-5
8.300400650163813e-5
8.306552894235577e-5
8.311745292660618e-5
8.316085870773117e-5
8.31968812402292e-5
8.322659081831558e-5
8.325100545678737e-5
8.327098448991747e-5
8.284862800583599e-5
8.293198608823854e-5
8.300404631709498e-5
8.306554849837364e-5
8.311745904204725e-5
8.316085971518539e-5
8.319688127409925e-5
8.322659215115872e-5
8.32510068775205e-5
8.327098597631106e-5
8.293205313853181e-5
8.30040928881949e-5
8.306557359112851e-5
8.311746873999509e-5
8.316086250883665e-5
8.31968818870424e-5
8.322659361017961e-5
8.325100821033541e-5
8.327098724705801e-5
8.300414328159071e-5
8.306560320702244e-5
8.311748180640271e-5
8.31608671752822e-5
8.31968832326208e-5
8.32265952766097e-5
8.325100951724872e-5
8.327098836801305e-5
8.306563469670061e-5
8.311749731295881e-5
8.316087345187861e-5
8.319688533727843e-5
8.322659719243665e-5
8.325101084188919e-5
8.327098938943696e-5
8.311751334616412e-5
8.316088073049123e-5
8.319688805905111e-5
8.322659934192173e-5
8.32510122043908e-5
8.327099034679133e-5
8.316088837643319e-5
8.319689110102892e-5
8.322660163896633e-5
8.325101359505598e-5
8.327099126046365e-5
8.319689415664034e-5
8.322660393248443e-5
8.325101496957563e-5
8.32709921349243e-5
8.322660699528526e-5
8.325101624986454e-5
8.327099295823031e-5
8.325101711888679e-5
8.327099370301722e-5
8.327099457269548e-5
);
boundaryField
{
	inlet
	{
		type zeroGradient;
	}

	outlet
	{
		type zeroGradient;
	}

	bump
	{
		type fixedValue;
		value uniform 0.0;
	}

	frontAndBack
	{
		type empty;
	}

	top
	{
		type zeroGradient;
	}

	symUp
	{
		type zeroGradient;
	}

	symDown
	{
		type zeroGradient;
	}

}
