FoamFile
{
    version     2.0;
    format      ascii;
    class       volScalarField;
    location    "1";
    object      omega;
}

internalField   nonuniform List<scalar>
13770
(
8208.043505149959
8207.634956200907
8263.898960912313
8207.731706713354
8263.551665790963
8219.803177185162
8207.852217874764
8263.637986723279
8219.372561781163
8126.346640550866
8208.001425901159
8263.745503980183
8219.475010217515
8125.734352369317
8000.828106228504
8208.186129822343
8263.878600703005
8219.60272405519
8125.883028220405
7999.902099122257
7845.744328203447
8208.414729761029
8264.043324227552
8219.760825881294
8126.068615513772
8000.121413854914
7844.355916814257
7662.087869612954
8208.697576354223
8264.247142493665
8219.95649988832
8126.2983009508935
8000.395695135176
7844.685148194592
7660.02400580686
7448.68748951972
8209.047444956777
8264.4992422613
8220.19862336282
8126.582476636993
8000.735093461567
7845.09778554933
7660.508031617037
7445.6827662919295
7206.530011411929
8209.480042769601
8264.81095389427
8220.498110629158
8126.933969464645
8001.154920952042
7845.608245482262
7661.116268885904
7446.383792481478
7202.2485032798295
6937.761962390038
8210.014647606116
8265.196188117912
8220.868431444178
8127.368520687365
8001.674064515592
7846.239448490733
7661.868493476964
7447.267316785433
7203.241181045167
6931.808713322833
6646.921591824128
8210.674987271877
8265.671961154183
8221.32612902401
8127.905521527824
8002.31567496812
7847.01963090104
7662.798317353684
7448.359648926807
7204.496423657766
6933.181922472124
6638.85782213506
6340.61303056833
8211.489998143456
8266.259210857806
8221.891408218891
8128.568730674349
8003.108237102028
7847.983340708803
7663.947099707595
7449.7093143046295
7206.047791606641
6934.924564064178
6640.709670519583
6329.986596499457
6027.161434488111
8212.495002864158
8266.983400745301
8222.589182228736
8129.387061423229
8004.086594733247
7849.172994490217
7665.365351814224
7451.375944735457
7207.963754909532
6937.077517521501
6643.068584483602
6332.4175990160875
6013.547730029997
5715.8157115935055
8213.733381540736
8267.875437651566
8223.449750266507
8130.396055887594
8005.2930554127015
7850.640336868061
7667.114955553125
7453.432209523244
7210.32834166657
6939.735114375607
6645.981776276144
6335.526241792044
6016.651151939199
5698.863235608314
5415.711385839721
8215.257183209518
8268.973324013084
8224.509760978008
8131.63873929686
8006.779517056855
7852.44798098938
7669.271194340547
7455.966908375405
7213.243707437526
6943.01296397678
6649.575873532379
6339.363777713175
6020.6350827573515
5702.714407491268
5395.183122452725
5134.823592677169
8217.129007627567
8270.32242426497
8225.814453269197
8133.1668004722505
8008.608602973654
7854.67242815216
7671.92484680177
7459.087720208237
7216.834331540951
6947.051246804459
6654.005858884414
6344.095595117762
6025.551133759695
5707.677200828901
5399.830142234387
5110.624735385958
4879.1470394642465
8219.425860264455
8271.976632450072
8227.417707331535
8135.043714459294
8010.855221803623
7857.405510375804
7675.186384669963
7462.923953826074
7221.250616516231
6952.020248270206
6659.4591216118315
6349.923857118026
6031.609299690426
5713.798682143636
5405.840806577384
5116.083000280902
4851.332044587141
4652.299374883201
8222.236268833272
8274.003134855133
8229.382884289274
8137.344386351623
8013.611016200304
7860.756355532451
7679.187715007307
7467.632217478607
7226.672357046908
6958.124902675703
6666.162537398937
6357.092266002344
6039.065959368241
5721.337998924873
5413.251959463598
5123.168113302037
4857.584044431374
4621.056990633127
4455.562108133765
8225.666475038754
8276.477906562526
8231.790123937717
8140.155688166681
8016.983422382908
7864.85751285757
7684.0845377552405
7473.398328332775
7233.316159891116
6965.608965960198
6674.387978369694
6365.894844692333
6048.229214556548
5730.611189757108
5422.3745918938475
5131.9009239294755
4865.726582419005
4628.05703395186
4421.18316027244
4288.267223561725
8229.844063113283
8279.491055443754
8234.728560095598
8143.586997021635
8021.095880419633
7869.862804218394
7690.064590747693
7480.439872056088
7241.437233830511
6974.764397982889
6684.457065097299
6376.682337552401
6059.469454392217
5741.996871317713
5433.587594025608
5142.644811992419
4875.759446217589
4637.201681044553
4428.865259672878
4251.104316545479
4148.356822971074
8234.900643898476
8283.153666279524
8238.302377601913
8147.757291043285
8026.10299081885
7875.946598009866
7697.343445650129
7489.016894217479
7251.331761917316
6985.9325171034825
6696.752605264644
6389.867282582338
6073.226459515234
5755.9485845247655
5447.3434954345885
5155.842121468342
4888.096847678653
4648.46602213876
4438.928142856503
4259.390916091495
4108.785564735926
4032.952214584161
8240.994087940431
8287.574837924
8242.64221932033
8152.802728995391
8032.170115617111
7883.324831598555
7706.162015862041
7499.424218131727
7263.350258926558
6999.505510337114
6711.718331469729
6405.937446866092
6090.014408839992
5773.002312536175
5464.182522656311
5172.019628390075
4903.242668835116
4662.311787976551
4451.32044380225
4270.270912093614
4117.59527080855
3991.340574409379
3938.829925381231
8248.2968588972
8292.889368387425
8247.869512582545
8158.892985405129
8039.483257331282
7892.22307878169
7716.815132524702
7511.985704004334
7277.884438187833
7015.942436067635
6729.858556653395
6425.453095619191
6110.437088941357
5793.7809462562245
5484.740168932127
5191.804192241814
4921.7953281958835
4679.300389529548
4466.546873210286
4283.666635040645
4129.184465952446
4000.593986875062
3895.5181274451825
3862.7629843796803
8256.965386196105
8299.24917101423
8254.13735253256
8166.1765698166455
8048.271572694351
7902.888776188315
7729.602865629746
7527.091975108122
7295.356182032561
7035.74800300918
6751.756515415673
6449.043511300317
6135.181425868558
5819.010910568619
5509.750615179292
5215.929986656674
4944.464901131951
4700.096886716681
4485.220916103452
4300.120593180676
4143.450896444122
4012.7859224618987
3905.141664173846
3818.0529603051336
3801.736964161011
8267.205416646215
8306.776169393239
8261.616385566615
8174.840436678881
8058.725039371108
7915.620998690117
7744.845217781318
7545.127940178942
7316.266082851471
7059.4535641784605
6778.041836529767
6477.427071505623
6165.0094074684275
5849.51059104658
5540.064350676808
5245.2404199287685
4972.079629992412
4725.488469467166
4508.067651859045
4320.2921321635185
4160.969552632048
4027.792265545665
3917.8369794847677
3827.980986560243
3755.88889268592
3753.062880950177
8279.104040753606
8315.671971556518
8270.419291513668
8185.088064346257
8071.079120179187
7930.649199171107
7762.920641871064
7566.489712282818
7341.088662887367
7087.677997853479
6809.36041803258
6511.363828479651
6200.779072930117
5886.176198806757
5576.630166063175
5280.706339326711
5005.5859991419875
4756.389902035096
4535.943527532798
4344.958921738569
4182.439264111158
4046.215414064928
3933.4612471887285
3841.090699884816
3766.06456784032
3706.2961695976774
3714.420057123283
8292.822684805984
8325.984075473662
8280.774280135716
8197.028697958536
8085.580078288129
7948.251734120725
7784.092114678982
7591.633346091522
7370.291441952255
7120.980977132344
6846.449047438208
6551.611020877186
6243.378617316202
5930.002778064838
5620.473733676049
5323.400445296535
5046.067189351189
4793.841564082416
4569.840442186919
4375.037998690746
4208.682749583003
4068.787578740862
3952.6396710239187
3857.223700262476
3779.51147733323
3716.6714090331216
3666.9167516434472
3683.8528840597064
8308.50277270948
8337.877737437437
8292.671912905984
8210.930264441124
8102.32564870622
7968.7041131434235
7808.670265745201
7620.832776678242
7404.395832251672
7159.884551860975
6889.936871041958
6599.012744644369
6293.664709969202
5981.9967100944905
5672.7178458765575
5374.467800798107
5094.709049803449
4839.02792325549
4610.881732553775
4411.588242612594
4240.668942646747
4096.369370640307
3976.1322754467465
3877.023973682656
3796.058502796649
3730.39016447869
3677.4516252969042
3635.7621386952787
3659.74302123066
8406.989854155117
8351.560141537158
8306.281377853147
8226.719240256589
8121.617990320781
7992.0586726039855
7836.939144123915
7654.4011501819
7443.651217811461
7204.948746385019
6940.370905155023
6654.240773721192
6352.568505897151
6043.0950030287895
5734.47109792386
5435.144776544571
5152.762339701834
4893.234530169615
4660.340520601382
4455.804458995272
4279.513653547241
4129.973444911816
4004.8310902215144
3901.274451268202
3816.364989501575
3747.271061832569
3691.3879578810356
3646.423969874885
3611.1858348617716
3640.769081653233
8401.412369573854
5.24122752588275e6
8321.799764906114
8244.57147259494
8143.27576943056
8018.6273940297815
7868.8606367145685
7692.589938124129
7488.330462299344
7256.347797492701
6998.309745261754
6717.826947319341
6420.769241883148
6114.288878252492
5806.7277455215935
5506.622904583548
5221.560173755532
4957.802427891709
4719.58752102055
4509.035481983279
4326.47206404983
4170.763184032504
4039.7851419269955
3930.8929297923705
3841.232553985701
3767.9859520596992
3708.5361721383497
3660.5334750550746
3621.948182396044
3591.842836076502
3625.86324359853
8359.333127666621
1.499076876244687e6
5.241227525882747e6
8264.688535903691
8167.444014839708
8048.065223370813
7904.718983408471
7735.206680912773
7538.599419762586
7314.257455782788
7063.791820909033
6790.279075553104
6498.738064554382
6196.226780628942
5890.509816751259
5589.930470372306
5302.357344455802
5034.144124446733
4790.0386217406485
4572.722885820011
4382.956411830602
4220.044069591115
4082.197033382253
3966.9583974989728
3871.5999529490855
3793.3515627986026
3729.5782829240043
3677.8945518776327
3636.1949349047673
3602.684488737804
3576.6458159052736
3614.1694480807864
8304.69249062545
409007.8729913859
1.6919836480842486e6
5.241227525882748e6
8194.288133709155
8080.451015891433
7943.933878545613
7782.455500631975
7594.039285936519
7378.693963058882
7136.831797573055
6871.4363978501315
6586.880157564361
6289.275276355131
5986.3997185977605
5686.093349411351
5396.196145160558
5123.559877072814
4873.169439770876
4648.343156395279
4450.465961716451
4279.2806215831415
4133.413796376727
4010.7054437107136
3908.570663502087
3824.323610862878
3755.3431343164257
3699.197480105445
3653.72481845781
3617.039671586441
3587.5498687730897
3564.72280322228
3605.005331758398
8242.058427042071
105127.57325487935
511960.3661739806
1.7242737774198852e6
5.241227525882749e6
8115.8842536389275
7986.464045357998
7833.446072588547
7654.714138962796
7448.936605151971
7217.229954537794
6961.089300626455
6684.778367291634
6393.690190824242
6094.62375829933
5795.6006778877145
5504.084828141
5227.091034274375
4970.311011025402
4737.420654958105
4530.5254245345795
4350.018243568876
4194.942520419772
4063.5153025095788
3953.405120876134
3862.025448512095
3786.8001327483444
3725.280724856254
3675.234852143015
3634.7030212226227
3601.9905153024
3575.675849347178
3555.378572526889
3597.829691224828
8173.830260198722
30488.46873571662
148260.86111203095
539400.7018406068
1.7339011657907981e6
5.241227525882748e6
8032.296224020347
7887.964238879388
7719.351883079777
7524.846485665438
7303.894862765801
7058.761573703638
6791.944551517515
6508.754670049259
6215.252801031572
5918.515203371249
5626.402559260486
5345.713338005462
5082.494116804428
4841.305857093372
4624.695700438959
4433.819592960741
4268.3649473632295
4126.929316196269
4007.512740846666
3907.7382197443276
3825.08864914069
3757.1247519259405
3701.5710491647033
3656.377078625178
3619.7591616547397
3590.1837434078025
3566.370019098539
3548.0616044773287
3592.2147491285887
8101.8645613376975
11771.494125764075
40927.571065074866
163770.65279446973
550438.3384982622
1.7408980143058065e6
5.241227525882751e6
7945.847741156846
7787.511963890266
7604.710044715834
7396.4271110360805
7162.937361968195
6907.578700105563
6633.66282198149
6347.2454336114115
6054.701368339158
5763.038602764682
5479.689693086941
5210.653008878319
4961.013842504464
4734.338345357995
4532.271944604936
4355.273420131332
4202.557439973635
4072.4620666419487
3962.8946756757186
3871.506283411961
3795.8817412370363
3733.722848239505
3682.913685248802
3641.56290224875
3608.035338501978
3580.930764702258
3559.083105702636
3542.3358956465363
3587.8233074465807
8027.867698961005
8815.910659742387
14131.459539303807
45223.440837924296
167934.29967728257
554910.5038366083
1.7467087160482802e6
5.241227525882748e6
7858.85151650595
7687.81526719133
7492.632571538652
7272.911599531557
7029.708209085227
6767.261648372981
6489.456823272519
6202.787736276312
5913.6436817227295
5628.737796339545
5354.936559816314
5097.432779232976
4860.450871441946
4646.741993567337
4457.273217603203
4292.015222851064
4149.88463480246
4029.0846059251444
3927.505268354511
3842.862261503854
3772.8525773729925
3715.3096192419443
3668.257984370227
3629.9415122242362
3598.8476408055603
3573.6853556456545
3553.380890453059
3537.857718122247
3584.3901228109835
7953.888659796314
8377.582436324059
10404.015702447012
18365.60204875342
50621.82944277336
172136.9774046484
559491.0598142107
1.7523283897460052e6
5.241227525882748e6
7773.622192351319
7591.4976636545125
7385.996879038087
7157.295191802654
6907.113806589861
6640.371749173291
6361.28743303573
6076.528358421215
5792.299531282168
5514.901836320666
5250.605749242322
5003.873653556437
4778.210010459158
4575.7321459128525
4396.919134996628
4241.414224485713
4107.955788344411
3994.6916319119127
3899.5349851722976
3820.280940662078
3754.735158147433
3700.8472580212465
3656.76174776261
3620.8346941050213
3591.6535795013187
3568.015718064088
3548.9210577470076
3534.3566636825108
3581.7069446421137
7881.8052342876435
8055.800191041185
8307.094369163531
10085.012626044254
18020.62860681018
51091.69050190472
174164.49336381914
563606.8740230743
1.7578528107131459e6
5.24122752588275e6
7692.287817462238
7500.868007043888
7287.174774889504
7051.841844695091
6797.1036314287085
6528.332525084816
6249.876478590109
5968.393303315424
5689.795949848452
5419.946056930019
5164.555876023359
4927.468664651873
4711.614969310131
4518.635575350686
4348.673044805804
4201.156480576497
4074.7251505118793
3967.5179933327154
3877.4906530689113
3802.5188611804624
3740.507143539593
3689.503987948503
3647.7536890722167
3613.704500261816
3586.024320737067
3563.581450163617
3545.4343135157023
3531.6204091049804
3579.610440231623
7813.336296127228
7992.298693805345
8079.5136585534
8319.119908917499
10156.384181374084
18276.251769307455
51974.51872984142
176261.7774924454
567695.8921828393
1.7632568659086158e6
5.241227525882747e6
7616.6185465479475
7417.721369135967
7197.844874857859
6957.947577357361
6700.6218338469835
6431.491882017548
6154.8985233344165
5877.380272333787
5604.526002690336
5341.78704393495
5094.386855698432
4865.667855950223
4658.116390073172
4473.024740436747
4310.3103654073575
4169.265773975841
4048.479738784411
3946.1083872078134
3860.155588007554
3788.572237359095
3729.3493212834046
3680.6169046321465
3640.7013952904945
3608.1256994322785
3581.621806782736
3560.1147667059367
3542.7092112907794
3529.4824164298843
3577.9726378804944
7749.86962693037
7935.016709566014
8020.2249484164995
8082.687762282247
8334.224724705846
10253.821793572803
18564.92744108815
52855.34328141582
178345.53403520066
571731.6648042095
1.7684998681446097e6
5.241227525882748e6
7547.895838722596
7343.225747733455
7118.926308879345
6876.149017747908
6617.705908507826
6349.3250123798625
6075.262195821382
5801.889642149269
5534.487367063188
5278.150987449033
5037.6932870233495
4816.063146262599
4615.411245822937
4436.777845069761
4279.935414706043
4144.089812010254
4027.808710198892
3929.277780024072
3846.548023699176
3777.6369461099866
3720.608904316926
3673.660288296356
3635.1840352454647
3603.7630810803703
3578.180101078936
3557.405408223258
3540.579902024174
3527.8121959805803
3576.6933752689392
7692.371100990379
7882.391261982179
7970.042376141027
8024.562270400771
8080.217850850006
8347.664012638188
10352.306945729571
18843.30652839683
53732.386992112144
180410.85838466207
575663.2354028412
1.7736806730130622e6
5.241227525882749e6
7486.860304015051
7277.910496762235
7050.628470762181
6806.2441056643065
6547.689135549801
6280.696086100369
6009.407974725831
5740.023748489826
5477.552077319113
5226.79424968344
4992.225001221727
4776.491847897323
4581.494017467765
4408.091318254243
4255.965969134553
4124.269339253752
4011.5641727552866
3916.070451675706
3835.88173096056
3769.072364942738
3713.7682635567144
3668.2186276179045
3630.869884864992
3600.352953342008
3575.4903985885694
3555.2884579437787
3538.916436481708
3526.507610503174
3575.694277231477
7641.360562732038
7834.6975585803975
7924.744024555863
7977.715022963259
8020.923493133832
8073.274696908563
8358.812759229799
10442.43524282608
19115.9730887033
54609.63575002726
182430.45951991988
579564.1268009545
1.778698307052965e6
5.241227525882748e6
7433.7381600441
7221.740931136314
6992.580010329394
6747.4832304319025
6489.435420695972
6224.118524068159
5955.566153461333
5689.817393219524
5431.65386205548
5185.63910786108
4955.974086104721
4745.078445000721
4554.6646262127115
4385.462719259791
4237.102194257709
4108.699475905581
3998.820968738354
3905.721358986495
3827.530504810865
3762.370603689278
3708.4183271046168
3663.964412090335
3627.498007489441
3597.6882776848497
3573.3889258004456
3553.6346981971838
3537.6171098829145
3525.4887369963344
3574.914056494258
7596.948151929181
7790.7231203300535
7884.022488834546
7936.147885586746
7975.197953010319
8012.253328486209
8066.90048051458
8367.531794815775
10532.951830355201
19389.01222543654
55476.18941284197
184438.22466110435
583370.5968809265
1.7836113313884782e6
5.24122752588275e6
7388.326301153826
7174.243645866204
6944.00059370844
6698.772015366581
6441.559819599332
6177.971170222031
5911.9486675569015
5649.392771245004
5394.899413390758
5152.844263833511
4927.2070852025345
4720.237844752184
4533.509765699286
4367.659622384379
4222.28866262656
4096.490403846861
3988.838916022777
3897.621383985914
3820.997993731139
3757.13034923529
3704.236691703246
3660.6400344258336
3624.863537697627
3595.6066697511833
3571.7473626143365
3552.3429887255415
3536.602349624074
3524.6930762951506
3574.3048089280337
7558.912164859315
7747.850214023137
7845.519922165533
7899.130946098704
7935.15469199442
7966.161002130913
8004.027879883933
8057.605040137275
8377.193655659143
10625.129155993802
19658.628407020085
56344.6593483775
186405.966858927
587113.9789804039
1.7884093086886213e6
5.24122752588275e6
7350.10531559569
7134.653519905742
6903.869672420029
6658.851941845626
6402.604415126389
6140.65340614419
5876.87353579611
5617.047692150574
5365.6230202985735
5126.827725109295
4904.463678742188
4700.655258983567
4516.8719630630385
4353.68252528878
4210.676124496232
4086.930653526955
3981.028947274571
3891.2878623506094
3815.8920762091993
3753.035356463204
3700.9697902347516
3658.043255180549
3622.8058030331586
3593.980901238706
3570.46527280762
3551.3341877004777
3535.809904408353
3524.0717761372744
3573.8290944121172
7526.793151130914
7708.467052714067
7805.269269384366
7863.6236755608825
7899.792220245717
7926.09014755938
7957.246377917589
7992.345523071714
8048.786871291917
8387.899198622647
10717.32343577953
19929.929291464367
57205.81674580484
188346.52360359245
590789.4200464879
1.7930898398993856e6
5.241227525882748e6
7318.359486310301
7102.048831657249
6871.069602314674
6626.438846139195
6371.160058291811
6110.681997311213
5848.832268306242
5591.295760694566
5342.400810764549
5106.261288286226
4886.535384188687
4685.255689981597
4503.81365631649
4342.727934644534
4201.586024943902
4079.454291578918
3974.924457855799
3886.339583460159
3811.9038039808656
3749.836932021566
3698.418572958635
3656.015471127079
3621.1989223791225
3592.7113937913346
3569.4640665339375
3550.5464068532574
3535.1911055385863
3523.5866548534977
3573.4576623002904
7499.989317908569
7675.809892005901
7766.973612268527
7824.847675753815
7865.643597394078
7890.874577024853
7916.726892375681
7944.318300167797
7980.846196234341
8040.154147405887
8398.496704107842
10811.587120909971
20198.97905287333
58062.89886601064
190257.66707493676
594393.3557077204
1.797673224198693e6
5.241227525882747e6
7292.280533857633
7075.460719185948
6844.4911654038515
6600.315282061043
6345.939255237854
6086.740451755145
5826.517514563928
5570.873115911634
5324.041617715831
5090.048451369657
4872.435790926767
4673.169469761614
4493.581869132883
4334.154335186564
4194.47891471961
4073.613227927224
3970.157035583752
3882.4762647667467
3808.7902614661025
3747.339875046042
3696.42695200473
3654.432430556535
3619.9443768210094
3591.7202319231064
3568.6822889764608
3549.93127159886
3534.707928790248
3523.2078821566774
3573.1676634131763
7477.836487987913
7649.817701678276
7735.661160456708
7787.159359187869
7827.411690907542
7856.830282519357
7881.137654198816
7902.918609421142
7931.134506181831
7969.435574298615
8030.795010106677
8411.208276923911
10906.197962689343
20467.407857780905
58914.924111301196
192137.15655688618
597940.9145736424
1.8021250703925658e6
5.241227525882749e6
7271.048026459062
7053.95079429093
6823.101152677891
6579.383232959226
6325.810552975031
6067.696299389587
5808.82369113529
5554.726465221038
5309.564558386395
5077.29574756298
4861.3678788932875
4663.698807768018
4485.575876386426
4327.452020997746
4188.927870128745
4069.0537955267046
3966.436557951579
3879.461853885404
3806.3608148790045
3745.3911326713232
3694.8726572535415
3653.1968971979513
3618.9650837320696
3590.946491037741
3568.0719056798507
3549.4509742153678
3534.3306668082223
3522.9121559306286
3572.9412503266176
7459.668747380573
7629.202055626588
7711.585170825375
7756.614294277651
7789.784444925752
7818.326970438253
7846.6611198139535
7866.666386578033
7888.35183708668
7917.881764286307
7957.142446651652
8022.992428916328
8424.050277769958
11001.953247260606
20735.04388637768
59760.89141573329
193992.04583400156
601402.1507449076
1.8064886670939685e6
5.241227525882747e6
7253.884087550113
7036.658693546984
6805.97874955436
6562.686510734221
6309.807689598971
6052.5970779215995
5794.833069983366
5541.9908256475865
5298.171803268066
5067.282140481167
4852.692719473274
4656.2874040382085
4479.31866334407
4322.217797568816
4184.59605646879
4065.4975710247545
3963.5350135982626
3877.111141834217
3804.466017187563
3743.8708251651706
3693.660012922229
3652.232798141399
3618.2007731286785
3590.342553801731
3567.595375401197
3549.0759768214184
3534.036113400446
3522.6812748773646
3572.764485470625
7444.858919050468
7612.764853897862
7693.160249315196
7733.671330222993
7759.438555055845
7780.23835675896
7807.532826015924
7831.5740182489435
7850.953184479515
7873.463622209547
7903.620296930259
7946.5230904281025
8014.2942618800425
8437.905264195264
11098.424171098268
21001.318078447563
60602.999741906206
195806.73697991876
604810.5890539857
1.8107282506473826e6
5.241227525882748e6
7240.085201480183
7022.825857564494
6792.3287593077375
6549.413881949775
6297.1223912566475
6040.655371042314
5783.794187663054
5531.964015837965
5289.220295820573
5059.430115083969
4845.9012700389285
4650.493750869457
4474.433076895003
4318.133669250708
4181.218384080417
4062.7257978465805
3961.2735439912367
3875.2789632857784
3802.9888330444846
3742.6851584188507
3692.71417455129
3651.480658375591
3617.604342229598
3589.871207351828
3567.2233692926748
3548.7832058830254
3533.806142095257
3522.5010250605237
3572.6264843293975
7432.841529558476
7599.594765003808
7678.9097781462915
7716.573171725708
7736.967520229379
7749.607173869104
7768.755361043469
7791.69849450917
7814.868327433759
7834.566975833991
7857.458394053175
7891.157303222302
7934.819512025954
8005.898838812682
8452.70904407232
11195.451470285476
21267.28620001168
61434.27397691906
197598.09158295652
608140.7666983278
1.814867982826946e6
5.241227525882749e6
7229.036589660059
7011.802116622144
6781.480586262883
6538.889997641993
6287.089198939722
6031.228363360254
5775.098312334858
5524.080858657471
5282.195413720421
5053.279838279797
4840.589706830895
4645.968906670852
4470.621773395236
4314.949446315296
4178.586625492692
4060.566923623298
3959.511990320687
3873.851658310914
3801.8377120836285
3741.7607681564305
3691.976634275812
3650.8940014626087
3617.1389826456752
3589.503381551798
3566.9329778720676
3548.5546387772874
3533.6265973299523
3522.360306123761
3572.5187485603947
7423.122689225525
7589.006752945312
7667.766258193851
7703.6726771354715
7720.5024021689005
7727.096432917446
7737.578224771629
7752.10952821496
7773.9606754712695
7797.087916754809
7816.969646130993
7843.35694484417
7877.462416155528
7923.3632660544135
7997.648518314469
8468.348044316055
11293.462268189198
21530.231216730033
62261.50321375485
199353.54661149796
611406.1091670139
1.818907409358207e6
5.241227525882748e6
7220.214317576074
7003.04203524341
6772.878456294346
6530.560751861229
6279.16658628913
6023.796498463756
5768.256232293546
5517.889494236022
5276.687626782072
5048.4666688880425
4836.4389709663865
4642.4378453509435
4467.6508835104205
4312.468649153512
4176.537523901471
4058.8865473383194
3958.140634136089
3872.7403369595913
3800.9410588833734
3741.040310873117
3691.401677450387
3650.4365126234134
3616.7759423537264
3589.2163709380593
3566.7063072912115
3548.376201218929
3533.4864242483854
3522.2504512231
3572.4346411323468
7415.280815127738
7580.474926451847
7658.977398613832
7693.803641517896
7708.280667653904
7710.763944404596
7714.717541294004
7720.2707900515115
7733.357810186891
7754.827113807594
7778.0191990532385
7801.354971855203
7827.897975774734
7863.976815382651
7911.9884528190805
7989.410049855357
8485.290812454614
11391.049039094018
21793.025471812216
63079.430995653835
201079.02991131574
614606.9023164769
1.8228499327757815e6
5.241227525882747e6
7213.180473449536
6996.095098827776
6766.067990665326
6523.9762934939245
6272.917953857412
6017.942911058992
5762.877240620855
5513.0305733677105
5272.372284011133
5044.702581502699
4833.1976349553315
4639.684291309495
4465.336787831224
4310.537262895008
4174.943201569785
4057.579481441523
3957.073687477251
3871.875498536736
3800.2429247635737
3740.4789881295046
3690.9535893802113
3650.0798292998743
3616.492766199335
3588.992442663719
3566.5293844112502
3548.236901982429
3533.3769914721715
3522.164691746778
3572.3689805484228
7408.962338220308
7573.587374377758
7652.00074325674
7686.169112233068
7699.065256667074
7698.767848434883
7698.185065390291
7696.964681598891
7700.711978381375
7712.980774537928
7734.342180045786
7760.98268413501
7784.2756288312485
7812.606847825014
7850.531683312372
7900.539460544287
7981.675626099601
8502.587595846873
11489.473395689214
22053.620778049357
63889.70574953676
202774.43160843087
617745.5554880765
1.8266999763941146e6
5.24122752588275e6
7207.574384106302
6990.593567047641
6760.681505551309
6518.774438591989
6267.993689371295
6013.335062556618
5758.650842719955
5509.219337649652
5268.99298532644
5041.760635630762
4830.667998708328
4637.538455454301
4463.535583811658
4309.034665940559
4173.703591968733
4056.5635022279266
3956.2440872654297
3871.2028434883805
3799.699611819372
3740.041805944171
3690.6044807085973
3649.8018039510907
3616.271918383509
3588.817750805232
3566.3912974617524
3548.128159492977
3533.29155803484
3522.0977434962406
3572.317722026527
7403.874574124442
7568.017273247688
7646.434351390114
7680.212929728645
7692.024160970247
7689.816623141307
7686.082795305004
7680.1530930091685
7676.839198589558
7679.309989726405
7691.195160884451
7715.907452788088
7742.395163425095
7767.317412408593
7797.3161575123495
7836.946711485607
7889.5813642585645
7973.491185837875
8521.333132269554
11587.708803562144
22312.831233813908
64691.76272680631
204440.59511848935
620823.7810282797
1.8304570679407264e6
5.241227525882748e6
7203.102744820926
6986.239694650506
6756.424074750937
6514.6653036341395
6264.115338403855
6009.708906393316
5755.331095398573
5506.230941898423
5266.347708010762
5039.462395225751
4828.694855954437
4635.867283275587
4462.134586771435
4307.86647941778
4172.740489144194
4055.7743455682967
3955.5994490801413
3870.679972484447
3799.276993731659
3739.701442477429
3690.3325773965944
3649.585143968561
3616.09970831173
3588.6814841378955
3566.283527355723
3548.0432717526382
3533.2248612765597
3522.045481540893
3572.2777064839574
7399.7779834792655
7563.503333319417
7641.974700732036
7675.534717795155
7686.588874959447
7683.045332866678
7677.0804035915335
7667.878794560879
7659.649751813618
7654.646866649153
7656.4468928073975
7671.457552168296
7695.858906848667
7723.881205257637
7750.315049126677
7781.824606822147
7823.854117364514
7878.022609713179
7965.919617140555
8540.660678715712
11686.067416950256
22570.577615006758
65485.51648960168
206077.80721936154
623838.3723136333
1.8339054029783912e6
5.241227919699504e6
7199.529736304219
6982.793845315484
6753.060819928456
6511.417934865208
6261.062043704547
6006.855420350506
5752.723839484516
5503.8882352727705
5264.277589750412
5037.667774408248
4827.156577626249
4634.566583604975
4461.045636454146
4306.958953206007
4171.992775565518
4055.161823800173
3955.0988780342223
3870.2737801314106
3798.9484331992953
3739.436570860059
3690.1208818349696
3649.4163514635857
3615.965447222791
3588.575203188182
3566.1994211853653
3547.9770065762395
3533.1727930348625
3522.004684218183
3572.2464683319704
7396.478525524821
7559.836110945302
7638.390474951327
7671.8382260183425
7682.3603499553765
7677.866399876999
7670.289025569729
7658.771122785173
7647.128450740058
7636.862394376879
7630.9452631028435
7635.621836714866
7650.059944801504
7675.839550614552
7705.273942357949
7733.0548031981
7766.82086711217
7810.025500176904
7867.071214829889
7957.968810981618
8560.990501975532
11784.351761810605
22826.8216997504
66270.30513637506
207683.16742791558
626592.9707334975
1.8216754917032307e6
5.241234870379276e6
7196.668002372806
6980.063882706246
6750.405827537526
6508.849027664933
6258.659028642587
6004.609690324877
5750.676106171891
5502.051901717076
5262.657883977034
5036.266991105625
4825.957909982089
4633.554835449291
4460.199851443435
4306.25445420008
4171.412726224107
4054.6867652436013
3954.7104479607615
3869.9584316695045
3798.693143183439
3739.2305459053705
3689.9561296996408
3649.2848904990087
3615.8607924884855
3588.4923179458738
3566.1337853755795
3547.9252796324163
3533.132144727495
3521.9728371152987
3572.2220822072723
7393.820670466727
7556.84774310495
7635.5052624477885
7668.899790973675
7679.051462303079
7673.870065998981
7665.1060420744
7651.917403225464
7637.8602929394565
7623.8965971622565
7612.521539083735
7609.266963880322
7613.099925535339
7628.653225318365
7655.674779849358
7686.360172913404
7716.266475036376
7750.954200604765
7796.808818592876
7855.597296673263
7950.194307447046
8582.379656395533
11882.576298479838
23081.480235678628
67043.77324101163
209137.24058966394
617686.9461065675
1.8111152618531915e6
5.241272812480777e6
7194.370193828723
6977.896300022176
6748.312485648009
6506.8135605264615
6256.7682308023495
6002.841881234988
5749.067599612015
5500.612517309002
5261.390803005779
5035.174065015979
4825.0243155248
4632.76834324587
4459.543402512874
4305.707981369587
4170.9630960292125
4054.3185912163954
3954.409248114066
3869.713769819049
3798.4949032670966
3739.0703817172252
3689.8279700415524
3649.182540247348
3615.7792305434714
3588.4276845597487
3566.0825659842476
3547.8849008992174
3533.1004121213155
3521.94797675502
3572.203045129195
7391.680699112438
7554.403991909678
7633.184266938
7666.549005276346
7676.450812819119
7670.763924158879
7661.111086587222
7646.702034997343
7630.901576704358
7614.298522479205
7599.070998914174
7590.184092807281
7585.863413085974
7590.5379108644265
7607.0481976164165
7635.1662142830455
7667.892077619996
7698.497326370527
7735.698210949787
7782.941818178828
7844.229204242452
7942.619000790094
8604.923362822403
11980.706342191565
23333.636410318366
67748.38143889833
204972.53215502793
609063.1732034852
1.7873227288786806e6
5.241402863437027e6
7192.520832739267
6976.169190552382
6746.664833585084
6505.197456973498
6255.28051896029
6001.449988277051
5747.803865834269
5499.4842746318445
5260.3997308629205
5034.321713501948
4824.297555346201
4632.157322929551
4459.034256687993
4305.284419003047
4170.614809781992
4054.033442936322
3954.1758433705327
3869.524066145361
3798.341061514343
3738.9459471846467
3689.7283293483324
3649.1028840339022
3615.7156781444055
3588.3772884580612
3566.0425967625806
3547.8533805954776
3533.0756396881507
3521.9285704141494
3572.1881836541397
7389.960162890129
7552.397789488099
7631.322296121775
7664.656756846913
7674.39851759724
7668.336001978007
7658.002493434688
7642.698416140287
7625.615498905694
7607.097302540718
7589.107410411266
7576.222988619489
7566.101940721968
7562.395324840423
7567.726032094554
7585.0725744504
7615.069068136162
7648.338766571343
7681.330022041276
7719.67083130745
7769.117075000669
7832.995062880725
7935.320819301543
8628.755489766929
12078.30364957209
23565.63167428433
65978.52359897728
200345.48432860457
590732.5010218993
1.7442877970833106e6
5.241753946385306e6
7191.0282825156755
6974.78698576982
6745.36998395537
6503.911752565727
6254.109475038641
6000.353988842823
5746.810934985426
5498.599905836647
5259.624680298579
5033.657375386507
4823.732109266179
4631.682895936539
4458.639611071082
4304.956353337889
4170.345181336942
4053.8127027876753
3953.995066534052
3869.377051595263
3798.2217473911496
3738.8493434045477
3689.650907904159
3649.0409162765
3615.6661690384
3588.3379941071444
3566.0114066125007
3547.8287743462924
3533.0563009082507
3521.9134214311234
3572.1765815944545
7388.579618920314
7550.744485241674
7629.832047644166
7663.127863263387
7672.768903644953
7666.431447086242
7655.558408891925
7639.602759192586
7621.561290834876
7601.635423152855
7581.634043383781
7565.861089565349
7551.619848254673
7541.9358286020515
7538.628928089928
7544.525107533142
7563.470865298365
7593.800217740749
7629.374667337647
7663.276847242732
7703.620678960876
7755.363478945924
7821.982213343033
7928.442181763622
8653.812253664792
12171.384537367354
23033.61064991461
63862.47762777709
190179.35118078513
559699.9601719115
1.6786693138338868e6
5.242618728324847e6
7189.817425853522
6973.676858961389
6744.351686098618
6502.887997178794
6253.186590608821
5999.491163025171
5746.031019436373
5497.906707032997
5259.018752881116
5033.1399792337625
4823.292439851982
4631.31472048555
4458.3338466950845
4304.702395558139
4170.13650576366
4053.6418331890927
3953.855082571443
3869.2631496721688
3798.129264732708
3738.774408540463
3689.5907937216934
3648.9927336142064
3615.627605847948
3588.3073544777044
3565.9870656473004
3547.809564175811
3533.0412039807698
3521.901595489635
3572.1675236983438
7387.473307898179
7549.379184977799
7628.634564825699
7661.895761000268
7671.458907649412
7664.9363934444955
7653.613060508328
7637.19314419666
7618.426428222165
7597.455846357141
7575.974624632499
7558.074356000203
7540.858152623468
7526.916702919373
7517.427082051772
7514.461756954068
7521.662056564636
7540.62662772034
7573.107442004797
7609.42320960393
7645.135307998918
7687.576283245138
7741.770439003641
7811.3461170057135
7921.997702802409
8679.921419312042
12099.26956432132
22576.29034520217
60260.89241573773
173000.81636266183
519977.6358251201
1.6319557561906674e6
5.2439728675576635e6
7188.824944218837
6972.785703656433
6743.546045737752
6502.074173619846
6252.457912969536
5998.81217316338
5745.41915900628
5497.363467055546
5258.545246535589
5032.737480159627
4822.950838372193
4631.0290982866645
4458.096962878467
4304.505853070936
4169.974952861633
4053.509479355582
3953.7466450034362
3869.174887610182
3798.0576052877695
3738.71634044459
3689.5441591931294
3648.9552890271016
3615.5975723086312
3588.283458000785
3565.9680670877297
3547.794564708566
3533.0294184178483
3521.892363178098
3572.1604514732126
7386.585784853278
7548.255450906228
7627.655771667658
7660.916375982851
7670.383190732676
7663.765173978589
7652.042689101181
7635.303466726671
7615.985104991923
7594.232770890024
7571.658447310798
7552.166021469112
7532.765274248076
7515.741194077499
7501.831206010701
7492.510926062684
7490.600006564232
7497.496886385487
7518.34710676382
7551.346473448583
7589.3238413080835
7626.932990080915
7671.627753581402
7728.4947236140115
7801.087955249772
7917.051515142849
8604.589576547518
11797.222999567246
21403.456632556656
54652.383048026415
156370.1018383705
492535.3896893843
1.692801932160369e6
5.246869882398684e6
7187.998763522712
6972.076034850151
6742.900423253823
6501.430361998637
6251.881901160521
5998.277853398993
5744.940572254016
5496.93799752276
5258.175449070794
5032.424916491893
4822.685701758721
4630.80753362326
4457.913333691585
4304.353683835612
4169.8497154151755
4053.4067521541447
3953.6625284120073
3869.1064194264136
3798.002081111935
3738.671399956015
3689.5080176564115
3648.926207918864
3615.5741812970546
3588.2648115552665
3565.9532340261558
3547.782850135727
3533.020217844625
3521.885154931634
3572.1549288225515
7385.870510157919
7547.342223342031
7626.832278371486
7660.157891618293
7669.477155502951
7662.848772459618
7650.757933872566
7633.806409862769
7614.07210333146
7591.729198326701
7568.349460681704
7547.650047514638
7526.6234404702
7507.329255129209
7490.206817170729
7476.335141441864
7467.8717269151475
7465.386208959255
7473.888223944196
7494.935877991324
7529.390681344057
7569.102145133864
7608.761848252062
7655.929167259091
7715.50159307587
7792.422673919383
7929.381974730437
8580.03488631711
11520.245174622241
19905.38166018199
49414.66008780846
146912.4056633475
515923.115571811
1.7473669420230028e6
5.251266109780937e6
7187.30123111677
6971.5190689121855
6742.375533492872
6500.923674130712
6251.428085063321
5997.856753258108
5744.5683220370065
5496.60533615476
5257.886903339704
5032.182839599482
4822.480233192968
4630.635589163649
4457.770727474682
4304.235694583977
4169.752324748882
4053.3266855708516
3953.5970615245305
3869.053169463902
3797.959035305903
3738.636669862428
3689.480044362879
3648.9036371554366
3615.555959465786
3588.2502478042634
3565.9416468376703
3547.7736973054134
3533.013035142818
3521.8795259831113
3572.150615143364
7385.289820302187
7546.6146104369245
7626.1242784223505
7659.585733662752
7668.704949184665
7662.125136117778
7649.699238407584
7632.602922484588
7612.565249714759
7589.770687609499
7565.802231084704
7544.179206295856
7521.93027780016
7500.9416062539085
7481.445176098211
7464.260840052021
7451.091306019822
7441.83963547252
7440.7242190169
7449.094963624585
7471.294975949495
7507.262289016948
7548.8544077861825
7590.77176588473
7640.404725604985
7704.067868856418
7808.879692659152
7935.083651944158
8531.453686407458
11130.4865000839
18443.792546682882
46431.753072065556
152746.85144271606
539579.5300482896
1.784440603232284e6
5.259036876495043e6
7186.711513094283
6971.085947485632
6741.948006124044
6500.523721704401
6251.075379164029
5997.523647660646
5744.281246318391
5496.346418879348
5257.6620425988
5031.996113460386
4822.321408096802
4630.501987723239
4457.659559909065
4304.143890534617
4169.676138874596
4053.2637819895945
3953.54578371392
3869.0115514280305
3797.925601650345
3738.6098823346047
3689.4584264793975
3648.886131934585
3615.5417553918387
3588.2388529965783
3565.932586621064
3547.766541045713
3533.0074275582374
3521.8751289198
3572.1472443902812
7384.815663256242
7546.040502613552
7625.524216690668
7659.15037169101
7668.062558686787
7661.535278826845
7648.830962905212
7631.617317215392
7611.3725124882585
7588.228772722682
7563.834053166406
7541.500381602986
7518.325730769466
7496.059339912298
7474.785200812801
7455.149470235885
7438.545602465873
7424.422123795145
7416.357379309682
7414.834494009159
7424.045622986602
7447.44224162646
7485.064577558521
7528.725608402247
7572.848660571035
7626.379970329759
7722.560777327694
7817.575077332665
7937.853912314453
8462.851813605104
10740.140630348727
17550.50978591867
47663.67086959297
160761.01782990497
554199.1885213515
1.809782625532242e6
5.26569212852816e6
7186.221157730173
6970.743217783912
6741.60815431823
6500.20191154106
6250.8084647017695
5997.259589817005
5744.062031926399
5496.147018833884
5257.48725491438
5031.852926100393
4822.199154390502
4630.397941110308
4457.572285732105
4304.071993985871
4169.61590513217
4053.2136857258392
3953.5051727434375
3868.978727583257
3797.89953999676
3738.5892693210544
3689.4417526499838
3648.8725648372565
3615.5306680882713
3588.2299107370036
3565.925490686249
3547.7609394055535
3533.00304939346
3521.8716923249185
3572.1446086502383
7384.430001115328
7545.577313638462
7625.045236572407
7658.794301647511
7667.563345593998
7661.03067528139
7648.130211135668
7630.7974922836465
7610.421727485194
7587.010158200259
7562.30694766198
7539.426003707345
7515.546804161232
7492.309345856172
7469.691336892917
7448.217175010394
7429.065612753807
7411.380167724174
7398.302328484023
7389.614396873309
7388.669703874999
7398.752904613933
7423.4901278814505
7462.937558933794
7508.569353427032
7556.367110978395
7646.435178074543
7731.444669661536
7826.0933271490285
7936.924124612164
8392.124511626082
10497.000009146137
17719.107385768224
50083.05444277984
166348.3800510631
562451.7418667218
1.8271690847067016e6
5.279577696049663e6
7185.822245126493
6970.460682359164
6741.348900830819
6499.937520213399
6250.612040629651
5997.053138200696
5743.895766874316
5495.996733417858
5257.352281559639
5031.743980438705
4822.1057192759035
4630.31661149983
4457.5029628856055
4304.015019381153
4169.567454693125
4053.1729250538574
3953.472401724599
3868.952453331849
3797.8790856394817
3738.5734556026255
3689.428922913121
3648.862055091283
3615.521991393447
3588.222857460909
3565.919917915883
3547.75654640585
3532.9996307593765
3521.869004013888
3572.142545346339
7384.120224433203
7545.193451985866
7624.685645244732
7658.485921020676
7667.205732515561
7660.591425205307
7647.571623857427
7630.117683397418
7609.6533955922005
7586.048596867136
7561.116478503172
7537.814871508397
7513.399021221162
7489.417879739488
7465.77777177546
7442.910845303146
7421.843919039507
7401.513594570948
7384.764083352965
7370.8985305082
7362.584229284586
7362.237068618322
7373.339919414987
7399.574719911578
7440.709394298519
7489.8134322618325
7577.800449454757
7654.672126174924
7741.304846170706
7833.6901235958185
7932.538071846525
8347.805568586935
10530.175411099617
18367.188786764425
52026.4836106554
169695.88624308282
567465.4009366235
1.8417959241006873e6
5.294441614463792e6
7185.498415144509
6970.228303445812
6741.150785395148
6499.727083270005
6250.466009844934
5996.900611331088
5743.769888881583
5495.887557987127
5257.2498926125945
5031.661905906936
4822.035103944474
4630.252748995097
4457.446869306634
4303.968982202833
4169.527460349479
4053.13867221695
3953.4451949158356
3868.9309242610743
3797.862846819472
3738.561369321612
3689.4190785649353
3648.8539135950705
3615.5151695601135
3588.217247765315
3565.915521483431
3547.7530908291546
3532.99696091882
3521.8668979692175
3572.1409272407864
7383.866778593412
7544.895210060162
7624.400536347993
7658.248093724324
7666.951342658662
7660.238304442406
7647.119355182884
7629.57730777261
7609.019220291564
7585.29701850048
7560.185557429271
7536.5588515568215
7511.737711684291
7487.181142210889
7462.761047666146
7438.831134676112
7416.308872823558
7393.990874788273
7374.510404081606
7356.849556260021
7343.201212227252
7335.268645426
7335.67082629003
7347.940196519551
7375.505841611989
7419.866687498166
7512.567183211949
7585.058690966837
7664.965837401754
7751.4750874927095
7839.123716646343
7924.56447202781
8345.079618194011
10702.805550019584
18967.768097491855
53262.109187415655
171720.54619825128
571442.0996648889
1.8538908702738339e6
5.311832813430312e6
7185.231148935984
6970.058516880054
6740.980640343151
6499.583094427893
6250.348399297183
5996.801870495834
5743.67615860198
5495.811992660729
5257.175628407469
5031.600913277346
4821.982608475211
4630.20236301372
4457.400277845149
4303.930663091943
4169.493195502461
4053.108621630524
3953.4216707546893
3868.9126785732833
3797.849716533755
3738.5521723795437
3689.4115476165407
3648.8475981409156
3615.509762648383
3588.2127268438526
3565.9120275766118
3547.7503595475337
3532.9948753204535
3521.865244124392
3572.139654611581
7383.6408700589045
7544.702533120793
7624.134856209436
7658.120365323206
7666.753413663513
7660.011864929964
7646.7411733673
7629.188287236116
7608.488779915665
7584.718662567984
7559.461607497604
7535.573676520067
7510.455150874897
7485.446152288554
7460.429714787786
7435.684319419589
7412.046306089191
7388.221502938689
7366.684983821078
7346.202221749397
7328.639732438344
7315.207087139126
7307.812655316127
7309.103604821552
7322.35111777314
7352.815611295008
7444.009651344077
7518.65426395461
7595.343244199484
7676.536507882634
7759.988753582159
7839.926395093742
7917.444308398359
8373.536732890328
10886.988841729573
19394.959219439785
54033.20600026153
173202.6010139688
574794.1384486314
1.8648549758543142e6
5.329353074542735e6
7185.014495577716
6969.956269945102
6740.817388475171
6499.510998512917
6250.249409365562
5996.751046133036
5743.613495686433
5495.761694984883
5257.1270498628965
5031.556910440062
4821.944371300403
4630.162512369674
4457.360307710195
4303.8973595233265
4169.462421361799
4053.0808397795618
3953.4002527385155
3868.8965100599225
3797.8388053361186
3738.5452063522807
3689.405799022901
3648.842678182842
3615.505418465449
3588.2090089738695
3565.909218487728
3547.7481845386446
3532.9932454832197
3521.8639403569214
3572.1386491472404
7383.436439070463
7544.572667029766
7623.904723052754
7658.068372962447
7666.618905754267
7659.9211839039135
7646.440236216473
7628.952172963978
7608.060504351035
7584.279134153424
7558.914108676359
7534.793654915453
7509.470714356074
7484.098331673149
7458.624115307472
7433.251510924407
7408.750474487204
7383.776413070087
7360.67800411621
7338.0745547064125
7317.600417655266
7300.126940768754
7287.070894910654
7280.349593647943
7282.324096295546
7298.121741045661
7378.315700881851
7449.474103020116
7528.556227578844
7607.777203805604
7686.727740358403
7762.907838368626
7834.5937502146335
7912.7524740198905
8400.030087477182
11008.903418289274
19655.52596526964
54570.07597499606
174395.40801015534
577974.0954244402
1.8745963800331096e6
5.363843409254409e6
7184.850568571923
6969.89201283766
6740.680318095029
6499.485085774628
6250.18317725921
5996.731209902846
5743.587146420125
5495.728764242558
5257.102108204173
5031.527921979614
4821.917153402582
4630.13106039174
4457.324767012529
4303.866797236642
4169.43321723613
4053.0536973854305
3953.3795885013724
3868.8814041659853
3797.8293915247314
3738.5399453598056
3689.4014061466714
3648.838804869566
3615.5018503272913
3588.2058601463496
3565.906919317242
3547.746432766099
3532.9919710976365
3521.8629062249383
3572.137849192073
7383.286821310062
7544.406767945628
7623.780535274963
7657.989027478498
7666.60084265853
7659.923756479377
7646.263456759923
7628.8471915461905
7607.762317893306
7583.945525594144
7558.528160167413
7534.170632278137
7508.722454986462
7483.053320461682
7457.222737754302
7431.3681199822695
7406.192724654198
7380.337927683381
7356.045275239538
7331.836652169958
7309.174715975563
7288.693802106706
7271.47418732602
7258.928085105164
7252.661785548509
7256.873689775219
7324.761235629439
7384.110540057158
7458.39955981764
7541.3741378112245
7619.172387343424
7691.122478811258
7758.291584899761
7827.41436826383
7908.4626415918565
8415.903151144586
11082.617944762642
19827.778449191872
54986.88177651264
175485.1884488663
580947.3732396103
1.8881646570939985e6
5.370769874009495e6
7184.727037881743
6969.833595614631
6740.604987918145
6499.469213151189
6250.171108121108
5996.726704042804
5743.59957566326
5495.710656634092
5257.097011457117
5031.514405959115
4821.898493507564
4630.106248278266
4457.292156267071
4303.836996131457
4169.40389385339
4053.025801016466
3953.358500294861
3868.8664954148853
3797.820877433157
3738.535958261412
3689.3980139075566
3648.8356861170123
3615.498818059843
3588.203084364166
3565.9049874382345
3547.7449983221795
3532.9909738772476
3521.8620780730234
3572.137206025114
7383.185995139465
7544.202416809155
7623.7221704869935
7657.859591383671
7666.684576288283
7659.980975168037
7646.248831813862
7628.84869452239
7607.6263071171
7583.697778893176
7558.291592472656
7533.676295721571
7508.159932847873
7482.251124673965
7456.133080158028
7429.909719350288
7404.200773737233
7377.6676075104615
7352.457262466123
7327.028562291265
7302.711894498252
7279.971785757769
7259.651971771497
7242.820165514848
7230.556068258782
7226.264422805114
7284.4014304569
7331.161082064338
7391.360593677294
7471.179842408646
7553.495160011509
7624.838469590834
7687.461385348853
7751.233971887044
7821.258746561921
7905.414075865453
8425.347458193683
11131.232154460642
19954.013926258667
55355.17229936857
176492.59284821272
585031.2621334047
1.89374724727461e6
5.3779146118218945e6
7184.633895240327
6969.792398894531
6740.582407973379
6499.471474775828
6250.203777438234
5996.745236715494
5743.63965664605
5495.713714157371
5257.1062928605315
5031.51825357712
4821.8873218624185
4630.0863678107125
4457.261494676521
4303.806291995136
4169.372895198298
4052.995947814674
3953.3359674730627
3868.851033395382
3797.8127571933237
3738.5328726426615
3689.3953103579397
3648.833062859874
3615.496111925422
3588.2005128215114
3565.9033041198445
3547.743796430025
3532.9901927742403
3521.861405181914
3572.1366810094605
7383.065279892699
7544.062202883522
7623.589542557372
7657.7502133314965
7666.752530833876
7660.1032524518905
7646.355906993797
7628.964995731565
7607.647898962156
7583.544047160056
7558.181014410756
7533.303290625706
7507.740177695132
7481.6504869171995
7455.286163765185
7428.781796427908
7402.644803421022
7375.584843202397
7349.666217559507
7323.308405549749
7297.735598134302
7273.288772909297
7250.640155309514
7230.6176940787545
7213.9382194116115
7203.4294171995525
7254.479112955573
7291.442258822296
7336.39219751881
7403.679272094755
7483.67322004537
7560.122877381339
7622.259948414175
7680.856864542808
7744.960906829177
7817.365326400781
7903.479216801339
8432.705100309377
11169.589295793538
20064.138077097152
55695.314376242975
177756.8204213138
587168.2312321977
1.897993391131132e6
5.417553461546932e6
7184.59846227587
6969.7887773234725
6740.576819580856
6499.531159419266
6250.2485721720395
5996.808987858183
5743.69054760514
5495.7462242662405
5257.127933629172
5031.540025211006
4821.884911369723
4630.06955010546
4457.23206709266
4303.773391714472
4169.338745048079
4052.9630923909626
3953.3111231927205
3868.8343702376415
3797.8045853264166
3738.530342519818
3689.3929973737704
3648.830686548218
3615.493538354189
3588.1979954729904
3565.9017679985145
3547.7427590148254
3532.989580227476
3521.860846810905
3572.136243422926
7382.981284397635
7543.9484401959
7623.4180159296175
7657.631541035888
7666.716500303507
7660.291342011074
7646.477779090914
7629.221305269459
7607.776210102307
7583.512600148099
7558.161618046319
7533.056852632079
7507.429770687777
7481.221655836408
7454.633865517184
7427.912229984216
7401.427713779585
7373.952470691814
7347.4841239258185
7320.418868415359
7293.8909749390095
7268.151670018115
7243.744592955418
7221.327235107213
7201.360656495528
7186.251580824079
7232.184397010744
7262.157821167015
7294.401538607904
7347.90030465265
7416.2374272164025
7490.927061106107
7558.651081665114
7616.341203019229
7674.692429784582
7740.987884557578
7815.123685251156
7902.782321447454
8439.42032839226
11202.758757565862
20162.463677572097
56089.65113289288
178568.44455358793
588735.8153482686
1.9107027424358616e6
5.403433508370874e6
7184.612125063551
6969.821005671952
6740.6036508062125
6499.63355739786
6250.316577996297
5996.908528985702
5743.757634373276
5495.804433840949
5257.169985188015
5031.577510033785
4821.8943994547735
4630.054378855695
4457.202891234245
4303.737431480856
4169.3000732293
4052.926294789726
3953.283277255219
3868.8159602317673
3797.7959502060803
3738.528011039386
3689.390761323639
3648.8282966092747
3615.4909068176057
3588.1953950066636
3565.900290292282
3547.741831579542
3532.989099221544
3521.8603699632813
3572.135868848389
7383.046798002807
7543.807163221934
7623.3108777122625
7657.4648192367495
7666.559406445899
7660.471348078336
7646.537227759118
7629.571235527796
7607.962195119496
7583.603035203527
7558.208430444501
7532.9332581022245
7507.212151023033
7480.937972495929
7454.147199523347
7427.2461673376
7400.477865935329
7372.666984335014
7345.767634557303
7318.164689470555
7290.910414322786
7264.192522232974
7238.455022005672
7214.231721526416
7191.799073018602
7173.245733528423
7215.440801175835
7240.493995897974
7262.650318411199
7304.772757914254
7360.226337840348
7423.797485591026
7490.390239474707
7553.58764951464
7610.506658518034
7670.793081644708
7738.69898401161
7814.308026363923
7903.264077332434
8446.677375853515
11234.428663439463
20269.39819030759
56379.04626485508
179157.17949161495
592511.8274820694
1.9086538590612574e6
5.445841519230642e6
7184.62151581851
6969.902528150578
6740.689961482554
6499.736571347284
6250.452713205523
5997.009200422038
5743.866932512208
5495.878562170352
5257.246388642675
5031.630060865793
4821.917674552615
4630.04100980293
4457.172214297162
4303.697840083493
4169.255730916347
4052.8846859747
3953.2519353563775
3868.7953821506317
3797.786440310797
3738.52546796102
3689.388242069459
3648.8255978694124
3615.488018206731
3588.1925836013543
3565.898791671493
3547.7409713556854
3532.9887208974933
3521.859947805341
3572.135538054261
7383.125214361576
7543.823676143892
7623.208110591818
7657.340627937183
7666.328246403495
7660.5145761224285
7646.544745674217
7629.854003569786
7608.197547602913
7583.740397164794
7558.32327684288
7532.899176449844
7507.08983511813
7480.770504296466
7453.812136476503
7426.74359697102
7399.7429615383435
7371.652011122645
7344.407520416378
7316.397258669059
7288.59047177683
7261.13343249378
7234.390161122195
7208.803026704751
7184.512212630661
7163.358692821427
7202.79123364061
7224.374668978958
7238.406676077589
7271.607121031583
7316.587960171078
7367.827682498992
7423.971339288039
7486.144311877681
7548.272105994784
7606.88322214747
7668.570370459282
7737.900578454718
7814.792144265275
7904.569345801034
8454.102776320851
11266.830127642814
20355.40966785048
56587.708463732575
180240.53933364825
592526.9382392984
1.9205368416341145e6
5.422642727471618e6
7184.700473237614
6970.0087588751685
6740.822498145487
6499.874922754012
6250.638908527088
5997.129730678479
5744.0176071431415
5495.984366810691
5257.360503268163
5031.7057496977195
4821.951631258406
4630.031056025844
4457.137753629084
4303.6537961490685
4169.205006725591
4052.8374882338885
3953.216806919876
3868.7723619900735
3797.775605857598
3738.5221964225266
3689.3850000545954
3648.822240782086
3615.484656269363
3588.189442595213
3565.8972014317415
3547.7401465876246
3532.9884224854704
3521.8595587820555
3572.1352362757134
7383.200990592908
7543.93600112365
7623.220096592426
7657.252835145237
7666.1556908949415
7660.38005257775
7646.513293465546
7629.924122804645
7608.457705621693
7583.811343362544
7558.502557791298
7532.899869872425
7507.06584214865
7480.691754466845
7453.6193076838
7426.379599315102
7399.184370260491
7370.853791153348
7343.3214552055615
7315.0036862661245
7286.7761216518065
7258.762770181112
7231.261833818632
7204.646008037592
7178.953006797551
7155.826862140789
7193.202431933724
7212.342666876002
7220.615112441782
7245.733287386903
7282.677287475608
7324.018407372596
7368.579626794387
7420.441440478351
7481.34135391911
7545.141811468302
7604.904437194477
7667.882456476718
7738.500155732246
7816.162902031905
7906.49031233569
8462.930855865934
11300.10632133011
20429.78708578331
56913.3545504378
180454.1204488135
595802.8217879034
1.9147728579020668e6
5.423802678109485e6
7184.84434557569
6970.133291957548
6741.005705186785
6500.094475537985
6250.840732445564
5997.319594195317
5744.192236056542
5496.157870945013
5257.506634462625
5031.814924367925
4821.990426456412
4630.0241222683435
4457.098109875629
4303.603607899004
4169.1477451596265
4052.784207323288
3953.177762891918
3868.7467726630866
3797.762910932087
3738.5175070052755
3689.380485230641
3648.817811021293
3615.480584223681
3588.185866630818
3565.8954595203004
3547.7393368007797
3532.9881853598517
3521.8591865250937
3572.134952813415
7383.333226120838
7544.050618742863
7623.311050456731
7657.306890421956
7666.0288951346165
7660.241537617108
7646.405469906835
7629.797412713276
7608.639615035124
7583.763134778034
7558.6726612464245
7532.8973810994685
7507.106879095403
7480.685795001149
7453.549319148592
7426.14436049484
7398.772722827792
7370.237140415732
7342.449423818978
7313.898930199385
7285.349708339307
7256.918796925191
7228.850486670321
7201.461825367264
7174.711500578333
7150.085778457642
7185.92468381424
7203.3620571388965
7208.5587333525755
7225.655975972543
7255.864906834662
7289.764067699894
7325.24597645531
7365.76999971025
7416.040614897651
7478.768682285813
7543.628231725068
7604.482970959161
7668.6785078130415
7740.050258233605
7818.202000791027
7908.983881921752
8469.596205076352
11320.548400142532
20508.222048224252
57023.6764653282
181327.33366747838
594650.5611111826
1.9135626227618793e6
5.4171996633617105e6
7184.984663962965
6970.341533923162
6741.266502681217
6500.3740034016655
6251.0984089995045
5997.563977690945
5744.426985690803
5496.401958326986
5257.695266444527
5031.949695747653
4822.032803442133
4630.013977438073
4457.053934036589
4303.545067913734
4169.084102042231
4052.724996965646
3953.1347674018834
3868.7185454228957
3797.7476724939097
3738.51047081657
3689.3740179424085
3648.8118375155236
3615.475553197429
3588.1817730193134
3565.8935221691663
3547.7385337916276
3532.9879931023233
3521.8588207428274
3572.1346808067583
7383.462541970781
7544.217995129628
7623.402432853421
7657.441988533015
7666.0372297612175
7660.15013285424
7646.312390700921
7629.588959743032
7608.650264333948
7583.635018099575
7558.698765881597
7532.885139962954
7507.128091735811
7480.745325458406
7453.564614500771
7426.036500300873
7398.48647089699
7369.780417659841
7341.751116958856
7313.020036532367
7284.223145074714
7255.478103389759
7226.988184432601
7199.022807293732
7171.477312186894
7145.711855053544
7180.403486413563
7196.679739470584
7200.293460843046
7210.360672144276
7234.442390784535
7262.464802323197
7291.353362674272
7323.19197093498
7361.748305062489
7413.937009931684
7477.826855015821
7543.711812894509
7605.615663578387
7670.484269725797
7742.327509937084
7820.87774957538
7911.624548732567
8475.613024312792
11343.023570744548
20545.80370956559
57248.537945754135
181161.9124066721
594166.7115922793
1.9100484158577712e6
5.404158214100257e6
7185.212888467055
6970.642824663358
6741.592959289316
6500.713305885207
6251.414264741367
5997.864386035771
5744.759742206448
5496.701848936589
5257.9370908071
5032.087479305737
4822.0785270996785
4629.993394218859
4457.006093214255
4303.477603468121
4169.013976935523
4052.6609520306956
3953.0878472160366
3868.6874239459394
3797.7289873195577
3738.4998901196213
3689.364799487411
3648.803836575389
3615.469329387076
3588.17711642451
3565.89137163568
3547.7377426413923
3532.9878298103113
3521.8584592112093
3572.1344170247603
7383.694166811265
7544.3596190146945
7623.601240222806
7657.509151522405
7666.186148415887
7660.125245845203
7646.300401783179
7629.453030819994
7608.530849974269
7583.492790128198
7558.511852699771
7532.842766342226
7507.038834614854
7480.838199994952
7453.61944185558
7426.044493681551
7398.313861985296
7369.468627838412
7341.204311797292
7312.3220092790225
7283.332166640796
7254.347540052149
7225.5463848197705
7197.1549410065245
7169.0138021774455
7142.383982435383
7176.222445436123
7191.737756696391
7194.384604829475
7198.440047586536
7217.241308045008
7240.327112154916
7264.28182152169
7290.0571353262485
7319.5729019775745
7360.086207675791
7413.492318612282
7478.5568222303
7545.43116835022
7607.809707489763
7673.072568731051
7745.33055703194
7823.718154571411
7914.402908450095
8483.234817100014
11366.47010097056
20614.098841406034
57247.899386466466
181007.45759812082
593193.3440724917
1.9037770015234328e6
5.396027365382686e6
7185.523150747857
6970.990879307373
6741.971347336069
6501.095506420652
6251.77940577691
5998.269944576905
5745.173193646515
5497.069054977539
5258.202460527491
5032.220525411294
4822.117369653167
4629.965704312343
4456.95317185871
4303.404090110408
4168.937149848878
4052.593759348285
3953.037136615543
3868.652581507392
3797.7056594505902
3738.484378369446
3689.351994007774
3648.7934055345895
3615.4617457682007
3588.1719068300035
3565.8890286097303
3547.736981479591
3532.9876796811122
3521.858110691055
3572.1340544661207
7383.985245534753
7544.586439270501
7623.79521765318
7657.680788815886
7666.2805261815265
7660.197995726697
7646.351533858022
7629.446995350881
7608.460423602429
7583.3867686392605
7558.209440983075
7532.71030838005
7506.813665269447
7480.8720332835655
7453.677911535333
7426.124256597388
7398.252456224261
7369.286722402428
7340.801647534972
7311.775506496189
7282.631577329428
7253.458656614669
7224.427158249632
7195.725203157874
7167.140043822264
7139.856997255557
7173.065554190825
7188.115851085696
7190.251319273808
7188.861775971807
7203.121771455789
7222.117941256647
7242.182285254388
7263.709934889281
7286.846023162667
7318.36239005748
7360.106111123994
7414.777624623539
7481.031789065624
7548.272012417695
7610.8358424384305
7676.468259007526
7748.516092094296
7826.7726747011575
7916.9724532828395
8485.358581178101
11372.474875624615
20607.304456758007
57173.06330409286
180699.8448653209
591499.4541631377
1.897859395598948e6
5.377219467592052e6
7185.850826958847
6971.366742796527
6742.390571237219
6501.521617273054
6252.253968362001
5998.780707548904
5745.671934684431
5497.486030901908
5258.462454104621
5032.35022050043
4822.145580660604
4629.942804910521
4456.895655809692
4303.328301823481
4168.854908670274
4052.5244882160923
3952.9827617700894
3868.6123316284165
3797.676185800139
3738.4626606151396
3689.3349309047944
3648.780363408712
3615.452774082277
3588.1662222488485
3565.8865620212628
3547.736277919739
3532.987530176334
3521.8573101746024
7384.2705206111
7544.847945949912
7624.053350750191
7657.903455929765
7666.442964826932
7660.254115255298
7646.424496226289
7629.531351407129
7608.524976424825
7583.40698516485
7557.977776726511
7532.472701391744
7506.502868950767
7480.726127086077
7453.70804197498
7426.197547258268
7398.294784811502
7369.217512801524
7340.542802165074
7311.366028981405
7282.091051321956
7252.763695627582
7223.556951998279
7194.632324208583
7165.717779614097
7137.943121018483
7170.691615496533
7185.493882747442
7187.45835694095
7182.076787617434
7191.2663091578015
7206.819641044304
7223.796517635141
7242.219348816299
7260.887399463072
7286.081743941886
7318.8636270829475
7361.90073367691
7417.90399923358
7484.700496678922
7551.997557628876
7614.739550818117
7680.058314865588
7751.954960181764
7829.646349271661
7919.266633422865
8490.26574756709
11386.303882983353
20611.586727161663
57086.04812779315
180215.04211450124
590132.806683321
1.8878337576047715e6
5.361846227432419e6
7186.202938277702
6971.8034989468615
6742.88052510922
6502.070161928129
6252.854356595745
5999.405478217167
5746.2505326387745
5497.914732758762
5258.722706145109
5032.4774325226435
4822.186435776208
4629.93144000684
4456.840288470192
4303.250326376111
4168.77072293986
4052.452561110351
3952.924054816982
3868.5643619524126
3797.639025505856
3738.434155082792
3689.3134502536577
3648.764891987971
3615.4425821746318
3588.1601984967065
3565.884084314106
3547.735659994335
3532.9873008530485
7384.601627859904
7545.0985168600755
7624.3205693695145
7658.2157913001365
7666.658226654682
7660.416352318901
7646.416260111174
7629.641560081031
7608.642459877312
7583.597423029838
7557.9592222633655
7532.244963014113
7506.185441922096
7480.358839668062
7453.650265416116
7426.186179750364
7398.3988319835935
7369.2451941241015
7340.421707006648
7311.092952877432
7281.691365385427
7252.232342689619
7222.882243288947
7193.799933139957
7164.641969302082
7136.498469882828
7168.915200927904
7183.626030208029
7185.670799228408
7178.9216766038135
7181.6798508567335
7193.715328709932
7208.177222237156
7224.263157309206
7239.755339301202
7260.5218597737785
7287.068756769542
7321.181149827038
7365.618973826349
7422.2815608367355
7489.321891189345
7556.683115691009
7618.848721645749
7683.95705371208
7755.223144015866
7832.2769906480835
7921.140632664723
8488.308175571588
11372.483070817001
20572.38472479256
56918.77057385816
179803.3869091597
588541.2765318721
1.8776722538602669e6
5.3538539402729245e6
7186.655067272019
6972.356614921644
6743.505946306752
6502.752021924778
6253.589298492304
6000.142613742332
5746.867666083254
5498.350543085167
5258.991306891889
5032.62828081917
4822.2604314449945
4629.932149155288
4456.788654698686
4303.168275508003
4168.686482284978
4052.3761023754087
3952.8584085287894
3868.506867478215
3797.5935419841007
3738.399701702666
3689.2882732811413
3648.747548197409
3615.4314954827887
3588.15397040887
3565.8817154360477
3547.7350361684566
7385.0657262886725
7545.417650561715
7624.573349116112
7658.524544021266
7666.98694415005
7660.652600634971
7646.5063601219335
7629.646341748164
7608.731955650676
7583.839193607374
7558.164728690931
7532.20053350668
7505.951403466719
7479.877804264817
7453.427655749884
7426.053020456944
7398.472115841708
7369.354187234099
7340.415589180158
7310.963906074759
7281.4220615851955
7251.847784500416
7222.366906823834
7193.171244922468
7163.833828140265
7135.413250513404
7167.594570512996
7182.323488261129
7184.627586213821
7178.033381431387
7174.626772069963
7182.593059998911
7194.671185601723
7208.941090620678
7222.128330757217
7239.7304952683435
7261.9641822827725
7289.912116368485
7325.504095341949
7370.620367641775
7427.657338678057
7494.996514516977
7561.568711462769
7623.310395805859
7687.683462602055
7758.271723061142
7834.528793850353
7922.453319698346
8486.604717231905
11363.740222930777
20532.67945363611
56778.08110363222
179503.53976003145
588985.6480096424
1.8773926194334773e6
5.347871348558689e6
7187.252279875414
6973.03751934172
6744.244628491801
6503.567920040747
6254.457922529842
6000.941428832695
5747.494947102139
5498.791086237354
5259.289443134741
5032.824993622714
4822.356412874527
4629.9343560666475
4456.729157050925
4303.081938526573
4168.598760951909
4052.2923386418825
3952.7822451026577
3868.4404761900378
3797.541683234418
3738.3619066748633
3689.260973434263
3648.728952775469
3615.4197586683003
3588.1475543776296
3565.8794242502345
7385.672711905863
7545.881144990777
7624.8960059127685
7658.804529708952
7667.331276560883
7660.995714649197
7646.7342329978765
7629.685073738941
7608.729574656844
7583.976992345353
7558.464689303835
7532.3849670334275
7505.911883320255
7479.4772723932
7453.040063606034
7425.806123704867
7398.409623934002
7369.510494273066
7340.486632919683
7310.9800541659115
7281.280880197971
7251.601307054583
7221.990280027574
7192.705241298587
7163.235318994752
7134.604545015811
7166.622498629721
7181.441803290269
7184.1251591770315
7177.933266283369
7169.326398833689
7173.4311529725255
7182.984886406949
7195.651950526282
7207.1083200031335
7222.404737113418
7241.5574217718995
7265.30583617734
7294.847783589051
7331.147662903683
7376.638288591954
7434.169845509548
7500.868355731873
7566.824195332913
7627.590606992731
7691.208671613263
7760.953053681652
7836.237037221355
7923.440242618913
8483.142456960239
11348.942603641168
20492.754368295464
56718.75945175739
180142.32933103538
602610.2424172356
1.8472482470632817e6
5.347871348558689e6
7187.9499992414085
6973.796469107904
6745.105121504779
6504.5283750795115
6255.404349742691
6001.744182210383
5748.108788409179
5499.250988308426
5259.631874415248
5033.039726649889
4822.437560080184
4629.9126791540675
4456.653429442423
4302.989410512063
4168.501702712437
4052.197815124584
3952.696124542441
3868.3702116959657
3797.488904734507
3738.3241485495546
3689.2329286229533
3648.7090751598907
3615.407119975006
3588.140659195673
7386.351526005985
7546.4741949436775
7625.356774477854
7659.1427178047215
7667.653072588903
7661.352633766417
7647.110680990095
7629.856830890946
7608.772169114949
7583.958945618799
7558.6902373259745
7532.670942384613
7506.11419904691
7479.320570636805
7452.634524701217
7425.485711912304
7398.173535682564
7369.640766353105
7340.596348963725
7311.1162513987565
7281.271934196637
7251.486116109196
7221.744469497434
7192.373972356735
7162.804769392734
7134.0106241597605
7165.918181923279
7180.872764107192
7184.006701973289
7178.385499407852
7166.966561230449
7165.735671144381
7172.979271830704
7184.06964156639
7194.1163542305785
7207.661429536783
7224.517099054401
7245.349807500693
7270.834569963881
7301.149181910238
7337.821178321648
7383.870426230047
7440.877262120517
7507.133647049735
7571.863042853245
7631.679014076916
7694.374354595312
7763.0645959507565
7837.6901285430795
7923.889956967831
8478.292381163285
11332.180558214877
20479.854125606515
57034.67927916852
187176.04828884898
626037.6419389152
1.931995363649061e6
5.353853940262754e6
7188.700441370012
6974.670941684889
6746.118870521084
6505.578087790736
6256.34701627152
6002.513503074895
5748.727892680288
5499.745895353741
5259.976911287493
5033.21261274582
4822.467388776309
4629.8590318813785
4456.56515436921
4302.886036055958
4168.391988404568
4052.0943892003115
3952.609742935583
3868.3051922146788
3797.441164326502
3738.2876984372333
3689.203385479166
3648.686590568336
3615.392577305225
7387.076262817005
7547.126556406365
7625.945239348932
7659.609210373026
7668.022352371585
7661.694883693654
7647.50227163426
7630.218262117976
7608.936909827813
7583.981175739351
7558.744559763991
7532.912522818768
7506.444787903787
7479.46101653656
7452.422930207735
7425.183308655112
7397.837098763959
7369.657336400898
7340.71386522486
7311.314317645983
7281.3954369797875
7251.4933216070785
7221.628635258023
7192.161056934421
7162.512831631154
7133.58657246705
7165.421699531828
7180.537267496719
7184.154960239251
7179.208337721005
7167.643637543588
7160.0106441664
7164.297639238633
7174.017856078736
7182.798521875662
7194.956198114263
7209.998771208498
7228.712253832506
7251.431015975398
7277.784472988365
7308.497184571917
7345.77693392961
7391.288445445501
7448.014250154687
7513.122419512008
7576.670517830291
7635.400274937932
7696.945349322106
7764.948525382387
7838.595801521291
7924.4107282397645
8474.012205390303
11326.05724783375
20582.07689681377
59964.47040637932
208536.93387106276
714310.4851610347
1.9059752732465405e6
5.361846227439343e6
7189.567752675629
6975.703910104172
6747.226195012253
6506.618691879887
6257.245097238973
6003.280269206229
5749.372887442051
5500.224822941363
5260.252189817409
5033.310064081741
4822.455132910993
4629.792280964273
4456.467548008269
4302.770221543395
4168.27654916534
4051.99743891229
3952.537477080392
3868.2517227961307
3797.39795675789
3738.249039397968
3689.168947130893
3648.6594356280084
7387.919144075251
7547.829619249337
7626.603560988801
7660.202250802911
7668.506424920468
7662.085295151301
7647.865245440103
7630.636982593553
7609.267076746581
7584.163994223147
7558.773279522939
7533.041890989476
7506.728151145285
7479.80475884657
7452.511579712034
7425.045601965752
7397.54585199446
7369.540278650861
7340.807840299745
7311.506547427985
7281.627153143278
7251.612006165665
7221.6395745955615
7192.060350785465
7162.339082933668
7133.300302736086
7165.089107529157
7180.380255395474
7184.489533074911
7180.267265977
7169.240308642192
7156.613999521136
7157.0822135666185
7165.2244104674655
7172.927312397535
7183.995220485642
7197.510399683184
7214.565662753961
7235.302674179356
7259.000042902434
7285.80136173868
7317.202171206024
7353.9088004901305
7399.171404391671
7454.844174405627
7518.811438408271
7581.067189015152
7638.487521017307
7699.326782685214
7766.251477198071
7839.6633882404385
7925.106301677106
8472.237491390439
11360.172914451927
21469.600593501018
71648.21933122755
268864.185547564
704872.8921893612
1.9067014308721684e6
5.377219467597242e6
7190.588814801386
6976.825319969158
6748.3203869883
6507.611424710891
6258.13546398126
6004.058794988592
5749.977799407134
5500.607911353776
5260.435994690508
5033.364693226852
4822.43497817065
4629.720520782708
4456.360979854453
4302.655619276289
4168.1783359359315
4051.9243568965494
3952.4819802259744
3868.2032870544344
3797.350878953195
3738.2029159152416
3689.127158899584
7388.901171762356
7548.64535214453
7627.323000717097
7660.874809295994
7669.113131642843
7662.588703049467
7648.264605633481
7631.0396269977155
7609.663664954274
7584.512701175578
7558.935886473688
7533.142375314704
7506.891495840735
7480.158410044791
7452.82645272509
7425.171954763133
7397.440356840845
7369.389512595646
7340.851262373668
7311.655633682396
7281.9051885635
7251.829214034756
7221.762417871668
7192.072209508674
7162.269887021275
7133.1289655697055
7164.8868675206395
7180.36225365679
7184.958769271994
7181.473859693428
7171.087465978445
7156.47746421694
7151.404470534195
7157.659169444831
7164.302780968926
7174.603330229909
7186.826434765948
7202.463630994957
7221.644036482181
7243.455589007537
7267.65478920384
7295.260826460686
7326.07958717429
7362.552061655478
7406.7372625045555
7461.354760269769
7523.997356049503
7584.733065539383
7641.409827890873
7701.077508464321
7767.7625915209865
7840.9506127558725
7926.843591004862
8484.344948464235
11660.149368408996
25853.73757163737
105772.12047758976
276625.93614524684
704487.9048783854
1.9126016564300384e6
5.396027365389958e6
7191.686898032872
6977.931504609603
6749.368194804141
6508.588528683482
6259.014476499993
6004.76596066682
5750.460912176662
5500.886107471717
5260.5740876466825
5033.408868189769
4822.40605195408
4629.6402143620935
4456.263859806183
4302.569272541597
4168.110419897856
4051.8673507025924
3952.4272899413454
3868.148178949278
3797.296399369611
3738.150785583817
7389.947568621217
7549.581121186842
7628.144104954021
7661.617699851211
7669.805289489151
7663.21535953723
7648.776844789249
7631.467504233678
7610.075677382756
7584.9065217500665
7559.284675767012
7533.313655245982
7507.032305741987
7480.374173347976
7453.189445594105
7425.493184148833
7397.5816694124715
7369.358362779987
7340.860747004932
7311.771482412237
7282.152888813892
7252.12165862353
7221.969787893412
7192.194029526664
7162.298079984291
7133.055828363569
7164.78894650587
7180.4501716897375
7185.529670038888
7182.78104087285
7173.084733180835
7158.564503463623
7147.630229029224
7151.222386515077
7156.846755521403
7166.600615061805
7177.86110914705
7192.208798908119
7210.049805720649
7230.370616935636
7252.721450311363
7277.85176730731
7304.889911928934
7335.510601770963
7370.865623767885
7414.000061398059
7467.317537222848
7528.311825740856
7588.195525378409
7643.644219902355
7703.093131915193
7769.527728475337
7843.424960592145
7931.023996512885
8590.169462413543
13477.22416013867
40023.792276376116
118355.14262400313
279079.79793037835
707423.2776743205
1.9197555221536027e6
5.404158214116798e6
7192.771010736097
6978.995792037248
6750.39056410696
6509.527486166611
6259.791268183808
6005.329533048573
5750.825823104852
5501.105896370914
5260.6825528070185
5033.425832617349
4822.359881668004
4629.571590314957
4456.19802970164
4302.509229669403
4168.049941210837
4051.8050419625197
3952.366893703892
3868.0916839007277
3797.2417992313613
7390.983754550668
7550.572818444246
7629.068812189529
7662.457139839015
7670.57373881784
7663.931176910424
7649.417341700942
7631.996627029896
7610.532085921004
7585.308613766208
7559.7098062487785
7533.625528097876
7507.24924297493
7480.505160002483
7453.4472014642215
7425.8236319381085
7397.889336423708
7369.521099712696
7340.911251331313
7311.891881252674
7282.334227388581
7252.444019796718
7222.232706593906
7192.4070121646755
7162.422302209696
7133.06840519058
7164.776111260495
7180.612114709849
7186.173443721014
7184.165955984605
7175.192098441996
7160.8661378922725
7147.291724803809
7145.930654880574
7150.355180276956
7159.747006019527
7170.474017405222
7183.733825017112
7200.385312369316
7219.385535200193
7240.238925902685
7263.641382756868
7288.228743577825
7315.122289713645
7344.608314004684
7378.8990282990635
7420.716066404197
7472.317841359274
7532.345159427691
7590.862482928374
7646.182490105386
7705.399740341195
7772.634576441402
7848.596906491765
7945.2300045424145
9366.49297413517
18926.76147051088
53870.08927352021
123266.09487396349
281290.78696794354
710630.0651832364
1.9235513889194864e6
5.412669046248316e6
7193.818734677732
6980.025295760501
6751.351376816511
6510.341563742608
6260.41126758327
6005.763760690572
5751.113349753943
5501.267270044944
5260.738160998781
5033.410818266767
4822.31878265669
4629.524404007048
4456.143340197539
4302.444650502876
4167.983878118334
4051.7468677974402
3952.3160670059433
3868.039223172156
7391.988404595841
7551.56009752165
7630.04903055518
7663.391318671882
7671.436243124968
7664.726754675037
7650.153697506503
7632.649828535904
7611.090556497836
7585.7637202093365
7560.1471088420485
7534.039682630515
7507.581071396087
7480.707194780982
7453.597975079403
7426.04340419061
7398.173642398648
7369.809405735947
7341.062079495398
7312.053699745814
7282.484470302079
7252.739370215762
7222.532059835573
7192.670837607097
7162.641009089998
7133.15803881963
7164.837391879361
7180.818751272796
7186.851129367637
7185.60293944389
7177.401874288966
7163.357074469416
7149.188969418576
7142.431093896993
7144.64190287917
7153.722385028981
7164.420664776893
7176.957649897931
7192.642838810713
7210.419669361943
7229.894948687687
7251.890448496298
7274.759122505142
7299.268281729765
7325.029733753221
7353.446984455668
7386.3956978024235
7426.439597710557
7477.029914739464
7535.413786932975
7593.834729757934
7649.035428349487
7709.227498142799
7778.882596816547
7860.112362729366
8041.641388589302
10674.781569580082
24630.432354898614
59343.337137009614
125975.69856957704
283300.96177166625
712706.1924203234
1.927074544275335e6
5.429015788746001e6
7194.823906581122
6980.976461487873
6752.174672155182
6510.993818056491
6260.893803621024
6006.1013553116845
5751.314834932404
5501.353140770328
5260.747351670204
5033.389106408244
4822.282244713842
4629.471557418761
4456.078151800099
4302.383510459577
4167.936725291409
4051.7065365950602
3952.266686064627
7392.945334733916
7552.5187573894045
7631.032534660383
7664.3803130697215
7672.388357573156
7665.614684528418
7650.975189949785
7633.403795508875
7611.767991123414
7586.332801649795
7560.619193839596
7534.511593527444
7507.990115695898
7481.072072130908
7453.774898320915
7426.200372912535
7398.31082073984
7370.071607010432
7341.273741882151
7312.2639484558695
7282.670955782947
7252.979612543371
7222.856734891736
7192.939582379649
7162.938541579925
7133.319908862764
7164.970431170817
7181.054017324971
7187.51540714883
7187.040428593718
7179.692770371071
7166.060771508301
7151.470232524485
7140.849188980278
7139.8511023064475
7148.248183492065
7159.301619778271
7171.709420956034
7186.7773164490845
7203.526772274195
7221.6587846142775
7242.318195220664
7263.765353898819
7286.611707508135
7310.001774383104
7334.70656108973
7361.757386910986
7392.87280645508
7431.91987986588
7480.666737305671
7538.752373229763
7597.105818179132
7653.602659528054
7716.7393812831815
7790.838729932851
7954.778589598913
8442.466392904247
12568.164063856366
27773.326487654867
61591.4315176676
127509.70313655172
284603.51976431336
714401.6746297854
1.9327044822210895e6
5.422642727461116e6
7195.741196124984
6981.786002204477
6752.836573100705
6511.5029505602315
6261.263386893816
6006.331617958787
5751.424714898798
5501.380828547436
5260.737481764185
5033.3572471551015
4822.231393552962
4629.411750038469
4456.028555529766
4302.350122890649
4167.906178517942
4051.6607186327965
7393.811373355729
7553.425748959513
7631.987274134221
7665.375912748955
7673.3936268584785
7666.587688643676
7651.8882368784625
7634.249553585354
7612.547449447683
7587.031040501066
7561.192320488697
7535.031457023714
7508.456586930566
7481.54248087803
7454.1159692974825
7426.420018799296
7398.389766072424
7370.206536141486
7341.450482727746
7312.470996097704
7282.921251232226
7253.188918331013
7223.194447531777
7193.192785939258
7163.273637835769
7133.549463370309
7165.17356764944
7181.326081272261
7188.131860317391
7188.403047495893
7181.987628499451
7168.969448770624
7154.159967455548
7141.373938336175
7135.982256251897
7143.1922104844525
7154.567740776007
7167.557174912352
7182.546185816411
7198.696013165559
7215.640185045357
7234.9496561176
7254.995701517611
7276.447372805425
7298.190434048561
7320.545715922083
7343.869733399081
7369.033352112018
7399.165178935826
7436.268658367884
7484.598124407043
7542.352262868474
7602.267597123219
7662.444674185173
7731.799205510716
7879.617202753814
8103.873472957776
9184.698022143855
14275.26158150332
29857.384320112244
63021.281467874884
128529.16046955164
285552.6599226893
716486.8162648359
1.9315238573080716e6
5.445841519245044e6
7196.519211888461
6982.4381527533815
6753.352203787864
6511.887280164663
6261.511697499144
6006.46003811263
5751.466916790492
5501.378531645477
5260.708594214346
5033.311359111216
4822.181587571713
4629.374263242822
4456.004247977539
4302.32451756722
4167.864856806193
7394.544630867402
7554.2418962636075
7632.883859688931
7666.34178735666
7674.406122978507
7667.6108081387665
7652.881412012978
7635.1869639528195
7613.421682811269
7587.840807341634
7561.900168421429
7535.640960324496
7508.9919258633145
7482.047932086267
7454.618058004945
7426.786115875279
7398.60502581206
7370.275305927171
7341.565848697973
7312.594879004014
7283.191987253808
7253.405978407338
7223.530684332213
7193.450019847409
7163.592181626957
7133.832643095004
7165.432492250558
7181.660887189989
7188.707310206771
7189.630799822637
7184.158777617604
7171.975328737857
7157.278794009468
7143.446910814853
7133.263957328276
7138.458238364831
7149.884558710133
7163.836734812068
7179.434108934507
7195.6765947901595
7211.857688732502
7229.937688494482
7248.52276142907
7268.559899737442
7288.904007456556
7309.632668462885
7330.59824900537
7351.983907207326
7376.180046469572
7404.283096056601
7440.994110398347
7488.801761968993
7548.023174196493
7612.300291489555
7681.157708774574
7810.683858831792
7959.758727873633
8299.344032813973
9802.161970609892
15325.946236110178
31030.11586892998
63829.3236028834
129187.02204529187
286422.41732625023
716569.4449527512
1.93857554220408e6
5.403433508367763e6
7197.146322760957
6982.9438675015945
6753.736487810411
6512.143507634131
6261.652903895951
6006.513430187839
5751.470084213059
5501.352793283408
5260.670001110133
5033.2728924451585
4822.152987278303
4629.352342382721
4455.978743125872
4302.288322003064
7395.135235564938
7554.932388202262
7633.686820333709
7667.244310633466
7675.387387674877
7668.6402385277
7653.9206820838635
7636.199667772997
7614.384908235063
7588.748072647872
7562.734421161096
7536.377032760551
7509.640671096016
7482.595089813529
7455.200583756983
7427.290396149976
7399.041707952645
7370.462829574408
7341.705514609073
7312.641781179291
7283.405611939303
7253.632865134468
7223.846517824372
7193.746777523003
7163.8658029178
7134.139485014573
7165.714523904168
7182.066593163747
7189.292699338976
7190.730293734617
7186.098544905401
7174.874953309896
7160.681489546321
7146.239204021831
7131.978638790133
7134.298774931433
7145.156766871761
7159.943758611221
7176.776796260177
7193.87427941377
7210.049446764964
7227.3223716337125
7244.533201305575
7263.050821753521
7281.946628745689
7301.286813170709
7320.61716663303
7339.604468649413
7360.038308311496
7382.105406367185
7409.869080466424
7446.035014458566
7495.30992590899
7559.216278569885
7634.645468809162
7748.174430061617
7871.059392661352
7996.943114434112
8470.674953644753
10200.734651936124
15930.738972772371
31704.052349196445
64313.957997338075
129666.10138634426
286683.7683395357
718667.3265751131
1.926302032975808e6
5.417553461531143e6
7197.629881542414
6983.316703383884
6753.991837275602
6512.291688299654
6261.714374675169
6006.520836685934
5751.447557831283
5501.321577583665
5260.641527398717
5033.2498001293925
4822.1295678515235
4629.324830342059
4455.947674442635
7395.588007669654
7555.487835606727
7634.366307362329
7668.049414300678
7676.3008361246775
7669.6365601331
7654.964530466598
7637.254215734422
7615.417404134676
7589.738361597063
7563.672562112247
7537.240057307032
7510.427649649529
7483.258125732027
7455.825959863452
7427.8987470736865
7399.626123848696
7370.90616544154
7341.988046455856
7312.761371985124
7283.537408114558
7253.85059911618
7224.108610746708
7194.090596028106
7164.115542315585
7134.437469483053
7165.986093672095
7182.496261462298
7189.934607151169
7191.78147992884
7187.811559749538
7177.486281652283
7164.0650336062345
7149.574527448884
7133.098073942848
7131.205160690277
7140.682517061099
7155.676492110613
7173.892556167122
7192.439584039772
7209.554959689207
7226.822484043671
7243.086143400586
7260.132991109813
7277.442613153378
7295.320206612281
7313.248315955275
7330.565944978118
7348.624768226825
7366.831005103119
7388.6070557038975
7415.826853433128
7453.65508964711
7508.0654031674385
7585.272403087871
7688.69265722664
7801.6389256318525
7865.956435394133
8021.049094284304
8585.541412212211
10433.873567465178
16269.783460724611
32097.590550023662
64607.779882938805
129890.20954222676
287312.602827259
715392.0086649179
1.9295504270400857e6
5.377914611823222e6
7197.983037401448
6983.564028579455
6754.141567238534
6512.358334660004
6261.72520368137
6006.501184374031
5751.422165241508
5501.300495295424
5260.621838245728
5033.224420646604
4822.100500956052
4629.298430058636
7395.915933448836
7555.911190489548
7634.912423114691
7668.730093875614
7677.112896466153
7670.560992153009
7655.973110941425
7638.3111261777785
7616.487299723329
7590.789551083668
7564.68876672359
7538.205166650195
7511.337712214652
7484.076748422837
7456.540852760708
7428.598222806556
7400.27958342882
7371.5744894258
7342.481036078825
7313.1216324418265
7283.690489977214
7254.078317210925
7224.295806385422
7194.437601086509
7164.38187074322
7134.716506581143
7166.244868051883
7182.865919641853
7190.605291060888
7192.861439516286
7189.428633129375
7179.803139363993
7167.145538338764
7153.0357552172045
7136.105569838421
7130.010863948345
7137.115423879013
7151.457342780774
7170.443287195391
7190.644580209458
7209.426178333383
7227.7109485557685
7243.875011989521
7259.872614481473
7275.615481822506
7291.873165105228
7308.309916729346
7324.196283018627
7340.61544467549
7356.347194758938
7374.310073727088
7395.524007316173
7424.651814949935
7468.269067485858
7538.3422105061
7625.580927368744
7738.893594694386
7788.687950867586
7845.36121796163
8039.775650812455
8660.120981063585
10572.277892057802
16469.212199138376
32330.240694151373
64761.9188295259
130110.67787887239
286534.3741915401
715859.0070235666
1.9175737143820652e6
5.370769874002723e6
7198.216913105403
6983.710597787905
6754.210699707611
6512.371942764732
6261.707992205904
6006.4796091481
5751.405737256779
5501.283099722807
5260.595773304876
5033.195330784083
4822.07811010178
7396.132691666567
7556.2153339732495
7635.3262890409715
7669.276473351644
7677.798350706627
7671.380118371033
7656.905892136846
7639.33012166909
7617.5569597273225
7591.8725694645445
7565.757799476753
7539.242188240256
7512.337096623167
7485.026890705797
7457.386788230914
7429.404134319071
7401.005929065917
7372.348426085949
7343.177516578407
7313.74723193338
7284.051953033235
7254.388866911337
7224.474318526891
7194.721661573444
7164.674372438886
7134.983367265897
7166.529215882862
7183.136384468722
7191.196972725229
7193.938416822613
7191.078212430579
7182.019697068821
7169.8969060557665
7156.220037097994
7139.423702179176
7130.530951786484
7135.260647853343
7148.105228899481
7166.818692850681
7188.19004891415
7208.772842425917
7228.942865127432
7246.115545377706
7261.936129515445
7276.528455134696
7291.165556513506
7305.935343604464
7320.303437480792
7335.338071810316
7349.344433923141
7364.882681113816
7382.243558903147
7405.594655343428
7441.174885293279
7502.904366249679
7564.417591003909
7673.714928302879
7728.614851027823
7753.107396250931
7830.744577810823
8051.069387397005
8700.344804684422
10646.294667722184
16578.091487076716
32450.08425238943
64852.60820986243
129933.6949010014
286478.0632749818
712309.8212282762
1.9141718444662632e6
5.363843409258283e6
7198.35663523943
6983.7798134690365
6754.226425457987
6512.35680235059
6261.688544552064
6006.4655785983905
5751.389986751186
5501.257824286806
5260.568110678743
5033.176276452517
7396.263009576038
7556.415837616387
7635.6209630587755
7669.688616240636
7678.347663925718
7672.070019628783
7657.729512021902
7640.26910697094
7618.585285989969
7592.951895391868
7566.852798137894
7540.325922512799
7513.396968276111
7486.0628601735425
7458.355461152338
7430.317848589166
7401.850209372133
7373.157826966487
7344.020844770608
7314.535115800747
7284.724536468324
7254.867893011064
7224.805818151553
7194.9419895845085
7164.97588907002
7135.2229461433435
7166.874467490947
7183.370702687782
7191.6312260851955
7194.871958053769
7192.717745847382
7184.330365698245
7172.599056724135
7159.078115354502
7142.51349173454
7131.683536299686
7135.08718828186
7146.488520419038
7163.9942072009035
7185.499948220627
7207.279821968799
7229.545770148233
7248.683309336634
7265.488014575564
7279.8171446034885
7293.247433132216
7306.333234379505
7319.00319217769
7332.578339338384
7345.130125754507
7359.0164644111255
7373.911658801716
7393.610957389365
7423.989455669312
7479.812252167669
7515.055777622339
7610.629455742368
7670.3989375574265
7688.28027108056
7726.493799411478
7821.828245126662
8056.370097767425
8720.397383365113
10682.630128872865
16625.107513021558
32481.927226842312
64799.72949842695
129817.703233623
285403.22301995114
710652.9618415725
1.9112578617502658e6
5.329353074546574e6
7198.423949001733
6983.796952480034
6754.213109251882
6512.338425081351
6261.675391413344
6006.451039463922
5751.36652833966
5501.232516938413
5260.55179826499
7396.326904907526
7556.537025406448
7635.814192975193
7669.980077600812
7678.760369780743
7672.621855969448
7658.421278903799
7641.09482584622
7619.52872211414
7593.985753512789
7567.939774034326
7541.430798611424
7514.496071904323
7487.151723060397
7459.412797650262
7431.324502482959
7402.818412504524
7374.026247339541
7344.941423240598
7315.39968454636
7285.623397173779
7255.564200783716
7225.410270231952
7195.2343001700665
7165.301115455682
7135.415321457488
7167.247888716174
7183.673818319453
7191.973077005746
7195.568666743089
7194.143623850012
7186.663778026246
7175.551232235714
7161.977803123
7145.314417014751
7132.791873531109
7135.6847743373855
7146.650257721639
7162.951617327598
7183.642571434062
7205.515587919251
7229.157551997842
7250.544181852554
7269.343197271968
7284.603677048538
7297.722181991379
7309.52812595568
7320.4734083440835
7332.421278842036
7343.463143012044
7356.002405756265
7369.212581781917
7386.641199001679
7413.828528362004
7466.058551774646
7479.095545537018
7559.099990598735
7615.573746528943
7630.091443270184
7656.651724200437
7709.634036987536
7815.543627588658
8056.820717876386
8726.874947697062
10693.295052720285
16630.836103573805
32441.94357640956
64724.16577953941
129439.13983327123
284634.0461049264
709216.5152871042
1.900023732347923e6
5.307070863378196e6
7198.441819955056
6983.785352434355
6754.1953971731
6512.32537151496
6261.6617718557145
6006.429894491226
5751.343982261271
5501.218454798116
7396.34488745552
7556.597570256128
7635.931488124717
7670.17037557959
7679.05064029369
7673.035025996035
7658.973514374194
7641.7860208615675
7620.354441982394
7594.9294969973125
7568.976412794132
7542.522794334884
7515.609820483616
7488.270480324517
7460.525166043463
7432.405103485374
7403.882214179069
7374.9960605679635
7345.905258483131
7316.333212871276
7286.583884168635
7256.460448249986
7226.241452955694
7195.792393785254
7165.722799325195
7135.638999679083
7167.561552509091
7184.072469531938
7192.3610970022355
7196.127772037718
7195.236335391355
7188.692071162011
7178.687374127279
7165.308311379857
7148.323191828187
7133.733416522895
7136.209172794854
7147.678279055568
7163.769550878833
7183.601184991156
7204.671627188125
7228.364825728246
7251.327627923945
7272.424308139745
7289.653792083556
7303.680917362388
7315.097177610679
7324.701011294947
7335.00302002136
7344.3825295989445
7355.552479340911
7367.4143789729505
7383.358729306464
7408.622412740116
7458.694579908671
7453.808526139366
7521.033628142564
7571.43468429756
7577.152455575666
7597.043352960758
7636.013206091838
7698.835838348854
7810.096787466454
8053.473891218496
8723.80534464146
10685.35752934191
16591.730070111917
32318.5142936235
64517.62251963282
129009.20657978684
283849.4792985848
705339.7636906074
1.8916975722351288e6
5.294527733632907e6
7198.4318948338005
6983.768355209102
6754.182238436554
6512.312486819421
6261.643015353771
6006.410131833234
5751.331774745893
7396.336566866099
7556.615642177884
7635.991563252254
7670.286245214918
7679.239379214296
7673.324265020147
7659.385772560816
7642.336686236298
7621.043013766688
7595.751098170867
7569.917386844736
7543.558884074577
7516.703833782005
7489.3928167726635
7461.660691532032
7433.534438421426
7405.009185893763
7376.074391098637
7346.917418039134
7317.353996575512
7287.5350041251095
7257.479153800152
7227.166748348847
7196.665072881064
7166.32292241312
7136.081894401861
7167.814236149831
7184.503482350429
7192.817515991294
7196.742689067549
7196.159685107797
7190.212120008049
7181.56891902013
7168.975004186058
7152.043983807434
7135.168582647075
7136.4785789623575
7148.54972653509
7165.470662206257
7185.439656947294
7205.80402360023
7228.465007646797
7251.670859793393
7274.362314808653
7293.87265946559
7309.858263462549
7322.109875201247
7331.2357717180985
7340.261548909405
7347.963786084383
7357.637298973777
7368.174652699893
7382.987800254246
7407.019346117709
7455.621157109513
7436.721134482074
7493.967305545373
7539.658551529798
7534.602933135855
7544.098166495036
7574.888794854895
7622.861102375953
7691.344245737778
7804.411783952812
8047.152154781399
8713.772772626446
10661.60642847639
16524.793426319204
32150.1052650586
64279.64636400905
128538.78893213715
282365.3440742137
701857.4754740779
1.886322986535536e6
5.279415611493078e6
7198.415845777968
6983.755221770001
6754.169996210911
6512.295937736824
6261.6258251849595
6006.399464618148
7396.321691171319
7556.608657198471
7636.010781541361
7670.346478764821
7679.354483715319
7673.511478469118
7659.67315898634
7642.746763509662
7621.590532321871
7596.433342365121
7570.731688893033
7544.4935474328495
7517.735450948362
7490.485203964219
7462.786978520389
7434.677363967785
7406.166720800312
7377.231189355687
7347.9979028657
7318.447766530553
7288.525191536238
7258.530496006761
7228.136376438293
7197.69181298854
7167.128533071862
7136.837370361173
7168.206411193716
7184.935420221447
7193.259584282029
7197.433823679882
7197.199329218959
7191.45378222151
7183.8793796645905
7172.426555356873
7156.311297457187
7138.171083769253
7137.286964177583
7149.029793982856
7166.880337339932
7188.092802807453
7208.931281954852
7230.608123039871
7252.9296837366755
7275.831769880483
7296.905861214658
7315.159016225582
7329.306742584629
7339.132442026545
7347.721742002397
7354.092633349185
7362.2583232379
7371.382729478657
7385.115499639969
7408.173479775112
7455.462786103309
7430.293376864189
7475.244451498342
7518.2962427171005
7504.1882753797445
7501.284515784627
7521.3320838025475
7560.443691064783
7614.371748650256
7685.0897758813735
7798.145569746827
8038.4633228419625
8697.7074356165
10624.33138362078
16422.709573139335
31901.34608497339
63944.55802120697
127785.54172970168
280702.2412786801
698839.5530678051
1.8796045738798312e6
5.280331860741861e6
7198.402996494268
6983.743612837901
6754.155382211871
6512.281008716482
6261.616451806048
7396.3093869216455
7556.594643169093
7636.00450083734
7670.366360699451
7679.414816075847
7673.625647270982
7659.858176009692
7643.031503870571
7621.997446705615
7596.9748550794275
7571.404594911097
7545.2970683930935
7518.659902185653
7491.507828241057
7463.871935519023
7435.79841047269
7407.317570665629
7378.416951302659
7349.147860808559
7319.58777592438
7289.606436224321
7259.5738340953785
7229.186835720334
7198.701352809163
7168.097051154484
7137.760517253842
7168.975220654762
7185.459878673588
7193.7375453522145
7198.028332395144
7198.390659497823
7192.835862390662
7185.834015747488
7175.314829186869
7160.354096024474
7142.711437131704
7139.774111031307
7150.0365501410815
7167.745366800887
7190.233098738504
7212.839550219202
7234.764179214588
7256.234625956266
7278.225033376464
7299.4596936062735
7319.245865713573
7335.615071873401
7347.1571814761355
7356.439576082403
7362.270763559933
7369.229690375269
7376.953538472165
7389.527932697515
7411.576029417408
7457.3340566605975
7431.69501588654
7464.784347046144
7504.616089564746
7484.686392287781
7470.375200930778
7477.8345882432695
7505.8039820408885
7551.287355582819
7607.927680433833
7679.258968087038
7791.20404484548
8027.476071128722
8676.558643975117
10575.161753804387
16292.923317435081
31600.69630576701
63487.80719287772
126802.76285287373
278870.2642710454
695172.5231157074
1.8768808163700227e6
5.245389162679986e6
7198.392069416303
6983.730680247952
6754.142398803385
6512.272738828193
7396.299212126261
7556.582735770722
7635.990078090866
7670.360110905455
7679.434926866236
7673.685715887049
7659.970789368301
7643.213651698781
7622.278885673604
7597.376674105819
7571.937692842999
7545.957418571255
7519.448920553088
7492.417847771423
7464.880237151983
7436.868397824749
7408.429280304929
7379.579851750049
7350.331885238283
7320.76003984632
7290.77404868755
7260.62761711033
7230.314977588091
7199.6955907816355
7169.147283205878
7138.670825237861
7170.073581908277
7186.225723651105
7194.461399360781
7198.5175129836425
7199.470933098952
7194.448320426938
7187.878640523386
7177.97478418914
7163.6917270812655
7147.417022756814
7143.992362338988
7152.773891451276
7169.123187512575
7191.5856045519695
7216.07977644006
7239.591718863827
7261.500477177138
7282.654681890166
7302.936305887153
7322.837537830309
7340.725647553678
7354.2824547610235
7365.221248354786
7371.577369007246
7378.01957520755
7384.633463508257
7396.026817244757
7416.892684277833
7460.668895730576
7435.149133011192
7460.552282720065
7497.2565505017565
7473.194052875552
7450.862048059193
7446.077809601985
7461.148214766143
7495.728114251733
7544.554821483071
7602.364564825559
7673.5482890292615
7783.2596417776795
8014.524714940847
8651.06966121133
10514.051532548314
16130.489223482238
31209.655526790142
62874.189014057956
125632.2854289016
276665.0680807821
692214.5899811588
1.863572733736481e6
5.251315237153093e6
7198.380621271772
6983.719371587174
6754.135087102316
7396.2891006071
7556.573227872408
7635.977655393664
7670.344993160734
7679.428317191956
7673.705671407545
7660.030048148909
7643.3240880918
7622.457519279523
7597.653488362124
7572.332758128243
7546.479483502914
7520.093234842218
7493.188374787759
7465.7712407973795
7437.856550620276
7409.47914857718
7380.6837487537205
7351.49089095527
7321.941352252755
7291.99051208246
7261.737214014023
7231.452238780258
7200.763631398008
7170.207876295772
7139.594885472687
7171.207144750095
7187.2666268275925
7195.496866284102
7199.233615161355
7200.302229941397
7196.024676019287
7190.048103954876
7180.967223560261
7166.7536212842
7151.422477091678
7148.734285510452
7157.247593348101
7172.328503228568
7193.304721345947
7218.371667243144
7243.5738387598985
7267.309400465073
7288.9662353616595
7308.40372620172
7327.308051845885
7345.354505157406
7360.243497498256
7373.100653698726
7380.891075240624
7387.734133148833
7393.867722799174
7404.273861791198
7423.803610264642
7465.0751222075705
7439.859257895203
7459.143553373842
7494.505793300433
7467.69148211838
7439.730042822913
7426.097143040946
7428.075049084187
7450.102175623422
7488.271216875971
7538.692246144958
7597.384425831464
7667.39656926805
7774.335486885899
7999.950064771159
8621.298343159768
10441.32700110182
15931.557100701473
30715.001696286927
62083.4514381986
124150.86084854447
274254.21659406234
685785.8942687466
1.8608788619218417e6
5.246898892590131e6
7198.370770819087
6983.712907145835
7396.280535623124
7556.56424605884
7635.968337411648
7670.331949873407
7679.4123836904255
7673.698460316651
7660.049473541856
7643.382040894374
7622.5651593429175
7597.82752149606
7572.603808060974
7546.865911937648
7520.6013519793605
7493.812848994532
7466.518909381335
7438.723540710213
7410.441889188883
7381.7110326743295
7352.577973554769
7323.081313967612
7293.2009407497935
7262.921001826655
7232.569132276609
7201.910346141744
7171.24828480193
7140.641622325678
7172.234786801842
7188.441403251564
7196.648245309527
7200.422641557515
7201.170087730066
7197.438556251509
7191.994805453289
7184.238046542603
7170.288022812632
7155.1423165282295
7153.172647897344
7162.173639595943
7177.361853366976
7196.763446857129
7220.93344643162
7246.4735584890095
7272.084758320709
7295.677960955482
7315.629946715358
7333.655112570034
7350.80657447167
7365.749063127107
7379.844519216497
7389.342614979421
7397.333042853465
7403.815319696686
7413.682616681552
7431.8889179567805
7470.201780140282
7445.263709881287
7459.506660375899
7494.170330992196
7466.570872227701
7434.600492107206
7414.842300825919
7406.971006683505
7415.955000290893
7442.049958530722
7481.428836920713
7533.547594978388
7592.285437071338
7660.640394087043
7764.592670679601
7983.780101323209
8588.230579315132
10356.878185155507
15693.309245614833
30112.99623889947
61074.54414177914
122325.16530131124
270455.1684261656
681121.7798654785
1.8547074132057107e6
5.245027952125547e6
7198.365067172918
7396.275522124286
7556.556706729454
7635.960023374057
7670.322564449693
7679.398691103868
7673.681662537694
7660.041503084973
7643.400662421604
7622.6213622799
7597.931465685484
7572.772313078163
7547.129846767918
7520.976973542574
7494.303750300023
7467.119310280995
7439.443419315068
7411.279374191232
7382.643125026983
7353.574494392271
7324.133609857527
7294.336429518117
7264.126285077874
7233.698862036938
7203.077142423014
7172.276312712171
7141.7546132606585
7173.28954015447
7189.598646387864
7197.760036523227
7201.836917571565
7202.44446947685
7198.898917254163
7193.697488713289
7187.162653854502
7174.336381337965
7159.590337602692
7157.773375236205
7166.659523741404
7182.856535436698
7201.944848343733
7225.106022799637
7249.599126175285
7275.6062101266225
7301.2180391600195
7323.087947829351
7341.575261849202
7357.968587143474
7372.024236694913
7386.116012177414
7396.751472994574
7406.047593798917
7413.54734841436
7423.458228181054
7440.562432154597
7475.660682065344
7450.873669488579
7460.9472276884335
7495.152697039353
7468.130931519905
7433.841813701759
7409.585622220189
7394.844002887222
7393.771345383959
7407.395025667685
7434.386666975866
7475.266274067076
7528.41234425642
7586.75969390303
7653.351682122841
7754.005447243842
7966.785700165452
8551.972765205204
10258.491988531287
15407.559983656027
29368.610390580085
59775.795290627684
119759.73754498207
266233.6992170111
674506.1945986041
1.8476677564945424e6
5.241884571283295e6
7556.552220588065
7635.95299789827
7670.314519236633
7679.389104525375
7673.667315575123
7660.023847344477
7643.391887533026
7622.638976104721
7597.98528749623
7572.8717813099975
7547.291744084284
7521.23222057292
7494.666058385514
7467.589311272815
7440.01495619125
7411.965724973617
7383.4445327606645
7354.4671930376135
7325.083145106752
7295.350506381589
7265.250246052319
7234.834904019888
7204.230151383308
7173.333199659155
7142.770863403572
7174.468278327824
7190.728098594382
7198.916732778788
7203.089491353799
7204.056290080118
7200.5715314173785
7195.6246704342375
7189.509724862169
7178.261258210146
7165.042960785951
7163.489955502591
7171.268033927939
7187.804779506986
7207.493930177739
7230.736232394563
7254.307095171818
7279.203463884974
7305.410314537383
7329.24305843163
7349.5342306848015
7366.459691527982
7379.83920872186
7393.00942983324
7403.733831005251
7413.7473920043885
7422.415831775749
7432.790506368674
7449.127465551441
7480.988405999747
7456.229780303207
7462.908237258959
7496.696147046382
7471.300254355932
7435.98212750409
7408.708705715828
7388.921829409111
7380.631740375263
7384.6712454072
7399.1071360775095
7427.321015432028
7469.20386665962
7522.868789021248
7580.791651733498
7645.4346736859225
7743.080622768846
7949.4760757915665
8511.88190648102
10143.745380416767
15060.306751282438
28435.928386016603
58027.46579460059
116364.11130186093
260520.7210321656
665924.9946213891
1.838980294899864e6
5.241762997004223e6
7635.948684625673
7670.3076998691195
7679.381112798949
7673.657448217544
7660.008862765168
7643.373453370325
7622.629362125483
7598.001568505781
7572.92264916213
7547.385881657908
7521.386311725593
7494.910784307525
7467.935419435305
7440.4599056099605
7412.502936526056
7384.090515250671
7355.223689800752
7325.9229585997455
7296.241456429621
7266.2238996400865
7235.889150346335
7205.330195456749
7174.440667321349
7143.672477208313
7175.649453671882
7191.891489129057
7200.188321820282
7204.233435967992
7205.595611770534
7202.340774415603
7197.966002501824
7191.854478524941
7181.710262469636
7170.717142639401
7170.289217066875
7177.10641277716
7192.680829977886
7212.49976716887
7236.378297482878
7260.360470578784
7284.203068224124
7309.564222123207
7333.989814065923
7356.06009426126
7374.77787404708
7388.74496678816
7401.144600092653
7411.233996274383
7420.991386477772
7430.336526503759
7441.151922917789
7456.951389824211
7485.704282876577
7460.904831832206
7464.937872012778
7498.215672087551
7475.290211549365
7440.013845977205
7410.946473094704
7387.606751280903
7373.855877947366
7370.979570291397
7375.715307709726
7391.362946723452
7420.477850843079
7462.770683470013
7516.862966670938
7574.206870743309
7637.34455791048
7732.542862125969
7931.631531935778
8467.563029049606
10008.394611951368
14635.92274808128
27255.673154009022
55049.097598896406
111750.81497446338
252963.04407073514
655058.8356674486
1.8306367888235028e6
5.241407061333127e6
7670.303429891171
7679.374340609544
7673.649384210528
7659.99866239743
7643.357883251702
7622.610176583497
7597.991021345419
7572.937303144356
7547.433220818086
7521.474223425402
7495.055735689699
7468.167497493878
7440.786524002195
7412.918204082638
7384.587220089239
7355.821114661029
7326.623257575575
7297.01561949134
7267.050320823538
7236.785472995367
7206.295931427426
7175.519113013694
7144.580052382297
7176.704245305519
7193.075950906541
7201.426477377172
7205.5561321858695
7206.905920828071
7204.047940756327
7200.278185262496
7194.716914099883
7185.0035302254855
7176.246421225286
7177.095019721882
7184.213761239949
7198.483742113322
7217.52886832753
7241.162385593778
7266.232853942207
7290.3342460895565
7314.876439060057
7338.631335545637
7361.095789106326
7381.568429303604
7397.292601074675
7410.0135069520675
7419.702720303366
7428.568470346903
7437.778550293507
7448.502363979071
7463.686961142528
7489.431721209119
7464.572904591638
7466.688071146997
7499.290019149978
7479.460733572201
7445.1075585898925
7415.237416844548
7389.579416210961
7371.804885911401
7363.590269582135
7361.324480265516
7367.1824335946785
7383.985160212313
7413.332234637279
7455.928588819032
7510.156019137333
7567.434768121917
7629.400490053995
7722.503616837997
7913.33861646777
8417.725447049866
9847.039035536813
14109.152395208159
25626.335135132445
50765.27571684279
105678.19141911498
243336.68144653615
642796.0671394878
1.823460626377395e6
5.241273160988333e6
7679.370052717223
7673.64257232852
7659.990445714891
7643.347325044233
7622.594022764026
7597.9710922749255
7572.925786308281
7547.445980028537
7521.517439392651
7495.136487378328
7468.3018260525205
7441.003515325816
7413.221647006651
7384.967744161977
7356.270469620461
7327.162738813706
7297.647994949136
7267.74936784938
7237.525854313648
7207.075678413354
7176.423629621372
7145.502483167659
7177.656177813383
7194.200786450697
7202.494521510361
7206.97722988297
7208.235228975713
7205.681144843871
7202.237677640796
7197.759110733342
7188.508854923611
7182.044034434265
7183.45198096775
7191.509411708573
7205.20843913049
7223.485439335463
7245.786779203461
7271.025569030407
7296.119624108362
7320.972227063546
7344.243787718485
7365.898332360035
7386.835241744962
7404.2653155818425
7418.261980567915
7428.572420907464
7436.776088609275
7445.32781636167
7455.2232172886515
7469.383509528276
7492.021090956406
7467.103454453184
7467.935604431125
7499.679727338
7483.345758783549
7450.598149010436
7420.69224897524
7393.707702335605
7373.0924967574165
7360.849353019128
7353.286946417376
7351.929874154156
7359.114621723961
7376.3846132586
7405.85275654543
7448.406589860002
7503.209749015727
7560.582378173681
7622.21056232885
7713.1484078420535
7894.223411540513
8360.898284465553
9653.419326613493
13444.945756950157
23522.790051075106
45505.13824011424
98166.66225299373
232193.46246724672
630575.326947524
1.8196130289665705e6
5.241235010838209e6
7673.638236363968
7659.9835473263975
7643.338909457814
7622.58306879522
7597.954344165989
7572.9051937526565
7547.433466629798
7521.528014482347
7495.174968919715
7468.374444924082
7441.125580077181
7413.4208020103715
7385.243976049759
7356.610864619302
7327.557421942112
7298.119609152178
7268.30284230858
7238.13460624877
7207.694942586828
7177.0889404235495
7146.284274436144
7178.530128339565
7195.213074765418
7203.469637300529
7208.15559183139
7209.722972442532
7207.261347856993
7204.116472643989
7200.359929191376
7192.110021073546
7188.161210810981
7190.016027815072
7198.310032535143
7212.004509099888
7230.08781284388
7251.259158863703
7275.378743492489
7300.761374749134
7326.440771380997
7350.326079613254
7371.454608670514
7391.718320454056
7409.747183992
7424.837185412899
7436.60846978915
7445.028287034477
7453.089270732601
7461.725804805978
7474.366492266824
7493.571235712584
7468.6092533707
7468.593435201304
7499.351550572272
7486.671312850682
7456.039062995703
7426.612343667413
7399.084315868777
7376.614044964144
7361.449161613932
7349.922065233635
7343.057919641734
7343.032526968777
7350.877567422708
7368.519556402884
7397.732075991657
7440.7167809899565
7496.113970698422
7554.032293697578
7616.273470285207
7704.374940637907
7874.078547239346
8295.572201437817
9419.826654052795
12627.12370936144
21025.463711537413
39642.77957140157
89720.28790728409
220429.21171257694
621445.7225654547
1.819350524336914e6
5.241228028011931e6
7659.979152505997
7643.3319072776585
7622.574412471961
7597.942938910917
7572.887885109706
7547.412274640377
7521.51446632214
7495.183045649366
7468.407564711916
7441.189054140572
7413.528805128014
7385.422260517388
7356.855576449871
7327.852105637787
7298.452024783994
7268.696390170714
7238.595750035296
7208.187823930357
7177.568804341182
7146.817835858443
7179.246631165979
7196.080142906708
7204.4514213119055
7209.04632130614
7211.126579411384
7208.752383868046
7206.132528665321
7202.590752648077
7195.781783442867
7194.065168405765
7197.122000064181
7204.96125660301
7218.489710143096
7236.311574464089
7257.331720709351
7280.2128429428485
7304.882716425453
7330.646639998999
7355.454122293419
7377.274902406151
7396.997228488365
7414.791150864281
7429.884809443194
7442.948667775313
7452.2471640313015
7460.444665523521
7468.0001654064445
7478.888621677012
7494.291826250779
7469.376033219154
7468.670319869437
7498.453976341839
7489.371657614795
7461.221738903187
7432.537930855857
7404.988485376147
7381.434297696856
7364.25814355438
7349.898557507906
7338.886309645904
7333.3099688879665
7333.9846129518155
7342.41740732869
7360.014902722423
7389.5091450443215
7432.961492118678
7488.936961829616
7548.805272571876
7611.357117136715
7696.241597971871
7852.746405530508
8220.62443533056
9145.577008334272
11695.190176881562
18382.574867437026
33972.25667753935
79232.50881244332
211116.2753576893
617126.2761304098
1.8211222626823727e6
5.241227525882749e6
7643.3274585636245
7622.567286454279
7597.933985917337
7572.875983857617
7547.394422343235
7521.492740157739
7495.16840704229
7468.412798927979
7441.2161667941855
7413.582083587334
7385.5142612462105
7357.009719477968
7328.060792043258
7298.695277575851
7268.958615414182
7238.899646093936
7208.537593000914
7177.921955708469
7147.1472458548615
7179.746489544412
7196.742820001162
7205.348253721694
7209.869616740005
7212.218383475073
7210.105697825046
7207.987906421187
7204.925898143598
7200.087461827527
7199.651672549964
7204.03100719968
7211.877607893759
7224.8926884498405
7241.956372089236
7262.8994580208555
7285.356850979784
7309.215562121587
7334.284693813895
7359.052984226699
7382.0634840110615
7402.132626087523
7419.977993236468
7434.362591177593
7447.786358093271
7457.780371743659
7466.474786124164
7473.515958314232
7482.816286450627
7494.269713121123
7469.661854478574
7468.171563002042
7497.210269173927
7491.543655348873
7466.1915017466
7438.302888199463
7410.961016776772
7386.817208149385
7368.321212840973
7352.059267031406
7338.061651172467
7328.265527954278
7323.399856131466
7324.732326492061
7333.305523082091
7351.433078854087
7381.292798881518
7425.204473633631
7482.648750557131
7544.799151795168
7607.41279891497
7688.911514536327
7830.320670291849
8137.168483153536
8846.030020331562
10749.259995530485
15986.79326309086
28911.23917826837
71315.05846070098
205981.4933411373
616733.0263868563
1.8327895803416944e6
5.241227525882748e6
7622.562779775915
7597.926710608992
7572.866682597379
7547.381978189331
7521.4743628624765
7495.146208624903
7468.396989516901
7441.218177977236
7413.6025213297235
7385.556257109391
7357.083661478317
7328.187342766558
7298.863268050794
7269.144469649994
7239.08293741286
7208.737572750027
7178.1390045813005
7147.343328249968
7180.065213426511
7197.170138796669
7205.988991809523
7210.657607517948
7213.065073040174
7211.294338761787
7209.403561917381
7207.304199488889
7204.681417930931
7205.424140383992
7210.137954940875
7218.695148157871
7231.1882052308665
7247.6110154117505
7267.538842190479
7290.000286826791
7313.418326912566
7338.019016852762
7361.831924436045
7385.296637946226
7406.0497959043005
7424.629635630779
7438.770667221119
7451.88421694703
7461.888925115565
7470.723400051438
7477.644344416984
7485.648539179434
7493.357348425849
7469.476202022937
7466.989774816074
7495.7361704393725
7493.328893770729
7471.15314295633
7444.059645882808
7416.88156125735
7392.329521425322
7372.900190659691
7355.427895679768
7339.416131685268
7326.537524126026
7317.446741532705
7313.2840394197565
7314.803479911781
7324.122547774463
7342.882913153521
7373.118183867129
7418.1005615312915
7477.777742235194
7541.801063553425
7604.620577676684
7682.628604229536
7807.475535062825
8051.486050584353
8555.960242979154
9933.620120529842
14103.424504395569
25499.979881954314
67257.13286952273
204431.8375314969
625251.3057296507
1.8306479906188531e6
5.241227525882748e6
7597.922140585978
7572.859243910409
7547.372282379272
7521.461326084466
7495.127325112818
7468.37437222557
7441.201084871915
7413.600884726017
7385.569323689503
7357.113257423426
7328.241091553882
7298.958641777823
7269.266869313804
7239.204874776617
7208.831826306752
7178.2188913084565
7147.408091823623
7180.24309064913
7197.406396500701
7206.334462561708
7211.231543795153
7213.760319845825
7212.297055236836
7210.528096240105
7209.806287146225
7208.914094825863
7211.049735961377
7215.869144231039
7224.730318953847
7237.0136503940375
7253.2263841149925
7271.801390570334
7293.816021125576
7316.794374767353
7341.3859660574935
7364.471337910203
7387.5068296907975
7408.499516780749
7427.675099227261
7442.556708073695
7455.479632708994
7465.208241834456
7473.492257308095
7480.209493045416
7486.9245714847875
7491.336037275648
7468.538629347069
7464.900935689337
7493.8620187009365
7494.7453959463965
7476.2721832784755
7450.162269422135
7422.977678767523
7397.924192733326
7377.587581547373
7359.257074751822
7341.961347770411
7326.949028396316
7314.761121860422
7306.406286281409
7302.443112830189
7304.807811303102
7314.994042392889
7334.358743773397
7365.684850113387
7411.9781067477925
7474.228018626441
7539.837996948633
7603.053592243509
7677.417985381857
7786.657126955782
7973.329358423078
8317.675047104065
9335.459411867105
12912.829781422804
23764.520205969606
65827.1705939428
208208.13482291656
624193.0860735229
1.8271649901619593e6
5.241227525882748e6
7572.854616957925
7547.364667851897
7521.45118627438
7495.113643437378
7468.354999485
7441.178087629398
7413.582354308882
7385.563561893838
7357.11822125393
7328.257149432482
7298.990024669687
7269.327361219279
7239.276409417833
7208.882442679339
7178.21276097855
7147.351685533241
7180.280017747632
7197.507676813702
7206.476109750125
7211.514780957753
7214.244031680268
7213.058299413358
7211.5668520762765
7212.4469223735705
7212.884253616834
7215.819002105196
7221.413546939504
7229.885961184607
7242.179167075434
7257.995543403955
7276.021254644822
7296.964727600623
7319.408753727278
7343.540971938108
7366.695220027067
7389.1162921593705
7410.05209041824
7428.932688455928
7444.8902820909225
7457.98214391789
7467.816482903866
7475.305801693575
7481.526570045502
7486.631278797528
7488.240632457057
7466.51454902249
7461.748550308682
7491.107221585088
7495.567120547566
7481.422217476612
7456.931687863122
7429.679629606496
7403.929689340356
7382.406680740115
7363.156191494489
7344.954741046182
7328.517300873125
7314.168936978778
7302.737630030666
7294.57299635306
7291.517917026971
7294.893741410937
7305.890505088753
7326.606241856697
7358.864090349292
7407.563559809749
7471.82099257473
7538.817266792449
7602.251390609656
7674.373019730851
7769.891819770061
7913.836416268259
8151.023935718223
8966.649228743438
12305.058368737915
23100.711549726744
67244.37147552776
207901.25712842817
621441.719805641
1.8233749640597806e6
5.241227525882748e6
7547.359988014206
7521.443382650309
7495.103007706108
7468.3406184825835
7441.158238504035
7413.558995395655
7385.543392031733
7357.10779625582
7328.253237221095
7298.991396164944
7269.334199497229
7239.298167479166
7208.897270291042
7178.183655453266
7147.233312976187
7180.214444545941
7197.491014285016
7206.495335435826
7211.592781825035
7214.478583462813
7213.519494121985
7212.822600827131
7214.7965570329725
7216.443728233694
7219.787282771362
7226.162111225774
7234.4275728395105
7246.616152767703
7261.6550890839535
7279.615019004195
7299.522335430007
7321.591300854694
7344.4894414303635
7367.870974805577
7389.844579208835
7410.921942252318
7429.049287896005
7445.605017577451
7458.813914872733
7469.107206954626
7476.219452217382
7481.8336947437665
7485.142003832851
7484.449111242762
7463.361253018136
7457.712699449388
7486.933682701847
7495.359593110558
7486.036564970391
7464.327495098551
7437.3478495447
7410.870228269914
7387.78832298306
7367.18563948922
7348.029608049374
7330.510778499734
7314.691105218748
7301.121388904539
7289.851873201291
7282.623860868825
7280.695299353663
7284.989661275022
7297.590070714113
7319.447134520093
7353.396965846664
7404.770716393091
7470.395772324609
7538.10947378936
7602.784170930341
7672.7398346104
7759.132975005203
7874.644177478496
8049.934887164606
8767.087533494358
12047.304097186645
23441.162297692674
67294.11656375192
206755.14661361085
618511.4529718896
1.8194828971234926e6
5.241227525882747e6
7521.438654281599
7495.095001242422
7468.329433364437
7441.143102058739
7413.538676046814
7385.5196628974945
7357.085729713999
7328.23754414903
7298.977787669342
7269.319734988525
7239.278291771723
7208.876242494345
7178.1352505522
7147.115292686338
7180.120956501346
7197.392334525693
7206.411146768089
7211.548355600875
7214.530659160085
7213.714005527198
7214.16899385782
7216.847731553183
7219.240977446712
7223.133844780266
7229.715089109558
7238.3153913983315
7250.099063255548
7264.642850322718
7281.924258906863
7301.394706097233
7322.981680521882
7344.869662864782
7367.803621609609
7389.446279015505
7410.565622122344
7428.426901234608
7445.005636320233
7458.103187073671
7468.597865988696
7475.8512264260335
7480.864222682774
7482.740331481142
7480.300953006534
7459.425353519257
7453.355391760853
7481.1972051597
7493.732285997394
7489.24665765624
7471.7328237835245
7445.917885416879
7419.1306353320815
7394.3730131464845
7371.831364155451
7351.280766462686
7332.5979033141575
7315.612925461949
7300.590980504309
7287.1367834409275
7276.804189568089
7270.793227085936
7269.874158138068
7275.973122159044
7289.898517313675
7313.246795642857
7349.641622454282
7403.127985018644
7469.192083070864
7538.374218862657
7603.270553267539
7672.460222725989
7752.1543688106285
7851.625667891116
7992.127951076731
8670.074372388277
12062.213676811416
23319.275303730687
66592.41612431529
205186.93241535968
615432.6272818715
1.815505272220728e6
5.24122752588275e6
7495.09022897908
7468.32121024691
7441.131313702675
7413.522726965578
7385.498870084453
7357.061589172637
7328.213264199513
7298.95615195978
7269.29555957816
7239.246842587268
7208.82748820858
7178.067141686802
7146.996475777005
7180.051846174914
7197.276725685914
7206.257914180159
7211.402325827885
7214.458518729839
7214.050786394719
7215.1276162079275
7218.5443583451115
7221.315201241484
7225.722670732614
7232.235996197001
7241.213289377914
7252.532879449891
7266.962616543471
7283.129924430577
7302.40144912466
7323.0889539609325
7344.760923554453
7366.665355231026
7388.140381185053
7408.590002552863
7426.833531895932
7443.125613444102
7456.24255290504
7466.467285237762
7473.975016898365
7478.20604840796
7479.347602302064
7475.6229706294735
7455.126822501847
7449.212724684712
7474.4493502487385
7490.650534745932
7490.379346098328
7478.053325869299
7454.717313706441
7428.545206625681
7402.630670443278
7377.792901605861
7355.238501211885
7334.914385178828
7316.628102418736
7300.455899569727
7285.4932791227275
7272.941026683797
7263.886429764376
7258.950480443429
7259.996763050235
7267.626873966968
7283.209273626349
7308.295483969202
7347.4257605961475
7401.624570495038
7468.964923750425
7538.239332794248
7603.809366443563
7671.378435941484
7747.949443062524
7836.107033682469
7959.1500314515115
8692.174051791306
12175.46509689703
23290.943593527125
65925.97370612298
203592.0890188365
612303.3170544949
1.8113888932948883e6
5.241227525882749e6
7468.316398982055
7441.122860544327
7413.510282536539
7385.482050831362
7357.040307445014
7328.188633670083
7298.929281327844
7269.2672388664105
7239.211177379027
7208.777898167553
7177.987328700148
7146.876745399788
7179.999198229146
7197.1980938839515
7206.10077609241
7211.197236005694
7214.362452727001
7214.446153921541
7215.8044482103605
7219.638300787543
7222.755327125443
7227.453579628435
7233.962488992833
7242.94389534941
7254.035246468512
7268.118696046749
7283.70446759058
7302.328169016138
7322.1636308676825
7343.509381279493
7364.656773917992
7385.924872706331
7405.401488647799
7423.943333408801
7439.793435551999
7453.161479061989
7463.112582031978
7470.6937962372085
7473.965107741734
7474.791823627686
7469.855176935452
7450.546322779783
7445.194430086456
7467.690722936562
7486.5202177028805
7489.537805243854
7482.243094391024
7462.649757004377
7438.224723926176
7412.413133203381
7385.57369523696
7360.624670448892
7338.045342964062
7317.899969029252
7300.429951023861
7284.262653401884
7270.133806863552
7258.899220351253
7250.935886175463
7248.10335935259
7250.85150212392
7260.361554028563
7277.5819094827575
7304.818771436109
7345.325736954659
7401.02995964575
7468.240219817316
7538.161122138613
7602.843892953454
7670.567935330939
7743.545196377941
7826.887755069028
7927.597591149453
8653.863433063263
12084.329160099778
23060.951878577238
65163.149348394116
201956.72508557388
609078.7952700732
1.8072144841290314e6
5.241227525882747e6
7441.118015368799
7413.501586978976
7385.468900155648
7357.022560985586
7328.166832778222
7298.90404143977
7269.237342965191
7239.17536944405
7208.729767176673
7177.918412716539
7146.763656912442
7179.973210104102
7197.157859546589
7205.994901073911
7211.003423772143
7214.33413344837
7214.6053515275
7216.240751488326
7220.246854448275
7223.531554077405
7228.368610494801
7234.924788379671
7243.662847901067
7254.634993942254
7268.042072270115
7283.531444353466
7301.16092152058
7320.5725271938645
7340.835384551343
7361.820507148868
7382.36996008202
7401.542500670001
7419.691497486934
7435.201127814768
7448.524999643698
7458.580378675175
7466.011740039033
7468.700003509473
7469.13177415552
7462.815644080096
7445.398272910302
7440.5148786056525
7461.577785421545
7481.867946316185
7487.706496135746
7484.021829111694
7468.783439784525
7446.853142685822
7422.757403485864
7395.0435039016065
7367.923539371617
7342.739441908876
7320.037762150801
7300.689347941875
7283.1873839239615
7267.761569495575
7254.959659806425
7244.822271370027
7239.063528844032
7238.0598171449965
7242.898097877718
7254.271228399753
7273.177279505377
7301.660240096984
7344.116997883359
7399.741083001591
7467.683176988677
7536.815556457421
7602.390464356419
7668.140176330722
7740.52265124058
7801.135497403572
7920.070319546387
8626.475079087353
11991.150238497761
22823.25759660269
64390.33773938603
200274.85004344286
605820.4568958194
1.8028902173719679e6
5.241227525882748e6
7413.496713110445
7385.459951561313
7357.008658404275
7328.148103599845
7298.881673931106
7269.211332183788
7239.1419648103365
7208.685624696728
7177.856786297862
7146.674177210628
7179.988212720069
7197.169549969358
7205.9449891975855
7210.938877793762
7214.312704321948
7214.6390783299075
7216.343215044122
7220.469685010313
7223.77466423636
7228.578517193055
7235.100051845661
7243.5694121565975
7254.301169307635
7267.097916366136
7282.272702130906
7299.125512230717
7318.0730421969765
7337.245142255797
7357.958798720727
7377.47283097323
7396.844776525453
7414.185531012454
7429.688501882953
7442.432766331318
7452.722006932907
7459.748935219515
7462.662795876116
7462.4948111021895
7455.117115379305
7439.412336369715
7434.518245886345
7455.746257390256
7476.858964735855
7485.986886722958
7484.202863831762
7472.9819927831695
7453.4686230688185
7432.189082238929
7405.261282115256
7376.941453663624
7349.482669092902
7323.803056214948
7301.832842607611
7282.45842448743
7265.590522666504
7251.486660393954
7239.750010855285
7231.890844674822
7228.061668370659
7229.315687609289
7236.250582363925
7249.548811605528
7269.3250902077225
7299.56983077871
7342.1920009272435
7398.748046185707
7466.154858789325
7536.661012303764
7600.530722713188
7666.571865374628
7713.7744626655995
7796.37324038234
7922.072836367665
8603.019158902396
11896.521907852955
22582.94800587502
63601.4188670822
198577.1175194179
602465.4673945238
1.7985074506573596e6
5.241227525882748e6
7385.455054243801
7356.999448609952
7328.133410025873
7298.861909158801
7269.188331526958
7239.114980460804
7208.648193082893
7177.8034384078455
7146.597975901172
7180.056044257432
7197.2442957115445
7205.9751346771045
7210.9716780636945
7214.305212334106
7214.589490251157
7216.24826582702
7220.333533277799
7223.5953368018145
7228.265231524697
7234.592226003974
7242.7672477188125
7253.118542690457
7265.464376972055
7280.012739062261
7296.347163687768
7314.434806529092
7333.087941038015
7352.927088356718
7371.774943670459
7390.826219019918
7407.6174414627685
7423.1332669982085
7435.372335907846
7445.574927972468
7452.06598064057
7455.504026370392
7454.799850355275
7447.468072812314
7432.634243058781
7427.579200155797
7449.0823804922675
7471.185280362253
7484.4287555380015
7484.136556937328
7475.969217063106
7458.231719057029
7439.544949126094
7414.809859558395
7386.673289813903
7358.035905769511
7329.685578209426
7304.596977119727
7282.660047276549
7263.825298802257
7248.263965281571
7235.198320278469
7225.763582111523
7219.886119812676
7218.453048770989
7222.008467280378
7231.133019129278
7245.469995282188
7266.613561608281
7297.11532489418
7340.983791025311
7397.31343553645
7466.58941418033
7535.4718272343225
7599.809924194983
7637.294312460015
7709.037030775098
7800.644857111887
7927.074263379449
8580.774494341564
11801.342896639035
22337.42180982703
62809.89698622061
196833.93721051552
599077.3638443424
1.793967120636941e6
5.241227525882748e6
7356.994532968056
7328.12393416455
7298.846394255243
7269.167482180234
7239.091259826649
7208.6199950043265
7177.761446373619
7146.534555537405
7180.161689148876
7197.3884759534285
7206.100330107966
7211.0485308421075
7214.324940632068
7214.510851821378
7216.0489365232215
7219.994038150677
7223.078435427761
7227.5523667237
7233.583554592376
7241.387330743119
7251.2736205569245
7263.145047793467
7277.035036647815
7292.802794980312
7309.940545319424
7328.156206539659
7346.940486498999
7365.457054192615
7383.595891957464
7400.135266024945
7415.26790373664
7427.5099957645125
7437.318161212129
7443.545727473014
7446.906528805267
7445.991166522209
7439.657663367478
7425.3295414964305
7420.7435723883245
7440.963941977017
7464.504588074049
7481.733444403677
7484.486032145226
7478.599796573282
7462.374606612954
7444.832773642609
7422.599347117756
7395.710596627841
7367.314900121152
7337.452942528669
7309.42812632657
7284.4853294721925
7263.029270807497
7245.490969426698
7230.964290484278
7220.22010587471
7212.781142512527
7209.39110363894
7210.427747402463
7216.403629973136
7226.751902421401
7242.555614739909
7263.579834110812
7296.012112806619
7340.050949538089
7398.775387055888
7466.410720297259
7535.707242235061
7568.089522557701
7632.12008648494
7714.46154911602
7808.574128854087
7933.262243429592
8560.083312945757
11704.294557638816
22092.109849798908
62004.53717415546
195075.95459903905
595588.5296665807
1.7893716105881883e6
5.24122752588275e6
7328.119005028188
7298.8366515723665
7269.151126598821
7239.06928219929
7208.595446843627
7177.731763198184
7146.487480136157
7180.307619640595
7197.5862470178845
7206.303040444654
7211.1938605117575
7214.377696712313
7214.437013037834
7215.817111234852
7219.564744058784
7222.391032882368
7226.549906276422
7232.219730784949
7239.595895988412
7248.961242073354
7260.25491641777
7273.488593099825
7288.559501525156
7304.904548461079
7322.373608557387
7340.305958604037
7358.284880801695
7375.638856025123
7391.765810022976
7406.337688472529
7418.5562152093225
7428.111355154738
7434.441173787051
7437.201684170397
7436.357101212483
7430.781407220478
7417.663799004432
7414.2794661408325
7432.160751223768
7456.901771463804
7476.604064126122
7484.419761367148
7480.947746361649
7467.030843918312
7449.314388673808
7428.619527200624
7403.115919478774
7375.837877471298
7346.046642244838
7316.078665805142
7288.317283560736
7263.854374628279
7243.686756426659
7227.224870217114
7215.065676710858
7206.320168038487
7201.426831359951
7200.626779758151
7204.288658845361
7211.6509486802815
7223.684104773794
7239.119981607305
7262.152063586259
7295.890658696246
7342.873344129992
7399.95558331085
7467.814626137011
7501.863386940066
7562.498072229979
7638.430612556282
7724.249830663172
7818.002553595466
7940.477397925185
8539.46319776161
11608.074344017034
21842.251808837318
61198.162644303935
193271.05623424653
592071.106286692
1.7846162255429162e6
5.241227525882749e6
7298.831713229114
7269.141121236371
7239.0520797969175
7208.572303975137
7177.70625973256
7146.456022396909
7180.502712169146
7197.843215781766
7206.5535355955535
7211.406258319002
7214.495104888609
7214.4043592890675
7215.594219933146
7219.119779257511
7221.650793971878
7225.427144037294
7230.646403754276
7237.531259565292
7246.3439457247705
7256.9931649420905
7269.498808066385
7283.793486081734
7299.389956099597
7316.008786476076
7333.155309711395
7350.31954006016
7367.086670226039
7382.599914967663
7396.757445301696
7408.468969708564
7418.07024457029
7424.3943087359785
7427.026256916925
7426.222782039307
7420.620161926544
7409.458458903344
7407.201044517711
7423.959986275369
7448.777294455976
7469.473994637446
7482.28897503818
7482.231291317171
7471.884776862692
7454.442847786004
7433.903603681842
7409.143942529824
7382.650126350355
7354.030901437855
7323.544995457887
7293.856098070112
7266.639259985121
7243.441407071597
7224.4574562084235
7210.4503216268195
7200.318413781566
7194.161611043672
7191.964889158458
7193.943244840598
7199.107928072301
7208.365419536331
7220.093363408227
7236.908152179823
7262.6872953619095
7300.188083624047
7345.558978488985
7402.651021122215
7432.048289636583
7495.980669769429
7569.64325886257
7649.849010301143
7735.875797254112
7828.621859647647
7947.152432742373
8520.851392807279
11510.262347983502
21593.151198733998
60378.4123336921
191453.93089057304
588455.0501487221
1.7797602174789202e6
5.241227525882749e6
7269.136177121616
7239.041821485323
7208.55426388284
7177.681922947526
7146.429422098396
7180.747694236987
7198.166891724606
7206.863616934079
7211.667323070822
7214.681538343619
7214.4469840218535
7215.433002524742
7218.703744565999
7220.923708409189
7224.303330255921
7229.032270337425
7235.344112246074
7243.546277082216
7253.5145927723315
7265.251834682034
7278.711264525205
7293.471664451139
7309.268799451473
7325.586394394693
7341.900456558318
7357.915681500033
7372.829848675712
7386.567441771321
7397.712245486082
7407.250245628159
7413.242366759281
7416.486835928389
7415.560150049194
7410.077838137896
7400.332227575553
7398.734886620441
7416.263289259141
7440.407181389324
7462.11845441629
7477.460548605985
7481.686279218374
7475.254969004511
7460.379405830077
7439.560239098231
7415.001165184149
7388.100818156207
7360.461082660604
7330.541020381792
7300.099966297605
7271.065985655156
7245.041317507817
7223.146983615138
7206.807873098869
7194.903995500921
7187.4164488638335
7184.0462497850895
7184.766766787003
7188.322575984624
7195.5551542498015
7204.586134847186
7217.516188115269
7237.855386871593
7268.28543092936
7304.3317112929235
7349.5108484309885
7365.225955918191
7425.950027372339
7503.94551627945
7582.586607295711
7663.485496594688
7748.83618574625
7838.610745595022
7955.203416357599
8501.896616462573
11413.763592370318
21339.632251275776
59559.62651081037
189591.95575208045
584778.0389134916
1.7747870978242832e6
5.241227525882748e6
7239.036873793156
7208.543768458393
7177.663071363567
7146.403876932364
7181.034095099176
7198.5571212294935
7207.247825259165
7211.9919027738815
7214.922230660703
7214.568362582948
7215.367487855234
7218.377738855912
7220.2561043012365
7223.240400704401
7227.48075589494
7233.200306327944
7240.711167272792
7249.942934890905
7260.897997935477
7273.502803848407
7287.35403955503
7302.266509118406
7317.733222322953
7333.234146624509
7348.3631952344385
7362.620739911488
7375.742357535171
7386.613515117324
7395.741371880744
7401.4684141049875
7405.131377194905
7404.277290304046
7399.755047669724
7390.338796905467
7389.45986636554
7407.531407518891
7431.75665718122
7455.191934653778
7471.240283422982
7479.284696722006
7475.939327514412
7465.571652782023
7445.695662728244
7421.609876881185
7393.617419194066
7365.597238698876
7336.306913531693
7305.846963473733
7276.160602098236
7248.176399590666
7223.530134316588
7204.51566451545
7190.43442721816
7181.287395140016
7176.70493997463
7176.379996455975
7178.726408326595
7184.497958446496
7191.570222932047
7202.303200875519
7219.026636509307
7244.501535374564
7273.662953874142
7309.400313690761
7310.829180880401
7358.939294027486
7434.715183194614
7518.311066396618
7598.139055964073
7678.59515086331
7761.0418237290605
7850.169719855858
7962.05339953125
8485.011500114393
11315.912668210713
21087.280089429318
58729.209991983895
187702.8364714162
581035.0019672797
1.7696994041933569e6
5.241227525882749e6
7208.5388176569595
7177.652361031067
7146.384263178715
7181.363005614576
7199.007648839268
7207.708821685277
7212.397458054452
7215.233035420877
7214.752743642266
7215.396276949161
7218.172964240309
7219.7159493558465
7222.279447696119
7226.041706802089
7231.185830762288
7237.9969515212015
7246.432121177055
7256.556624064754
7268.300095922333
7281.235653087881
7295.191380675501
7309.74199613024
7324.4062260385845
7338.694099925688
7352.169495782814
7364.528811965656
7375.115326586465
7383.747263066006
7389.525334809698
7392.854242430792
7392.53811265
7388.986925114309
7380.157445271574
7380.160461423679
7397.219658243672
7422.517722890962
7447.354039221605
7465.265150745315
7475.498811017689
7474.688012515793
7468.167124546091
7451.310367139406
7428.521713705013
7400.378607124885
7370.702379674511
7341.177560853968
7310.503572751122
7280.782309720928
7251.96944779545
7225.277203020703
7203.748883998043
7187.220658208926
7176.0507172340285
7169.982490540671
7168.614175758942
7169.957893344921
7174.643677201984
7180.3171157046945
7190.229094574068
7204.6346627084995
7226.643019591878
7250.844927050779
7279.6270503031
7269.826036049564
7304.395258647856
7368.407546073373
7450.411647498662
7535.668742289887
7615.3128610930835
7692.786308606055
7775.028305578177
7860.2829852877385
7970.33336001068
8467.87355507235
11219.863163740934
20830.967894566173
57894.798979847306
185785.46821889855
577227.9144628068
1.764495922140376e6
5.241227525882749e6
7177.647405273868
7146.37337225519
7181.7452104438935
7199.521904430754
7208.240360546498
7212.887489829665
7215.632602471354
7215.015064566714
7215.500413422656
7218.082625012508
7219.328890967827
7221.486312784862
7224.751539225622
7229.3336471687835
7235.478932565218
7243.130975945793
7252.376124414146
7263.2156420298115
7275.23589368202
7288.236280968842
7301.8073198977245
7315.552437854009
7329.013059189435
7341.692556866627
7353.257002401846
7363.27211401296
7371.4627429503935
7377.3464349464075
7380.215065392441
7380.5044196333965
7377.1608551413465
7370.04391660743
7370.585497538029
7386.745422267081
7412.334019411923
7437.665972351089
7459.118643754347
7470.763790990393
7473.01427999258
7468.058721445617
7455.232196619664
7434.338039453071
7407.977875495983
7376.923874594482
7346.229510488823
7314.592846861289
7284.3850719344255
7255.433544144765
7227.613627413677
7204.160375974152
7185.374025917935
7171.950221469146
7164.087731521035
7161.47985729511
7161.844461712923
7165.648528882618
7170.5262770095505
7180.534185669303
7193.622705986309
7213.192660445236
7233.770536521442
7257.456430180991
7239.409966145682
7263.292667719901
7314.418842694944
7385.265901769184
7469.461430120669
7554.826908697709
7631.35610207403
7708.975722331429
7787.332090448668
7871.968358816243
7977.518766050082
8452.927425770129
11122.83400214538
20573.769020989737
57056.339029442024
183841.32510373837
573354.561441265
1.7591640853580218e6
5.241227525882748e6
7146.368413526493
7182.189506586039
7200.114168965926
7208.847676939978
7213.455389569701
7216.123312013773
7215.373672311698
7215.693679124924
7218.084646575739
7219.079793536015
7220.879892681388
7223.670027386786
7227.677400507265
7233.181705733231
7240.097689774233
7248.492072449739
7258.390503383114
7269.459013351454
7281.510802171153
7294.110021888151
7306.8746069787885
7319.4315648278525
7331.314791873564
7342.130623507647
7351.410404236573
7359.07383815801
7364.782061177264
7367.636910071541
7368.17969481058
7364.898685982986
7359.319798012546
7360.305768069761
7376.929820789641
7401.4133920648255
7427.140479144211
7450.9580475092
7465.235017628043
7470.846860089832
7467.023398174917
7457.083754140118
7438.327827909525
7414.6150764984195
7384.180402653214
7352.20879730126
7319.294968622771
7287.494126805312
7258.123364952002
7229.746563424556
7205.048463051358
7184.564676264444
7169.04009009025
7159.180202405392
7155.111235821112
7154.366206328346
7157.334391145085
7162.811960867355
7172.767856733279
7185.204803213535
7203.09029809038
7220.962110588356
7240.832945961875
7216.750855581727
7232.798542560027
7273.737121797421
7332.2009262458305
7405.802135951888
7490.5410043012525
7572.599407902285
7649.604931501985
7723.271772592343
7801.350838347927
7882.324968399642
7986.237649139297
8437.660408556936
11026.765867661576
20315.419888555953
56215.123243787355
181868.9174611091
569407.5168193855
1.7537267307275315e6
5.241227525882749e6
7182.69938394347
7200.796281071764
7209.546482577432
7214.106565356185
7216.697702979044
7215.8291385949815
7215.992785268272
7218.190229655637
7218.940904910292
7220.435545775487
7222.808517909798
7226.274745843248
7231.132503822091
7237.344132306252
7244.945835927237
7253.944762704548
7264.03604878777
7275.108968113816
7286.749816169055
7298.546187215276
7310.140789012392
7321.153137723184
7331.229661619978
7339.80672262818
7346.844664831998
7352.0634973784845
7355.018412494262
7355.611741323881
7352.934839552864
7347.723527265283
7349.576063980136
7366.636964400031
7390.514157934899
7416.71131898055
7440.690584074372
7458.520520287678
7466.845503863686
7466.227106438976
7457.450846092815
7441.115420748717
7418.973016722914
7391.169096505602
7358.789126240334
7325.251197535865
7291.3027639673755
7260.485515845588
7231.420975246211
7205.7539055623665
7184.1728794909595
7167.030604011703
7155.259824316005
7149.591817387725
7147.594064933969
7150.683861040816
7156.9249649916055
7167.007005825048
7178.851914916396
7195.551915669895
7211.375358857287
7228.319686236302
7199.732708713087
7210.06783795447
7243.545534740188
7292.217401888535
7353.924970308984
7428.644429874679
7509.960988363735
7592.7536782614125
7665.792208825978
7739.4125674792085
7813.812090543287
7894.363409535372
7993.749356208756
8423.755143198037
10931.229513607253
20056.29313613745
55370.407678023665
179864.77242000788
565405.7480070558
1.7481398384785294e6
5.241227525882749e6
7201.575713599012
7210.350238210294
7214.857471375163
7217.361269396664
7216.37268471455
7216.3963501268345
7218.413358926391
7218.920592712719
7220.12089748133
7222.134731162476
7225.1264849699255
7229.380697484708
7234.890829595812
7241.737496065797
7249.9032247634495
7259.070531492913
7269.149679472597
7279.809052404943
7290.656555757577
7301.3059380937175
7311.392259169724
7320.650370262213
7328.552493683759
7334.987852745455
7339.627292854874
7342.350646336567
7342.954968033951
7341.055226718425
7336.002957059375
7338.686062752849
7355.1832442795585
7379.698668074522
7405.869367745149
7430.189978997521
7450.023374567838
7460.807272432134
7464.408428194384
7457.203981354505
7443.380848482705
7421.736884626239
7396.5502941880895
7365.0257212561755
7331.789081858473
7296.584001395049
7263.455414678493
7233.145274235173
7206.1505265579135
7183.66019046663
7165.437651296141
7152.06933188457
7144.890408380131
7141.78766081311
7146.029862638738
7152.601784414091
7162.943428342415
7174.360399707789
7190.015360231607
7204.243507132304
7218.896837667919
7186.876322827681
7192.988089686525
7221.017827929102
7262.544868239607
7314.83565551086
7378.254391696408
7449.5568522954545
7531.884901973493
7610.735769255899
7683.936400604467
7753.774878473324
7828.110533672927
7904.950311920671
8001.971199296784
8410.534464209162
10836.734209850194
19796.422214607283
54521.34739784441
177838.93512806154
561321.0512202813
1.7423935577174285e6
5.241227525882748e6
7211.2680206958685
7215.7221094888555
7218.1306164396665
7217.009260366047
7216.893913431122
7218.749939686171
7219.029746068364
7219.940792516451
7221.611465415899
7224.191771420709
7227.9168977963645
7232.777491923049
7238.879841840672
7246.255319422693
7254.571645808687
7263.719880508383
7273.392742366511
7283.275756495703
7293.004914769033
7302.188766452875
7310.572517786575
7317.726369522823
7323.572009694397
7327.714769314199
7329.995918021491
7330.4652590190535
7328.917770064234
7324.602240041518
7327.585379314624
7343.537012106687
7368.15337102378
7394.307435177995
7419.927047707634
7440.224061344272
7453.6580087460125
7459.949201449064
7456.369478879164
7444.711782119695
7424.516989621055
7400.194372766853
7370.393020739106
7337.604220708181
7302.879440509931
7267.614129546468
7235.684389250428
7206.811672859083
7182.936684321914
7163.87040281043
7149.247955126741
7140.779492976903
7138.0417315028535
7142.676250985263
7149.8991948944595
7160.298955661037
7171.395148190773
7186.156335090277
7199.005887238083
7211.821576980895
7177.135201664814
7180.076133319298
7204.076497369324
7240.400415118555
7285.819895552508
7340.359291288529
7400.4059103800755
7473.038030742663
7551.589367669664
7630.768993663383
7700.093056173728
7770.117965625419
7840.728605689923
7916.266704627245
8010.043117643269
8398.192386770865
10743.381152609607
19535.094419452187
53672.05280694849
175779.824282818
557144.6161087909
1.7366043732503538e6
5.241227525882748e6
7216.710680461896
7219.0203138211455
7217.75492101646
7217.4895233272855
7219.188170780251
7219.26051846339
7219.9015414902715
7221.239047887511
7223.4291517720085
7226.691355473833
7230.98312069361
7236.401843629391
7243.005441391808
7250.518806404378
7258.814120462825
7267.571270566619
7276.493847417581
7285.294304433447
7293.606199625645
7301.1461064635805
7307.4974534895255
7312.67572382259
7316.340350381258
7318.238401390121
7318.45916415875
7316.851035684417
7313.271153776169
7316.316421164085
7332.30603400903
7355.838897375731
7382.45024278278
7408.62702381252
7430.250145861884
7445.582647479454
7453.592373073327
7453.853971780974
7444.520623099538
7427.346147095862
7403.178217652592
7375.026917631665
7342.287917883476
7308.877751080634
7272.703574938433
7239.299212552334
7208.5209349236975
7182.512131746136
7162.321435299353
7146.549821799051
7137.322187223732
7136.0067045231435
7140.887519800607
7148.365400682553
7158.9762731899955
7169.675457527435
7183.628362737872
7195.289549603884
7206.542194033903
7169.751247771985
7170.2816327025475
7191.263638488885
7223.7386018695115
7264.151838336528
7312.283401335967
7363.492073584592
7425.140715248736
7494.30546216968
7573.425166430954
7648.625559475266
7718.356656679404
7784.562907322065
7854.107834394275
7927.343858325621
8018.229921550253
8387.016395427465
10651.036828062646
19273.683072196596
52818.62518428813
173683.7834727138
552962.2732696772
1.7305337571507911e6
5.241227525882748e6
7220.039850585892
7218.623166588195
7218.198908129509
7219.731265400058
7219.599064153913
7219.991565925803
7221.019091232447
7222.8341836945
7225.657293097756
7229.44992996102
7234.270706604067
7240.170885472156
7246.907397072511
7254.401921293577
7262.3251953319395
7270.3653749067635
7278.249109850353
7285.686066794922
7292.417856328073
7298.00384189039
7302.466744577152
7305.562788343258
7307.102077616622
7307.10688186297
7305.377723559663
7302.046487888619
7305.132108006065
7321.00001942127
7343.637688479335
7370.286011337412
7396.257911221073
7419.823982261503
7436.401257755825
7446.79781565956
7449.126452634645
7442.956518623901
7428.651385148063
7406.321794579177
7379.109213366323
7346.70422518673
7313.748075268797
7277.983229628237
7243.507530083101
7211.515723088513
7183.073493632893
7161.206075793616
7144.086893558948
7135.1965575488475
7134.700756775435
7140.369784654475
7148.014628164356
7158.636624935885
7169.031784404756
7182.153097252504
7192.762395740299
7202.646028329475
7164.169464732615
7162.841382781068
7181.542706791962
7211.125259229713
7247.830955959791
7291.346539938155
7336.183185812751
7389.180615210056
7447.703486072381
7517.777047654887
7592.922029295849
7668.697061924566
7734.516732847987
7799.795830121212
7867.181812066679
7938.478878881836
8026.911555817391
8376.802599842966
10560.308305921179
19010.841847458538
51960.074556191415
171590.9956320305
548613.5259558884
1.724455161934323e6
5.241227525882749e6
7219.6234786628065
7219.034057161641
7220.39355903
7220.047601485131
7220.195011012475
7220.935676054864
7222.40200860544
7224.805364286753
7228.127478300705
7232.421698126669
7237.707125402048
7243.742537378386
7250.470693572526
7257.615359944081
7264.857889117782
7271.90850265422
7278.4901762728805
7284.414250640801
7289.273786097974
7293.0660113014255
7295.550779084624
7296.638088536849
7296.41611159961
7294.647519215256
7291.373945571335
7294.315134598928
7309.482586892193
7331.752396547248
7357.711933137412
7383.850107839509
7408.047879740489
7426.470174465218
7439.164182848114
7443.290813546351
7440.100628770544
7427.915110369607
7408.897339331497
7382.651310196544
7351.49703320862
7318.006863305251
7282.936430571917
7247.739334635942
7215.229043291255
7184.900948397431
7160.979684928157
7142.260580626711
7134.154634706174
7134.353315287834
7140.526077243888
7148.585818914221
7159.180935203093
7169.1893236250235
7181.540723859301
7191.128353172467
7199.817652686548
7159.980269480551
7157.196051325969
7174.159841754816
7201.541860816303
7235.456854991507
7275.587975967856
7315.844403848174
7362.5814666311035
7412.761033569979
7472.5380975931685
7538.772487913346
7614.726048735667
7686.478435833734
7751.4833559828385
7814.661495658927
7880.281440888505
7950.107790965384
8035.861159189614
8367.656169300946
10470.461642506321
18746.465108012715
51111.96377948345
169430.7804014288
544263.6309934857
1.6446865972809687e6
952207.9483324606
7220.003743854559
7221.186063614103
7220.618597360888
7220.5121493966435
7220.970102488445
7222.111441514155
7224.124236864103
7226.999981104187
7230.8002715872135
7235.542730348783
7240.9698566019715
7247.013306518141
7253.420906332822
7259.92421509248
7266.228184358724
7272.042445489633
7277.184557445214
7281.320332619505
7284.480721568043
7286.405146726158
7287.004923934657
7286.457491504151
7284.61476014069
7281.458851318071
7284.114490875652
7298.276910860639
7319.8498807732085
7345.053281314144
7371.441197440947
7395.458918346866
7415.799060190249
7429.979233723047
7437.052187125793
7435.79726138959
7426.210172483493
7409.635827911614
7385.6683422626575
7355.9948160524245
7322.723629714867
7287.581679999926
7252.042856203263
7218.91934650367
7187.6812337066085
7161.781845530367
7141.407620804287
7133.765987010758
7134.773029699477
7141.396427459295
7149.689811968235
7160.371546652896
7170.013544546408
7181.551894932743
7190.180724481551
7197.822032437315
7156.859761381078
7152.94894798276
7168.5559170569495
7194.248277614644
7226.03626127337
7263.640410450967
7300.551008586727
7342.766890830017
7386.947250262448
7438.674913266037
7494.779662366377
7562.157354635617
7634.077563072765
7705.078707317407
7768.02103207289
7829.524543718389
7893.895200703999
7961.971182071657
8045.1170720343525
8358.724040552332
10381.443809686909
18485.848963572254
50248.481349163674
167268.13495054148
498928.5242961342
462512.70002192695
200873.06597504902
7222.116786308859
7221.320895236966
7220.95284247981
7221.120264601094
7221.94143733463
7223.587013195467
7226.048757693407
7229.384768420699
7233.620416275499
7238.512278973579
7243.964914074554
7249.723632207708
7255.5358497027355
7261.15351080439
7266.286808550588
7270.738665943096
7274.181904184297
7276.712386105525
7278.1118365717475
7278.277791229986
7277.379105261672
7275.353011279431
7272.273909882153
7274.632364491891
7287.759035734858
7308.126382015958
7332.542373318871
7358.643839656486
7382.915692271279
7404.125450012389
7419.83873485261
7429.530960896488
7430.449183992557
7423.818810043027
7408.803470239138
7387.847592502046
7359.4219440146
7327.882954437897
7292.3042887163965
7256.775795559699
7222.581459276877
7190.841051040305
7163.432438050049
7141.508405380491
7134.302403983026
7135.728721108155
7142.847660705919
7151.3016729710325
7161.921436070179
7171.311752608417
7182.016013741975
7189.752118364502
7196.468535945549
7154.582498493031
7149.777025647118
7164.3099089889465
7188.696336785124
7218.848342723556
7254.537936775094
7288.96369478924
7327.858764701099
7367.736602589417
7413.700590789102
7461.897325129806
7519.486016868318
7582.950054676362
7654.2588258278265
7723.191561085054
7784.527687186773
7844.9201388052725
7907.732927014807
7974.104415837773
8053.7775580514735
8350.089034472127
10295.713730613432
18219.777179048207
49391.04077340928
149280.40640300824
190238.95191416205
118001.80620852172
45880.72310098547
7222.161285828264
7221.523586464967
7221.393196403391
7221.887211719613
7223.169349342072
7225.241891853709
7228.148800845743
7231.9120624022435
7236.308705883669
7241.244324030408
7246.448996074999
7251.663021112825
7256.648643738203
7261.162754106739
7265.009159417041
7267.853906369116
7269.789570366287
7270.664293096304
7270.42415105098
7269.226095639489
7266.996655520327
7263.886130942606
7265.880604360614
7277.9689443504285
7296.997831786848
7320.321138665917
7345.679562059157
7370.266902671473
7391.787292256931
7409.204382394908
7420.367176446356
7424.299014297682
7420.015826704502
7407.519859586235
7388.679191999028
7362.142722827772
7332.318336670491
7297.4376505744585
7261.841424547722
7226.894700159772
7194.152719075818
7165.752172645806
7142.302779794885
7135.744110320802
7137.354517937828
7144.727579035976
7153.34461957444
7163.767988096912
7172.865838079938
7182.793819665501
7189.717889544189
7195.596787290668
7152.966588166532
7147.4141205038
7161.1012888077785
7184.47382480457
7213.3593553336705
7247.582099239317
7280.138993985152
7316.552764001058
7353.292890822739
7395.139240970621
7437.682014921171
7487.6524620005985
7541.479832765348
7604.58408545804
7673.901370361357
7741.246533096784
7801.577295603602
7860.533091015218
7921.827479970034
7985.481432586873
8061.985845670475
8343.30512835461
10208.823080496935
17956.43812147608
43697.85635857966
74251.82346931116
62075.24996876206
27646.415179471674
12394.081096984175
7222.2290144372755
7221.79223029037
7221.951791821502
7222.863141183783
7224.551388049895
7227.054296322682
7230.383184978433
7234.325403042502
7238.788366107354
7243.512606682521
7248.223895897878
7252.67446811972
7256.628639505947
7259.930628656207
7262.258327974357
7263.692645637076
7264.081486006844
7263.432299993758
7261.951446934747
7259.56397436135
7256.403849509573
7257.947334505577
7268.907965111768
7286.585456632857
7308.607501264684
7332.993872668258
7357.32179208891
7379.213023731869
7397.812558645583
7410.402434740563
7416.853110600405
7414.875643740973
7405.537450418892
7388.403546899765
7364.52720068905
7335.5737439353325
7302.7224628106305
7266.879147672524
7232.172802841924
7197.941862652636
7168.743404424876
7143.802404727329
7137.783485954028
7139.641835163485
7147.012697175729
7155.730526057146
7165.848514170037
7174.567318919656
7183.780137179069
7189.958836478965
7195.110016545176
7151.839235758383
7145.669143284491
7158.684134825863
7181.267391906173
7209.168300373174
7242.257410496641
7273.39679570491
7307.931367858201
7342.344666230145
7381.195633984981
7419.7070122990535
7464.255139055515
7510.592964443462
7564.325879499231
7625.6366854003145
7693.463029506864
7759.847508128218
7818.836752618854
7876.390302585795
7935.035233232646
7996.253098928774
8071.298536064483
8334.720481203933
10126.042496303267
16487.70410444076
27638.37120190303
33030.72973161568
23068.936767460313
12700.855424447105
9094.009783424635
7222.319139555468
7222.134757713298
7222.667120418224
7223.965291813278
7226.070320912952
7228.990161703184
7232.520486342457
7236.556980447907
7240.8500478020715
7245.13222306674
7249.142538883454
7252.635991023939
7255.456623983795
7257.3264241912275
7258.3348267563
7258.328118325441
7257.310382626528
7255.540691926369
7252.9983076120925
7249.821231961078
7250.919035690574
7260.679360141294
7276.904184016221
7297.528200305261
7320.803358603313
7344.440245812431
7366.48232651757
7385.703240491114
7399.973224518712
7408.056395285595
7408.8501724384105
7401.988461518875
7387.551821870623
7366.044130996039
7338.468763988482
7307.409028894858
7272.003293273507
7237.779807482129
7202.722118578353
7172.398359706407
7146.606164470794
7140.180814826077
7142.453493962446
7149.602235368343
7158.399265623461
7168.116549245275
7176.354807261247
7184.9089537401305
7190.386014260543
7194.898785864683
7151.07418200026
7144.394431149543
7156.868732933409
7178.836661276258
7205.970758096849
7238.177185544291
7268.23677538933
7301.333683919583
7334.000326595813
7370.630285203024
7406.217506338955
7446.915137347876
7487.9294740145015
7534.394687006063
7586.556188907734
7646.589536009313
7713.571036526764
7778.649621990166
7836.324726468443
7891.239255287357
7947.512119760263
8008.182524960983
8077.9360220052085
8330.192767472623
9758.440432869242
13548.417079282986
16157.886029584113
12791.131576352413
9398.329835217872
8463.109561679259
8275.502502300493
7222.4346772511635
7222.576177621526
7223.477355741607
7225.18057823426
7227.6983193095975
7230.844738810554
7234.50103355051
7238.415300182311
7242.32200167798
7245.965550804348
7249.091431149009
7251.5305961898
7253.008389258128
7253.645854627109
7253.310249558306
7252.008446491621
7249.989436885275
7247.2826021441015
7244.077774983261
7244.77393283279
7253.366362062642
7268.058974748112
7287.153764540771
7309.167265522553
7331.952905013436
7353.734540370337
7373.289553242195
7388.82029211846
7398.457666382886
7401.744581194938
7397.12387011961
7385.745060074953
7366.441894156657
7341.274125083446
7311.313545227196
7277.4160063636655
7243.10756502945
7208.499372246107
7176.68352163432
7150.714925188517
7143.13985269834
7145.631407544306
7152.414845463044
7161.191398068019
7170.553790490142
7178.192303760383
7186.118073322725
7190.977811869027
7194.858723611669
7150.575284115547
7143.475149381194
7155.508304276997
7176.996328135364
7203.533834411088
7235.048298785063
7264.284945255534
7296.27361296814
7327.619727177853
7362.576461977243
7396.005534991689
7433.916980924265
7471.157515259288
7512.471349997208
7557.554576990357
7608.6710865669675
7668.089788813164
7733.872267193872
7797.663518925652
7852.688944148456
7905.238475749866
7961.227345830656
8017.026654469111
8088.529523618985
8292.564668243393
9277.248090070201
11813.001466609863
12312.800999741781
9986.739957502743
8605.191897148958
8342.526445502026
8253.44104333748
7222.584366637602
7223.077244790565
7224.373327932972
7226.487190570701
7229.260174312233
7232.566747248229
7236.152762972976
7239.742601406794
7243.077738443853
7245.90830175141
7248.055879429603
7249.240945976084
7249.572903207092
7248.958395071632
7247.427362949499
7245.233144861468
7242.399051453006
7239.152881925017
7239.45630780316
7246.9503199024875
7260.13754157967
7277.608522351986
7298.177463168541
7319.948080408454
7341.2048068034865
7360.853155394427
7377.083390358157
7388.276909300101
7393.441412813257
7391.437664696568
7382.473499663434
7366.0239156556845
7343.215638253426
7314.956320024603
7282.700482341625
7248.505855138141
7214.63751110778
7181.764913512734
7155.481202785108
7146.875256796851
7149.085548378916
7155.50148921314
7163.94444463758
7173.086203051328
7180.060523636834
7187.345758398753
7191.695625399572
7194.936481948273
7150.267318756137
7142.823258235139
7154.489087160349
7175.602498947167
7201.678509005507
7232.646709215937
7261.258337479532
7292.387620533441
7322.733632539901
7356.413407612249
7388.229064218149
7424.083307440285
7458.599996066149
7496.270506586519
7536.353037596826
7580.5860515004915
7631.335250672908
7689.7767697827585
7754.369953785038
7815.446268039368
7868.090691692666
7920.549325331608
7971.4918780772505
8030.26376255703
8106.802961617461
8161.052667639523
8261.774451449814
8305.430415852026
8238.76491911049
8230.053464114026
8274.688060753415
8301.215505226173
8242.561563466495
7222.754640560555
7223.632885515683
7225.339391108907
7227.7426893814045
7230.71349684063
7234.004743785774
7237.332902107489
7240.423849623548
7243.020889140084
7244.947396013973
7245.925228953775
7246.047102982769
7245.21701157967
7243.500133255757
7241.171209164403
7238.270308562628
7235.013962570148
7234.944042699106
7241.386746426405
7253.133442230504
7268.986541316606
7287.9874710142485
7308.523357757065
7329.037965528198
7348.51772457696
7365.147615022969
7377.514644476368
7384.287130650582
7384.7588053379195
7378.031133248052
7364.6232143052
7344.04004304732
7318.288851758915
7287.4840437624725
7254.370632322252
7220.710487860931
7187.79117043114
7160.453797226819
7151.378422699038
7152.699150055379
7158.940896288722
7166.657534745793
7175.589611930596
7181.958178430672
7188.540253144443
7192.490073207367
7195.103486123063
7150.089618185318
7142.372280183846
7153.724418541418
7174.542753965461
7200.266200621578
7230.80025520205
7258.940945836142
7289.40049134622
7318.992467285429
7351.686958975231
7382.286913399133
7416.595869093907
7449.109237917251
7484.152826883558
7520.711915843387
7560.09563009508
7604.1690724249365
7654.179869386079
7711.648757884368
7773.5386197646585
7832.164964713577
7884.863674001926
7932.074206624103
7986.580666288264
8052.287826754498
8061.03214442269
8062.697696971493
8090.336808405486
8107.277040564131
8141.4318150536255
8203.36267016136
8264.219382430761
8294.247233570459
8235.963037150856
7222.943912518733
7224.233779880307
7226.2691354077815
7228.912832869708
7231.928194379877
7235.032187214521
7237.938227301887
7240.370669330066
7242.140883848024
7242.979448305934
7242.969698911041
7242.0136832993685
7240.170165509457
7237.740657668135
7234.797578205532
7231.575094081184
7231.1904473893055
7236.6526864695425
7247.015589138302
7261.295117081676
7278.703298135519
7297.846644267521
7317.3752275258885
7336.403517474795
7353.206197896569
7366.357330500528
7374.571937348022
7377.007948392759
7372.741818401116
7361.899866110072
7344.073311906915
7320.657812929159
7291.934322721785
7260.223083175355
7227.014238158019
7194.4457567878935
7165.683551759032
7156.324278976041
7156.526542837223
7162.542461430351
7169.507072056902
7177.954525807383
7183.895645119168
7189.669553660178
7193.318957578271
7195.350702362928
7149.995487317189
7142.0708696675565
7153.150503876136
7173.729520180049
7199.189174577679
7229.376453405783
7257.1669505052505
7287.101796566327
7316.1327995813335
7348.059189965661
7377.740535103024
7410.872065971307
7441.8901157191385
7474.999563871041
7509.028768576319
7545.005611401581
7584.391860956728
7627.925859596236
7677.203430335375
7732.102581036227
7791.55670248394
7850.2997764002575
7897.548165540609
7948.81425462707
8009.857575765913
8006.250796131591
7974.71204134456
7971.25923176521
7994.910722922728
8042.52036492749
8112.304665115554
8189.188835619002
8255.971155380003
8288.488869730465
8230.561747997079
7223.149363312381
7224.812392625729
7227.136719751867
7229.891853559226
7232.796580996263
7235.558642365829
7237.889201810316
7239.575149402823
7240.341274451965
7240.262635174917
7239.25075153115
7237.361032976147
7234.884060582602
7231.922924393363
7228.74234150336
7228.104182119385
7232.691776076743
7241.760968544867
7254.5166895199745
7270.3468998130975
7288.034984474438
7306.394463152546
7324.691554431454
7341.368313193189
7355.02105617911
7364.406748604541
7368.491413437625
7366.543884945122
7358.027487908622
7343.175052950872
7321.9562788044095
7295.917422842728
7265.604814943827
7233.690272954935
7201.329428513503
7171.578473285634
7161.267914540791
7160.745209500006
7166.020346784084
7172.585358334973
7180.162013437422
7185.85674481699
7190.760599488952
7194.124184657738
7195.680732097121
7149.9542289510755
7141.876992965428
7152.722666368221
7173.095609184958
7198.362806916239
7228.2731426135315
7255.808410239393
7285.329348531226
7313.954346547262
7345.275641232506
7374.264483710619
7406.487881320609
7436.378344221461
7468.037744743569
7500.212987593702
7533.750281346958
7569.853956051831
7608.854707536043
7651.860729120504
7698.728103575276
7751.332859479021
7811.019593409639
7864.083660254802
7915.782491700281
7972.759567981287
7961.28970200691
7913.600212255844
7886.849246361915
7894.484202508169
7937.417477460038
8007.816669103176
8092.468183790391
8177.7562442611
8249.122046960632
8283.766501594853
8226.152151005192
7223.347224948166
7225.353448433366
7227.863641686717
7230.592586718053
7233.241332825549
7235.514552234759
7237.180121116932
7237.948242811168
7237.866072217463
7236.854814975726
7234.978587847912
7232.52280476538
7229.588434193189
7226.4634624483315
7225.599124293016
7229.411419011382
7237.307969289706
7248.630400489062
7262.915282950365
7279.127940688303
7296.220010782726
7313.5775939848845
7329.818341901949
7343.665068682651
7353.9023027720905
7359.4431579052825
7359.467624627352
7353.291014134812
7341.0733319235505
7322.447669933512
7298.918439200759
7270.6307367941145
7240.195899812705
7208.503088346998
7178.487299064159
7166.318807141947
7165.200615950884
7169.400585317283
7175.713776821577
7182.325608071498
7187.746679338093
7191.900142300086
7194.863999671216
7196.093595968917
7149.959077393995
7141.753232025304
7152.411062343246
7172.591067695765
7197.719552937948
7227.4114606582525
7254.766371728409
7283.9570854463755
7312.303716201684
7343.143010438316
7371.614189897143
7403.129206645068
7432.164643503673
7462.7201440711015
7493.513116295631
7525.267101045572
7559.025304945159
7594.861381461006
7633.498770132364
7674.225108351804
7718.967072241505
7772.025695037464
7825.914552544575
7883.6777725423535
7940.016905823705
7921.6146606266975
7861.003510542695
7815.293768196657
7802.444098910769
7830.101184765629
7893.52691700237
7980.075425541625
8076.050190863779
8168.182882295486
8243.49274324092
8279.905323458468
8222.557371064979
7223.532694818824
7225.807323713683
7228.384283818295
7230.951524471595
7233.203674177234
7234.895069360774
7235.729934400316
7235.717198126519
7234.769421182088
7232.955539804476
7230.566565368624
7227.71508481211
7224.680225914529
7223.627904296701
7226.733215335984
7233.567950121451
7243.574901398588
7256.393201886481
7271.139200443498
7286.908851360732
7303.195537223624
7318.763006683289
7332.483146242238
7343.228484359948
7349.948559428949
7351.6894217018635
7347.743544145784
7337.915272549643
7322.060230722403
7300.850295271127
7275.176771255035
7246.161903072376
7215.9420245501715
7185.994160711532
7172.02368409954
7169.599451627735
7172.914532029647
7178.623259522617
7184.575598324422
7189.456775088168
7193.143693076741
7195.550252442473
7196.563946169518
7150.033252064257
7141.668589873907
7152.194302732546
7172.182937012016
7197.204842545688
7226.72986746199
7253.964624908963
7282.886158863606
7311.062287933657
7341.513585073602
7369.604024680462
7400.560258630574
7428.9469648784525
7458.65064502065
7488.398505372846
7518.826147141579
7550.870296926183
7584.451488174301
7620.055720928988
7656.510285887185
7695.251171788333
7740.682048436479
7787.975602246609
7846.817687573323
7908.019272610295
7886.6268178455375
7814.505029610975
7750.584947584659
7715.573622511516
7722.798732448904
7772.704527201518
7855.261507542539
7956.567865906385
8062.197765246033
8160.262433241982
8238.885429003447
8276.748876036036
8219.64062932482
7223.6885743154935
7226.132349080302
7228.651232576646
7230.921359536876
7232.679057862596
7233.628334050304
7233.746858857466
7232.931904521431
7231.238466830343
7228.954764581247
7226.217979127717
7223.313648995712
7222.129841012048
7224.610228937259
7230.469552463726
7239.269234168813
7250.724137239833
7264.06142144807
7278.4919853977435
7293.620436474488
7308.3488669797625
7321.682146661766
7332.6032365884375
7340.1448304285
7343.3393604995135
7341.39176552802
7333.905394138814
7320.650477765888
7301.934271730584
7278.810235675519
7251.696623997842
7223.127645720297
7193.76085940293
7178.177816077452
7174.135130664392
7176.542320878298
7181.320034704872
7186.841528950389
7191.02154585869
7194.400954221816
7196.26583889058
7197.0394689268305
7150.214263218288
7141.6091773901735
7152.051782909124
7171.854681983561
7196.775175390883
7226.179271765357
7253.345061577844
7282.038441074603
7310.136876166484
7340.273861710363
7368.0919774887225
7398.6021044620065
7426.499559909202
7455.537376802016
7484.485808960959
7513.913479082148
7544.679401326201
7576.616151894537
7610.071583818078
7643.564959447531
7678.139362952941
7717.764982499406
7757.5131866191305
7810.107042511772
7871.241591638347
7854.495611092234
7773.909856988004
7692.978910087431
7635.086273719753
7618.40125025683
7648.955210762576
7721.0565942682415
7822.270008259666
7936.535026288885
8050.672126434945
8153.744276109967
8235.113769214406
8274.184062336146
8217.271653853448
7223.800406804483
7226.299251527717
7228.629144730579
7230.498596190033
7231.607033863759
7231.9014393107545
7231.276174786677
7229.766308485714
7227.6380145596495
7225.043221903792
7222.286285802031
7221.0247492758235
7222.975902274995
7227.963721669275
7235.648061848624
7245.83605940969
7257.8459430105295
7270.972353645034
7284.90013006487
7298.669937256642
7311.419492801141
7322.240114816972
7330.254824971611
7334.560775795067
7334.322306203168
7329.056462347469
7318.2679419988135
7302.184745193619
7281.452231813812
7256.716488921307
7229.705369279591
7201.725271865062
7184.249057205665
7179.029031466574
7180.112828373911
7184.046550971627
7188.907577121499
7192.586184493568
7195.51284095953
7197.085744256276
7197.484176479624
7150.514037227314
7141.592152022324
7151.958978946805
7171.603552053671
7196.399932785425
7225.718032278352
7252.863476820753
7281.351983587306
7309.452292366074
7339.335955176832
7366.968530046421
7397.117620034326
7424.651972100626
7453.162524196502
7481.49291361659
7510.158819208999
7539.95429618279
7570.665785720115
7602.563215120291
7633.963281787692
7665.654960072496
7701.2666233655755
7735.284180447524
7780.672845720854
7834.539557232429
7822.496767543727
7738.213763636849
7642.724811652641
7562.465746695298
7519.839133515306
7526.147810223158
7581.1660953184255
7675.857101624653
7793.862417127563
7919.733141889284
8041.1473183021935
8148.381885769643
8232.050245875915
8272.096453222168
8215.350948062978
7223.858148845715
7226.285897882682
7228.316018238715
7229.634329299065
7230.148648646964
7229.753937326081
7228.476620577402
7226.557168712695
7224.144774410675
7221.550715774853
7220.240637996871
7221.747873127864
7225.976973155934
7232.658949112496
7241.669991627751
7252.431973709669
7264.311722990411
7277.048807333849
7289.790771580503
7301.806970658495
7312.305132368822
7320.5005154267765
7325.567509897779
7326.700766940995
7323.384611070265
7314.964728727741
7301.481899443541
7283.247909621296
7260.943068720135
7235.743578640988
7209.405602111664
7190.253276643743
7184.00669656204
7183.702984882454
7186.849791809578
7190.776610950163
7194.134621410396
7196.464235835452
7197.947461054448
7197.93680177094
7150.883691385699
7141.665602948207
7151.892576870627
7171.431843269918
7196.066216534329
7225.30888312267
7252.485579176124
7280.778515147155
7308.945375430388
7338.630702925981
7366.148462273314
7396.000461938758
7423.27424376639
7451.362014496861
7479.209318065206
7507.2902963734205
7536.336797497715
7566.116947640901
7596.86019200913
7626.747545576909
7656.405157409305
7689.252222231735
7719.317055917853
7759.240599584064
7804.995479326428
7792.520495709837
7705.854268738701
7599.328670212758
7498.525796070588
7429.477181277796
7408.091830178632
7439.819037850621
7520.945703420792
7636.485171276011
7769.83276338887
7905.758310624419
8033.286547397784
8144.009478163113
8229.55675005431
8270.400598985902
8213.795473584581
7223.854371205585
7226.091062949279
7227.674318731885
7228.460582730871
7228.338334842654
7227.327161231365
7225.654324010633
7223.465828925386
7221.064349399703
7219.733858378544
7220.8556434938855
7224.423678936409
7230.22220720392
7238.1700162126945
7247.766634757452
7258.461710313134
7270.040938039331
7281.737917716819
7292.924104854283
7302.923551756082
7311.056796813153
7316.5797628428645
7318.743764569235
7317.0369460161955
7310.765647274597
7299.769912585136
7284.157067255948
7264.285147257417
7241.251331144157
7216.496732542948
7196.217447607052
7188.740838283404
7187.489515760487
7189.556437053634
7192.702787255657
7195.496059227375
7197.388507545745
7198.680449837408
7198.474852342135
7151.243420521926
7141.870588141819
7151.851628170554
7171.332150565748
7195.782608627688
7224.920117472108
7252.181712745339
7280.28238050537
7308.560950110887
7338.101570592096
7365.564659047376
7395.166849834816
7422.265878031874
7450.011418291061
7477.47629411335
7505.105374181448
7533.564520561586
7562.622494846044
7592.493294576585
7621.266265961671
7649.456846031931
7680.361939000264
7707.717600720571
7743.8724368790445
7783.296694088588
7767.785554006774
7677.243972695118
7561.785883372962
7443.285273459547
7348.809805633266
7298.0422362858335
7301.477244009669
7361.90655086683
7467.829754862052
7602.85142110663
7749.710522926825
7894.165588090362
8026.862487259412
8140.4385223535955
8227.531849715373
8269.02502654855
8212.535951828078
7223.788489330849
7225.690630216243
7226.804696925878
7227.005697718486
7226.297749928844
7224.893912329577
7222.954543097036
7220.773220291629
7219.462292017318
7220.2550781814325
7223.233982800785
7228.249905918027
7235.251104190344
7243.791003460068
7253.374924758505
7263.841543809085
7274.501462094494
7284.811539928692
7294.187931825035
7302.05945708855
7307.777082813591
7310.6641754558905
7310.23134930094
7305.787994471217
7297.07932997286
7284.038403218583
7266.716997089715
7246.033405549728
7223.041829522362
7201.904049003465
7193.2522441531655
7191.311810104539
7192.2268277037465
7194.751465350138
7196.729051692997
7198.327924546736
7199.234082480667
7199.068919178522
7151.573386693596
7142.181355504157
7151.876718736814
7171.279850871289
7195.57310845909
7224.53401718537
7251.921204882331
7279.839862723458
7308.250340776022
7337.69911761811
7365.163064861328
7394.549435502653
7421.5472528784785
7449.01564661218
7476.173259617865
7503.451340267891
7531.442536071135
7559.928177793456
7589.125757367823
7617.064417921566
7644.177041808932
7673.687066821511
7699.1575235668115
7732.716701523178
7767.535330591046
7748.56513510049
7653.565715644966
7529.781132430384
7396.14577798347
7278.4162382018185
7198.353655409677
7170.261597041001
7203.67218010832
7292.260860391387
7421.964636847959
7574.460574870073
7732.9300831423225
7884.652073693967
8021.607113707163
8137.530409027247
8225.890414164145
8267.909469647973
8211.516744757411
7223.65217209211
7225.148858133815
7225.72824595711
7225.36970787008
7224.261928219279
7222.581931868908
7220.630872071784
7219.372547015164
7219.90022535498
7222.360704088538
7226.672283430138
7232.825476824884
7240.417891798007
7248.990951405078
7258.409412119662
7268.059832957253
7277.476029633279
7286.154424568307
7293.61362250256
7299.304468625755
7302.639849610887
7303.175708152643
7300.231030465436
7293.5261047103595
7282.863302930162
7268.126318609303
7249.898443772232
7228.999819589365
7207.459146543034
7197.6494412857155
7194.88790568454
7195.040863127353
7196.765968179989
7198.121474946558
7199.196596760058
7199.762870569619
7199.566109998115
7151.930888868703
7142.501459763563
7152.025052908758
7171.251326085645
7195.454685088443
7224.160162845753
7251.670593000134
7279.43647090294
7307.973448961029
7337.376178125569
7364.89810792928
7394.092862674285
7421.052699096549
7448.301039193415
7475.2080890271545
7502.2118174602965
7529.824437996738
7557.845087680782
7586.510622640819
7613.81588541056
7640.124994476755
7668.6126157739845
7692.751474273388
7724.479643353847
7755.913712288956
7733.745946140219
7634.6876421269835
7503.373625059436
7356.507770723323
7218.125138048968
7110.314445531303
7049.485038285755
7051.112350192255
7115.021283693942
7231.4211436917685
7382.905610738136
7550.634552506503
7719.101803807672
7876.843642666314
8017.32191236237
8135.167590143051
8224.560009625904
8267.005509401282
8210.692568483903
7223.467709968949
7224.479400435792
7224.519966690504
7223.744745257942
7222.339781587153
7220.61530309686
7219.421563113516
7219.73462638647
7221.7520242107075
7225.437370156748
7230.822679478244
7237.559833047604
7245.22309753757
7253.684337498349
7262.378741057345
7270.91073620313
7278.848455369093
7285.791848988346
7291.27934682251
7294.8208518460915
7296.043803823388
7294.294883374928
7289.286057300848
7280.742986257055
7268.446933367464
7252.724360069187
7234.1375405282215
7213.617527372358
7202.014349484742
7198.247531702839
7197.873513661174
7198.747495171698
7199.737174916176
7200.062993044817
7200.389099694591
7199.920773912877
7152.328602793717
7142.7611158601885
7152.293153269769
7171.263467757873
7195.4118850062805
7223.839692779171
7251.402979088685
7279.0602656768615
7307.703800409529
7337.085681391494
7364.727609082831
7393.750968428266
7420.724971550196
7447.808776804148
7474.510088562606
7501.297076570905
7528.599279262807
7556.231490773057
7584.463771823674
7611.281653004936
7636.985930793402
7664.710998057248
7687.902287600068
7718.301832063001
7747.18452038125
7722.216307979872
7619.763274537546
7482.063968115676
7323.817161407096
7167.351399415173
7034.230871677362
6941.344034374363
6908.466392520224
6941.5917576921365
7036.632214267512
7179.106538269478
7349.895404239805
7530.900645596639
7707.715583076066
7870.459718725126
8013.837139663623
8133.248794429959
8223.482517249899
8266.273744386406
8210.02615385533
7223.23994163037
7223.728824659761
7223.325124261711
7222.219850114887
7220.723459557593
7219.59168034588
7219.715891960464
7221.347072239147
7224.4865255452
7229.1848088844545
7235.146491525019
7241.985787869216
7249.581636902334
7257.400309417199
7265.089162361771
7272.278172776862
7278.638901475882
7283.792085588546
7287.337155053041
7288.98836776685
7288.148923211329
7284.540462232433
7277.846398704742
7267.754497476529
7254.45650237675
7238.248679234977
7219.795570398236
7206.619276043884
7201.600188981677
7200.5411611687605
7200.810696635133
7201.386544403889
7201.165572783008
7201.07800225592
7200.313307213881
7152.6798059913945
7142.999324591592
7152.58082682493
7171.375405522525
7195.406350413011
7223.621453607138
7251.121933910195
7278.694300039972
7307.43247951953
7336.784396328085
7364.607195812428
7393.484945332432
7420.511649808674
7447.488821812378
7474.024644581562
7500.637037460066
7527.682070544815
7554.980565449052
7582.8462810573365
7609.283445288618
7634.530174260397
7661.676757749368
7684.196886757779
7713.605199683193
7740.5223150066195
7713.14691939229
7607.941761010594
7465.014337975242
7297.25748515895
7125.279990881805
6969.697254371356
6846.844657694001
6778.88600774703
6777.059586792014
6843.5423503369275
6968.530434965885
7134.547980198373
7322.400862604142
7514.587620185726
7698.383157160581
7865.257188805131
8011.005335432365
8131.692269781499
8222.610816160095
8265.681450307202
8209.487567880891
7222.98479282435
7222.98976321676
7222.20996779246
7220.9513335358115
7219.882397576428
7219.826245885658
7221.101145746254
7223.753475291449
7227.84647990037
7233.114476129028
7239.20829016209
7246.01885278731
7253.044092467533
7259.957225030552
7266.425093822757
7272.177505148932
7276.906689185597
7280.298224007005
7282.151160617411
7281.948364902472
7279.4511362460435
7274.332320421998
7266.195947189292
7255.13816424855
7241.264810128494
7225.020215514805
7211.137983931281
7205.102002946665
7203.125956640164
7202.9104375967045
7203.0009626839255
7202.531125760504
7201.860855992851
7200.915851435837
7152.973417427633
7143.284257549947
7152.798180621454
7171.605334366155
7195.434844723905
7223.515353841528
7250.880487247098
7278.321304033617
7307.163552107703
7336.445026966838
7364.486584066914
7393.261210647999
7420.364215897209
7447.294260644007
7473.708564568875
7500.176304959987
7527.00662256244
7554.011719107853
7581.552748048554
7607.686547900268
7632.58737899976
7659.286336082936
7681.342636171262
7709.990147194531
7735.373578720746
7705.944492220755
7598.54402893457
7451.407210527986
7275.866078094158
7090.88230604195
6915.858318141948
6765.982079454612
6664.2225093299585
6625.528327913918
6657.969617753581
6757.448976571192
6910.03584322064
7097.202742284028
7299.572609962061
7501.175357392937
7690.762921958869
7861.022243189728
8008.707027610707
8130.43141445473
8221.905570766621
8265.202380338109
8209.05237628299
7222.734383810361
7222.3034423573545
7221.2918035067605
7220.2913429053715
7220.064087973507
7220.994403506715
7223.190803140162
7226.736171349742
7231.391668388809
7236.822606564912
7242.925766261609
7249.231975963392
7255.440378704212
7261.241296765635
7266.398184707808
7270.660253721385
7273.786934623649
7275.659483602763
7275.846700478938
7274.176005214849
7270.34540001248
7263.91446116447
7254.88305361102
7243.2225526827
7229.175637710349
7215.058573100516
7208.508436135143
7205.801106862526
7204.975566607804
7204.655590389894
7203.954067100613
7202.857468301793
7201.705209394388
7153.383196117287
7143.606093077802
7152.997322425975
7171.864553325604
7195.55681210699
7223.482481658825
7250.755612656436
7277.953364153759
7306.899537220064
7336.0716217670015
7364.31417066073
7393.047117747813
7420.24045505356
7447.176774081554
7473.5251694692515
7499.870804708467
7526.520016620601
7553.2640960589215
7580.503402237341
7606.388519634793
7631.029623260808
7657.372936064524
7679.128225220664
7707.172404580297
7731.3576343019895
7700.178497814304
7591.049612024431
7440.554599710991
7258.724876539515
7063.025351296827
6871.555368085125
6698.013045847323
6565.072038384018
6489.749550843208
6484.91129806939
6552.27911894746
6682.845037460018
6860.678484527258
7066.042881222147
7280.738755294324
7490.197030339823
7684.550381139153
7857.580390556592
8006.844630367892
8129.410221360066
8221.335388625403
8264.815012841033
8208.700800340554
7222.502972460209
7221.743708453985
7220.813878205922
7220.425531100958
7221.021810166224
7222.775078587249
7225.803026305881
7229.90225555737
7234.751168236082
7240.229754225444
7245.894487303605
7251.466454363323
7256.660457051254
7261.261053527465
7265.053623764869
7267.854068031375
7269.614194172145
7269.987949038837
7268.879616576429
7266.042000727213
7261.040988300613
7253.807788063304
7244.1978637914335
7232.271289988269
7218.8434704364145
7211.51670963588
7208.436627552593
7207.06860889291
7206.363474967369
7205.344755423827
7204.033488207795
7202.60402866311
7154.04805623305
7143.962606705828
7153.298670286193
7172.068364246568
7195.804051623592
7223.5069348411525
7250.774470550591
7277.665374831668
7306.635297297375
7335.70174557441
7364.057061667985
7392.805126380814
7420.108581793495
7447.0857766286745
7473.438229231913
7499.685573306936
7526.178479309696
7552.691170915394
7579.638764561638
7605.31168661355
7629.759960244614
7655.8105649743875
7677.398933073865
7704.944174411323
7728.206439960107
7695.529030210379
7585.059039201381
7431.89840559079
7245.036166791479
7040.616435935872
6835.485350971816
6641.714831344429
6481.004062424874
6371.040206682441
6328.03061791541
6358.815515842839
6459.8646035682095
6619.443985400899
6819.273796549458
7040.23569963686
7265.281117446058
7481.229383281231
7679.495172472138
7854.788243775225
8005.335800060852
8128.583879337874
8220.874514317979
8264.501893354853
8208.416830693945
7222.315814327181
7221.452063208572
7220.904613041377
7221.175024745104
7222.496181325021
7225.0192494537705
7228.592089117987
7232.914659446478
7237.849035896562
7242.955710145584
7247.967185718078
7252.615777879764
7256.709142463599
7260.056376051777
7262.511548932322
7264.079229112874
7264.488430566408
7263.720282309414
7261.59675949999
7257.730749061679
7252.030556988169
7244.270056760235
7234.354957765283
7222.595163204377
7214.354507129365
7210.816139623348
7209.152751301035
7208.090793588344
7206.777023071452
7205.247775817676
7203.600337131127
7154.885694469091
7144.457830586579
7153.712978106528
7172.295855917488
7196.09233685129
7223.650546527486
7250.884191632701
7277.5660099827655
7306.388501961349
7335.380707060067
7363.731583700037
7392.493567111569
7419.948015381238
7446.974566715004
7473.405398612126
7499.592384803236
7525.945043370522
7552.255626661395
7578.915793204413
7604.398311977089
7628.704303797078
7654.504182362568
7676.040092293393
7703.150171066922
7725.72715353148
7691.753534672958
7580.263268754639
7424.989986544514
7234.131281872895
7022.679084251209
6806.35722770462
6595.630304540069
6410.879633458142
6269.443112370363
6189.434722253418
6181.5922178084
6247.572882842683
6380.750066268911
6565.951123614062
6784.836101740745
7018.990858292394
7252.6275805972155
7473.921123565185
7675.390308354723
7852.52413156497
8004.11460689317
8127.91547445452
8220.502088861356
8264.248867454548
8208.187501444727
7222.218161289614
7221.503428528231
7221.445125819734
7222.340248694498
7224.368691076259
7227.428792576975
7231.256044092782
7235.701587551632
7240.330680723972
7244.864272526064
7249.041279350526
7252.682746390392
7255.622256032014
7257.740642467184
7259.078547007763
7259.424626885725
7258.827697991505
7257.182764786309
7254.164975841238
7249.7027307603585
7243.541415537813
7235.479626828656
7225.642904620645
7217.060899711425
7213.029476991093
7211.097835247632
7209.805125449608
7208.299873905662
7206.48801803073
7204.688123343096
7155.7500319573755
7145.157845634734
7154.18162177833
7172.684240011894
7196.343786038009
7223.950903549592
7251.046345939327
7277.688025148944
7306.2449613636
7335.129443009271
7363.413247105218
7392.089035820532
7419.741820092191
7446.813603568889
7473.375170364148
7499.565137658563
7525.789211542118
7551.92451203824
7578.304388125099
7603.607588167628
7627.805677670114
7653.383826851041
7674.9654623861625
7701.673175074809
7723.777478589139
7688.665542345608
7576.421364971095
7419.469999787343
7225.459319028845
7008.374098687602
6782.982814511281
6558.258049473891
6353.159573721032
6184.042490631211
6069.741205465055
6023.522869013805
6051.298124582527
6151.64346546532
6313.597493035233
6521.256657890958
6756.392749946362
7001.558353611493
7242.298141068028
7467.979543550105
7672.059180542222
7850.690309806808
8003.126653673335
8127.375030941586
8220.201215488885
8264.044450313795
8208.002320619875
7222.23403001982
7221.831415422178
7222.293231106076
7223.830688299904
7226.389317340345
7229.738217327023
7233.728464135214
7237.936412427248
7242.072201851497
7245.858204426268
7249.117945758677
7251.698033088831
7253.505674403261
7254.606291822948
7254.833841891579
7254.290339394532
7252.940306041828
7250.523199235681
7247.011778876482
7242.163224250711
7235.726668995501
7227.690206020935
7219.2626851738405
7215.081393849869
7212.907513471224
7211.457684216538
7209.871628782091
7207.850675685244
7205.855894745524
7156.633756456107
7145.956420375181
7154.729896454426
7173.196593775415
7196.646183021161
7224.310023626791
7251.314698015223
7277.937826622799
7306.320072468611
7334.96196905913
7363.191169889174
7391.629630114111
7419.468449834267
7446.601289553446
7473.295047489513
7499.5715097812445
7525.687820212523
7551.665710623111
7577.7831760313165
7602.913576290078
7627.020571053982
7652.401042354062
7674.108809231667
7700.426281894788
7722.24811259177
7686.1213167758215
7573.343464591641
7415.051724063141
7218.5712556942535
6996.997172806198
6764.316251357675
6528.173640603858
6306.154269383914
6113.314500233513
5968.363082396823
5885.858488105384
5874.73220856923
5938.149435134897
6069.722641053559
6257.222701225935
6484.210862965345
6732.992277655063
6987.300985290009
7233.889200409729
7463.153174320813
7669.359489255654
7849.205863589815
8002.327733027314
8126.938212901412
8219.958194359535
8263.879334647036
8207.852801408308
7222.3430059204165
7222.350594902493
7223.386028529465
7225.446766680971
7228.332693426884
7231.88829512924
7235.712956036019
7239.5080573213445
7242.981227286789
7245.936705359821
7248.2233582315985
7249.760480048659
7250.638474264731
7250.723662221449
7250.160939213423
7248.969011592395
7246.955017840499
7244.145289233162
7240.324932798726
7235.238778526437
7228.803797613166
7221.171339771769
7216.751609267835
7214.556844850914
7213.024127618517
7211.424910498846
7209.330853109758
7207.124932917528
7157.6175901465795
7146.748682854218
7155.394942450954
7173.7083980769285
7197.097516765857
7224.631858605955
7251.7108537959775
7278.224612128716
7306.616420862573
7334.940582043435
7363.098275437804
7391.2307807868965
7419.118513581081
7446.355712039787
7473.134916844726
7499.564832741635
7525.623423247782
7551.448268520579
7577.33370470008
7602.303001069327
7626.317739139181
7651.525585697869
7673.418387427908
7699.349341039304
7721.050100613845
7684.011453693767
7570.877583836962
7411.507203618513
7213.104081143658
6987.966735206875
6749.46416968148
6504.0950157732095
6268.197604584215
6055.438994824175
5883.881665309363
5768.419550319627
5719.775691062465
5744.675417460249
5840.947960494081
6000.616715944523
6210.321796132659
6453.6472085818805
6713.814654890298
6975.677221277681
7227.051264321553
7459.238615957429
7667.173070774948
7848.004876142082
8001.681933903378
8126.585250943223
8219.761931000208
8263.745982468567
8207.732086933182
7222.517121516164
7223.024574645542
7224.576021323628
7227.005878097449
7230.146299975808
7233.615808124797
7237.111377232373
7240.329536513136
7243.056656833733
7245.122599668372
7246.449902263645
7247.136263233057
7247.082062674281
7246.459383605759
7245.3332952553665
7243.570266840249
7241.255090814701
7238.213241700084
7234.206635867256
7229.12429549604
7222.835717994592
7218.120484994399
7215.900762500362
7214.4427901335985
7212.900305460938
7210.835193952535
7208.511401660076
7158.736059297415
7147.60418021137
7156.123646362775
7174.234585269394
7197.604701896278
7224.976554218553
7252.113631235183
7278.565197416213
7306.984467693459
7335.138257111052
7363.117373064262
7391.01261219813
7418.7444720093945
7446.088765152848
7472.910813711162
7499.48964642871
7525.575002720549
7551.2482730724205
7576.934311735099
7601.771007468196
7625.67992013059
7650.740477689014
7672.854614358694
7698.406681573525
7720.106966196725
7682.255254165359
7568.899584464126
7408.655952198427
7208.765802033707
6980.808537400751
6737.679323180968
6484.909232183529
6237.751209598882
6008.534196859632
5814.411236661523
5669.970988083629
5586.702387843185
5573.747878556578
5632.318173366033
5758.560364169806
5942.906527238989
6171.512934864895
6428.544016448111
6698.154258354429
6966.21376143527
7221.50045143227
7456.066306143731
7665.403460545329
7847.0336978067935
8001.160068326348
8126.300110544913
8219.603445063432
8263.638298575626
8207.634633068825
7222.744657282629
7223.76106158523
7225.727093866262
7228.464040570747
7231.605157646631
7234.834926361326
7237.843497605917
7240.399631305856
7242.317387924782
7243.501842850103
7244.048930417974
7243.877774483246
7243.185839541905
7242.069955222478
7240.449608403072
7238.459957436949
7235.983829762503
7232.812742151518
7228.829679439608
7223.861067347527
7219.210681456964
7216.949474805359
7215.592950828434
7214.216437840247
7212.291512815942
7209.962889713701
7159.975883500795
7148.626154948068
7156.913843902797
7174.859289793901
7198.068954245075
7225.401897109676
7252.429610720883
7278.953160006703
7307.306234214973
7335.494864364097
7363.259586138598
7390.989909916864
7418.476112529938
7445.804305367398
7472.674938332051
7499.313945527469
7525.503198517855
7551.056054376423
7576.558467707755
7601.313280690722
7625.107302481581
7650.03526208694
7672.39066957282
7697.582694514076
7719.352650852243
7680.795130022994
7567.306802861006
7406.3554911332685
7205.322284091629
6975.139315655106
6728.346515931724
6469.674402683346
6213.455902654522
5970.809338476818
5757.894288387841
5588.626954321141
5474.519323918831
5426.102932980087
5446.939728473659
5536.651024803463
5689.50140774599
5895.008872649379
6139.564393641513
6408.009534944236
6685.387732425253
6958.52434933282
7216.999055863778
7453.49744525499
7663.972016509151
7846.2486525935
8000.738453155838
8126.069796266282
8219.475480224612
8263.551350372505
8207.55596552232
7222.994110715307
7224.47542426051
7226.806407647702
7229.637811878541
7232.635739547635
7235.474205171884
7237.907801267837
7239.733845348654
7240.842711957088
7241.309390618851
7241.065726920892
7240.316760587032
7239.192104210635
7237.6452623672385
7235.855564796037
7233.764909793758
7231.209744194769
7228.093554149443
7224.220315916575
7219.8459584710545
7217.7123142489745
7216.459780689464
7215.279260518017
7213.618143292008
7211.401081019378
7161.298559644587
7149.802273123432
7157.866324528097
7175.613063609855
7198.580737435525
7225.849567694565
7252.727083388597
7279.278453095859
7307.60213323746
7335.825337737551
7363.54351984903
7391.085109189322
7418.41924545294
7445.548589689524
7472.465265754012
7499.069243521736
7525.3516015874375
7550.872045338679
7576.1839983838545
7600.915818335933
7624.618110246307
7649.4008560795355
7672.013732568378
7696.87334758568
7718.735301866691
7679.588722659519
7566.015594072741
7404.4934004804245
7202.585996579643
6970.651520967019
6720.964945577733
6457.608465819545
6194.146886285302
5940.649411164057
5712.307235924062
5522.201718401435
5381.397879455393
5301.019396677084
5285.997048145797
5338.514100695664
5456.174109812595
5632.012298850706
5855.486045544645
6113.38367580321
6391.246268407199
6675.003755153635
6952.283898866747
7213.351917337777
7451.418637098586
7662.814627805291
7845.614255847862
8000.397888301704
8125.883797367431
8219.372166011524
8263.481156637401
7223.2366285480675
7225.146822495734
7227.675188533311
7230.467727476725
7233.176728474572
7235.532087219439
7237.3167704254565
7238.404513850772
7238.851625917444
7238.585498966227
7237.813868853515
7236.681466529766
7235.176457136797
7233.50647313795
7231.662511289578
7229.534790302116
7227.070335302502
7224.075614391661
7220.366086554154
7218.124553632697
7217.053148670615
7216.066819978505
7214.717310852203
7212.73757539893
7162.617367451083
7151.058710593416
7159.009626010909
7176.530356135647
7199.269705279905
7226.3306653109
7253.090732047666
7279.506719288128
7307.8863685058905
7336.040315852688
7363.877347636333
7391.254332357458
7418.531264925695
7445.43041966875
7472.282420822897
7498.839406203995
7525.090412926004
7550.6846791346
7575.810871691238
7600.5507759951015
7624.23826127834
7648.83247440293
7671.72204895548
7696.276107516659
7718.2237725185605
7678.5984290638135
7564.962112158546
7402.980296067927
7200.407055259335
6967.099535991691
6715.1304476856785
6448.070957765896
6178.848141357781
5916.65022264994
5675.784552471074
5468.46917292857
5305.072409157148
5196.7645948246645
5149.051248600477
5165.749187453968
5247.002582729017
5388.985657469037
5584.465499689382
5823.040024374788
6091.980145586807
6377.596501015212
6666.5694725442845
6947.224614965375
7210.3992225020975
7449.737273814051
7661.87915023814
7845.1017102719325
8000.122841508116
8125.733602890063
8219.288767065114
7223.464898473921
7225.687140768228
7228.289850418977
7230.903525827585
7233.226234352868
7235.017990845896
7236.135698839862
7236.61330404721
7236.378422249351
7235.624968546496
7234.506715022597
7233.0342041020895
7231.442696753753
7229.752946186344
7227.9077160538145
7225.898242568774
7223.570689525273
7220.731077839967
7218.39485328642
7217.361947989073
7216.593498038181
7215.532091013165
7213.8690044186915
7163.819793714629
7152.31243729405
7160.2511872715495
7177.631441216284
7200.164593515733
7226.977654724015
7253.552251687833
7279.757657483873
7308.116443799287
7336.2111402616165
7364.114222006735
7391.496121333062
7418.682335094444
7445.512387170569
7472.147436264429
7498.680810475832
7524.776068116007
7550.457074655142
7575.466957058891
7600.19125012853
7623.97680005732
7648.342212018648
7671.514546194459
7695.784658212743
7717.810117390585
7677.782210806865
7564.103544931815
7401.743663856003
7198.666337834982
6964.287917346688
6710.518803346029
6440.542971387265
6166.754928581201
5897.6228901534305
5646.679148093151
5425.329849686984
5243.150778903387
5111.032144005843
5034.490933875077
5018.191549649284
5063.95808613882
5170.39407524174
5333.293729540379
5545.363283981933
5796.475569577771
6074.532253325202
6366.499804229781
6659.7269997504345
6943.12663154056
7208.0101997907295
7448.377926513411
7661.123230309111
7844.687700472961
7999.900732877332
8125.612342268942
7223.648473541915
7226.069342770152
7228.612305721936
7230.942813958057
7232.791971175391
7233.989573381217
7234.54676427137
7234.3889459819475
7233.69741200513
7232.622412423068
7231.198590200348
7229.666200031297
7228.082535649724
7226.417371837531
7224.708692267211
7222.8480070602545
7220.67725305879
7218.522286755238
7217.519893522126
7216.880150926847
7216.073888045576
7214.744841612032
7164.81999042154
7153.470306775641
7161.478613518539
7178.848721323035
7201.224343855866
7227.86280427388
7254.173962129092
7280.155724263526
7308.336357125837
7336.404205635826
7364.245549468951
7391.749823902615
7418.829480295634
7445.705978197339
7472.136430226895
7498.577455500354
7524.533223828848
7550.167894885329
7575.181796487891
7599.843023100897
7623.803681717093
7647.966704727133
7671.378696954298
7695.392234157644
7717.501440034182
7677.092834195906
7563.41561563518
7400.723000956778
7197.27037046853
6962.061419157988
6706.871262302474
6434.607303827831
6157.211938071641
5882.579762069874
5623.581076959606
5390.900735208843
5193.324850346077
5041.298654760192
4940.000742028571
4894.361111489863
4907.129810264629
4978.53335542515
5106.76259735911
5287.416156974061
5513.303181917359
5774.796045457679
6060.334893903859
6357.49097318472
6654.181662962366
6939.809639519835
7206.078170221896
7447.279261055064
7660.512553671281
7844.353329682365
7999.721404496121
7223.778018695781
7226.26943470173
7228.64065576064
7230.592072943221
7231.922269542494
7232.608130450343
7232.574188436264
7231.983648020985
7230.986770446448
7229.628586305498
7228.160324034172
7226.653715731556
7225.1138078632175
7223.599127320862
7222.04790347068
7220.348210100063
7218.468429049866
7217.536930234335
7217.015136318372
7216.395098278775
7215.37953767269
7165.600838080157
7154.4534537800355
7162.61326933107
7180.067307165544
7202.3803091255295
7228.922298524866
7255.016365004529
7280.744490415269
7308.685122528897
7336.634793789297
7364.388563921393
7391.93719839461
7419.013584445544
7445.8779451029395
7472.2817681681645
7498.5137755121605
7524.435503562323
7549.880008416779
7574.955279926735
7599.557158272466
7623.665452890491
7647.744404820714
7671.29219564455
7695.096177011125
7717.302227475218
7676.488899778293
7562.88381619078
7399.867271813865
7196.147152930809
6960.29675121704
6703.982266163564
6429.930542003689
6149.690373911942
5870.712133605053
5605.3096489210475
5363.55177468968
5153.49189003241
4985.07575407916
4862.9583964159865
4791.95450588972
4775.167802308821
4813.720387428184
4907.445795528654
5054.263556087966
5249.749234086987
5487.109896394529
5757.139316159339
6048.800322361871
6350.185793514505
6649.69121475421
6937.126291107201
7204.516283877812
7446.391541054219
7660.019293258219
7844.083329033104
7223.845434829483
7226.286494610573
7228.379161056242
7229.890321757723
7230.756068892368
7230.893292806066
7230.446194039878
7229.560424383267
7228.29362866906
7226.894592869598
7225.457924409357
7224.008830004079
7222.629146111972
7221.278508237616
7219.890701980725
7218.366810433752
7217.407265787881
7217.009435778304
7216.568586999077
7215.812819879411
7166.184195088236
7155.2302151030935
7163.605867942008
7181.202078768808
7203.555646269528
7230.051545189399
7256.04214139185
7281.518334452071
7309.247050389867
7336.960414459966
7364.619828382205
7392.083950380805
7419.227383248692
7446.016517769946
7472.493307357612
7498.536323597793
7524.43739979034
7549.718852611307
7574.778623514373
7599.388175167538
7623.545608156309
7647.665961384674
7671.243922860403
7694.891036364948
7717.198903321361
7675.949814616373
7562.490757301896
7399.135545496506
7195.241888919869
6958.895886362428
6701.689439835759
6426.247289700273
6143.766692817229
5861.3647305233535
5590.892434238676
5341.906815218394
5121.811346443357
4940.063027119579
4800.7248933235605
4708.276593351509
4665.792545523449
4674.727862618054
4735.858804568287
4848.713853813209
5011.105012768312
5218.943392961981
5465.7581236928845
5742.783674605324
6039.441564484836
6344.26757413338
6646.057309475072
6934.956464119677
7203.254045321191
7445.674403765831
7659.620952385337
7223.850348862317
7226.122462725169
7227.857559151924
7228.950602296266
7229.308918828987
7229.0466021127895
7228.308661285164
7227.157056005085
7225.844310452203
7224.477163640631
7223.103135846954
7221.816450198641
7220.603526683563
7219.415277062288
7218.195802292692
7217.225950553773
7216.8696401322795
7216.600117778249
7216.075660014849
7166.592566379582
7155.820124753054
7164.43338316793
7182.216982150635
7204.6827459316155
7231.194634772017
7257.144375630492
7282.444383306725
7309.990248951448
7337.4661360891305
7364.949377482161
7392.285202131286
7419.42036960903
7446.1840929933705
7472.665068953878
7498.6753277398075
7524.465323794367
7549.741118650194
7574.682541957254
7599.33862746442
7623.498064178193
7647.659797897231
7671.2459464609365
7694.755369049906
7717.158250645329
7675.478962320568
7562.20720135343
7398.499809332272
7194.512132633725
6957.780856990943
6699.8653942870715
6423.34690730226
6139.103526344468
5854.010997568398
5579.538150575825
5324.825649067139
5096.716799311342
4904.225928400441
4750.82745169306
4640.564719249191
4576.255419129563
4559.306624204981
4590.8848593506755
4671.452462155288
4800.374932374612
4975.774543076337
5193.810769280907
5448.385945114514
5731.12922066257
6031.856110610972
6339.476477565122
6643.118010050592
6933.202550675264
7202.234200292269
7445.095197046482
7223.793283240038
7225.79599970339
7227.159979503975
7227.785236057673
7227.7531570576575
7227.198755132436
7226.192441920305
7224.982004002313
7223.693133182293
7222.382151191481
7221.166440074823
7220.04591154797
7218.992901159823
7217.968604856022
7217.020443086703
7216.671028482744
7216.4947451666185
7216.175380893328
7166.846591280573
7156.258859381947
7165.104107262176
7183.1029241433
7205.720686000066
7232.32732926625
7258.258059431483
7283.463291637395
7310.847427927642
7338.160457743178
7365.4013443186395
7392.594749818085
7419.6014148448385
7446.378967275037
7472.793108827673
7498.866446396921
7524.516958320292
7549.870011411494
7574.710094370272
7599.370141687436
7623.57909493805
7647.661050525017
7671.303617587613
7694.6577886125915
7717.137289625605
7675.088958790722
7561.993350369006
7397.946920033111
7193.922593654324
6956.890286937743
6698.410660385812
6421.062670256531
6135.433324967305
5848.230379757808
5570.609013889572
5311.376355052171
5076.902690223331
4875.819894119578
4711.058227602769
4586.199145633814
4503.6927976773395
4464.669874688076
4470.306667940322
4521.45941411086
4618.387706747493
4760.770351875546
4946.928561126822
5173.348775577109
5434.274659898389
5721.678685572383
6025.712989192047
6335.600026381271
6640.7415753067235
6931.785207582505
7201.410400910952
7223.680632004518
7225.3607731892735
7226.295597480561
7226.534737836879
7226.2017619042035
7225.372751075754
7224.286810211116
7223.0855418218125
7221.839001270095
7220.674645781621
7219.618049790812
7218.650919841606
7217.757522930566
7216.889528215225
7216.465492958338
7216.321950929976
7216.137253273322
7166.94309577392
7156.568553857853
7165.638592405537
7183.862728801369
7206.656168650136
7233.416716892652
7259.380024059888
7284.523067927832
7311.789509003687
7338.973209761654
7366.012903200491
7393.016610983643
7419.848942989709
7446.5567036468055
7472.925219763212
7499.0154993259075
7524.619754273843
7549.992682893702
7574.835611556104
7599.452470718665
7623.750762208902
7647.6814827188355
7671.378633690561
7694.581343670333
7717.096801714068
7674.781356719664
7561.809899943304
7397.475897837252
7193.441287623767
6956.177293878243
6697.24748340094
6419.263069962481
6132.544540998051
5843.688658511273
5563.594509555802
5300.805320126516
5061.297269479735
4853.3828495973285
4679.510944406027
4542.821224849418
4445.36107921332
4387.872763503903
4371.309953395445
4396.548042047216
4464.206390831062
4574.879183409025
4728.412540498388
4923.42887752832
5156.718958613206
5422.826816864101
5714.022266555952
6020.741109836543
6332.46514520528
6638.820814758217
6930.640159231765
7223.5312309919855
7224.821560370318
7225.370056218397
7225.289690546426
7224.668210136095
7223.732689744962
7222.634600192627
7221.457350541163
7220.341111617876
7219.322004581483
7218.408187359178
7217.596081380512
7216.846333239437
7216.33199804887
7216.146690791433
7216.0217039092
7166.888338994992
7156.728319930884
7166.036282620619
7184.500456473563
7207.488411844108
7234.430501978199
7260.498157865247
7285.609860894052
7312.809479021728
7339.860685703228
7366.770040899332
7393.564113944225
7420.228799143883
7446.749054001159
7473.076108773988
7499.10068989747
7524.749425863023
7550.070104497104
7574.970434901087
7599.558743346374
7623.902292665287
7647.756504691277
7671.417285995856
7694.521701433016
7717.021373173654
7674.536669545485
7561.632373356524
7397.0893446678565
7193.039114536174
6955.607876700135
6696.314272338539
6417.845156193207
6130.269985982863
5840.121368997006
5558.088194986927
5292.507864219253
5049.031025466355
4835.709652031293
4654.579817894924
4508.38206315829
4398.7725048576185
4326.0688901065305
4290.884471353365
4293.884171020549
4335.672350647955
4417.234237783548
4539.310210511788
4702.03727522318
4904.321137722364
5143.222372013102
5413.54895784727
5707.823751521212
6016.719365599654
6329.930871665538
6637.268827057689
7223.346154995091
7224.246416668011
7224.44932542729
7224.061963012433
7223.300579183029
7222.319038481484
7221.22286251615
7220.15342471831
7219.163810666816
7218.27605955037
7217.506590197142
7216.82655711285
7216.288648714537
7216.03465399671
7215.897969999128
7166.73232039044
7156.729148787457
7166.274638720382
7185.00410926928
7208.212101698801
7235.353980704143
7261.5707087636
7286.714255909943
7313.891503035842
7340.837122656238
7367.626823399601
7394.257969726391
7420.753072717929
7447.065596549484
7473.259504270859
7499.183683797717
7524.849889824577
7550.129721685104
7575.0524487677385
7599.6457749197925
7623.957858806478
7647.843721127258
7671.406195926597
7694.45762509862
7716.933501258349
7674.323507754666
7561.459850801473
7396.783770358117
7192.6933123776735
6955.158419487601
6695.561377916044
6416.729094810571
6128.477520091608
5837.319880233978
5553.767836556502
5286.001776248664
5039.404601608652
4821.819598259872
4634.936194210169
4481.147907198761
4361.754885257185
4276.661744259372
4226.098918027434
4210.404902043847
4229.937120828422
4285.7016023661245
4378.813428324483
4510.3031386628945
4680.582164602702
4888.80766106846
5132.2804839556575
5406.035590532816
5702.808561287295
6013.467490495303
6327.882833763314
7223.149632318391
7223.672072557825
7223.54458641521
7222.973941355004
7222.123413450308
7221.118164838415
7220.0999407258505
7219.136827655982
7218.262570451357
7217.503928976938
7216.855169508527
7216.305724033851
7216.007041327742
7215.826391919654
7166.5507449759025
7156.619831168339
7166.356153507601
7185.3475986377725
7208.80716443094
7236.175998459214
7262.564774050101
7287.7961837555185
7315.007555455596
7341.90394579554
7368.575958310601
7395.082537076654
7421.417756679541
7447.568952437192
7473.55287526088
7499.348461396879
7524.928801997052
7550.199265109911
7575.092492388862
7599.691359828161
7623.922814049672
7647.855480399588
7671.349621213922
7694.360138748499
7716.862911597481
7674.128757397113
7561.308832598027
7396.548866557007
7192.3914761056
6954.812091451079
6694.948709206499
6415.853415432485
6127.062654888397
5835.120107485241
5550.378641560025
5280.904368052121
5031.8592941323805
4810.922123341891
4619.495765042151
4459.679311685627
4332.463068928204
4237.374340961948
4174.265936657991
4143.1090208421965
4143.8957695293275
4177.422354971159
4244.809639352258
4347.4669972028205
4486.698207432564
4663.157010895864
4876.226836724152
5123.417179448454
5399.955137662751
5698.752608606157
6010.839105637466
7222.952507672451
7223.112115775405
7222.744797621881
7222.03766592194
7221.130629287581
7220.168128097657
7219.231908064097
7218.36377656551
7217.6024941080295
7216.9540383987605
7216.404865772252
7216.047609070777
7215.829346364408
7166.40391906408
7156.473395892121
7166.325718726682
7185.528836508938
7209.245728929148
7236.873274710833
7263.462853704106
7288.813155536942
7316.113423397719
7343.021877185167
7369.62292539384
7396.011907833754
7422.214632930945
7448.232987185552
7474.037147880448
7499.660194014691
7525.084560754167
7550.29537547737
7575.147281157118
7599.719966379087
7623.862142306081
7647.775493547595
7671.22979905623
7694.227068995173
7716.796489034173
7673.975538949158
7561.195226549869
7396.379234732175
7192.131330941193
6954.555751463342
6694.444986597197
6415.170566244395
6125.943017175321
5833.393084150357
5547.71974186226
5276.912903791982
5025.9511346381105
4802.384609130455
4607.382572313278
4442.79849923811
4309.360656636885
4206.266232064732
4133.020444060801
4089.2335916630163
4074.4901530325787
4089.257841869304
4134.432259109546
4211.434474982789
4321.949970056288
4467.521378597369
4649.02204352588
4866.033430396388
5116.242670821297
5395.03673490163
5695.473789689214
7222.7622605095585
7222.61715727051
7222.060272129089
7221.252914554863
7220.348002050375
7219.439957196516
7218.57806611016
7217.802905453851
7217.139197438937
7216.579293313375
7216.166839035896
7215.896416510215
7166.313503450796
7156.338370141906
7166.247782120772
7185.586494881438
7209.524385628241
7237.417343624917
7264.242297101789
7289.742855412456
7317.164643226048
7344.137955955312
7370.731975794391
7397.03671175998
7423.120937144816
7449.016427010094
7474.696781120739
7500.1559010877245
7525.409808559169
7550.473798550456
7575.268030245545
7599.777803340047
7623.859471274928
7647.680081524424
7671.065732175795
7694.071539675796
7716.694985702312
7673.885147764813
7561.120720299244
7396.283706560685
7191.915996094799
6954.378685278563
6694.027742884438
6414.642974308145
6125.054154279963
5832.037349977663
5545.633101195026
5273.7886538452185
5021.328611720234
4795.703737833488
4597.894542279729
4429.5521205422465
4291.187734981228
4181.717653293841
4100.341552863151
4046.3398091596055
4018.8952139838775
4018.1035015202997
4044.515640223697
4099.33335104811
4184.25839986368
4301.2144949539
4451.961745321784
4637.5668702640105
4857.780584367733
5110.43825975629
5391.0601062379155
7222.594193535451
7222.195191469342
7221.486322289993
7220.636384705253
7219.755205476139
7218.896002935035
7218.107209559995
7217.416432108276
7216.8289712054875
7216.361175484083
7216.036724253305
7166.268373865923
7156.23448630557
7166.163282097704
7185.583225736643
7209.675897315716
7237.803448058561
7264.875716691951
7290.565713777423
7318.136632025528
7345.208614107516
7371.8466773134005
7398.127417326244
7424.118366317259
7449.896568783115
7475.465827858707
7500.810966225192
7525.917736302114
7550.810790355439
7575.48747996234
7599.909852878171
7623.955397200057
7647.670248056438
7670.95192983023
7693.925150459811
7716.551262140055
7673.837084546127
7561.065496487276
7396.272080024395
7191.749578175451
6954.271171090597
6693.683628630377
6414.2398064748395
6124.34624419572
5830.972935854304
5543.9946389951765
5271.34368550326
5017.714416888037
4790.480658897017
4590.472431725264
4419.1749194968625
4276.92271929231
4162.39776677852
4074.538921263381
4012.339232277168
3974.6112153606573
3961.0832207971043
3971.917535297358
4007.9763799456296
4070.74712395595
4162.170133110516
4284.386728796963
4439.349503735672
4628.290747821988
4851.102649824623
5105.744603325518
7222.45071661539
7221.843735121811
7221.041794295186
7220.174216238098
7219.313104402998
7218.506537842067
7217.7868321563765
7217.158372078192
7216.63705385738
7216.249431058913
7166.27250122958
7156.15549603754
7166.088881249451
7185.558427270773
7209.754491225305
7238.058057480424
7265.356403795801
7291.256182744014
7319.012246645344
7346.209932760715
7372.925214505848
7399.23166753284
7425.182768262137
7450.861010713657
7476.314122044158
7501.557790505001
7526.560467151191
7551.315217169907
7575.839850882396
7600.141968400254
7624.139677073385
7647.789023761687
7670.981566170444
7693.866374679749
7716.417648913614
7673.800993213041
7560.995013088495
7396.324215766306
7191.633015953789
6954.220596766707
6693.407750329389
6413.934761356144
6123.78129216727
5830.136804960428
5542.707082168943
5269.430249269992
5014.890286010369
4786.40050610954
4584.672694371484
4411.056617569603
4265.7444938997505
4147.225853596246
4054.2215209049327
3985.482111269159
3939.4936864926276
3915.6469373426835
3913.7200876431816
3934.190787347098
3978.2116157478004
4047.508865931257
4144.241433687087
4270.74421691353
4429.134705210515
4620.783654079934
4845.701914968215
7222.333029017729
7221.572140243905
7220.708345133653
7219.833458549825
7218.999644489573
7218.244879846006
7217.571091334527
7216.998097301329
7216.541756221555
7166.324846498846
7156.106964379687
7166.018603633929
7185.526078786915
7209.791289868568
7238.226791173566
7265.703036396058
7291.804129086229
7319.767322153997
7347.126787892081
7373.946022689075
7400.309900309256
7426.269941956913
7451.893825907424
7477.240921234701
7502.367739415649
7527.275091766598
7551.93100340827
7576.32733173559
7600.485712007431
7624.396919840878
7647.998529834823
7671.16304554923
7693.962762667462
7716.392890807605
7673.792223895443
7560.900975631881
7396.384636222035
7191.5544693969605
6954.2078610433655
6693.198840096435
6413.70537469255
6123.330638313481
5829.47929015304
5541.694288918953
5267.932280359828
5012.684776591768
4783.215316868696
4580.1449666451335
4404.712768459325
4256.997557605003
4135.3322392462605
4038.258342318655
3964.326674680691
3911.7434902714913
3879.6037623789016
3867.331901646745
3875.0246969414566
3903.4543968031194
3954.0123490821397
4028.6441818883095
4129.7042701032815
4259.693348400057
4420.866778636899
4614.711602672444
7222.24027877206
7221.371523099833
7220.465464047787
7219.591956621992
7218.792140323754
7218.068862048061
7217.4417896149735
7216.91579889994
7166.432024339277
7156.089661886278
7165.960644491171
7185.48045230183
7209.800974694743
7238.335552696019
7265.952055115669
7292.219799166815
7320.387895595952
7347.93600077643
7374.895333784951
7401.3429525920965
7427.342625154737
7452.959897944953
7478.240250612354
7503.254167172861
7528.0428482857415
7552.604691129783
7576.903984165598
7600.938845664352
7624.727448343671
7648.2537974646475
7671.4185014191435
7694.192316305959
7716.537737143038
7673.874961302949
7560.836951687672
7396.414122405155
7191.487833973391
6954.207648399741
6693.050519681274
6413.533383647559
6122.9724549383845
5828.96134938196
5540.8966473715245
5266.758730557516
5010.963433019181
4780.730212156168
4576.613225361969
4399.760439381371
4250.161153155974
4126.022005857743
4025.7383349288457
3947.699469559011
3889.8766026575067
3851.113575996238
3830.523850554743
3827.8528962310465
3843.49590355933
3878.4631409561025
3934.3655807676796
4013.34631536912
4117.927195475213
4250.747556037825
4414.178592575904
7222.174605200555
7221.22308100593
7220.293848557115
7219.433179809535
7218.6517800039965
7217.964527531059
7217.3723015166215
7166.592391055938
7156.110283573544
7165.919075083841
7185.432849418074
7209.783721652241
7238.399175758712
7266.124630708714
7292.530385366111
7320.876220124101
7348.619391189437
7375.749943804934
7402.3178077592165
7428.382840332206
7454.024019887449
7479.283964151187
7504.22097309024
7528.889637391974
7553.330741392578
7577.53239920533
7601.470467739204
7625.140774327625
7648.554132225561
7671.679652199205
7694.459773649518
7716.801347127175
7674.084996377523
7560.890117417217
7396.442471082994
7191.424809817116
6954.195420201111
6692.947177192524
6413.403904360732
6122.689317425996
5828.552371304964
5540.267493110454
5265.838213360928
5009.621002555772
4778.7922597523375
4573.860494504331
4395.897791574648
4244.82338481316
4118.742674829529
4015.9329338010193
3934.6544980777808
3872.684182792057
3828.6572705050066
3801.4219949611424
3790.4148935442217
3795.6832988225024
3817.8591850954517
3858.172075691805
3918.432116488656
4000.9516484902106
4108.392450813174
4243.510306873841
7222.124625004152
7221.121382140933
7220.181526560964
7219.326606943754
7218.569671421636
7217.906518075501
7166.803652018455
7156.165839619906
7165.90235172235
7185.3893116664985
7209.753129486373
7238.4209692075765
7266.2359704862165
7292.752132651534
7321.2512712433645
7349.171142334219
7376.487230767643
7403.2103274775845
7429.377708945344
7455.067908846813
7480.338134031921
7505.243334862105
7529.827006369526
7554.1426171289295
7578.220637342586
7602.056880159629
7625.629665078078
7648.924885854956
7671.956516246489
7694.700813529513
7717.073718254026
7674.364424192945
7561.09500505358
7396.541988727613
7191.410604501776
6954.166479100667
6692.87282328737
6413.303179613851
6122.466380781398
5828.228235397106
5539.770340013731
5265.114818206412
5008.575153155609
4777.281650214417
4571.716494169223
4392.88745930414
4240.65942325803
4113.056998691106
4008.262534727769
3924.4347612845095
3859.191059781123
3810.9966232640663
3778.478254415272
3760.8089664148238
3757.730404382758
3769.5251226721794
3797.043371124876
3841.7151157481185
3905.5213829904396
3990.915917364844
4100.67807081161
7222.091540223873
7221.055742062012
7220.108557606709
7219.26539182466
7218.522773764858
7167.05930144651
7156.254224529423
7165.908298621474
7185.359162640539
7209.716342009704
7238.41714900424
7266.292381788709
7292.900048038586
7321.525162685843
7349.602524378719
7377.09378677055
7403.99344741478
7430.301592459749
7456.078221331097
7481.383231005586
7506.287207689531
7530.830286927103
7555.055130613939
7579.0045758691995
7602.714467000031
7626.1828188212085
7649.3773770014
7672.296656781477
7694.947155108679
7717.30245167208
7674.62123779978
7561.382985440361
7396.7406772770955
7191.514485670206
6954.153631563159
6692.827954966717
6413.220407891215
6122.290023342024
5827.969960463459
5539.376516835935
5264.544861054583
5007.761544919131
4776.1045859384185
4570.047826053763
4390.5431033871155
4237.4137205085735
4108.6199910244595
4002.268173160298
3916.437724038209
3848.6164696968517
3797.1322521096836
3760.4301423422166
3737.4632174556245
3727.7127081263816
3731.153781226073
3748.285790864342
3780.160240799125
3828.379348757794
3895.0669383844106
3982.795617496041
7222.07082498552
7221.012789111575
7220.066234717295
7219.229475897477
7167.359531164555
7156.368895449526
7165.935808785944
7185.341743352392
7209.683606630737
7238.3977191172935
7266.312502598527
7292.982544670142
7321.71303853751
7349.9221311844685
7377.5740162420725
7404.646896963473
7431.1232071903405
7457.027613536129
7482.405053903799
7507.331589901345
7531.863988869744
7556.041886561662
7579.897250593873
7603.477775431673
7626.818395255012
7649.907034755273
7672.72458532761
7695.263916758848
7717.535242898196
7674.832348820901
7561.653946173051
7396.981859060088
7191.747316849541
6954.206866963721
6692.835212169468
6413.155734600119
6122.14805909831
5827.763041012
5539.0632086514
5264.094255901378
5007.129989856128
4775.187698824886
4568.7500590108875
4388.718702607699
4234.885599338693
4105.16014190898
3997.587564095603
3910.1860605457023
3840.338687022133
3786.2636816573577
3746.2582920689283
3719.095214471996
3704.0387601196153
3700.8019889818024
3709.5750513235516
3731.058937712405
3766.4785123206884
3817.579990591127
3886.6073562851943
7222.056285412491
7220.988755479677
7220.0407995792075
7167.707825048841
7156.5082764751905
7165.979337769637
7185.337771413992
7209.655933960188
7238.374949605388
7266.308183549633
7293.019646206345
7321.825648140766
7350.145327100863
7377.933516937135
7405.169114371734
7431.816306156252
7457.881003151948
7483.374628996455
7508.361387767672
7532.9059379796145
7557.065511802062
7580.869574073614
7604.3549033138725
7627.567115174908
7650.528209496623
7673.239039120707
7695.676260869859
7717.842042851611
7675.057526312876
7561.882632845091
7397.193108026616
7192.031427511646
6954.338577146278
6692.916121042644
6413.1237270859565
6122.03277708777
5827.597261465287
5538.812020804378
5263.736549895857
5006.641336302073
4774.473690891084
4567.741505802778
4387.299919307552
4232.917754198637
4102.46417679166
3993.9354727277496
3905.30286010658
3833.864998928445
3777.753278280129
3735.1459693668785
3704.669170954251
3685.40975088874
3676.862267762266
3678.95274924308
3692.0730007681477
3717.098254970696
3755.398356799321
3808.8409244997256
7222.04930677521
7220.973470736844
7168.112539105832
7156.673978116037
7166.0373075209245
7185.343673916121
7209.635728227605
7238.35195845566
7266.292960808689
7293.024437934302
7321.8846605957715
7350.284849017697
7378.187784532986
7405.563190110326
7432.374259305954
7458.607128676984
7484.253634989221
7509.34624949854
7533.940429815631
7558.103316489022
7581.882855548681
7605.313953966734
7628.431426219042
7651.266225149938
7673.850473127919
7696.180221163584
7718.244166507593
7675.365059093136
7562.125121885165
7397.377725426741
7192.276714498125
6954.504038371236
6693.0534346822515
6413.140233433604
6121.942565041734
5827.466755605567
5538.608405125191
5263.451382032615
5006.265105369805
4773.9178027917515
4566.9583556724565
4386.197299898363
4231.386979298963
4100.364874272841
3991.087769820213
3901.4912847406786
3828.8062203547424
3771.09558035145
3726.44242830881
3693.355003813077
3670.776416266196
3658.0223734124447
3654.798308151373
3661.2316183354205
3677.8890691673205
3705.791636357765
3746.4317710669375
7222.043200559789
7168.583857262019
7156.871683958327
7166.11038605303
7185.358270846139
7209.621255524079
7238.332960157709
7266.271887967509
7293.011431242968
7321.904536455094
7350.363547769995
7378.3511885272
7405.8446371553155
7432.798077551423
7459.195141913888
7485.006761728571
7510.2452367238175
7534.936066522374
7559.139418910936
7582.914744029707
7606.316130893832
7629.377276899804
7652.118639180548
7674.5792224010975
7696.783692709102
7718.737944932111
7675.775545014325
7562.448207955489
7397.606208518791
7192.476768802817
6954.655631595755
6693.190515677848
6413.200283410489
6121.876403446845
5827.369024133159
5538.441968256449
5263.223238650855
5005.977675589413
4773.485107274822
4566.350748451626
4385.340942495518
4230.196858588282
4098.731243070292
3988.8686692285382
3898.5180293448084
3824.855760681977
3765.8912368932088
3719.6317057691176
3684.4912100404163
3659.297724164908
3643.221982775336
3635.788495541138
3636.9035332128196
3646.870064773231
3666.401151290128
3696.641571975906
7169.1304283107875
7157.108027635829
7166.203040672876
7185.382029434623
7209.612045824245
7238.3177306811795
7266.251169601137
7292.987290627075
7321.900835474964
7350.397021389768
7378.447445158615
7406.02911997061
7433.103154598211
7459.644326837118
7485.619711684815
7511.019908947377
7535.849908722642
7560.141696945937
7583.949579929659
7607.340291958414
7630.367160757807
7653.050404642614
7675.419060109674
7697.5028424371085
7719.332611627284
7676.286193495359
7562.879219287652
7397.942553779574
7192.705751607658
6954.808506025705
6693.287148228382
6413.277287716013
6121.82577094486
5827.301635410371
5538.306694987603
5263.040538247687
5005.760906504693
4773.14837719541
4565.879761447396
4384.676204617833
4229.272022983179
4097.460770164542
3987.1404364443824
3896.2000685610647
3821.77258994544
3761.8255818938487
3714.30608068692
3677.5532173121765
3650.3033568050987
3631.6110808789745
3620.853936847202
3617.7565458228228
3622.401307076113
3635.2378314305224
3657.1042160780007
7157.3880971803
7166.320200123408
7185.418723524362
7209.60877881803
7238.306980258053
7266.2322946113245
7292.959590594737
7321.881918834761
7350.401755325236
7378.4931111301275
7406.140946584312
7433.306134117072
7459.969803895455
7486.090317244278
7511.653190774149
7536.641220138061
7561.065771327447
7584.954759907579
7608.371225747756
7631.381841133667
7654.026574090932
7676.3352014166685
7698.328393146831
7720.040490389093
7676.903120189953
7563.421666670151
7398.405623018298
7193.039654400771
6955.032398403954
6693.372474975777
6413.356873305718
6121.778926501
5827.259302605411
5538.200053526866
5262.894876688359
5005.601168095165
4772.886386355556
4565.515035616549
4384.160392688797
4228.553539630809
4096.473321689292
3985.7952603285803
3894.393967423962
3819.3675780622943
3758.6511894527875
3710.144239911211
3672.1264461721576
3643.2616947718216
3622.5121214325363
3609.137261128547
3602.713890894999
3603.143310129123
3610.654699756461
3625.8240007991617
7166.464571392686
7185.4720165774515
7209.614730660009
7238.301844693721
7266.216847428229
7292.931237191939
7321.856860027674
7350.3876591099925
7378.505470437694
7406.197483817514
7433.431682940469
7460.18890629897
7486.433263397057
7512.141666599637
7537.290715730031
7561.8693427555645
7585.8849471264475
7609.375974096605
7632.406534581577
7655.03020431186
7677.296241967617
7699.227119362092
7720.849446720982
7677.633145307705
7564.081507940055
7398.9913471097325
7193.508920999743
6955.385953924908
6693.528133858409
6413.46806576278
6121.7419802826635
5827.237361089421
5538.121809389668
5262.780341328478
5005.488525772496
4772.682633001361
4565.232878024035
4383.760151867359
4227.995345472281
4095.7062565537854
3984.7488494494655
3892.987433408355
3817.4924745240105
3756.1738746405717
3706.893492973658
3667.8841381869515
3637.7525507027703
3615.38771067787
3599.9550006576937
3590.912189073154
3588.0133020479434
3591.306359093931
3601.1482389335397
7185.543412555204
7209.632592245378
7238.305407469618
7266.206297249333
7292.904487676036
7321.829936275933
7350.365108453261
7378.495817380301
7406.216703854059
7433.497855484495
7460.326464884212
7486.666312983629
7512.499424567192
7537.793875008763
7562.531386517721
7586.696905357781
7610.308643875423
7633.4079374460325
7656.0466658100095
7678.287543111412
7700.171868316927
7721.729075186675
7678.464628305422
7564.861959051229
7399.701404559841
7194.114405044035
6955.881913548631
6693.821281931014
6413.667738613247
6121.753069636212
5827.242053865438
5538.074965643833
5262.693163363416
5005.41593611043
4772.524326801998
4565.014808080568
4383.449387856124
4227.561435190218
4095.110638121322
3983.9353105471246
3891.8926547386927
3816.031194309243
3754.2413981625677
3704.355493620268
3664.569290003832
3633.444718249052
3609.8130709759143
3592.7650307743097
3581.66313581168
3576.1430186484713
3576.1051671046107
3581.7267407921418
7209.663235962977
7238.3201274722305
7266.203502549321
7292.880986349084
7321.804186422303
7350.339592745771
7378.475655192021
7406.211131968652
7433.523216372201
7460.401120606339
7486.814300612877
7512.744429568474
7538.164038389168
7563.046373690128
7587.368251861933
7611.125587362492
7634.339934702673
7657.042233607258
7679.294144560856
7701.149931094154
7722.656811334014
7679.372193435565
7565.750769899238
7400.538262682992
7194.856757495845
6956.509709013686
6694.268170109819
6413.993285067738
6121.864145107415
5827.295319492561
5538.068784462048
5262.6321666812855
5005.37847554164
4772.401588090452
4564.846381164739
4383.207675572053
4227.223626909679
4094.6482483631153
3983.3031696093894
3891.0409774736027
3814.8929411627687
3752.7345313984742
3702.374717582904
3661.9801452106913
3630.0776742515072
3605.4533598001217
3587.1388133286164
3574.420743531252
3566.840220914726
3564.178901260296
3566.467916108719
7238.346589139248
7266.210506572517
7292.863275845073
7321.781606495986
7350.314846399753
7378.451530636803
7406.193235251769
7433.521378306221
7460.431946626006
7486.896370176297
7512.901390880967
7538.419178873176
7563.426764540982
7587.892513599759
7611.803370826679
7635.158902567957
7657.970859997209
7680.2817911901075
7702.145401740345
7723.62112773498
7680.334958211561
7566.724510321705
7401.490972914131
7195.73607372984
6957.266610615995
6694.856193659398
6414.441678106785
6122.104039399543
5827.4221704826905
5538.118325375547
5262.599574893866
5005.372673154228
4772.306859185384
4564.716224750104
4383.018998620005
4226.9598419273925
4094.2892223374847
3982.812235996026
3890.3787644545027
3814.0067168643573
3751.5600016584312
3700.8293458014487
3659.958485820267
3627.446881419084
3602.0451806791125
3582.7385280093567
3568.7534059989057
3559.555776659423
3554.8321365815073
3554.4963345197502
7266.227649458431
7292.852887232551
7321.7646537102155
7350.293175677454
7378.427780771477
7406.170474301723
7433.5056206288555
7460.433509592267
7486.932029408097
7512.98988526273
7538.583778224274
7563.690379957633
7588.281163191774
7612.33462285385
7635.840602088036
7658.789301650719
7681.204767952114
7703.123416506788
7724.604528614043
7681.338234038226
7567.762198778913
7402.537566129973
7196.739683547482
6958.156298572657
6695.577712131746
6414.99466951574
6122.464741522785
5827.630245678073
5538.235789006993
5262.599827479232
5005.395936093597
4772.234436149541
4564.615262492952
4382.870760512112
4226.752742862221
4094.0102221016605
3982.431122879303
3889.8641313900835
3813.3170450468524
3750.6448616973257
3699.6240635206004
3658.380366573493
3625.3919264383703
3599.3817299632847
3579.298426874644
3564.3208763885295
3553.8555797629724
3547.513196402706
3545.113989713197
7292.849809108834
7321.754648827498
7350.276941832493
7378.4069852482635
7406.147704609906
7433.48418592986
7460.4197620374625
7486.936675358854
7513.029788801813
7538.677786237074
7563.86139514629
7588.5517418502595
7612.72974978891
7636.376802199959
7659.4727107353565
7682.020499845577
7704.038849831158
7725.571539997715
7682.361253484965
7568.846410728571
7403.657407699018
7197.845057196285
6959.172201161973
6696.433187964279
6415.649396637475
6122.924997347962
5827.906457321533
5538.419580665015
5262.635208459551
5005.4454263571715
4772.180065395889
4564.536052238773
4382.753035235408
4226.588665016246
4093.7929951192
3982.1353272136794
3889.4643688172273
3812.7806006625924
3749.932101405271
3698.6843148217367
3657.1487946215393
3623.7871319735277
3597.300808355143
3576.609853583358
3560.8554936150877
3549.3974042715163
3541.7859533373057
3537.7671437758363
7321.751501737953
7350.267272666229
7378.391419399306
7406.127746769664
7433.462372230462
7460.399608250793
7486.924807287574
7513.03721486337
7538.721387375345
7563.960080502318
7588.728058537668
7613.005915960529
7636.776795313353
7660.012037100225
7682.703688364424
7704.850019788385
7726.477876086382
7683.368115970093
7569.953524624641
7404.832474387111
7199.032350318022
6960.296887385549
6697.416331638621
6416.417686723902
6123.478329695017
5828.23742812715
5538.654716118212
5262.701649956546
5005.516364005662
4772.140280127149
4564.472308314743
4382.6579630387705
4226.4568033049
4093.6232439077558
3981.905716234016
3889.1539417380473
3812.363550302921
3749.3771885756078
3697.951822397172
3656.187890031296
3622.5341386395676
3595.675332066271
3574.5091509940357
3558.147096794679
3545.912027169391
3537.306582374449
3532.0180320305644
7350.264025522711
7378.382045542212
7406.112800228455
7433.443212214337
7460.378720410584
7486.905882285287
7513.027095354213
7538.7313062464655
7564.006873736589
7588.83065702288
7613.186520096972
7637.057299144635
7660.415442553832
7683.244513209926
7705.5313052520905
7727.282918878501
7684.314474871521
7571.045780551214
7406.037436292749
7200.285105437328
6961.514096351941
6698.512604603273
6417.3067210362115
6124.133940879452
5828.629062076103
5538.927709986714
5262.790966361672
5005.601080085642
4772.111657265458
4564.418501119366
4382.579314451254
4226.348572491429
4093.4897574941606
3981.727341316924
3888.912913703166
3812.0394856110943
3748.945340683411
3697.3810556442613
3655.438330616422
3621.5559883579426
3594.40583450563
3572.868089480321
3556.030847273886
3543.1880582388467
3533.8045993146034
3527.5215340888435
7378.3786855113985
7406.1036863723475
7433.428838904903
7460.360317357038
7486.885885423767
7513.009342109421
7538.722805191884
7564.019014114163
7588.880177063948
7613.292335377448
7637.24127069018
7660.699152489898
7683.650017974681
7706.072176868205
7727.960833989346
7685.158182907389
7572.076159529292
7407.231311114838
7201.577881860162
6962.809857090335
6699.709866051417
6418.3129003470585
6124.899759655283
5829.1026449379715
5539.240025473095
5262.9000681923335
5005.690998031142
4772.090555078717
4564.369701450766
4382.512107205848
4226.257162005346
4093.383721303391
3981.588521908776
3888.725711323411
3811.7877967215545
3748.6094028306425
3696.9364461534033
3654.853760777829
3620.792508008536
3593.4144859320477
3571.5863026919506
3554.377588717006
3541.059692950963
3531.067621771487
3524.006143874194
7406.100205365379
7433.419954409994
7460.346474344925
7486.868198207545
7512.9901982086
7538.70616305516
7564.012003493219
7588.894284025512
7613.344155392875
7637.349670633064
7660.885660437603
7683.935910080729
7706.478598259057
7728.500457668967
7685.870709127817
7572.998384715474
7408.362195754739
7202.866239733487
6964.158730119044
6700.998011711041
6419.430310129821
6125.775665208271
5829.676528078404
5539.60544546303
5263.037533011238
5005.781537481083
4772.074078609014
4564.321727687791
4382.452395330282
4226.177189356678
4093.298207026457
3981.480120492627
3888.580165747324
3811.592397938167
3748.348178272945
3696.5902203312444
3654.397961044444
3620.1966699234354
3592.6404268956276
3570.585254558602
3553.086228669369
3539.3970173257576
3528.9290658549953
3521.258674830333
7433.416348332757
7460.3377931326995
7486.854845710992
7512.973186357378
7538.687831972833
7563.996409640032
7588.888638978949
7613.359990446856
7637.403400678603
7660.996074014491
7684.124205166677
7706.765749406539
7728.906731611667
7686.439235382141
7573.7795958462875
7409.378244567262
7204.092378847585
6965.512635963219
6702.35298938365
6420.651105853578
6126.759809573022
5830.357824910812
5540.037570360998
5263.219679043178
5005.875423035871
4772.062221220566
4564.271658730301
4382.39721450836
4226.104527392576
4093.227754721699
3981.3949965179727
3888.4667539323846
3811.4407372668747
3748.145120802603
3696.3206948297084
3654.0426437992583
3619.731723795151
3592.0360890740885
3569.8035313922774
3552.077662242944
3538.0983455658106
3527.2584061853386
3519.111911112932
7460.334061466432
7486.846345702013
7512.9602879791
7538.6714561415065
7563.978850167636
7588.874029535879
7613.355590294104
7637.420741808456
7661.051359639141
7684.236117876697
7706.9551590174415
7729.194311094685
7686.867998032711
7574.404476691049
7410.241823635617
7205.19846362459
6966.807952036023
6703.724509980886
6421.951081802075
6127.848057960406
5831.147535482133
5540.544461085933
5263.460943598604
5005.981160121605
4772.059012047108
4564.2187677278025
4382.344668990671
4226.036234065481
4093.1680996667656
3981.3275627999174
3888.3780185343985
3811.323014660922
3747.9873170171904
3696.1109417162106
3653.765720104412
3619.368962361982
3591.5642961515287
3569.1931300278875
3551.2900303342785
3537.0841084709164
3525.9534778993466
3517.434831369088
7486.842490785136
7512.9519508956255
7538.65897874267
7563.963072585618
7588.857200148652
7613.341901521235
7637.417470870175
7661.070001237877
7684.29263789504
7707.068109451344
7729.384232832077
7687.171998389867
7574.876697308542
7410.934749215335
7206.142325649051
6967.98167010708
6705.044785450132
6423.278738729361
6129.0199197804795
5832.041540315566
5541.1322050041435
5263.7699427754
5006.109049628086
4772.071464958941
4564.165040558683
4382.29428422152
4225.970511255349
4093.115985472292
3981.273471827004
3888.308098112211
3811.23158000247
3747.8646846365245
3695.947748633919
3653.5499427081413
3619.085964846826
3591.196004953469
3568.7165329606623
3550.67498102792
3536.2920840228417
3524.934336548673
3516.1248819573148
7512.947977564531
7538.650789588995
7563.950986215864
7588.841984851154
7613.325761192107
7637.4046400502375
7661.067749383269
7684.3123903333235
7707.125574219886
7729.497808290409
7687.372916153875
7575.212174718519
7411.459919295872
7206.902896320764
6968.988228639329
6706.247634890721
6424.565374463493
6130.228215466012
5833.020323632495
5541.80378570101
5264.151908513051
5006.26983178031
4772.107379005125
4564.115115938684
4382.247163521386
4225.90680401685
4093.0690099133863
3981.2293776194438
3888.2523820630313
3811.160449269536
3747.7693526825924
3695.8208008923702
3653.381848292892
3618.8652217815325
3590.9085296923276
3568.3444292736067
3550.194723664342
3535.6736369213804
3524.1384663734852
3515.1018138124064
7538.64670459497
7563.942932944192
7588.830262536659
7613.311074316048
7637.389148802471
7661.0557153725385
7684.311053507211
7707.146263483153
7729.555957191386
7687.493354997387
7575.434215577553
7411.834042131462
7207.481806492051
6969.804142841696
6707.285913752061
6425.745480872463
6131.409193812539
5834.041630364098
5542.5487548486235
5264.607625910252
5006.474834760718
4772.174206085135
4564.075767696953
4382.205918215781
4225.845774116786
4093.0256008550296
3981.1927264797223
3888.2072438057285
3811.1049405747153
3747.695166962476
3695.7220473791704
3653.2509264534538
3618.6930626346075
3590.684151812631
3568.0539230032873
3549.8197386975407
3535.1907553514775
3523.5170022146967
3514.3028726854927
7563.938744586087
7588.8223356135895
7613.299691959141
7637.374958712357
7661.040834525095
7684.299757457547
7707.145743972608
7729.577424075423
7687.555409482029
7575.567632702272
7412.082262688959
7207.895825940096
6970.429078005811
6708.134526398244
6426.773145447742
6132.502735476709
5835.05027583998
5543.33663340063
5265.126246098717
5006.73171543394
4772.278024567544
4564.055153620407
4382.174165138424
4225.789224338948
4092.9849258003505
3981.161646778529
3888.1698155388176
3811.0613881383906
3747.6373143169876
3695.645197219037
3653.148974288578
3618.5588139032325
3590.509035700542
3567.827130549321
3549.526980175796
3534.813742065313
3523.0317523869608
3513.679006801798
7588.8180533150235
7613.291884094075
7637.363894888788
7661.027111713171
7684.285450085705
7707.135129650298
7729.577630736351
7687.578840633698
7575.636731447928
7412.231793320991
7208.171432925125
6970.87851168004
6708.790341492947
6427.622787645398
6133.466862159739
5835.9958487878175
5544.125599212783
5265.682228648914
5007.036658044233
4772.419798324572
4564.060708952938
4382.155536315495
4225.739756543579
4092.946799471045
3981.1348083431903
3888.137856393857
3811.0269032828164
3747.5920273351894
3695.5853344911147
3653.069586204356
3618.454144478299
3590.372377701796
3567.6500865931184
3549.298425569258
3534.5193993082494
3522.6528788235337
3513.191878479788
7613.287518133553
7637.356200694618
7661.016347337694
7684.272167277226
7707.12136069195
7729.5676450371475
7687.579691197707
7575.663229846541
7412.309549939548
7208.337919611458
6971.178987453265
6709.265703058835
6428.287601127087
6134.276421675737
5836.843299222544
5544.87763288471
5266.2441006292265
5007.372477016756
4772.590914826771
4564.09476878979
4382.151835211198
4225.700017563953
4092.9114304504374
3981.1113213863982
3888.109618289942
3810.9992152479235
3747.556342799686
3695.53861517963
3653.0077615524515
3618.3725495233075
3590.265744024733
3567.511885501557
3549.119989740744
3534.28960707862
3522.3570733491806
3512.8115354831743
7637.351761899774
7661.008762936212
7684.261685484304
7707.108492711816
7729.554381550604
7687.569619536484
7575.664655379709
7412.33965767736
7208.424772476699
6971.3610108479115
6709.585287961525
6428.77470038279
6134.92025618303
5837.56925004275
5545.565866827891
5266.7863556744005
5007.717449245619
4772.774701124745
4564.150776141002
4382.160493992393
4225.671335718303
4092.878976291254
3981.0905867306456
3888.083764955016
3810.9765235214145
3747.52793254313
3695.5020225501885
3652.9595961756377
3618.308952379113
3590.182549400445
3567.4040131632273
3548.9806861338548
3534.1102148975915
3522.126129928606
3512.5145803714613
7661.004262374848
7684.254208337075
7707.098278565714
7729.541905293184
7687.555994438889
7575.653864540684
7412.34162354174
7208.458612455941
6971.456173660665
6709.7794543887585
6429.104527495379
6135.398533756588
5838.15833867022
5546.1696313278735
5267.292314921532
5008.055733083696
4772.955566599463
4564.215304632789
4382.173443912488
4225.652021234106
4092.8489202336987
3981.072094878047
3888.0592864231094
3810.957401826219
3747.5049551145357
3695.4731891604106
3652.9220363236
3618.2593917620834
3590.117654347414
3567.3198210562723
3548.8719369459714
3533.970172327684
3521.9458309348383
3512.2827373314476
7684.249657191051
7707.090907157725
7729.53194565641
7687.543140821911
7575.6390787195505
7412.329807436914
7208.461093651486
6971.493356160572
6709.881062449233
6429.3055411760815
6135.725233484462
5838.603191975582
5546.670696166784
5267.746942259016
5008.3782843246645
4773.12686899897
4564.276273566679
4382.180105233589
4225.63669997452
4092.8195000021487
3981.0551739844914
3888.0354200337897
3810.940715635623
3747.4859538014553
3695.4502460775066
3652.8926950167997
3618.220774236387
3590.0670487761818
3567.2541197541004
3548.7870433578273
3533.86085164211
3521.80507311742
3512.1017342012465
7707.086316488119
7729.524679388589
7687.532813026381
7575.625106093754
7412.313458722039
7208.448157101145
6971.496237452702
6709.920745307279
6429.410691306779
6135.924957733188
5838.910075094803
5547.055592263663
5268.13263267919
5008.675172272113
4773.28874320829
4564.329554440704
4382.1736629873885
4225.6181824250625
4092.787792509641
3981.038753909571
3888.0115824306076
3810.925560502169
3747.4697728969277
3695.4317139196583
3652.8697006977463
3618.190686716647
3590.0276026181637
3567.202859567684
3548.7207760083083
3533.775514885324
3521.6951873708776
3511.9604251041465
7729.520060037948
7687.5251586638315
7575.613824955571
7412.297973103854
7208.430110841159
6971.48220543962
6709.923836526112
6429.451581148736
6136.029161845698
5839.098180046938
5547.323540882094
5268.4332226582665
5008.931459309764
4773.4389561164235
4564.3768603256985
4382.154810361052
4225.591262984874
4092.7508823104645
3981.0213574704167
3887.987322151831
3810.9112166117184
3747.455496381527
3695.4164144471933
3652.8515841898306
3618.1672449977514
3589.996875498641
3567.1628791215007
3548.6690532266193
3533.7089019177647
3521.609403293499
3511.8501076228704
7687.520175289129
7575.605362925191
7412.285426888646
7208.412960196283
6971.46251135119
6709.908847261051
6429.454574424141
6136.069195903514
5839.1957782599875
5547.487834204652
5268.643273456388
5009.131837190203
4773.568419093891
4564.418047469617
4382.128537640155
4225.554954235844
4092.7075245195774
3981.0014412505097
3887.962336478985
3810.897107462417
3747.442404920862
3695.4034036876683
3652.8371878318358
3618.148978702925
3589.9729645150464
3567.1317129862855
3548.628687738701
3533.6569067204755
3521.5424352757354
3511.7639853215087
7575.599759335507
7412.275943773826
7208.399014361034
6971.443709774262
6709.887716698264
6429.438806012196
6136.071454193379
5839.232380628546
5547.572101973166
5268.770903961573
5009.2696104346305
4773.6659019865365
4564.447628731183
4382.097405235745
4225.510586724112
4092.658540160878
3980.9778683723
3887.936523263451
3810.882769516502
3747.429940482787
3695.3919224339325
3652.825595301675
3618.1347398929593
3589.954387658613
3567.1074382692777
3548.597192731968
3533.6163225071687
3521.4901572639565
3511.696752248302
7412.269591999125
7208.388403959272
6971.4283449140075
6709.867411913928
6429.416530848113
6136.054955351051
5839.233055552947
5547.602181509403
5268.834306648563
5009.349628090526
4773.726260719751
4564.459011319118
4382.059147765313
4225.458104090136
4092.6050368447122
3980.9498907043007
3887.9099503474736
3810.86781356189
3747.417678602116
3695.3813565442815
3652.81607797544
3618.123632083426
3589.939991828217
3567.088556804665
3548.572627251745
3533.584646626825
3521.4493466815557
3511.6442664532015
7208.381217090268
6971.416564020117
6709.850691352032
6429.394929878304
6136.031769648738
5839.215749567152
5547.60014220528
5268.854029074648
5009.3848528414965
4773.752962997351
4564.450684111539
4382.010757093259
4225.39550240088
4092.5462672147933
3980.9164413423587
3887.882553781259
3810.851860077403
3747.4052926277363
3695.371208124743
3652.8080523107265
3618.114955229419
3589.9288812982722
3567.0739023724227
3548.5534773635545
3533.559924918496
3521.417488371437
3511.6032929428593
6971.408465955097
6709.837735542185
6429.376936749228
6136.009033596977
5839.19177899924
5547.581715185424
5268.8474982768485
5009.3896881045675
4773.754685084543
4564.427043488692
4381.953334790512
4225.322237290928
4092.480053381143
3980.8756467785233
3887.8536484614515
3810.8344225321325
3747.392504565335
3695.361071449115
3652.8010480792364
3618.1081621590665
3589.9203620359376
3567.06256852959
3548.538562564562
3533.5406320955562
3521.392618222015
3511.571306859658
6709.828643334735
6429.362792451895
6135.989799267558
5839.167973513032
5547.5568753517655
5268.82708118889
5009.375848809805
4773.739988418871
4564.394476060915
4381.891867246396
4225.241988079187
4092.4057351439697
3980.8257520224743
3887.821772968133
3810.8148112475455
3747.379016885954
3695.3506162924177
3652.7946833166416
3618.1028250816826
3589.9138977722305
3567.0538524022923
3548.526962957252
3533.525577474582
3521.373202955201
3511.5463365228397
6429.35258357396
6135.974403160071
5839.1474548202705
5547.531919444884
5268.800870872134
5009.351575080307
4773.71494819878
4564.357318084855
4381.8312175824985
4225.160957297228
4092.3260752384504
3980.7669856975226
3887.7853764093516
3810.7922297319583
3747.3644640623497
3695.3395771877877
3652.7886466982845
3618.0986092037447
3589.90907562724
3567.047210506308
3548.5179625218216
3533.5138315881804
3521.3580453968825
3511.526842751602
6135.962897152329
5839.130697650897
5547.51000261023
5268.7744488552125
5009.322752119378
4773.683736738012
4564.317338078119
4381.773177752489
4225.083746525561
4092.245597346644
3980.702166108168
3887.743952466135
3810.766161383278
3747.348448588704
3695.327759439974
3652.7826851097243
3618.095252945269
3589.9055785817245
3567.042224196366
3548.5110046084455
3533.5046690053123
3521.3462107258038
3511.5116237799675
5839.117678784604
5547.491765068973
5268.750952851826
5009.2941284656945
4773.650102042745
4564.2756553819345
4381.717225227119
4225.011330791148
4092.167335060428
3980.634890319984
3887.6983781958797
3810.7367803468896
3747.330689648985
3695.3150693105463
3652.7765999038475
3618.09255265124
3589.9031633610093
3567.0385721921157
3548.505657249544
3533.4975234455214
3521.33696900378
3511.4997412298217
5547.477034594453
5268.731150292216
5009.268715055131
4773.617925294497
4564.234456157889
4381.663125343709
4224.942701726902
4092.0916629188423
3980.567120362376
3887.649867179246
3810.7048476351047
3747.3111767665787
3695.3015577887654
3652.770253436317
3618.0903516475682
3589.9016418837973
3567.0360085164975
3548.501585848302
3533.4919528439077
3521.3297500784893
3511.490462427051
5268.714584185005
5009.247242617406
4773.589891502917
4564.196868196479
4381.6124763824055
4224.877706017385
4092.0180687566253
3980.4987969038393
3887.598679997317
3810.670945578301
3747.290116148636
3695.287429508473
3652.7635823209903
3618.0885320300695
3589.900865492171
3567.034344076201
3548.49853163641
3533.4876119304217
3521.3241084945503
3511.483215147645
5009.228748088619
4773.5663868751435
4564.165015495786
4381.567929946267
4224.818167722703
4091.9474377471943
3980.429698411024
3887.54418204993
3810.6347634474005
3747.26759876297
3695.272948094542
3652.7566022118335
3618.0870060955767
3589.900711000316
3567.033430748621
3548.49629430159
3533.484230812888
3521.319695996798
3511.477552412185
4773.545656109859
4564.138567207432
4381.5308964271035
4224.7665509188055
4091.882393055321
3980.3612900190956
3887.486259595943
3810.5953076410406
3747.2432767632617
3695.2582258214998
3652.749378453068
3618.085702147413
3589.901067580334
3567.0331468716467
3548.494717744439
3533.481598016293
3521.316240111618
3511.473124915199
4564.114713788855
4381.500073963913
4224.723574900276
4091.8254956816318
3980.296576364798
3887.4264753214366
3810.5519635836417
3747.2164351329448
3695.2430201354127
3652.741944255601
3618.084537896768
3589.901823176033
3567.033383351177
3548.4936779769023
3533.4795470707704
3521.313527301101
3511.469659563919
4381.471512672226
4224.686999292361
4091.7770042749844
3980.238128990859
3887.367602981396
3810.505338055742
3747.186461052491
3695.226704992575
3652.7341882249484
3618.0833767389204
3589.9028485613435
3567.0340300441794
3548.4930724260585
3533.4779457618306
3521.3113897985777
3511.4669426312794
4224.651938760111
4091.7340960439087
3980.186076093927
3887.3118483837497
3810.4569647852886
3747.1532362696653
3695.2084505973608
3652.725763062929
3618.0819742892218
3589.9039769982583
3567.03496262763
3548.4928102036756
3533.4766873856433
3521.3096952739525
3511.4648066267455
4091.6914769174
3980.137652732731
3887.2592854302466
3810.4081006319384
3747.1170091601834
3695.1874455753914
3652.7160604273677
3618.079933646419
3589.904980767954
3567.03603082253
3548.492803235702
3533.4756835904727
3521.3083386925828
3511.463120038369
3980.088025585319
3887.2076783119064
3810.358716124504
3747.0778788235966
3695.1629776435148
3652.7042596248857
3618.076694575954
3589.905550958454
3567.037050306786
3548.4929585720965
3533.474858577929
3521.3072359240023
3511.461779312508
3887.1535381059266
3810.3074371169814
3747.0354718258823
3695.134418688155
3652.6894435018257
3618.071580140655
3589.9052945368467
3567.037801999886
3548.493172994251
3533.4741445920426
3521.3063187728567
3511.4607026189697
3810.2527307586315
3746.989093025388
3695.1013201892583
3652.6708102279126
3618.063917330488
3589.903768888219
3567.038044036899
3548.4933317584364
3533.4734790562134
3521.3055311778317
3511.4598250463805
3746.93894883721
3695.0636244462294
3652.6479804177006
3618.0532364617457
3589.9005709505045
3567.0375424470285
3548.493314070598
3533.4728038059584
3521.3048265733114
3511.459094926059
3695.0226806657565
3652.621242473758
3618.0395058366657
3589.8954773057303
3567.0361233311824
3548.4930079222086
3533.472067012335
3521.304166418493
3511.458471158853
3652.592176734888
3618.0232577927936
3589.8885891751843
3567.0337388813778
3548.492334814692
3533.4712282795945
3521.3035200086506
3511.457921385454
3618.005900371454
3589.8803860041908
3567.0305197367097
3548.4912796136487
3533.4702665978393
3521.3028656962106
3511.4574209017383
3589.871860804531
3567.0267748147735
3548.489911698526
3533.4691894257394
3521.3021933663613
3511.4569522506845
3567.022823563194
3548.488379011188
3533.468038987342
3521.3015075322783
3511.4565053364176
3548.486834056136
3533.4668898375357
3521.300829698769
3511.456077818236
3533.4653563025367
3521.300198020893
3511.45567534362
3521.2997703112496
3511.455311072923
3511.4548828577454
);
boundaryField
{
	inlet
	{
		type fixedValue;
		value uniform 8675.0;
	}

	outlet
	{
		type zeroGradient;
	}

	bump
	{
		type zeroGradient;
	}

	frontAndBack
	{
		type empty;
	}

	top
	{
		type zeroGradient;
	}

	symUp
	{
		type zeroGradient;
	}

	symDown
	{
		type zeroGradient;
	}

}
