FoamFile
{
    version     2.0;
    format      ascii;
    class       volScalarField;
    location    "1";
    object      p;
}

internalField   nonuniform List<scalar>
13770
(
404.9408325920455
404.94601494824644
404.94083259204524
404.97171019307524
404.9460149482462
404.94083259204524
404.99750210232503
404.9717101930757
404.9460149482461
404.94083259204535
405.04704066559214
404.99750210232264
404.97171019307586
404.9460149482461
404.9408325920457
405.1622792077858
405.04704066557775
404.9975021023166
404.97171019307547
404.94601494824633
404.9408325920466
405.34511614676535
405.16227920776095
405.0470406655457
404.99750210230536
404.9717101930746
404.9460149482468
404.94083259204785
405.7856664842939
405.3451161466551
405.16227920768574
405.0470406654922
404.9975021022878
404.97171019307297
404.9460149482477
404.94083259204945
406.53388784603106
405.7856664840123
405.3451161463986
405.16227920753704
405.04704066541245
404.99750210226244
404.97171019307007
404.94601494824894
404.9408325920517
407.7844012115595
406.5338878454337
405.785666483368
405.3451161459511
405.1622792073001
405.04704066530024
404.9975021022275
404.97171019306643
404.9460149482507
404.9408325920552
409.8550301616001
407.78440121007986
406.53388784402335
405.78566648225427
405.345116145273
405.1622792069555
405.0470406651478
404.99750210218053
404.9717101930611
404.94601494825326
404.94083259205934
412.8206191904443
409.85503015873314
407.78440120675583
406.5338878415422
405.7856664805728
405.34511614431085
405.1622792064775
405.04704066494435
404.9975021021183
404.97171019305415
404.9460149482564
404.9408325920649
416.94465571329005
412.82061918497897
409.85503015198094
407.78440120107547
406.53388783776666
405.78566647819287
405.34511614299606
405.1622792058332
405.0470406646773
404.9975021020372
404.97171019304494
404.94601494826065
404.9408325920722
422.5193869143193
416.94465570158565
412.82061917173206
409.8550301401119
407.7844011925402
406.53388783240115
405.7856664749438
405.3451161412388
405.16227920497863
405.04704066432873
404.9975021019312
404.9717101930328
404.9460149482659
404.9408325920813
429.5721005072746
422.5193868929371
416.9446556744143
412.82061914806775
409.85503012205777
407.78440118049207
406.53388782505897
405.7856664706039
405.34511613892226
405.16227920385825
405.04704066387666
404.9975021017941
404.9717101930169
404.9460149482728
404.9408325920935
438.3896168552974
429.57210046985165
422.51938684275314
416.9446556270416
412.8206191118263
409.8550300964052
407.78440116406864
406.5338878152361
405.7856664648851
405.3451161358959
405.1622792023994
405.04704066329214
404.9975021016174
404.97171019299685
404.9460149482818
404.9408325921091
449.2154085031002
438.3896167857028
429.57210038097196
422.51938675468705
416.9446555552272
412.8206190601446
409.8550300613005
407.7844011421492
406.53388780227897
405.7856664574155
405.34511613196537
405.1622792005088
405.0470406625388
404.99750210138967
404.97171019297065
404.9460149482937
404.94083259212914
461.81259304717616
449.2154083892536
438.38961662411776
429.5721002239173
422.51938662080266
416.9446554533589
412.8206189892688
409.8550300143312
407.78440111328024
406.5338877853429
405.78566644771513
405.34511612687993
405.16227919806613
405.04704066156876
404.99750210109664
404.97171019293705
404.94601494830886
404.940832592155
476.3946746137482
461.81259285622247
449.21540811848575
438.38961634221334
429.5720999844397
422.5193864305911
416.944655314081
412.82061889430554
409.85502995236595
407.78440107558373
406.5338877633362
405.7856664351634
405.34511612031656
405.16227919491524
405.047040660321
404.9975021007201
404.971710192894
404.94601494832864
404.9408325921887
492.9327318613694
476.394674280391
461.8125924034143
449.21540763941744
438.38961591467506
429.5720996436666
422.5193861702719
416.94465512781164
412.82061876890407
409.85502987135453
407.7844010266332
406.5338877348502
405.7856664189609
405.34511611185764
405.16227919085566
405.04704065871647
404.99750210023603
404.9717101928388
404.9460149483548
404.940832592232
511.13480101088
492.9327313423629
476.39467351132356
461.81259160336197
449.21540690845904
438.3896153079971
429.57209917684105
422.5193858218847
416.9446548821156
412.8206186048396
409.8550297660593
407.7844009632967
406.5338876980649
405.7856663980742
405.34511610096456
405.16227918562674
405.04704065665265
404.99750209961377
404.97171019276817
404.946014948389
404.94083259228813
531.1311831139014
511.1348001921839
492.9327301284441
476.39467217325085
461.8125903833329
449.21540586786386
438.3896144782538
429.57209855169134
422.51938536210855
416.9446545608905
412.8206183914743
409.8550296297128
407.78440088152996
406.5338876506288
405.78566637116745
405.3451160869403
405.16227917889137
405.0470406539987
404.9975020988136
404.9717101926782
404.946014948434
404.9408325923605
552.5388003855732
531.1311818228935
511.1347982780151
492.9327279985259
476.39467014613683
461.81258864702227
449.21540444188196
438.38961336821114
429.5720977263069
422.5193847607277
416.94465414330455
412.82061811505014
409.85502945356643
407.7844007761072
406.5338875894986
405.7856663365094
405.3451160688808
405.16227917021075
405.0470406505822
404.99750209778426
404.97171019256314
404.9460149484938
404.9408325924544
575.0380234073936
552.538798419012
531.1311788088441
511.13479491838234
492.93272476020206
476.39466727128183
461.8125862681721
449.2154025317689
438.3896119035737
429.57209664638117
422.51938397862716
416.94465360241134
412.8206177577663
409.85502922629695
407.7844006402651
406.5338875107282
405.7856662918523
405.3451160456118
405.1622791590124
405.04704064618056
404.99750209645873
404.97171019241733
404.946014948574
404.9408325925768
598.6402543318507
575.0380202608344
552.5387938214247
531.1311735197621
511.13478981044193
492.9327201591872
476.3946633409165
461.81258308231077
449.21540000930156
438.3896099881062
429.5720952416101
422.51938296517466
416.9446529033351
412.82061729656465
409.8550289332293
407.78440046523565
406.5338874091906
405.78566623427025
405.34511601560234
405.1622791445473
405.0470406405036
404.9975020947502
404.9717101922325
404.94601494868186
404.94083259273634
622.9130786156062
598.6402496683586
575.0380130757413
552.5387857411891
531.1311654798538
511.1347825546395
492.9327138628118
476.3946580847562
461.81257887604227
449.2153967083486
438.38960749728625
429.5720934209895
422.5193816547844
416.9446520008835
412.8206167015279
409.85502855530376
407.7844002396283
406.53388727820357
405.7856661599408
405.34511597685037
405.16227912582974
405.0470406331699
404.9975020925447
404.9717101919986
404.9460149488286
404.9408325929453
648.0565902824417
622.9130714024532
598.640238915004
575.0380006066415
552.5387734535421
531.1311540624647
511.13477262936595
492.93270543877907
476.39465115265796
461.8125733731784
449.2153924139021
438.38960427001984
429.5720910666559
422.5193799623978
416.94465083640284
412.8206159337602
409.8550280677082
407.7843999486054
406.53388710903283
405.7856660638538
405.345115926727
405.1622791015595
405.04704062368
404.9975020896934
404.97171019170423
404.94601494903
404.9408325932202
673.7106146943195
648.0565792882148
622.9130551082347
598.6402201278424
575.0379817554157
552.5387560064434
531.1311384512295
511.13475935858696
492.9326943278818
476.3946420922391
461.81256621675493
449.21538684778335
438.38960009781835
429.57208802578907
422.5193777775175
416.9446493336122
412.8206149425664
409.8550274380513
407.7843995727837
406.5338868902203
405.78566593941747
405.34511586176836
405.16227907001036
405.0470406113728
404.9975020859995
404.971710191335
404.9460149493089
404.94083259358416
699.809614757257
673.7105984781069
648.0565544158248
622.9130269438116
598.6401916528142
575.0379550862441
552.5387321636532
531.1311175907746
511.134741870615
492.93267980898264
476.3946303200203
461.8125569456973
449.21537964997236
438.38959471062736
429.5720840999593
422.51937495631057
416.94464739307836
412.8206136616971
409.8550266239222
407.78439908676523
406.5338866066826
405.78566577792344
405.34511577738874
405.1622790288798
405.04704059537266
404.9975020812037
404.97171019087455
404.9460149496996
404.9408325940678
727.5600291946108
699.8095829582717
673.7105617314803
648.056511322168
622.9129844930421
598.6401513345894
575.0379187443391
552.5387003332867
531.1310901244307
511.1347190457231
492.9326609541267
476.39461508421084
461.8125449645165
449.21537035421045
438.3895877582405
429.5720790310673
422.5193713111455
416.9446448848734
412.82061200433157
409.85502556962433
407.7843984571663
406.5338862384924
405.7856655678247
405.3451156674966
405.16227897508696
405.0470405745151
404.9975020749614
404.9717101903036
404.94601495025074
404.9408325947152
727.5423502387648
753.8148922333261
699.8095143394999
673.7104979075036
648.0564463242941
622.9129246325574
598.6400964006478
575.0378703554768
552.5386584785947
531.1310543157546
511.1346894497134
492.93263657102955
476.3945954166976
461.8125295039431
449.21535835606903
438.3895787859022
429.5720724827905
422.5193665967017
416.944641638803
412.82060985638174
409.85502420180114
407.7843976399811
406.53388575923714
405.7856652937569
405.3451155239702
405.1622789044898
405.04704054724505
404.99750206681483
404.97171018960125
404.9460149510338
404.94083259558556
727.5239451750477
753.7947274330244
779.027234948835
699.8093983899889
673.7104016253388
648.0563546797202
622.9128433812706
598.6400233197959
575.0378069026004
552.538604006969
531.1310079499021
511.13465124978757
492.93260512940844
476.3945700711337
461.8125095697522
449.2153428711563
438.3895672022845
429.5720640160812
422.51936049155086
416.94463743142865
412.8206070675564
409.85502242359144
407.7843965770546
406.53388513381486
405.7856649352231
405.34511533595384
405.1622788115074
405.047040511482
404.9975020561532
404.9717101887452
404.9460149521524
404.94083259676273
727.5055146911131
753.7727963179758
779.0250113250895
804.9155522838079
699.8092255931679
673.7102660063886
648.0562303696556
622.912735721978
598.6399276306558
575.0377245749214
552.5385336322269
531.130948209809
511.1346021080265
492.93256466663706
476.3945374430512
461.8124838762572
449.21532288045466
438.3895522374685
429.5720530568707
422.51935257378074
416.94463196885664
412.82060343948535
409.85502010684377
407.78439519138846
406.5338843154857
405.7856644648262
405.34511508891137
405.16227868860847
405.0470404644383
404.99750204216093
404.9717101877128
404.94601495375605
404.9408325983623
727.4876186030565
753.7503343743386
779.0216857413321
804.9152384901
831.0662978681139
699.8089837666982
673.7100823926872
648.0560658439941
622.9125953916872
598.639803734492
575.0376185838336
552.5384432038105
531.1308715207124
511.134539046511
492.93251266686013
476.39449546683636
461.81245075995423
449.2152970588836
438.3895328879278
429.57203885359553
422.51934228883005
416.94462486400226
412.82059870998614
409.85501708179993
407.7843933809198
406.5338832419534
405.7856638459227
405.3451147633706
405.16227852562974
405.0470404023779
404.9975020237494
404.9717101864838
404.94601495605764
404.9408326005439
727.4701773849138
753.7282582627145
779.0177992066876
804.9146243649369
831.0661867213508
857.8559807298775
699.8086575325951
673.7098400225447
648.0558517229724
622.912414636146
598.6396446451189
575.0374829381086
552.5383274946424
531.1307733546631
511.1344582762455
492.9324459060881
476.3944414828985
461.81240806746666
449.21526368218565
438.3895078446756
429.57202042153835
422.5193289072303
416.94461560670084
412.8205925323574
409.85501312350027
407.78439101033103
406.5338818301933
405.785663029518
405.34511433326037
405.1622783088715
405.04704032029963
404.9975019994656
404.9717101850422
404.94601495935905
404.9408326035273
727.4529630862916
753.7065848578977
779.0137731684011
804.9138002970635
831.065975968726
857.8559023297438
884.6455797673664
699.808227694137
673.7095256579537
648.0555764480278
622.9121839221497
598.6394416858979
575.0373101683266
552.5381799367746
531.1306479840185
511.1343549799127
492.9323602536022
476.39437206644345
461.81235301046945
449.2152205058581
438.38947539971844
429.5719964701757
422.51931146935794
416.94460352461175
412.82058444825066
409.855007933977
407.7843879003267
406.53387996967274
405.78566195019806
405.345113763735
405.162278019914
405.0470402115194
404.9975019673746
404.97171018338116
404.9460149640824
404.9408326076131
727.4357174455757
753.6850803279871
779.0097406347262
804.9128867144997
831.0656887006049
857.8557695648153
884.64550785961
912.3729747837515
699.8076705021577
673.7091231544174
648.0552258707912
622.9118915978003
598.6391841201363
575.0370909869915
552.537992290309
531.1304881698043
511.1342230353596
492.9322504172351
476.394282807095
461.8122819781871
449.21516460823335
438.38943332469603
429.5719653087772
422.51928871355153
416.94458773234373
412.8205738523594
409.8550011190717
407.7843838136814
406.53387751352096
405.7856605208294
405.345113008339
405.1622776340715
405.0470400671316
404.9975019249068
404.971710181509
404.94601497081334
404.94083261320935
727.4181759037647
753.6634489263229
779.0057030445323
804.9119461543819
831.0653636169275
857.855599411581
884.6453935148899
912.3729097781348
940.2109409778346
699.8069567881942
673.7086129583188
648.0547827635976
622.9115234865552
598.6388586962524
575.0368138659182
552.5377542269526
531.1302847663095
511.134054662994
492.9321096168561
476.39416802542877
461.8121902956066
449.215092187702
438.38937871399224
429.57192472420286
422.5192589829994
416.9445670655576
412.82055994665825
409.8549921583965
407.7843784371688
406.5338742670881
405.7856586256919
405.34511200533507
405.1622771183894
405.0470398753092
404.99750186865776
404.9717101794563
404.946014980355
404.9408326208678
727.4000699368318
753.6413817445205
779.0016122016892
804.9109975050524
831.0650255914121
857.855413206923
884.645255383724
912.3728058305478
940.2108810536249
968.4748058801399
699.8060509352756
673.7079715090606
648.0542262283233
622.9110623951478
598.638449082412
575.0364645072757
552.5374528033395
531.1300262180517
511.1338399757648
492.93192916574594
476.39402040886245
461.81207191229305
449.2149983014144
438.3893077824787
429.57187182325646
422.5192201055651
416.94453999591406
412.8205416813345
409.8549803665592
407.7843713582481
406.53386997317506
405.78565611161446
405.34511067296717
405.1622764290628
405.04703962040134
404.9975017941336
404.9717101772854
404.9460149938001
404.9408326313276
727.3811250161673
753.6185664254493
778.9974017852239
804.9100366105345
831.0646854151706
857.8552232471575
884.6451119438227
912.372679667386
940.2107850776231
968.4747438236872
997.4399140732453
699.8049096482215
673.7071705144606
648.0535309721889
622.9104875081425
598.6379351586255
575.0360251765818
552.5370717925119
531.1296979188504
511.1335664039769
492.9316979341573
476.39383054435484
461.8119190026077
449.214876529236
438.3892156053455
429.57180282980903
422.5191692390897
416.9445045215973
412.82051767873855
409.85496484325245
407.7843620350519
406.5338642930244
405.78565277656304
405.34510890335963
405.1622755081058
405.0470392817746
404.9975016954243
404.9717101751039
404.94601501262224
404.9408326455748
727.3610579330835
753.5946873095669
778.9929963133412
804.9090488120881
831.0643444179689
857.8550347989229
884.6449729268958
912.3725480482194
940.2106686711346
968.4746443733328
997.439856784641
1026.6489389415017
699.8034804779586
673.7061760572315
648.0526664090307
622.9097736353835
598.6372921233437
575.0354738576087
552.5365908334926
531.1292813935515
511.13321795983006
492.9314016620358
476.39358631927183
461.81172145260325
449.21471854220283
438.38909578395305
429.57171282413805
422.5191026725863
416.9444580266094
412.82048613564876
409.85494440909343
407.78434975782136
406.53385678187897
405.7856483549698
405.3451065546787
405.1622742790769
405.0470388323197
404.99750156477796
404.9717101730821
404.9460150387934
404.94083266491697
727.3395742150125
753.569423813341
778.9883119278402
804.9080140706587
831.0639987208184
857.8548483920017
884.644842837567
912.3724187882925
940.2105477768405
968.4745226219086
997.439763675927
1026.6488851118106
1056.92311731416
699.8017000469612
673.7049474774371
648.0515955361512
622.9088902668705
598.6364893613115
575.0347831789448
552.5359843467565
531.1287532527361
511.1327742965574
492.93102207887955
476.3932721534112
461.8114662019808
449.21451354882214
438.38894001701686
429.57159540832765
422.51901557098086
416.9443971001258
412.82044469774223
409.8549175232395
407.7843335993752
406.5338468575842
405.78564249888586
405.3451034410599
405.1622726415795
405.0470382365378
404.99750139206253
404.9717101714735
404.9460150749369
404.94083269107927
727.3163657448321
753.5424489118927
778.9832545208084
804.906908019854
831.0636416000373
857.8546615328029
884.6447234795669
912.3722943859408
940.2104297236824
968.4743928286622
997.439647975231
1026.6487981759576
1056.9230654294568
1088.022845238628
699.7994919148715
673.703435965697
648.0502735202026
622.9078003801799
598.6354890059353
575.0339190464275
552.5352201502286
531.1280838565509
511.1322095048496
492.93053577645725
476.39286801491573
461.81113640045646
449.21424758495317
438.38873755055283
429.5714422769389
422.51890164756117
416.94431730461093
412.82039029849915
409.8548821776169
407.7843123515105
406.533833760278
405.7856347537786
405.34509931967284
405.1622704642023
405.04703744808097
404.9975011640671
404.97171017064534
404.9460151245214
404.94083272632867
727.2911085818198
753.5134281315565
778.9777168918263
804.9057012128735
831.0632642489142
857.8544696304849
884.644615383018
912.3721744965928
940.2103167050236
968.4742607999875
997.4395228075836
1026.6486910516828
1056.9229808489795
1088.0227960169384
1120.135635724754
699.7967640265176
673.7015827796998
648.0486459132887
622.9064589329643
598.6342441092218
575.0328388997748
552.5342576919153
531.1272356068337
511.13149057253895
492.92991276517097
476.39234815942336
461.8107103264035
449.2139026032296
438.3884744723918
429.57124266630683
422.5187527436422
416.94421287832984
412.8203189524124
409.8548357611324
407.7842844433825
406.5338165006328
405.7856245274474
405.34509387410935
405.1622675754509
405.0470364065929
404.99750086360973
404.97171017111214
404.94601519211346
404.9408327736329
727.2634610646385
753.4820191427456
778.9715753149372
804.9043575365757
831.062855606523
857.854266192458
884.6445185417657
912.3720570765405
940.2102081791536
968.4741270745881
997.4393931149034
1026.6485764952504
1056.9228752643899
1088.022715561871
1120.1355887512461
1153.427996891906
699.7934056741392
673.6993169830668
648.046646402622
622.9048109519958
598.6326963119253
575.0314894885329
552.533045793258
531.1261607631826
511.13057541338713
492.9291146253547
476.3916795146692
461.81016000080064
449.21345530551264
438.38813280754704
429.57098264803017
422.5185582894167
416.9440763535731
412.82022548958025
409.8547748854365
407.7842478367336
406.53379379339276
405.78561105011335
405.3450866930573
405.1622637520978
405.0470350336529
404.99750046839085
404.97171017358664
404.9460152836995
404.94083283686524
727.2330621247057
753.4478721098104
778.964685531128
804.9028320536461
831.0624017036926
857.8540424811762
884.6444327321947
912.3719387099735
940.2101019693426
968.4739891006616
997.4392585564822
1026.6484596574771
1056.9227602400194
1088.0226147839028
1120.1355118669587
1153.4279522988509
1188.0069561637692
699.789283915012
673.6965525846786
648.0441939669466
622.9027891115734
598.6307728763024
575.0298040349938
552.5315197664903
531.1247986506372
511.1294103443331
492.9280921398872
476.39081961087186
461.8094494106935
449.2128756461547
438.3876893579727
429.5706442230175
422.51830461219197
416.9438980667702
412.82010321521096
409.8546951612973
407.78419989139525
406.5337639720622
405.78559332318787
405.345077242911
405.1622587042286
405.04703322757314
404.9974999495216
404.97171017903895
404.94601540710187
404.94083292106734
727.1995299135374
753.4106307440225
778.9568781295297
804.9010682493091
831.0618847024889
857.8537868067663
884.6443575674053
912.371814454849
940.2099945197681
968.4738421529954
997.4391154582407
1026.648340847717
1056.9226399541692
1088.0225045133072
1120.1354153396076
1153.4278790257467
1188.0069127032107
1224.3459098886765
699.7842394029863
673.6931849251035
648.0411892862883
622.9003106634968
598.6283829087388
575.0276986127074
552.5295977330109
531.1230720896722
511.12792685675595
492.9267822626246
476.38971392918313
461.80853223262085
449.2121249129201
438.38711421524005
429.5702041593822
422.5179740489426
416.9436655301906
412.81994347272916
409.8545909115955
407.784137192696
406.53372487941067
405.78557005347733
405.3450648326172
405.1622520560428
405.04703085671514
404.99749926963545
404.9717101887768
404.94601557251264
404.9408330327862
727.1624608356096
753.3699342068385
778.9479532349591
804.8989945696217
831.0612816392639
857.85348353544
884.6442923881301
912.3716773750914
940.2098806740304
968.4736794006411
997.4389575323611
1026.6482174247
1056.9225137133133
1088.0223885530343
1120.1353093084283
1153.4277865834222
1188.0068415476194
1224.3458695040667
1262.3208973240585
699.7780815846846
673.6890861394622
648.0375102061872
622.8972735459384
598.6254125491972
575.0250675231855
552.5271759214858
531.1208828322442
511.1260374838792
492.92510423643154
476.38829250540016
461.8073489147063
449.2111532677943
438.38636885329106
429.5696325020779
422.5175438084682
416.94336262601473
412.81973508321164
409.8544548031292
407.7840553300288
406.53367372689274
405.7855395687568
405.34504856856165
405.1622433212052
405.0470277509174
404.9974983804682
404.97171020454766
404.94601579317873
404.94083318050656
727.1214289936974
753.3254199589418
778.9376744707109
804.8965200975872
831.0605628008484
857.8531118099045
884.6442360406587
912.3715178084524
940.2097531372201
968.4734914518491
997.4387757448844
1026.6480845608505
1056.9223776345505
1088.0222660146155
1120.1351972312627
1153.427684413629
1188.0067519499987
1224.3458028400314
1262.3208588135415
1302.5028006982295
699.770583240668
673.6840994999552
648.0330060041371
622.8935514456784
598.6217188476269
575.021777391912
552.5241226632204
531.1181057274592
511.1236305109428
492.92295462353445
476.3864655788164
461.8058229390041
449.20989659470956
438.3854036831903
429.5688906626554
422.5169845123588
416.94296857261935
412.81946362652263
409.85427737439477
407.7839486126388
406.53360691429765
405.78549970942936
405.3450272966582
405.16223187123074
405.04702369049915
404.9974972197522
404.97171022867155
404.9460160862825
404.9408333752088
727.0759862153809
753.2767274838461
778.9257621800133
804.8935292185334
831.0596896054317
857.8526439262714
884.6441865397933
912.3713223674922
940.2096016864069
968.4732655354834
997.4385576106083
1026.6479352153171
1056.9222252291627
1088.0221328728799
1120.1350780561756
1153.4275755808862
1188.0066527478414
1224.3457182068028
1262.3207949646055
1302.5027633494874
1344.9353833561609
699.7614743428884
673.6780324319101
648.0274901222582
622.8889875273255
598.6171219719446
575.0176596253585
552.5202707236667
531.1145812640372
511.12056320499914
492.92020094215013
476.3841180212455
461.80385603216575
449.20827246009003
438.3841549201
429.56792897062763
422.51625832431586
416.9424565994283
412.819110519702
409.85404642973873
407.7838097051339
406.5335197983776
405.785447689483
405.3449995280818
405.1622168949248
405.0470183921583
404.9974957072396
404.97171026421165
404.9460164740731
404.9408336310781
727.0256627743585
753.2235029219015
778.9118858424397
804.8898751439322
831.0586117920675
857.8520432788591
884.6441405786611
912.371072611545
940.2094121012323
968.4729843536758
997.4382860576206
1026.6477596013278
1056.9220471994618
1088.0219824774942
1120.1349476613682
1153.4274587808518
1188.0065467314637
1224.3456238368206
1262.3207134444528
1302.5027006205987
1344.9353473984186
1389.927039518362
699.7504351717785
673.670647985353
648.0207309313273
622.8833864563171
598.6113952999427
575.0125007688629
552.5154075092205
531.1101060413428
511.11665314682045
492.9166735239878
476.38110220169057
461.8013220303967
449.2061749400516
438.3825405684979
429.566683535088
422.5153165531875
416.9417922487468
412.81865183509484
409.85374626278656
407.78362916005267
406.5334063959686
405.78537991817626
405.34496334400677
405.1621973463768
405.04701149089533
404.9974937396073
404.9717103151916
404.94601698531415
404.9408339664201
726.9699689613483
753.1654044279468
778.8956555983575
804.8853721943618
831.0572636327017
857.8512617494789
884.6440928200208
912.3707433006912
940.2091647578453
968.4726245616105
997.4379378597359
1026.647544267578
1056.9218306916816
1088.021805303946
1120.134799304152
1153.4273296586496
1188.0064325191615
1224.3455221785318
1262.3206218575408
1302.502619193352
1344.9352860433837
1389.9270045487574
1437.8737845972046
699.7370885133299
673.6616545621282
648.0124399530969
622.8765042236424
598.6042528343269
575.0060301736737
552.5092625631004
531.1044205922598
511.1116671386621
492.9121550914757
476.37722884981486
461.79805902590863
449.2034679961323
438.38045527810414
429.56507222492166
422.51409658288776
416.9409311989391
412.8180567862497
409.8533566611267
407.7833948182565
406.5332590033519
405.7852917713413
405.34491627344687
405.1621718783099
405.04700251685176
404.9974911839359
404.97171038688043
404.94601765714424
404.9408344048275
726.908397444005
753.102107885275
778.8766126108234
804.8797868073701
831.0555587348658
857.8502363642319
884.6440348637448
912.3703000952554
940.2088327951469
968.4721548003332
997.4374815823667
1026.647270818047
1056.9215581115566
1088.0215881687936
1120.1346233382092
1153.4271811804317
1188.0063057894527
1224.3454116209425
1262.3205222666822
1302.5025257338411
1344.9352049017152
1389.9269438135705
1437.8737497905006
1489.3195463242614
699.7209905443209
673.6506937032618
648.0022568018547
622.8680351127914
598.5953332471607
574.9979042167218
552.50149159409
531.0971938358591
511.10530700161684
492.90636742085246
476.37225536544497
461.79385931292404
449.19997699428745
438.37776375717743
429.5629895221436
422.5125179393515
416.9398164770291
412.8172857884649
409.8528516304871
407.7830910404165
406.53306770815203
405.7851772980972
405.34485513669074
405.1621387566893
405.04699086564636
404.99748786936726
404.97171048615223
404.94601853745667
404.9408349766778
726.8404262048575
753.0333120438314
778.8542177407194
804.8728272622567
831.053382844517
857.8488849432083
884.6439537432861
912.3696965106037
940.208379713547
968.4715331632153
997.4368749269552
1026.6469142228348
1056.9212055055075
1088.0213130031389
1120.1344064056057
1153.4270032941772
1188.006159619726
1224.3452876064905
1262.320412777247
1302.502421461899
1344.9351097276985
1389.9268618208441
1437.873688317551
1489.3195112171024
1545.0570201098317
699.7016196729148
673.6373257092788
647.9897299367632
622.8575949061587
598.5841797101842
574.9876860909088
552.4916560877622
531.0880032232863
511.0971913933756
492.89895428970743
476.365870858519
461.78845651952344
449.19547785577555
438.3742923421005
429.56029993123343
422.5104772580305
416.9383748902575
412.81628797454124
409.8521977609806
407.782697721835
406.532819763494
405.78502884494014
405.34477584464753
405.16209575138623
405.0469757604045
404.9974835764501
404.97171062195076
404.946019687952
404.9408357210424
726.7655213123371
752.9587416172708
778.8278376820923
804.8641320369437
831.0505839088239
857.8471003043605
884.6438297347491
912.3688698673703
940.2077562119874
968.470703934402
997.4360613134897
1026.6464406218265
1056.920740440989
1088.0209551795747
1120.1341301866194
1153.426782067421
1188.0059841490738
1224.3451428835654
1262.320288539787
1302.5023035553993
1344.935000903955
1389.9267633469626
1437.873603644328
1489.3194480981647
1545.056985130885
1606.0024592728894
699.678362211523
673.6210126924118
647.9742922198213
622.844699074145
598.5702144809823
574.9748199304325
552.4791972569494
531.0763094011153
511.0868325448676
492.8894596738741
476.3576770091638
461.78150915128566
449.1896831870243
438.36981820486983
429.55682954995694
422.5078418468741
416.9365124579975
412.81499801632367
409.85135213500774
407.7821890296261
406.532498785964
405.7848365738871
405.3446731418072
405.1620399962557
405.04695620319603
404.9974780235327
404.9717108058858
404.9460211880357
404.9408366881297
726.6831381394186
752.8781459183035
778.7967277548934
804.8532563178884
831.0469586524514
857.8447422925856
884.643633171142
912.367735883153
940.2068959848598
968.4695933846393
997.4349654874785
1026.6458044791627
1056.9201192665373
1088.020481320226
1120.1337696961054
1153.4264983730397
1188.005765739672
1224.3449670944433
1262.320141925463
1302.502165983137
1344.9348746695587
1389.926647824054
1437.873499472771
1489.3193593236228
1545.0569208200945
1606.0024791508267
1673.5666051365138
699.6504936380755
673.6010981839707
647.955230398351
622.8287341411556
598.5527070434977
574.9585976627229
552.4634027545934
531.0614239153851
511.07360648991374
492.87729988023597
476.3471635998835
461.77257955841253
449.182224548553
438.3640555545437
429.55235529294816
422.5044414549376
416.934108571547
412.813332058792
409.8502596492676
407.78153178490834
406.5320837276478
405.78458784505824
405.3445402770814
405.1619678102548
405.04693091295826
404.99747084941896
404.97171105299253
404.9460231398074
404.9408379423945
726.5927188824639
752.7912896455233
778.7600115295892
804.8396552212708
831.0422352528653
857.841626436247
884.6433198002904
912.3661814349842
940.2057100774405
968.4681043496366
997.4334878776743
1026.6449448940045
1056.9192835856609
1088.0198464599384
1120.1332910490244
1153.4261261037516
1188.0054857014745
1224.3447458541848
1262.3199620500425
1302.5019995185055
1344.9347237821864
1389.9265103870546
1437.8733741366107
1489.3192474173293
1545.0568282263575
1606.002489601195
1673.5664424361516
1747.7112675326473
699.6171548385197
673.576781370997
647.9316481318363
622.8089196930291
598.5307343043524
574.9381165796879
552.443364136171
531.0424680590903
511.056714976371
492.86172796609117
476.3336772548919
461.7611070548741
449.1726298258528
438.35663800286875
429.5465911190948
422.50005776272974
416.9310085300306
412.81118252230965
409.8488495898282
407.7806833899886
406.53154755909986
405.7842664256975
405.34436858256197
405.1618744688533
405.04689824619345
404.99746159131223
404.9717113827021
404.94602567442666
404.9408395664977
726.4936837391097
752.6979313123356
778.7166602524858
804.8226603531072
831.0360525694767
857.8375073428472
884.6428239352896
912.3640548806105
940.2040792106211
968.4661092166006
997.4314973616115
1026.6437808081694
1056.918155722961
1088.018990390539
1120.1326485637983
1153.4256298312694
1188.0051185593838
1224.3444593719935
1262.3197337849588
1302.5017910843435
1344.9345373637082
1389.9263423535729
1437.873221461793
1489.3191094514302
1545.056708690574
1606.0024718950456
1673.566364781438
1747.7044551084339
1831.1817980424394
699.5773247118914
673.5470820909719
647.9024232641574
622.7842574439225
598.503130975172
574.9122251597965
552.4179224406981
531.0183204708409
511.03513678364584
492.84178834913786
476.3163814992131
461.74637362063396
449.16029437373146
438.347096035749
429.53917045853404
422.49441097247603
416.9270140088823
412.8084114659386
409.8470312533944
407.7795891736444
406.5308555822048
405.78385147736407
405.3441469345498
405.1617539122176
405.0468560959174
404.9974496568025
404.97171182008196
404.9460289602275
404.9408416663299
726.385412790133
752.5977834116146
778.6654798163859
804.8014433173607
831.027937670913
857.8320541379059
884.6420480498551
912.3611531792218
940.2018432034171
968.4634408219454
997.4288220027595
1026.6422047696888
1056.9166328941126
1088.017832953378
1120.131781021976
1153.4249617716794
1188.0046297801862
1224.3440805836306
1262.319436294766
1302.5015225430225
1344.9343000541542
1389.926130881646
1437.8730310522324
1489.3189377091844
1545.056557986383
1606.00240919636
1673.5663073012897
1747.697939364804
1831.1481753806202
1927.823720126139
699.5297934615529
673.5107899669517
647.8661611456032
622.753462755235
598.4684275500981
574.8794540890489
552.3855985210224
530.9875504942046
511.00756555790963
492.8162589267831
476.2942058094613
461.7274601761428
449.1444442563717
438.3348282825107
429.5296238075198
422.4871427196583
416.9218709065838
412.80484211989324
409.8446883547111
407.7781789918891
406.529963270009
405.7833162590882
405.3438610642207
405.16159837358464
405.04680176291805
404.99743428841225
404.9717123974026
404.9460332130461
404.94084437737
726.2672150015817
752.4904457785349
778.6051176433775
804.7749565065031
831.0172839455063
857.8248147363007
884.6408462235419
912.3572049126519
940.1987862187885
968.4598805713831
997.4252372273759
1026.6400747921878
1056.9145797108993
1088.0162679767805
1120.1306068406777
1153.4240578667425
1188.0039728238266
1224.3435727020478
1262.3190410600014
1302.501168949463
1344.9339905632523
1389.9258579041
1437.8727877406636
1489.3187197573036
1545.0563667811202
1606.002286496966
1673.566223104167
1747.6916604854905
1831.1145435846292
1927.7159605849397
2043.1684356207381
699.4731426326802
673.4663882427674
647.821145739278
622.7148734918712
598.424771779649
574.8379288757727
552.344503899579
530.9483334865993
510.97233047894025
492.78357743301007
476.2657806702384
461.70319088858326
449.1240895340641
438.3190649074236
429.51735020274714
422.4777943409461
416.91525386574597
412.8002480987502
409.84167189019774
407.77636287785907
406.5288135008048
405.7826264670711
405.3434926777477
405.16139790618104
405.04673179213245
404.9974145188955
404.97171315613315
404.9460387093286
404.94084787270066
726.1382796374241
752.3752997607969
778.5340998824371
804.7418412755006
831.0033290114873
857.8151664873144
884.6389964701461
912.3518481876949
940.1946160192533
968.4551428048364
997.4204507941661
1026.6372037035078
1056.9118185337647
1088.0141554701024
1120.1290178381776
1153.4228327259368
1188.003085332672
1224.3428860392003
1262.318509283187
1302.500696204522
1344.9335796143723
1389.9254984019672
1437.872470276192
1489.3184376599647
1545.0561204836024
1606.0020869127054
1673.566079498734
1747.6857141293092
1831.0817547676572
1927.6039010023328
2042.8846419571641
2184.337927839569
699.4057326095963
673.4119433898774
647.765285982179
622.6663321154009
598.3698270328194
574.7852598817434
552.2922269186291
530.898343146836
510.92729527133844
492.74174788984857
476.2293548545513
461.67206240465634
449.09796500769545
438.29882103736645
429.5015809830145
422.4657792857933
416.9067465984061
412.79433968228034
409.83779104544533
407.7740254754294
406.527333017163
405.7817381127296
405.34301833285775
405.1611397827787
405.0466417653241
404.9973891151343
404.9717141494473
404.9460458027227
404.94085237305535
725.997603194955
752.251351010966
778.4508905717837
804.7003032919813
830.985120465929
857.80225417167
884.6361530670589
912.3446021577565
940.1889348336234
968.448853964347
997.4140837904769
1026.6333451775615
1056.9081170422269
1088.0113115623192
1120.126871181359
1153.421173093659
1188.0018842086172
1224.3419538980913
1262.3177885197933
1302.5000579822931
1344.9330271951292
1389.9250179863413
1437.872049282928
1489.31806637719
1545.0557982013652
1606.0017887390854
1673.5658506209156
1747.6800379581882
1831.050524844144
1927.4946480999652
2042.5776824524085
2183.6485243576653
2360.7038733396143
699.3256804535745
673.344960743303
647.6960430772857
622.6050408662434
598.3006375379705
574.7184045801598
552.2256879731425
530.834614729555
510.8697298621729
492.6882220154787
476.18269031183684
461.63215407678604
449.064455259926
438.2728376623045
429.48133384377684
422.45034819405146
416.89581693484297
412.78674640902545
409.8328016245339
407.77101891831154
406.5254279004608
405.7805948088723
405.3424080070323
405.16080773578506
405.0465260390338
404.9973565082149
404.9717154453709
404.94605494499416
404.94085815933204
725.8438864114825
752.1170252140697
778.3539230668953
804.6479822288326
830.9614360269406
857.7849229194121
884.6317652015937
912.3348300165683
940.1811990239421
968.4405243930435
997.4056467378352
1026.6281753955752
1056.9031721922759
1088.007495526952
1120.1239789696972
1153.4189294081002
1188.0002592459227
1224.3406872657024
1262.3168083186854
1302.499191743635
1344.932278961766
1389.924369675927
1437.871484431124
1489.3175713510518
1545.0553708195148
1606.0013628443594
1673.5655096222472
1747.674542850351
1831.0207043334635
1927.389940228872
2042.280195661814
2182.9108030119783
2359.055525662567
2582.0477023913045
699.2307828709785
673.2622282170556
647.6103063792427
622.5273959542233
598.2134476587051
574.633494480802
552.1409573521345
530.7533711718742
510.79614751446536
492.6197495056532
476.12292883081193
461.581014361253
449.0215001990515
438.2395068197746
429.45535476564766
422.4305448357234
416.8817852838931
412.77699504308094
409.8263913514709
407.7671537384924
406.5229777832267
405.7791243036993
405.3416232764018
405.1603809986897
405.0463774150751
404.99731470698
404.9717171307068
404.9460667122589
404.94086558802985
725.6754008545128
751.9699685420943
778.2415041857244
804.5818836316053
830.9306018070849
857.7616590575607
884.6249457820568
912.3216884696884
940.170664982898
968.4295095063037
997.394509680519
1026.6212689761826
1056.8965894644712
1088.002393032055
1120.1200947534187
1153.4159048738004
1187.9980648900284
1224.3389679510008
1262.3154745827853
1302.4980135838186
1344.9312615774106
1389.9234896861972
1437.870720677856
1489.3169051892075
1545.0547981712964
1606.0007698175657
1673.5650232110672
1747.6691367344156
1830.9919593158338
1927.289263749261
2041.9932756319108
2182.200963226436
2357.4694001250587
2578.624561072165
2858.707527184428
699.1183225703757
673.1596944605607
647.5041741512275
622.4288075202733
598.1034642506099
574.5256143012602
552.0330291634376
530.6498021401746
510.7020985998522
492.53218977217585
476.04642340244476
461.51551756172626
448.9664765092605
438.19677724376254
429.4220448791438
422.405150774651
416.86378490379997
412.76448177407576
409.8181612685243
407.7621872540135
406.5198284581955
405.77723406085863
405.34061500299634
405.1598331034522
405.0461867282754
404.99726119242735
404.97171931587377
404.9460818376597
404.9408751100627
725.4898216705575
751.806956839221
778.1114884704441
804.4984523534735
830.890159921706
857.7305418974191
884.614281421063
912.3040517036384
940.1563200505266
968.4149556335383
997.3798647103627
1026.6120674860042
1056.8878559367436
1087.9955944890123
1120.1148960699566
1153.411841296591
1187.995109540901
1224.3366397063744
1262.3136622666523
1302.4964115780913
1344.9298766919464
1389.9222919716574
1437.8696833576334
1489.3160032674734
1545.0540251748077
1605.9999564287473
1673.5643473245
1747.6637253052338
1830.963927732484
1927.19166615088
2041.715147399586
2181.511933390614
2355.943286639922
2575.5436374787964
2852.345003748823
3199.2291089701403
698.9847311786793
673.0324132563655
647.3726180143692
622.3034914024734
597.9645636982881
574.38851138066
551.8955447232487
530.5177847460583
510.5819094741417
492.42027653128935
475.9485259781631
461.4316837896743
448.8960496836663
438.1420359288016
429.3793688128097
422.37261621835717
416.8407120905708
412.7484373384275
409.80760223583667
407.7558087638423
406.5157824546199
405.77480562798996
405.3393204084332
405.1591303804332
405.04594233483596
404.99719279074577
404.97172214082093
404.946101251704
404.9408872932808
725.2839932146247
751.6239695089
777.9607465734092
804.393763902026
830.8364212019335
857.689162519892
884.5975993715725
912.2803853460499
940.1367993905833
968.3957245486762
997.3606784313672
1026.5998385383327
1056.8763052469963
1087.9865669985375
1120.1079618160115
1153.4064006890417
1187.991141635542
1224.333496712754
1262.3112059113591
1302.4942371825912
1344.92799317569
1389.9206611806048
1437.8682718203181
1489.3147779897602
1545.0529767181715
1605.9988510467633
1673.5634226930529
1747.6582082392388
1830.9362495220466
1927.0961415271424
2041.4436131791365
2180.83904028053
2354.452237607085
2572.565805807538
2846.859986766189
3188.381198112374
3609.0499924554033
698.8251831033859
672.8744748628679
647.2090881410509
622.144163594086
597.7889655471556
574.2142027869784
551.720456131432
530.3495347524957
510.42835181708807
492.2773254405281
475.82332202240616
461.32445378831073
448.8059904984009
438.07196043001244
429.32474047293294
422.3309741692627
416.8111642058325
412.72788343528805
409.7940653782973
407.74762071378757
406.51058703628456
405.77168748314955
405.3376593833239
405.15823010390915
405.04562948387854
404.99710552402263
404.97172578214503
404.94612613143136
404.9409028487724
725.0535679637059
751.4162261435711
777.7847271841256
804.2635547593635
830.7641045163566
857.6343821282562
884.5717447846448
912.2485326875014
940.1102896481824
968.3702909856979
997.3356298877482
1026.5836232520107
1056.8610719574187
1087.9746178790895
1120.0987429188265
1153.3991413448628
1187.9858314787796
1224.3292686152008
1262.3078873435265
1302.4912941173309
1344.9254370995993
1389.9184435721613
1437.866351220442
1489.313111350508
1545.0515509845832
1605.9973576695768
1673.562169455614
1747.652474105946
1830.9085675865508
1927.0017003176956
2041.1764815830074
2180.1780536178685
2352.9873968299376
2569.640464424072
2841.530412661597
3179.294565706291
3591.874941413107
4086.30206456299
698.6332840854138
672.6786680077353
647.0052072457739
621.9415086974394
597.5668986347976
573.9924514584214
551.497608815869
530.1351813696705
510.2322248739786
492.0948730254887
475.6633017841844
461.187408941046
448.69094915883124
437.9823361216164
429.2548817566289
422.27773490588675
416.7733630850434
412.701578681501
409.7767251195017
407.73711477893926
406.50391896603094
405.76768597057486
405.3355298595568
405.1570782252763
405.0452295563336
404.9969944403328
404.97173046150056
404.9461579592983
404.9409226604489
724.7925544480509
751.177717950965
777.5775896102884
804.1026495137033
830.6663580241092
857.5617684540457
884.5324312140838
912.2053813825405
940.0744104765436
968.3366119529221
997.3030260365151
1026.5621696281028
1056.8410323097735
1087.958847034455
1120.0865243265418
1153.3894866621947
1187.9787474321727
1224.3236010216349
1262.3034196514461
1302.4873239642486
1344.921978807515
1389.9154353091753
1437.8637419363129
1489.3108453380046
1545.049610803937
1605.9953481715752
1673.560480239501
1747.646394019089
1830.8805214880367
1926.9073715125521
2040.9116208565483
2179.524944750478
2351.5417656534237
2566.7539865562335
2836.273579500133
3170.424064934019
3577.769500464488
4060.8200453254162
4621.366337068123
698.4009215000339
672.4356351431394
646.750634112899
621.6833522885772
597.2862192049382
573.7101252305708
551.2141984476998
529.8622663150753
509.9818323796104
491.86223226660036
475.45895851620753
461.0124260875163
448.5441796457103
437.8678325214377
429.1656498088115
422.2097574710487
416.7250614250633
412.66795220737015
409.7545332040772
407.7236416235332
406.49536522505247
405.7625538731036
405.3328020496754
405.15560664526237
405.04471916161316
404.99685342990847
404.971736455285
404.9461985919447
404.9409478163615
724.4929763655537
750.9002113460308
777.3328702350618
803.9038621199297
830.5351583251221
857.4647501222676
884.4741348867758
912.146436922678
940.026037943038
968.2919772969935
997.2606827159742
1026.5338487068857
1056.814728193268
1087.9380843858069
1120.0703757574488
1153.3766844690756
1187.9693245591495
1224.3160300105135
1262.2974262487842
1302.481987477782
1344.917316211354
1389.9113673728773
1437.860205941124
1489.3077695724328
1545.0469724962393
1605.9926522753776
1673.5582111349017
1747.6398133870055
1830.8517385467112
1926.812191020003
2040.6469440244684
2178.8758184753146
2350.10877485083
2563.8959613818743
2831.0707012755665
3161.6493188365775
3563.9476667919052
4040.179657414764
4585.654787839274
5194.1769084082935
698.1179924352745
672.1328137579646
646.4327661541256
621.353769569092
596.9317715366036
573.3505363637845
550.8540368621774
529.5151676402463
509.6623439640048
491.56594466280967
475.1983055003393
460.7892570831269
448.3572066167319
437.72173390838816
429.05182836338156
422.1230953969419
416.66342994693923
412.6250229319356
409.7261620219806
407.7063728347897
406.484398756245
405.75597610138186
405.32931134880306
405.1537300027852
405.0440690969697
404.99667504264505
404.97174410546
404.9462503374414
404.94097963837373
724.1444943427615
750.5730910709846
777.0432974966507
803.6577177095951
830.3613570461378
857.334018201113
884.389804369708
912.0654449949145
939.9609986287084
968.2328631891291
997.2057581874301
1026.4965479038447
1056.7802718165938
1087.9108072591719
1120.0490878350138
1153.3597539512555
1187.9568231222406
1224.3059486730945
1262.2894134333378
1302.474840274434
1344.91105318137
1389.9058861037447
1437.8554292575327
1489.303605392469
1545.043391505958
1605.9890446208328
1673.5551699484408
1747.6325411061277
1830.8218225769122
1926.7151851398864
2040.3803797561102
2178.226857198813
2348.6820741224446
2561.056600367621
2825.9073365298605
3152.9460018922437
3550.2469261304705
4019.8951501659317
4557.01430129641
5146.672118684173
5776.72172362102
697.7714953449646
671.7540603212258
646.0354632374559
620.9326740234992
596.4841652093645
572.8928805547017
550.3965949787364
529.0744185642915
509.25505171612554
491.1891023705034
474.86630482659825
460.5050267852653
448.11942872844315
437.5356205031495
428.9068806707059
422.01281482618253
416.5849236013953
412.5703029422907
409.689935425585
407.6842533765548
406.47034819153043
405.74755195019884
405.3248497171646
405.1513420153851
405.0432432029577
404.99645033593055
404.97175383115086
404.946316036733
404.9410197037844
723.7329407245879
750.1853640199093
776.6983148049598
803.3543552303761
830.133572371406
857.1579170477095
884.2701149123889
911.954269122155
939.8735757184164
968.1548032933432
997.1345377905609
1026.4475295797918
1056.7352304842332
1087.8750312018008
1120.021089050554
1153.337416497452
1187.9402733782717
1224.2925630031339
1262.2787342833183
1302.4653011311473
1344.9026715436878
1389.8985280850957
1437.8489993524763
1489.2979853860159
1545.0385439204279
1605.9842281191743
1673.5511009656975
1747.6243354109713
1830.7903397914015
1926.615351816053
2040.109841202106
2177.574265228753
2347.2554330100124
2558.2264330503704
2820.7698436616024
3144.2950163832797
3536.637061359769
3999.7587712927557
4528.804396003611
5108.847020766811
5716.43981959493
6331.221582950061
697.3440117731418
671.2800118281623
645.5365168917609
620.3959313907485
595.9179979983923
572.3116430034005
549.8159452654698
528.5158171302681
508.73655909039536
490.71051562579714
474.4441994729839
460.14365376643576
447.8176541559849
437.2990006906655
428.72266492270757
421.87278489672764
416.48512659302105
412.5006839445866
409.6437454871838
407.65594282911985
406.45236052180263
405.7367734327493
405.31915544677815
405.1483115115022
405.04219719901516
404.9961688033451
404.9717661404618
404.94639913987567
404.94106984758764
723.2378708602342
749.726430276254
776.28211098835
802.9852854576429
829.8371841014538
856.9235315406073
884.102574139218
911.8030194630619
939.7559189905375
968.0522366035311
997.0421999133586
1026.3832328427168
1056.676492996865
1087.828167147167
1119.984337146291
1153.3080059125691
1187.918401846747
1224.274833452368
1262.2645409734098
1302.4526105124498
1344.8914947277694
1389.8886876908664
1437.840376006019
1489.290427046123
1545.032002714722
1605.9778125411674
1673.5456651910545
1747.6148853764157
1830.756800608301
1926.5116390192406
2039.8331923713567
2176.914213783172
2345.822647105961
2555.39614894469
2815.6450136733747
3135.6782837215296
3523.0938437038003
3979.734134298224
4500.770664477942
5071.527184227999
5668.694159032165
6258.03679915426
6817.614429673245
696.8123235883072
670.6869888473938
644.9056585467945
619.7144817486228
595.2004775438284
571.5753641302097
549.0799160770355
527.8091806971727
508.0779263554082
490.10373356740274
473.9087362170579
459.6852126513657
447.4355744716913
436.9989005109469
428.4891189708038
421.69544437795213
416.35857788317765
412.41230723699465
409.5849542121074
407.6197438955813
406.42935590167014
405.72299945286727
405.3119014178683
405.14447847552617
405.0408776720207
404.99581846547636
404.97178164184027
404.9465037588809
404.94113212674915
722.632502359533
749.1790308474353
775.7776249292593
802.5399147326931
829.4565962902227
856.616617398211
883.8717340067096
911.5999628608878
939.5977173926585
967.9182009837301
996.9226322241119
1026.2989915632281
1056.6001176981124
1087.7668400285788
1119.936175826724
1153.2693524837548
1187.8895327007785
1224.2513970660573
1262.24572155773
1302.4357761335668
1344.8766404523794
1389.8755751131184
1437.8288537481108
1489.2802988669148
1545.0232072064364
1605.9692869962232
1673.5384148409812
1747.6037867713019
1830.7206363652244
1926.4029181618291
2039.5482109396235
2176.2427820751977
2344.37744362191
2552.556473854936
2810.519852018573
3127.07829499531
3509.5942947654135
3959.791594784445
4472.870441284877
5034.411622240562
5621.525663067285
6200.294070299438
6732.353085028305
7195.472853339177
696.1457027981401
669.9430204901112
644.1051686309006
618.8508836444993
594.2914101034438
570.644343391241
548.149558415885
526.9167929252661
507.2436787105287
489.3360082746349
473.2312653236777
459.1052784781274
446.9532045352313
436.6194251763495
428.1939318503688
421.471554614061
416.1985825153883
412.3004198215309
409.5102805616186
407.57351747072556
406.3999744830075
405.7054261848359
405.3026823540221
405.1396507272537
405.039221532474
404.9953862451067
404.9718010544668
404.94663466503596
404.94120871707014
721.8838150786781
748.5107420754698
775.1695210140333
801.9998429768897
828.9793196288613
856.2198961282695
883.5612623099495
911.3307957595102
939.3865096100658
967.7437652560604
996.7683491266816
1026.1886674321004
1056.5011491883508
1087.6866716775035
1119.8731444861016
1153.218634202194
1187.8514562727173
1224.220463199241
1262.2208158416802
1302.4135012707727
1344.8569589719127
1389.8581619900338
1437.81351340228
1489.2667766980112
1545.0114237864132
1605.9579845463418
1673.5287604405098
1747.5905107755825
1830.6811691367886
1926.2879522375542
2039.252547666245
2175.5558952929437
2342.9133957246772
2549.698022517852
2805.3813956393587
3118.4778180314074
3496.116127158317
3939.9028732282345
4445.068354319293
4997.451249427223
5574.588418005077
6143.194391623068
6665.270889269564
7099.918291388311
7424.015621590556
695.3029899578047
669.0046358608222
643.0900130905679
617.755949082323
593.1427410020544
569.4685993789977
546.9780680852839
525.7920592428859
506.19041510683104
488.36735759301195
472.3767597140549
458.37430582004845
446.3463560782918
436.1413257225679
427.8222328253769
421.1899603396969
415.99701916209034
412.1592226141403
409.41567578659965
407.5145855299989
406.36251672751473
405.683055270576
405.29100235703953
405.1336023132306
405.037156469967
404.99485879789864
404.9718252176902
404.94679717677104
404.9413016984481
720.9416513131082
747.6802631838398
774.4308232805259
801.3407643833019
828.3937234233094
855.7132006698289
883.1556754845224
910.9782150042807
939.1082789532495
967.5174411194657
996.5704047096832
1026.0442783621465
1056.3733645992272
1087.5820431737245
1119.7907276927895
1153.1521863061598
1187.8012553616136
1224.1796732676755
1262.1879030488142
1302.3840900523853
1344.8309522283812
1389.835110854602
1437.7931595237546
1489.2487875554095
1544.9956954276513
1605.943036724913
1673.515928409626
1747.5743632648657
1830.6375726660733
1926.1653557449802
2038.9436774646763
2174.849260533144
2341.423820843103
2546.8111636541885
2800.216522756835
3109.8596595238696
3482.6374218274223
3920.0406490256014
4417.330841233566
4960.605373662198
5527.827550189143
6086.350641198414
6598.889152947919
7024.883066817172
7321.020548285207
7475.084239849546
694.2330677985599
667.816586966757
641.802993006013
616.3699330829148
591.6942559570484
567.9882118163168
545.5079641087782
524.3788441735977
504.8649330764857
487.14978751539
471.3029761659866
457.45710279060114
445.58627316491885
435.5416388573377
427.3563467641314
420.8373963583194
415.7441621826501
411.98172139805206
409.2961949035755
407.43962717971283
406.314881669622
405.65466379968143
405.27626532342254
405.1260753441809
405.034603251091
404.99422401282385
404.9718551003783
404.9469968521803
404.9414126661672
719.7343897179636
746.6373575580623
773.5124383305282
800.532400950631
827.6801427615825
855.0767236559354
882.638156994443
910.5236726234903
938.7470322359188
967.225258872853
996.317986413311
1025.8557902204718
1056.2088974780672
1087.4458579082423
1119.6830382843275
1153.0652564407571
1187.7350794488373
1224.1259119673223
1262.1444513754366
1302.345322054065
1344.7966676554165
1389.804683416627
1437.7662395656253
1489.2249372519896
1544.9747767724923
1605.9233150713458
1673.4989063425908
1747.5544322116807
1830.5888217592394
1926.0335435768056
2038.6188419000214
2174.1182907184134
2339.9016777409593
2543.885880098758
2795.0117611556534
3101.2064282688625
3469.1363176634486
3900.1780645043314
4389.625312238466
4923.834871322315
5481.196979932971
6029.702981728837
6532.7851195467465
6950.595040655668
7240.237520738099
7368.142057480705
7326.71412256074
692.876277782554
666.3105679728732
640.1710657487039
614.6225980809086
589.8693848607728
566.1334336429371
543.6681179555598
522.6103837526923
503.2027537656878
485.6264771294049
469.96025850458
456.31254020372285
444.6396033375138
434.7935404624686
426.7756848299685
420.39839847045687
415.4285490500565
411.7595977450575
409.14588045590034
407.3445809964436
406.25451316862905
405.6187839906908
405.2577729761978
405.116787888376
405.0314810876764
404.9934734078058
404.9718918091739
404.9472388589395
404.9415420860804
718.19411531778
745.3007963488368
772.3543382277961
799.5261736189995
826.8036980528174
854.2906193797849
881.9853701688689
909.9500866676732
938.2829073574007
966.8516432090296
995.9975399401154
1025.6111344106355
1055.9977569701257
1087.2693005354718
1119.5424516494027
1152.9516864760476
1187.6478574715582
1224.0550543663194
1262.0871160785864
1302.2942860784954
1344.7515582842605
1389.764621061387
1437.7307393565209
1489.193417162293
1544.9470506540135
1605.8973559939814
1673.4763727324364
1747.529519894581
1830.5336267705477
1925.8906662701256
2038.2749802652402
2173.3580225399724
2338.339461355994
2540.9116151238422
2789.7530910463665
3092.500235563647
3455.5907169916063
3880.2882604138695
4361.919769018657
4887.10213775844
5434.652338391188
5973.200042210854
6466.89448180206
6876.602407087874
7160.233836397996
7284.314844542049
7219.919003436741
6968.510828509046
691.1520960199553
664.4060995950358
638.1063636376049
612.4249238691923
587.5788989885539
563.819023324939
541.3744362339569
520.405947483187
501.12855177091836
483.7310794520649
468.29252885656473
454.8939197920927
443.46886708506713
433.8666513947009
426.056870035363
419.855392863586
415.0369438412273
411.48312774869305
408.95768833752214
407.22458102968733
406.17837344949095
405.57370654111537
405.23473839733833
405.1054514951033
405.0277176804476
404.99260557296327
404.97193658261244
404.94752685019245
404.94168829603564
716.2414707949857
743.583715319382
770.8760335782748
798.2546277213553
825.7094650910394
853.3246918603371
881.1647784867779
909.2391647308871
937.6910444948617
966.3791719547324
995.5920661842101
1025.2960421644148
1055.727444816369
1087.041515998772
1119.3592448655427
1152.803499336063
1187.532939307863
1223.9616320937887
1262.011468200362
1302.227160041022
1344.6922981101707
1389.7119887902243
1437.6840478232696
1489.1518840780932
1544.910420725096
1605.8632641990566
1673.446606485271
1747.4980553722808
1830.4703488400785
1925.734527350568
2037.9086435997438
2172.56301511779
2336.729073056494
2537.877114273224
2784.425735211487
3083.722512604947
3441.9779030441528
3860.344151896993
4334.182382322192
4850.370029615283
5388.15133619805
5916.793350443387
6401.161231466664
6802.83684927107
7080.538207909511
7201.283921164973
7136.199272236733
6866.260698175179
6409.941639307224
688.9644581965076
662.0036416712792
635.5040665372608
609.6664400713912
584.7228339027226
560.9401218425509
538.5306084020913
517.6685896851586
498.557927310926
481.38914626326715
466.2394547265207
453.15083726864424
442.0335367796704
432.72807494455276
425.1742567930053
419.18903658524306
414.55447538805066
411.14119794292566
408.7235076960117
407.07397705897955
406.0829774406377
405.5175296503545
405.2063268157109
405.0918026994768
405.02326567294585
404.99163056689525
404.9719907146807
404.9478611554868
404.94184605415103
713.765615804048
741.3986086022329
768.9845341783617
796.6292787012637
824.3260528778922
852.1237347317518
880.1343015604921
908.3605661861408
936.9425467546757
965.7845571940614
995.0814303855049
1024.8928864828836
1055.3829398059324
1086.7490947092285
1119.1212991626307
1152.610386796822
1187.381650969058
1223.8384044125694
1261.911631168086
1302.1389201482261
1344.614538495305
1389.642970965646
1437.622781759993
1489.0973053397672
1544.8621733333525
1605.818588575953
1673.4073706287295
1747.4579820261006
1830.3968910177637
1925.5624770708084
2037.5158858233656
2171.7272338104262
2335.0616809789167
2534.7702520954704
2779.013942447954
3074.853642732087
3428.274248347898
3840.3179124703006
4306.380912416296
4813.601758332205
5341.651908011931
5860.435548481856
6335.533271516354
6729.239476656272
7001.079510265544
7118.567994667101
7053.276355045669
6786.050508517084
6316.3534424203135
5669.256802508462
686.206006717438
658.9751452941346
632.2407062793551
606.2248975670907
581.1821078038759
557.379262415619
535.0221823112937
514.2909035478133
495.39878290863146
478.52451990543244
463.7395581998977
451.03306813613773
440.2919677209545
431.344271032717
424.1010959927189
418.37886766866325
413.96505787960473
410.7215157383022
408.4343609771525
406.8865222755994
405.9645403077981
405.4482834801446
405.1717387788847
405.07565279665613
405.01812658795916
404.9905746569014
404.9720552339561
404.9482361713711
404.94200456037794
710.6432352849866
738.6235071200445
766.577450102564
794.5519406600883
822.5607506840503
850.610454355531
878.8352114918052
907.2624427215208
936.0022977093819
965.0322146905739
994.4421575396768
1024.3784627713685
1054.9467408221374
1086.3754198816118
1118.81381692846
1152.359152072099
1187.1827361142625
1223.6758281411833
1261.7797987833592
1302.0229582117547
1344.5125877436817
1389.5526036013416
1437.5425586511637
1489.0257591887926
1544.7987997748405
1605.7601627139366
1673.355763077555
1747.406613366713
1830.3105585103958
1925.3712759624486
2037.092129697797
2170.843908013378
2333.3275592671175
2531.577838616453
2773.5007342600798
3065.8727467174162
3414.4548867235617
3820.1806390079037
4278.482321813664
4776.7600844354265
5295.112448573709
5804.080511233279
6269.959047492921
6655.754639401784
6921.796528484938
7036.094266443173
6970.668323580377
6706.618702043761
6242.828733253205
5588.099696778092
4785.647124168727
682.7322469877749
655.1808791668211
628.1787284531708
601.9655304774659
576.8209752993115
553.0053564545494
530.7182396404199
510.16323044215744
491.5579796838538
475.0684637666886
460.73564883807217
448.495171540826
438.20480031953224
429.6835353330043
422.81161506342073
417.40435951869233
413.25222018517627
410.2112004114728
408.0809196366303
406.65584410225773
405.8193076565362
405.3641617462688
405.13035047362536
405.05695815353914
405.01238107694184
404.98948398519826
404.9721299183715
404.94863716158807
404.9421449388691
706.7117396135379
735.1245949699801
763.5102774730763
791.9167571452319
820.3024661207667
848.6913967768683
877.1878478730969
905.870915432426
934.8191518411976
964.0707164226237
993.6424394391017
1023.7221305878475
1054.3974968503815
1085.9002537195254
1118.4187826395998
1152.0332334442226
1186.9216500379462
1223.4614285871723
1261.605611190382
1301.8705799937768
1344.3789927330258
1389.4344233585814
1437.4377020027198
1488.9321774317082
1544.7157675105557
1605.6838999397269
1673.2880246787054
1747.3404480121217
1830.2078792413988
1925.156921538811
2036.6319961526665
2169.905354063962
2331.515890358709
2528.285383098951
2767.8676584791688
3056.7573475263343
3400.4933267557776
3799.9018777633764
4250.452347024099
4739.806800817004
5248.491086167751
5747.682320055436
6204.388889735841
6582.327973792232
6842.631193837963
6953.8003837430115
6888.302955255196
6627.494676067906
6170.045573980476
5524.180690249068
4719.677737994103
3813.4579306788582
678.3909863920143
650.4727661627509
623.163982278872
596.7361868394872
571.4885955585855
547.6678060348568
525.4879569648106
505.179016570112
486.958854123975
470.96566614143615
457.18341789557076
445.49960857841864
435.74007316479896
427.71901777708837
421.283988424707
416.2466588293709
412.40049091302876
409.59805379455844
407.6545296628517
406.37631329792
405.64413434668
405.2638780920872
405.0819161012399
405.0359086277218
405.00621982273765
404.98842491611464
404.9722108674089
404.94903751985163
404.9422372592112
701.8092233116629
730.7253205256828
759.6312454675126
788.5628264340294
817.4332896142662
846.2510384701126
875.0972684423156
904.0959097662186
933.3168393460988
962.8329151084589
992.6318492239393
1022.8846565558788
1053.7057660956596
1085.299620785048
1117.913833880509
1151.61236967947
1186.579717829477
1223.1790638123018
1261.3753824945259
1301.6703512063903
1344.203998172267
1389.2800087649748
1437.3008588565992
1488.810014044434
1544.6072256746704
1605.5845299363175
1673.1992933124054
1747.2549335032393
1830.0843759205518
1924.9144283412363
2036.129090114403
2168.9027626194093
2329.614544120228
2524.8768521607617
2762.0944683358066
3047.483005817467
3386.361040307091
3779.4492546732713
4222.254950109374
4702.702390365626
5201.744846617917
5691.194716882352
6138.773362465971
6508.906808386555
6763.52724694331
6871.627184263156
6806.117884396492
6548.608500395214
6097.5568170156
5460.947351128612
4667.513985259085
3764.0979547211523
2815.026332401515
673.0203542461089
644.6734142049903
617.0160572174856
590.3625919061919
565.0125733840081
541.2150786870261
519.2109271266287
499.25482970472785
481.5541124307383
466.18068068421485
453.056652199524
442.0203995106256
432.8785364894784
425.4333583796749
419.5037034366963
414.8915261377269
411.3976215445015
408.87284083355735
407.14895256942555
406.04433066621056
405.4373156478823
405.14712460640436
405.02681434838325
405.01302597018565
404.99996382818085
404.98747895196766
404.9722857881575
404.9493992466121
695.756518384047
725.2497960984851
754.7541863222241
784.3088943808004
813.7852973263889
843.1522707606015
872.451280072847
901.8360686936451
931.3986980233282
961.2347932402577
991.3340635488253
1021.8140628802475
1052.8280742395161
1084.5443282867825
1117.2706469898517
1151.0720604498345
1186.1332975080757
1222.8080321656305
1261.0712047574475
1301.40725542292
1343.9748560326698
1389.0783846918487
1437.1225035706739
1488.6508188816385
1544.4656262666604
1605.4552603165575
1673.083287594601
1747.1441637518642
1829.9342748248514
1924.637548016566
2035.5757318778678
2167.825934547244
2327.609799974896
2521.3343542133266
2756.1587975861653
3038.022944178809
3372.0270369055124
3758.787903647574
4193.851697386154
4665.405281406957
5154.829152471293
5634.57037652296
6073.062194486486
6435.438494092237
6684.430032279619
6789.51746303554
6724.05378739691
6469.898436747452
6025.294878551391
5397.987610171607
4615.9616496788185
3724.8212690925984
2782.1946426309987
1866.1372711908084
666.4097498450755
637.5628781125826
609.5299898779093
582.6517511816323
557.2244104401136
533.5133043178653
511.79979238806175
492.3546863423116
475.32879969926245
460.7059356111913
448.34639171056165
438.05217362405523
429.61894786589386
422.82596591214207
417.4673177544373
413.33382352369864
410.2382611439664
408.03263453015325
406.5628132686365
405.65979450071137
405.19951573726735
405.0150562140336
404.9662982644581
404.9892664806855
404.9940625927824
404.9867331411216
404.97232786124306
688.3068778808356
718.4967040080434
748.6906293804703
778.9490187725785
809.1566343079788
839.2075130454194
869.1084735233283
898.9741667801724
928.9585304406336
959.1757189367044
989.6496413887877
1020.4364034243226
1051.7023430232846
1083.5941853338238
1116.453301944844
1150.3819224365711
1185.553152879624
1222.321935920892
1260.6699726744073
1301.0616416525681
1343.6749526280196
1388.815259850815
1436.8902946710407
1488.4436907346833
1544.2812374505895
1605.2873420874716
1672.9319016551608
1747.0004930006062
1829.7501362072942
1924.3184167061565
2034.9626211767165
2166.662956841774
2325.486015950747
2517.6377990596907
2750.035768149919
3028.3476193494166
3357.4574219517326
3737.880017321064
4165.201451073632
4627.871332929629
5107.697276977141
5577.760370365831
6007.204507460883
6361.870207977659
6605.284499057107
6707.4153580950115
6642.053824697189
6391.3068811232715
5953.2014869931845
5335.23801334968
4564.655237584367
3686.065283841306
2755.7944830015163
1847.919467478406
1042.593791492434
658.2982098048674
628.9068572491115
600.503669368948
573.4297424984347
547.9828496094761
524.4763537385359
503.2372663062259
484.49764451627584
468.3080529725885
454.5617625485541
443.07147726036357
433.6232130615533
425.98854701746814
419.9203218458063
415.1882142593024
411.5831435667161
408.929564932587
407.08447818749244
405.90201017796977
405.22714999087884
404.9344559743399
404.8707373950315
404.9027422579109
404.9661526258892
404.989078782605
404.9862744709555
679.165851611454
710.1894401855088
741.2188899179611
772.2820097622755
803.3160302501029
834.1949943860044
864.8632550807774
895.3639918108101
925.8737267361776
956.5450052070532
987.4640465980971
1018.6494134554777
1050.2447501389286
1082.388035171716
1115.4157880513537
1149.5022485714644
1184.8038183366311
1221.6873026084777
1260.142317175452
1300.6079876775511
1343.2827112036962
1388.4720702920804
1436.5882451072625
1488.174577120137
1544.0415202675883
1605.069512250229
1672.7346859698482
1746.8140416879241
1829.5223828226606
1923.9471101681568
2034.278420959894
2165.399806816547
2323.2252426363057
2513.7645037083184
2743.6975330325554
3018.4242041387374
3342.6147792564243
3716.6842186429094
4136.2594983440185
4590.053186888136
5060.299655930625
5520.713275842749
5941.147587278814
6288.1480369890105
6526.036134135011
6625.265045730144
6560.061831709081
6312.778289831465
5881.221282832065
5272.644945757992
4513.537367952985
3647.521295610645
2729.8093631522356
1832.9846187618875
1035.4255078189613
440.6366830771594
648.4323865570641
618.5072230410033
589.7708389209187
562.5543449178662
537.2074896570383
514.1159163384192
493.59254535884304
475.7618301343122
460.55775506892826
447.8084398580399
437.3055823732033
428.8106787939346
422.05577456553806
416.76770626319524
412.70448484874464
409.6697964094269
407.496854987315
406.04733861660776
405.1802338934406
404.7553982036367
404.6492003394686
404.71973732521974
404.8400664658993
404.94603083474937
404.9857190310057
668.066051960597
700.0078232229307
732.0401603526064
764.0709450347823
796.0396303884838
827.8648240716025
859.4628630973796
890.7944536494474
921.9840773989995
953.2179402178032
984.6528076391578
1016.3277260786476
1048.3461845159295
1080.835322979085
1114.0957275902852
1148.3793898266708
1183.841707876208
1220.8621957203538
1259.4512698786916
1300.0135772505514
1342.77022359301
1388.0248059468177
1436.1956635667384
1487.8253803901293
1543.73033357885
1604.787280712926
1672.4781827109882
1746.5720652267607
1829.238700539515
1923.5110799524105
2033.5092333956618
2164.0198725295354
2320.8067673855844
2509.6887053708015
2737.112783933579
3008.2160696605465
3327.457594584792
3695.154867408336
4106.976990316182
4551.899429251888
5012.583121745712
5463.374774226899
5874.835998647843
6214.216248876424
6446.628969929938
6543.010721736374
6478.022574587134
6234.257723808348
5809.301361123501
5210.156982622731
4462.559750280563
3609.1394339694652
2703.996588138771
1818.3469981057222
1029.2804478607138
439.65342681599606
-22.818552161476127
636.6206489516085
606.206244912066
577.1870924796336
549.9512181575328
524.9451717446539
502.56483696369753
483.0129206475722
466.2725841344637
452.1951829744937
440.5829778800678
431.19726673222976
423.74841215981337
417.92691022084665
413.4487115988014
410.08381450116923
407.64885769332284
405.9830649824223
404.9494709998471
404.41620537335496
404.25770618857797
404.3550012720712
404.57160175543123
404.7848097147998
404.9325944288849
654.8136996124499
687.6660244855012
720.8106426788859
753.998911630589
787.0729088282986
819.970426721271
852.6313314518279
884.9921463052692
917.0643122872309
949.0288758119632
981.0773875569694
1013.3319265355678
1045.8722583025763
1078.814437009131
1112.40379781353
1146.941045756209
1182.6103152856251
1219.7949365195227
1258.550361896091
1299.237179478292
1342.101596124612
1387.4425921793247
1435.685829853521
1487.372820550316
1543.3269258771961
1604.4220209385076
1672.1450812419266
1746.2581515180188
1828.8832711312175
1922.9944340856373
2032.6379454224727
2162.503355255072
2318.2065590797383
2505.381040771975
2730.2461944280135
2997.682123966648
3311.9395861005164
3673.241413025885
4077.300116995757
4513.353959373025
4964.49018188614
5405.686479654333
5808.211444932911
6140.016473137342
6367.00527172842
6460.595769509312
6395.880228279992
6155.6913591535285
5737.3893539518385
5147.72495613298
4411.676512616427
3570.8781791795295
2678.3150902184066
1803.8375773679634
1023.3063789171455
438.6281264170755
-22.18244762618127
-623.1355016014992
622.7059915352596
591.8539963611556
562.6853423618472
535.7075279710814
511.39961760043536
490.04620993984366
471.6882150010137
456.2101139460108
443.4313936329213
433.11558393749476
424.95461577124433
418.60065866586257
413.7284596650462
410.0717865072098
407.41931579832595
405.59294324530464
404.43669223459347
403.8212724635978
403.63141396068477
403.75401235733733
404.0711021019275
404.4430027220051
404.748080903501
639.2475949257346
672.958049068144
707.219803350256
741.6996963803915
776.0844942103329
810.2349774997974
844.1009682385577
877.6500587113177
910.8281729517844
943.7383051419686
976.5649120339724
1009.5054953985717
1042.6702980904765
1076.1767932720966
1110.2156660148637
1145.0908284841735
1181.0328149057993
1218.4219434765805
1257.3811056688478
1298.22755187639
1341.2310913015135
1386.6859698229116
1435.024384820999
1486.7869953890242
1542.8046654477946
1603.9498161892475
1671.7131501263805
1745.8512054904895
1828.4357992696082
1922.377024552036
2031.643398897725
2160.8265343781923
2315.3966224623978
2500.8079340268923
2723.0577957106543
2986.7762188254874
3296.008988780634
3650.887498205423
4047.1692274275156
4474.355047671275
4915.957923122172
5347.585389753935
5741.211162271388
6065.48715284643
6287.10464691202
6377.961284494388
6313.578122271383
6077.024499207739
5665.433795300069
5085.300141085925
4360.843372706949
3532.698076179813
2652.731438821119
1789.4254114535445
1017.413173121312
437.637152173374
-21.449988656643395
-619.5622977227426
-1438.6614398505687
606.5368900326965
575.3989504410386
546.4006147597667
520.1018866642321
496.8713550514858
476.81662859631444
459.8662604220085
445.86426769782815
434.57758557974194
425.67942637159723
418.7843366216852
413.5250831908342
409.59827443150164
406.76084126345614
404.8081917621616
403.5669733928394
402.8979355008084
402.6943301161481
402.8579629515789
403.27984409577743
403.8315235723698
404.3610368884277
621.2249014809433
655.7201473201104
691.0441099837365
726.8383403167486
762.6896045771391
798.309882067873
833.5754499620888
868.4688721824307
902.9500742584753
937.0397199557037
970.8742888665344
1004.6575512916605
1038.5710182358237
1072.7535608332134
1107.3740018533042
1142.7018978453132
1179.005224826474
1216.6625950842501
1255.87022540399
1296.9211324445387
1340.1012275014864
1385.7047803423122
1434.1674297533611
1486.0295786067236
1542.1294486821025
1603.3400056987311
1671.1538953937197
1745.3241778935546
1827.8702861627855
1921.6332771707291
2030.4993181664186
2158.9608279121803
2312.3441860921716
2495.9309015412664
2715.5023318161693
2975.446434817272
3279.6077472647326
3628.030174094798
4016.5180024592905
4434.8343335677955
4866.917245670702
5289.002769572507
5673.767417164484
5990.562235380877
6206.863231649594
6295.04604042033
6231.05783325081
5998.201998309451
5593.382779538372
5022.835021258379
4310.01679813428
3494.561244228691
2627.2137360373063
1775.0859437816353
1011.5813535784557
436.67042512726186
-20.665646412335498
-615.0287284574583
-1430.3029601000928
-2373.6304367133625
588.0886998986289
557.0302441726634
528.6871135307521
503.5128409605962
481.68980577018596
463.20111640035594
447.9217561730102
435.62250895464086
425.9570528257554
418.5044182479302
412.85782076192027
408.67448703773687
405.67446392908187
403.6204444800246
402.3164060701848
401.6137066833169
401.40895261045546
401.6198274043101
402.1542279941018
402.8932673521381
403.68612204247177
600.7558308401403
635.8284834995751
672.1204037279267
709.1729578924424
746.53104727129
783.7926599014452
820.6884417623702
857.1283143491003
893.0986100901055
928.5881194251101
963.6870587801386
998.5383100389741
1033.3707254865963
1068.3594126085743
1103.6970040821911
1139.6144336206726
1176.3928031013857
1214.4108943203642
1253.926549885646
1295.2382706766014
1338.640783331603
1384.4356000052992
1433.0592950193425
1485.0516203256893
1541.2577116029047
1602.5533652588472
1670.430884446406
1744.6424975582872
1827.1535111468293
1920.7307250005958
2029.1729493567943
2156.8715769494606
2309.0106852141935
2490.705703873149
2707.5284948852327
2963.6343461647657
3262.670798678293
3604.5990103104764
3985.272299892697
4394.715684312012
4817.291657111003
5229.862992935268
5605.806450057495
5915.170575560046
6126.212790966212
6211.785277743353
6148.258303566907
5919.166790184006
5521.183627731701
4960.28142761187
4259.154118678901
3456.4303287232065
2601.7314750239584
1760.796050498454
1005.7962456833535
435.7231735744846
-19.868825957019524
-609.9294625850512
-1419.4031393603173
-2359.143702918356
-3354.909323846605
567.605892217577
537.1748440552757
510.0018051536899
486.3503184354984
466.26648491632
449.6613255202858
436.30946656821845
425.8443933641801
417.81220929603745
411.77126262409286
407.3381267201402
404.19010507763505
402.05184951183816
400.7030617006537
399.98348321865564
399.78803162985383
400.0443935021107
400.6805107010698
401.5989810540045
402.6628673728262
578.1376318135399
613.3311212161955
650.3497107982527
688.5403683063721
727.3487626030233
766.3064673360077
805.0188805909597
843.2457099844211
880.9194564071324
918.0266930498142
954.631053323827
990.8244867870881
1026.8029189497133
1062.7795025582552
1098.9813745239883
1135.6400284716974
1173.0293918518355
1211.5280456758544
1251.436180230212
1293.0783208153237
1336.7619567866186
1382.7988391114666
1431.6298175871038
1483.790958002497
1540.1339594925957
1601.5398469053234
1669.4976605857773
1743.762148672378
1826.2431874592783
1919.6282102181895
2027.6233398645804
2154.5164756066583
2305.3504318873497
2485.0812641163866
2699.0780848617596
2951.274304046561
3245.125336548368
3580.5152560349907
3953.3494090017107
4353.914293208822
4766.99606928051
5170.08235527551
5537.247193045502
5839.234688104478
6045.079943203163
6128.109702718557
6065.115085262803
5839.85901024485
5448.781857290501
4897.5905239955355
4208.212126050796
3418.268644583528
2576.2546763222463
1746.5335131024815
1000.04425146431
434.7908769519761
-19.074611232995462
-604.549641537402
-1406.9889805900546
-2340.007875338236
-3333.598985694036
-4309.331533523839
545.5843577293755
516.3692730542788
490.8416805015637
469.11648553457485
451.14469984073867
436.7055928803743
425.41228751997454
416.7790920990005
410.3330542459128
405.65002319199925
402.36036111845374
400.14661656631284
398.7664304265465
398.0490556745232
397.87950853947774
398.18042151776564
398.8940771984503
399.95636529157196
401.2665081724729
553.932609715689
588.574487259997
625.819128985062
664.8672446364636
704.9796446641503
745.5750851695736
786.1709518767985
826.3848469562854
866.0068766792315
904.9703639482177
943.315377313693
981.1253274470915
1018.5250146126499
1055.735455025362
1092.9902971461743
1130.5625117488596
1168.71819836568
1207.8399705697732
1248.2552495199043
1290.3147759110475
1334.3554955407008
1380.695657915603
1429.790864589778
1482.1692453860646
1538.6877473890822
1600.2357926522022
1668.2951494919203
1742.62730858153
1825.0857632132947
1918.2737448297094
2025.799246884034
2151.843575319308
2301.308835767242
2478.998219355783
2690.08486663652
2938.2926117645934
3226.8900994635583
3555.6911563409503
3920.657090661841
4312.335452484685
4715.935655422639
5109.567963735248
5468.00008710228
5762.66928474471
5963.384381041817
6043.944800720502
5981.559156316724
5760.216001459783
5376.120921436543
4834.711670118671
4157.147124617104
3380.0393144269897
2550.75390927645
1732.276684927096
994.3125235522241
433.8689171522151
-18.28731913495657
-599.036769194779
-1393.7579885368077
-2318.095298882156
-3305.243396982486
-4281.226636307923
-5176.303845201888
522.6424775347894
495.2023908506739
471.7994967071608
452.42780575617763
436.8735686096315
424.73067759730804
415.4809839191284
408.62029956255714
403.68405991695994
400.2547132125247
397.969644684851
396.5649086704869
395.86244956236146
395.7347701493857
396.08478565020533
396.85468438578096
398.01571679974006
399.5230057920658
528.8438560444046
562.1861874892523
598.9230077975752
638.2825024386634
679.3771876017364
721.4371461631653
763.8540022577486
806.1334596645728
847.9106742697825
888.9870018717128
929.3267580321999
969.0130945383462
1008.1267849283876
1046.8601227432184
1085.425101462406
1124.12148004385
1163.2288299229756
1203.1369324657321
1244.2028973051067
1286.7905930428976
1331.2837812888029
1378.004261003404
1427.4319942751324
1480.0884458097144
1536.8301189467136
1598.5605309583516
1666.7484822255324
1741.1674205590175
1823.6137888934456
1916.6020297778873
2023.636720868624
2148.7888837865394
2296.820155917358
2472.386982421963
2680.4730550139466
2924.6063721455725
3207.8745682850786
3530.029320047841
3887.0928811005588
4269.8739084780345
4664.004870346754
5048.2163064402885
5397.965515569529
5685.380330172324
5881.038197888224
5959.209545854341
5897.51667238541
5680.170645822672
5303.140845692178
4771.592469245409
4105.913821790325
3341.704799297309
2525.1995084330392
1718.0043565913716
988.5887870956608
432.952658557653
-17.506536043241237
-593.4649032075172
-1380.0914321578182
-2294.640233892328
-3272.6761337378193
-4243.660336832433
-5142.020246505016
-5903.414128898455
499.46409793404905
474.3555997371375
453.55740468155113
436.8660734378645
423.85894573580435
413.98419771777066
406.7031847577748
401.510525589
397.9431576490602
395.5920897980504
394.16699769274544
393.4809235728494
393.39745285566704
393.79859655744053
394.6156537638037
395.8446357480486
397.4981019214606
503.6518731881519
534.9560988857583
570.3542247284508
609.2314624121215
650.7148041201342
693.8747994723851
737.9107247531512
782.1881772815914
826.20633286874
869.6083634666957
912.2133489256885
954.0386936127715
995.1556649699089
1035.7101368872156
1075.898206367708
1115.9848318034321
1156.2799116131266
1197.1678281622003
1239.0561870047172
1282.312418079962
1327.3738629423178
1374.5743053974495
1424.415577147709
1477.4263040397223
1534.4496049797845
1596.4122778938317
1664.7631865333174
1739.2935337034903
1821.7426733118934
1914.5315664746738
2021.0564223333183
2145.2736891839127
2291.8048167933193
2465.1651927682196
2670.155161988754
2910.1219160313085
3187.9779178808485
3503.4219210460915
3852.543597249223
4226.413068018588
4611.086311029361
4985.912333808995
5327.0328496074035
5607.263378148467
5797.944460848419
5873.814922176651
5812.9068799171255
5599.650849617429
5229.777757736311
4708.177456771466
4054.465210597747
3303.226450731371
2499.5614852439585
1703.6953607464636
982.8612680242741
432.0374937228995
-16.729810313149986
-587.8687197405218
-1366.1947905013064
-2270.332971555832
-3237.7343262222976
-4200.436232496193
-5096.0614112475905
-5864.090386974818
-6452.389631817062
476.81683044100714
454.571403845995
436.7257431052883
422.8442211313246
412.3408123833325
404.63767381750296
399.1866981945286
395.48323369218997
393.0735487990198
391.63373312418094
390.9597408627616
390.90961790108486
391.35516446473883
392.21770537236125
393.50304388829176
395.26380480872876
479.20817776197464
507.7614511727392
540.9900835698908
578.4730821694536
619.4915471381162
663.1085752381617
708.3543215827253
754.397853796358
800.5818831541994
846.3971814147849
891.4911604638819
935.728319983219
979.1326709786007
1021.8047114901846
1063.9374287386252
1105.7336462337255
1147.5091877821112
1189.624390773794
1232.5417913750646
1276.6428774585684
1322.4119243519294
1370.2188234109003
1420.571730800571
1474.030263273852
1531.4077582609425
1593.6633439567356
1662.220813479813
1736.8939078350804
1819.36663624619
1911.961140472836
2017.9605725427318
2141.201723376865
2286.166524859502
2457.234786415497
2659.029216434483
2894.7324618770745
3167.087425266042
3475.749914484335
3816.884787018697
4181.82466410638
4557.0505129712965
4922.528329299494
5255.078822593889
5528.202369407154
5713.995569831388
5787.662896470335
5727.6416257681885
5518.5779427421585
5155.963085888365
4644.407375889514
4002.7516661537848
3264.5640729632955
2473.8090300764434
1689.328377715823
977.1185184878805
431.1188505688317
-15.953840582679513
-582.2617623088302
-1352.1752649081964
-2245.556149896071
-3201.4583706916455
-4153.994655601042
-5043.119778901629
-5811.278162169317
-6409.564004367902
-6805.676249699592
455.49990650040746
436.48658918425946
421.72320646778473
410.59010945671656
402.4657886880075
396.75607802870763
392.9177858610583
390.45624091481193
389.00883655619106
388.34404979810415
388.31362232890905
388.7915270780185
389.69773858090434
391.0369479879123
392.87859713651835
456.3662333019731
481.5352927838894
511.80384395768544
546.9710853818553
586.5333582305702
629.6938187209175
675.4551817443468
722.8090644313017
770.8960060596187
819.0367010236276
866.7098911202452
913.5863495194085
959.5564910271141
1004.645040565173
1049.0261979390516
1092.8732215168397
1136.4593154713941
1180.1178106796697
1224.3196988902132
1269.4893221320153
1316.1372960590786
1364.705258033955
1415.6925390191082
1469.710103270233
1527.533691712153
1590.15474733154
1658.9740187313005
1733.8290683105563
1816.3536825270153
1908.7653206019402
2014.2292369849847
2136.4561495894204
2279.7894628480367
2448.4789779311304
2646.975559100211
2878.3150004014497
3145.0758904467843
3446.881165022998
3779.9798764075977
4135.968470618324
4501.755485321328
4857.923709523791
5181.967166750613
5448.068324942098
5629.071873535566
5700.644618136682
5641.623525248306
5436.866048926443
5081.622429473705
4580.218849691476
3950.720425765933
3225.675355112895
2447.910149321646
1674.8816864097837
971.3493592242553
430.192178139708
-15.174991371878361
-576.6462251279817
-1338.0847788841102
-2220.5171271471786
-3164.433342897482
-4105.727893163826
-4986.185949262868
-5750.397268093802
-6351.983693257454
-6761.010474991774
-6953.982179046018
436.1752496850099
420.5242605793681
408.7614028386437
400.2183050016944
394.2507881016196
390.2780914959992
387.76881342621914
386.32037010985874
385.66582696337855
385.64656596736296
386.1459114088219
387.09129892225644
388.4817006151047
390.3856240792422
435.81206579802665
457.18326884833533
483.8084890393411
515.7937901203103
552.8896098285524
594.5245164186366
639.8275403300709
687.7446886213042
737.231346628971
787.4007450512283
837.5501428212876
887.1564024555892
935.9150924456699
983.7120867242747
1030.636676560943
1076.863510735209
1122.6006260285503
1168.1637194109594
1213.9664278159944
1260.4858663084
1308.2325332518556
1357.7470181736098
1409.5244696993286
1464.2306501433811
1522.6167199708748
1585.6902923071857
1654.8408614101063
1729.9268123243448
1812.5399668047337
1904.788874779638
2009.7153785008968
2130.8958338013945
2272.535506208226
2438.759687934729
2633.853878272241
2860.726808267516
3121.7983109356765
3416.6678874621425
3741.6785897423597
4088.691627153068
4445.046719487752
4791.94494077874
5107.548198569145
5366.718881375835
5543.04088543687
5612.639505701815
5554.744969410687
5354.420701987348
5006.674215586467
4515.542890997909
3898.314832547215
3186.515349415544
2421.8312929288654
1660.332935525741
965.5427432267575
429.2529149544601
-14.389505830866112
-571.0182913040578
-1323.9439649078795
-2195.3234393024113
-3126.9828959391057
-4056.4260330036145
-4926.974205950114
-5684.887870745276
-6285.577509161345
-6700.927787081486
-6909.264608015554
-6907.3569231254405
419.26900442204055
406.8764554181038
397.91743793798815
391.6940522223887
387.5870319105583
385.0314906158562
383.5864873217283
382.94582653597485
382.93568787205146
383.44995060945513
384.4285492932919
385.86456616851865
387.81654194053266
417.9736139423083
435.414456826847
457.9603653785006
486.03368079939105
519.7226246658681
558.7351346757149
602.4347617691825
649.880518713087
699.9656542529839
751.6116856926078
803.9046414199136
856.1228879879657
907.750339958566
958.4803700860083
1008.2360676217788
1057.1473561893038
1105.3709827634893
1153.1982631474043
1200.9712843105624
1249.1746551096812
1298.3078883936205
1348.9936447656319
1401.7585439161624
1457.3055586179833
1516.3971133591117
1580.0298765189164
1649.5978176405642
1724.9771830233237
1807.724335258508
1899.8406692114577
2004.2385100095992
2124.350087681602
2264.240681087039
2427.915283037609
2619.501161151333
2841.802652154235
3097.088252429876
3384.9428566390243
3701.8138669731
4039.8268802825205
4386.756605630645
4724.4257397101255
5031.65888151175
5283.997701439808
5455.756126303469
5523.513825919429
5466.886497989862
5271.137346577689
4931.029059773607
4450.304404508696
3845.4735578849572
3147.0358350829415
2395.5369245729407
1645.6589204186548
959.6877035543481
428.2964692286941
-13.59357787131276
-565.3709215396855
-1309.7557105420667
-2170.0249403872654
-3089.280188804181
-4006.531052487389
-4866.462829141358
-5616.728230334301
-6214.098294690513
-6631.620961954873
-6849.104739420243
-6864.231290710619
-6687.301671562861
404.9513026940031
395.5790429295431
389.1022641397759
384.86114727750413
382.25915728909274
380.8198389183499
380.19722486902236
380.1983837539369
380.7252604272694
381.7314346667927
383.2058332859169
385.19467399928527
402.99764399009575
416.6575341824089
434.9903401772611
458.6968331438051
488.20361470879016
523.5808157871805
564.4960255999083
610.2509117135253
659.8389078117098
712.1047348170348
765.9382515203667
820.4006064250121
874.7589066454208
928.4904807799478
981.2992624294501
1033.1701599626924
1084.1998612770565
1134.6237466135688
1184.752081823064
1235.006440631373
1285.8833603291557
1338.0184712250923
1392.017601472017
1448.5911382414897
1508.556896420224
1572.8817219173604
1642.9713594499435
1718.7262714324943
1801.6635763711777
1893.6882037920368
1997.577881645555
2116.611549327488
2254.7096215581387
2415.7576216233574
2603.7303953352193
2821.3533143399077
3070.755245920562
3351.5156063091945
3660.197978415692
3989.1896390489283
4326.702921062968
4655.186595389033
4954.123264800131
5199.735127098489
5367.057547771374
5433.120427453548
5377.915917369884
5186.900194624297
4854.588001363023
4384.420769078813
3792.129766851963
3107.1848738781027
2368.989257108305
1630.835344225488
953.7732564383919
427.3181854800206
-12.78338108939304
-559.6954420904076
-1295.5125290211172
-2144.6382917591204
-3051.410801659666
-3956.2835329155773
-4805.202659191828
-5547.050550222338
-6139.70847218899
-6557.007309423138
-6779.707618352665
-6806.2414879635835
-6647.1906629756895
-6321.067588184501
393.2143452406117
386.4867428808984
382.11208196207804
379.4628036312938
378.02978113218205
377.42863991083436
377.4448777168811
377.98473465725687
379.0141500595454
380.5198789613694
382.53696577298876
390.8312538801628
401.03523031489703
415.3267453203649
434.53404094367534
459.38703570274595
490.3103430614478
527.3578997029448
570.1594448485088
617.9582502089801
669.6869756419907
724.1463849673462
780.1979368972516
836.8828350590456
893.4528337841729
949.3758149523094
1004.4066333638802
1058.5219495160015
1111.8499437856026
1164.6885423256376
1217.3706175829732
1270.382950174275
1324.3092729115726
1379.8406308307094
1437.6775185818121
1498.7125507779617
1563.894192164521
1634.6295023346104
1710.867223168408
1794.0672160643012
1886.05342895972
1989.4673254760357
2107.428824224872
2243.707513566003
2402.0663957552374
2586.3284928389644
2799.165655171229
3042.584446839224
3316.1702236849715
3616.6183749467755
3936.573481014698
4264.685307637489
4584.033277782752
4874.7522339001835
5113.748644335897
5276.771738421517
5341.298275837482
5287.6879638284545
5101.581502781063
4777.241947717691
4317.800978691302
3738.2102506005485
3066.9059452168203
2342.147557152733
1615.8365931394037
947.7883048153055
426.31333170968696
-11.955066101496524
-553.9823518176739
-1281.200979489845
-2119.1601830799386
-3013.409498806632
-3905.8065748443605
-4743.497126199425
-5476.495467120764
-6063.647338993494
-6479.3453626636965
-6704.995914040807
-6739.358595510845
-6593.299211523699
-6285.126588892352
-5848.454653663087
383.8551833002379
379.3477946987796
376.65034586759145
375.2233193675955
374.645978349095
374.681037565588
375.2354408049131
376.285211036076
377.8164609375324
379.8554034159335
381.21277551586707
388.4490511193967
399.0679541614211
413.97170753757564
434.0414268861521
460.02480399697646
492.34516093044016
531.0424054253064
575.711241177625
625.5403667029623
679.406901242091
736.0729910760685
794.3765455859907
853.3393667324335
912.1920350959969
970.4238668583696
1027.8087858402234
1084.3127635123358
1140.1637779669143
1195.6356709052532
1251.161372258233
1307.2706693674877
1364.672851442705
1424.0752383181043
1486.4085134207862
1552.6484258219668
1624.175975107737
1701.0294603831164
1784.5895035145675
1876.6080877606776
1979.5924922344323
2096.502048232277
2230.9518447370724
2386.580435423096
2567.050731615056
2775.001538817734
3012.338384132095
3278.666581290956
3570.836094615777
3881.7462957634
4200.4808426560885
4510.753395081411
4793.342146195681
5025.843137269871
5184.712642149301
5247.8735926120125
5196.0442033426125
5015.040731575812
4698.870352651474
4250.344799153768
3683.6347131471703
3026.13744540295
2314.9679531325105
1600.6355207429406
941.7215875531891
425.27707747806403
-11.104763289910071
-548.2217585671644
-1266.8044160832353
-2093.5758827734426
-2975.2803388721054
-3855.1547514000813
-4681.504324891046
-5405.418233267456
-5986.618606244581
-6399.931445875593
-6627.230856474369
-6667.362507105458
-6531.16464117011
-6236.907518534982
-5817.4173575346485
-5308.584983956267
376.5735929185896
373.8272997647752
372.40560125505635
371.8534240515569
371.9103227763988
372.4811075480393
373.5495219402083
375.10198825269924
377.1582196015441
373.79295653317774
378.57819390741446
386.06984649035303
397.08333618760554
412.58948554301463
433.5079806682653
460.6033764998204
494.29853463606435
534.6217599506907
581.13581623472
632.9789854427991
688.97864471239
747.8646476154422
808.455153558281
869.7497712736006
930.9740520036503
991.6392378597935
1051.495876497879
1110.6009126752758
1169.178820467014
1227.5582849570883
1286.2447307096331
1345.879028223443
1407.2023292008887
1471.11027130489
1538.6505163028658
1611.1481268311231
1688.7714122080085
1772.8188352265288
1864.965435844447
1967.5874822994447
2083.4825891125297
2216.108510598496
2368.9889683358324
2545.6111948755147
2748.592660226151
2979.757338885685
3238.743833696725
3522.588055084122
3824.4490558058587
4133.83998842778
4435.1115246818945
4709.671380575552
4935.809042235054
5090.68162160107
5152.660312324078
5102.813648790405
4927.124936169328
4619.341278607038
4181.941885331869
3628.3147074878725
2984.8118796360445
2287.4028570838195
1585.2031524765198
935.5615404395776
424.2044892291555
-10.22856277355109
-542.4033733651617
-1252.3040282495513
-2067.8648910448046
-2937.009385255318
-3804.3406114949207
-4619.297748971043
-5334.006306324714
-5909.013700129026
-6319.502150507844
-6547.7105413453
-6592.431000797395
-6464.297579689741
-6181.343504966164
-5775.862967531564
-5282.809540211783
-4740.427813362241
370.9973934657449
369.5803000873485
369.0539730535812
369.1348890731754
369.72371109853543
370.80986658255557
372.38057359249035
374.45092621717583
368.16308745109274
371.02409903128404
375.95232676830557
383.6791681194952
395.07934370673235
411.17689167932843
432.92875354233183
461.1153340960127
496.1600170844644
538.082169412004
586.4159602105797
640.2537726004726
698.3796660873868
759.4976372981403
822.4081617470201
886.0962175789939
949.7948413642688
1012.9953458835607
1075.4974143686825
1137.413673020509
1198.944474266839
1260.5512316738173
1322.7828160260954
1386.3908044144855
1452.2024029410106
1521.321841906791
1595.0149216153934
1673.5809467987394
1758.2715276849246
1850.6698824283533
1953.026195798474
2067.972103820424
2198.7944889239234
2348.9290297322923
2521.673752827867
2719.6299209241743
2944.5542724855677
3196.123048774507
3471.5930989531403
3764.4001694182502
4064.4861542700255
4356.845037295446
4623.495027730597
4843.4188410777
4994.466599468686
5055.460714454134
5007.813719769032
4837.669505408808
4538.511282870687
4112.471430283064
3572.1532427053494
2942.8554933295754
2259.4005148021356
1569.5085209902495
929.2962050631952
423.090531661698
-9.32251473128067
-536.5164659321928
-1237.6780256159955
-2042.0028704940742
-2898.574345951974
-3753.35241792764
-4556.8986424892
-5262.3487904051135
-5831.040564702663
-6238.467975798744
-6467.172824109704
-6515.813139785473
-6394.718016616453
-6121.572967708366
-5728.016583199755
-5248.393938549416
-4719.886776550695
-4180.723922424942
366.74996403493776
366.2497595745992
366.35615852292636
366.9643426367066
368.06783137985695
369.6548166650091
371.7371414676774
363.91632023335717
365.34223070106214
368.26732714300215
373.3196520687899
381.27569955109965
393.05379549750296
409.73046110270656
432.2983153862647
461.552529311518
497.9181492294416
541.4084721195968
591.5326455146736
647.3420563246813
707.584269296146
770.9435124378465
836.2087352479599
902.3625743050785
968.6220281991651
1034.4844111773343
1099.839433101462
1164.7463256635444
1229.5391515892325
1294.7082968657705
1360.9307035082975
1429.0023766973973
1499.9989993726128
1575.169462133023
1654.8796241246725
1740.3959389655301
1833.1935268649079
1935.4109282294132
2049.5134358706987
2178.58061133934
2325.9908198455632
2494.8519336356794
2687.753999546526
2906.403319103791
3150.5021883989693
3417.555896051362
3701.303565040415
3992.1216329082267
4275.664524401755
4534.541150279498
4748.422360223342
4895.837976887734
4956.06379649889
4910.850818697779
4746.498841347123
4456.226198799162
4041.8024694789938
3515.0447234030726
2900.1875674828516
2230.904755554409
1553.5184197859078
922.9130906733186
421.9300773430847
-8.38265668142375
-530.5501866256822
-1222.9017911993633
-2015.9589580636941
-2859.947945843091
-3702.167329872011
-4494.297748940235
-5190.474426985835
-5752.799625507859
-6157.047786661413
-6386.028524157107
-6438.218136138487
-6323.582503731188
-6059.397843579783
-5676.579446487352
-5208.810374940627
-4692.561706129178
-4165.046165149789
-3656.8006877984076
363.44228560589596
363.57510707513677
364.2036450363748
365.3243343394204
366.9263462568599
369.01920841376415
360.6325944122581
361.09676370618297
362.53493391534175
365.50694899316846
370.67944133631744
378.85803801995604
391.0043558252823
408.2464231049073
431.6107025492209
461.906011524301
499.56034854241125
544.583962483253
596.4647638168125
654.2184134543556
716.5630898785818
782.1710169456959
849.8301114689987
918.5134547791863
987.4194374781146
1056.1199006727852
1124.4845678735567
1192.6373411694608
1261.0100433361904
1330.134381465969
1400.7960737393257
1473.9660841729824
1550.9229006991452
1632.0244221317735
1718.5784282337254
1811.9471551809784
1914.1716262515192
2027.5764154939284
2154.9847576325496
2299.722326352932
2464.7197031460987
2652.557501588193
2864.9301100147495
3101.5442389199043
3360.1628633036316
3634.854856606964
3916.438514506376
4191.261526992617
4442.512065634088
4650.542995162231
4794.543837843228
4854.242193523406
4811.718657336662
4653.426839550331
4372.321855782053
3969.7942860735748
3456.8747117353387
2856.7204614052785
2201.854672643686
1537.1972402048418
916.3990390776895
420.71792251375587
-7.405028697139322
-524.4936156155422
-1207.9500104354654
-1989.6960249752203
-2821.0924744796375
-3650.75691339084
-4431.4724365506745
-5118.3763493400875
-5674.324697584736
-6075.347814030858
-6304.497206176915
-6360.040147582469
-6251.546535122588
-5995.846558572993
-5623.097316089896
-5166.292295827605
-4661.179689121908
-4144.2940625801375
-3645.3806062610875
-3188.466191317728
360.7924185382812
361.4420228354931
362.5799187191774
364.19617780190123
366.2986308611224
358.00857577998704
357.8375062080909
358.2912322707354
359.7257593110891
362.74266503289425
368.0309103596679
376.42469607324267
388.9285240774584
406.72067039691206
430.85936533778926
462.1659511036922
501.072789207758
547.5901911744751
601.1888084993109
660.854239626278
725.2833001617131
793.1463596773965
863.2329747696504
934.4979948352671
1006.1748492180916
1077.8577105918223
1149.40821464169
1221.118328378351
1293.3801752357376
1366.8895539625892
1442.5153877692883
1521.5308144100475
1604.3132605956978
1692.141142673319
1786.294828978229
1888.6851943038755
2001.5583711937115
2127.458357527604
2269.6211647522086
2430.8201266372375
2613.601417262844
2819.7165454657497
3048.8676415999344
3299.068737150652
3564.73677236753
3837.1266221807596
4103.321195933403
4347.093780761562
4549.479490276523
4690.306702826821
4749.747308732085
4710.195787955936
4558.256055360192
4286.624708513823
3896.297453135008
3397.520811148903
2812.359885517552
2172.184608279917
1520.5068886148565
909.7400356471771
419.44882091953104
-6.385673753906382
-518.3354589361742
-1192.7968479283975
-1963.1763965439973
-2781.9596406082355
-3599.0783828568347
-4368.39422951345
-5046.032626122284
-5595.610794669563
-5993.404890910442
-6222.6847683310425
-6281.489478152747
-6178.972909868083
-5931.5004181802005
-5568.449411243354
-5122.11164452585
-4627.509588168575
-4120.508484545027
-3630.3637768487774
-3180.5468849152444
-2785.5381013750366
358.67974448269894
359.8349128644801
361.4649435858024
363.5763680970361
355.91699475934325
355.23987216644514
355.0566786631059
355.4844437238262
356.9146354334739
359.97414018238715
365.3732192678772
373.97409875045815
386.8236218256573
405.1487272350945
430.0371178561085
462.3215677544547
502.4402839887622
550.4067587219632
605.6785444863078
667.2174297726351
733.7080765837395
803.8266666796644
876.361262273381
950.2775797152285
1024.8447482335953
1099.6189874111963
1174.6239846446667
1250.1420799738817
1326.6664252649496
1404.9935305405693
1486.2717709338376
1571.0135814616542
1660.3537174774062
1755.5521084053617
1858.3002295566487
1970.8109411561575
2095.389481061109
2235.1206498972474
2392.6552146382814
2570.429516912413
2770.321773116938
2992.0554400206283
3233.8876831731077
3490.6054635504406
3753.8700979797068
4011.5316673924485
4247.970479692881
4444.91657079832
4582.8265937388815
4642.306395061664
4606.041023988788
4460.774411127461
4198.9508437258555
3821.153771027206
3336.8529380003247
2767.0049356522964
2141.8242388425256
1503.406722460408
902.9210425111517
418.11751850213113
-5.320651750238338
-512.0638577978275
-1177.4142383056508
-1936.362049324969
-2742.5008206758457
-3547.073659357233
-4305.016735554075
-4973.415105877106
-5516.636581609759
-5911.214801696906
-6140.628192970214
-6202.666603305876
-6106.054160254964
-5866.679276069161
-5513.129792701249
-5076.988468060997
-4592.55376731765
-4095.0278265950105
-3613.1972755201978
-3170.2256702291716
-2780.334005399651
-2449.9475180668433
357.0895190663515
358.7330365417409
360.8530302554266
354.3438642667617
353.169732529114
352.4857177587502
352.2747782070285
352.6763699718291
354.101472795183
357.2010012628489
362.70546842205306
371.50457841081675
384.6867771925006
403.5257179762519
429.1360941166446
462.36107077607835
503.6461831969016
553.0111313248993
609.9047243548443
673.2718354563538
741.7936625258598
814.155938958901
889.1596783675488
965.8036913130281
1043.3265909657
1121.3744849268082
1200.0615529825145
1279.6495090263672
1360.824491401099
1444.5292644621222
1531.4261761516752
1622.4926458424882
1718.985630719584
1822.341868382653
1934.6716115159552
2058.135798431652
2195.600369355366
2349.6662864244076
2522.5604306753376
2716.2989458713964
2930.682942094356
3164.206622178068
3412.081731177735
3666.3328564535195
3915.580802879548
4144.835603655752
4336.541381625777
4471.792286476799
4531.62612908752
4498.99116869401
4360.7516252631785
4109.1034078281655
3744.195790209323
3274.7338129510326
2720.5489390413786
2110.699050234508
1485.8536008370206
895.9258055127484
416.71878874432554
-4.206037888935408
-505.6663142008542
-1161.7716996874226
-1909.2106776210055
-2702.6686349720426
-3494.6849036625945
-4241.273455404043
-4900.474809333452
-5437.373768083201
-5828.756552469594
-6058.323392537825
-6123.606217369073
-6032.881445909086
-5801.55127035248
-5457.408617505095
-5031.32404976748
-4556.873636007697
-4068.6041052063374
-3594.8457518498726
-3158.4694455809486
-2773.6303814674598
-2446.7163443104487
-2176.6930740711878
356.0007005162463
358.1290038325935
353.26808695208115
351.6137595809199
350.43726778730684
349.7307727399422
349.491739887902
349.866975009847
351.2861618274478
354.4228304972972
360.02669277412724
369.0143667062176
382.5149069800755
401.8463384137011
428.14771534736195
462.2716202780384
504.6723069410641
555.3785156373667
613.8348202075885
678.9761995661629
749.4874539609325
824.0736629172967
901.5713241829746
980.9748423023086
1061.539985469846
1143.059947681362
1225.5779310310072
1309.5716922365355
1395.8160247104302
1484.9637118309724
1577.9238930346594
1675.874112395517
1780.109556105916
1892.4736544850812
2015.0581335952645
2150.4356196182857
2301.24395240663
2469.4679488882684
2657.1859836986773
2864.3378035828787
3089.6201181159936
3328.7675186402093
3574.1516472199824
3815.141601140854
4037.3885785932066
4224.055243402782
4356.898634241408
4417.4045995209335
4388.765063437585
4257.937952085495
4016.8699050298114
3665.2449071586025
3211.0182104819073
2672.87943403948
2078.730297813719
1467.8019424950535
888.7365819789159
415.24745483125264
-3.0379087231055326
-499.12946715872886
-1145.8365415730805
-1881.6750465957355
-2662.409122179097
-3441.857326194714
-4177.098929179469
-4827.138974157585
-5357.772076765779
-5746.002371517532
-5975.748985607507
-6044.302916553129
-5959.484415170917
-5736.194622863511
-5401.425655064848
-4985.33604325448
-4520.780127185625
-4041.6551029755956
-3575.8446441395663
-3145.9372241121364
-2766.032249664684
-2442.6201978565637
-2174.803411373147
-1957.4092381033374
355.40453284455987
352.6797712142875
350.5509454698252
348.8985223840913
347.70441726856376
346.97496197645495
346.70749322913707
347.05621547023077
348.4685671128024
351.63915818915876
357.3358544024586
366.5015836395719
380.30469756705475
400.1048329386922
427.062673455724
462.03931571571877
505.4989255299513
557.4817947778455
617.4327538310708
684.2836156539915
756.7315688288367
833.5179558073928
913.5046298010479
995.6783360611497
1079.4186661150486
1164.4917534826134
1251.0625614115552
1339.7958289058693
1431.2052971309818
1526.147023439561
1625.6291976628736
1730.9267878675637
1843.5595579746541
1965.5194779648457
2099.0433506384084
2246.784640435865
2410.5932056200013
2592.4871513373364
2792.60595399661
3009.7565670792424
3240.2854773524377
3476.957441514902
3709.8669795489295
3925.3206680906
4107.170998716201
4237.858620462339
4299.348837524851
4275.075691679505
4152.068100569348
3922.0207008964517
3584.108840663255
3145.551303310376
2623.8776181111057
2045.835309506218
1449.2036974408263
881.33379775197
413.69834433437774
-1.81231530907393
-492.438890058101
-1129.5736374762914
-1853.7037812201759
-2621.6609218773046
-3388.527822038354
-4112.432550267954
-4753.336100472684
-5277.754320367781
-5662.900927227224
-5892.877120260633
-5964.735109412365
-5885.856006475828
-5670.632241902627
-5345.243745982719
-4939.1343841998405
-4484.439005505336
-4014.4088978953314
-3556.487549180166
-3132.988837214069
-2757.963832605876
-2438.008754213095
-2172.4581496198875
-1956.3755555385103
-1781.7448921833327
349.97042646506276
347.84861181336936
346.18315933390136
344.97113980151653
344.21820482430803
343.9219650887519
344.2440377508201
345.64852115101985
348.84945456381024
354.63183328768145
363.9642239968333
378.052586224162
398.29498067646244
425.8709334041355
461.6492146229946
506.1047770348368
559.2915074467022
620.6588215663992
689.14273358364
763.4650992087784
842.4072262502234
924.841070470376
1009.8290029464265
1096.7901017029324
1185.4900457491253
1276.3949973995695
1369.9403984652065
1466.8150274695863
1567.8653388024404
1674.260270973442
1787.345720855879
1908.894678782383
2040.8754404544998
2185.7487265968434
2345.40393517135
2521.6967402423184
2715.0458241693186
2924.266409634935
3146.306940103639
3374.4205361431887
3599.415936925738
3808.3104011352693
3985.599804945514
4114.401363264804
4177.187027440929
4157.647185826834
4042.873237675911
3824.3134557536478
3500.5814874369207
3078.166898326079
2573.4173669823704
2011.9266800127255
1430.0078086604835
873.6955340095551
412.0661454898569
-0.5252218428418108
-485.5788900181008
-1112.9452503332245
-1825.2410396627467
-2580.356754483979
-3334.6234063296633
-4047.2040883006894
-4679.001666808202
-5197.24485435761
-5579.372491275077
-5809.6561239478015
-5884.874380691402
-5811.973994294829
-5604.85496229724
-5288.878934249081
-4892.766102456355
-4447.931492485293
-3986.9841793179057
-3536.9318655156417
-3119.8177793457885
-2749.6515943049117
-2433.137871942294
-2169.842199055777
-1955.1278029608002
-1781.2176783455857
-1640.0977803776227
347.2758295935241
345.14619125006146
343.4676623548187
342.23738946690264
341.46041886308035
341.1350794326006
341.43037493182305
342.82581768312366
346.0531210777028
351.9134165721592
361.4001419606623
375.7547448453711
396.41009299750397
424.56175486484653
461.0853670564902
506.46709056810306
560.7758354842744
623.46992679773
693.4983410536138
769.6155702211029
850.6339168772815
935.4766616928933
1023.2839895904272
1113.4227822609607
1205.9378243764875
1301.2550843689748
1399.8190100709562
1502.3782670527255
1609.8198741426786
1723.4182274946334
1844.6694966829834
1975.4008663183963
2117.670530606127
2273.443423053002
2444.3754121548013
2631.2124136788298
2832.795945187575
3046.5394497563234
3266.2785357509792
3483.504433444285
3686.0523590026387
3859.0500094015024
3986.260038991195
4050.666776033991
4036.226302133275
3930.0972614996517
3723.5041657770657
3414.4471690415203
3008.6874215361354
2521.364113032223
1976.9113179121266
1410.1595229774257
865.7967369571634
410.3450824104282
0.8275854258332921
-478.53230563311763
-1095.9108731499375
-1796.2261589827476
-2538.4229230719443
-3280.0639563073187
-3981.331145368691
-4604.059877258445
-5116.175943551058
-5495.33935327785
-5726.005897627923
-5804.669238577706
-5737.809335868632
-5538.8399079405335
-5232.319572122638
-4846.2400743483
-4411.290492779415
-3959.4372591185743
-3517.2561452686396
-3106.52461964255
-2741.213938319634
-2428.1398684154933
-2167.0992801778007
-1953.7534843761541
-1780.6028422788222
-1639.8494468329832
-1523.4531731117163
344.581107050431
342.4436848320411
340.75201956181394
339.5031190786953
338.701520724006
338.3467571702587
338.61514342033587
340.00020489263375
343.24948155986743
349.1792868858486
358.80703509057815
373.4070684733779
394.4430234183252
423.1237239412817
460.33084058165855
506.5615564574912
561.9005089215418
625.8193539327003
697.2876118318326
775.0918688391201
858.089363841818
945.2895781974387
1035.8110140676317
1129.1697894875772
1225.6314509294295
1325.426617638128
1429.1828726895967
1537.561280362628
1651.5934681141532
1772.577030687127
1902.1882468412234
2042.1556880786106
2194.3269135239757
2360.203009811062
2540.7440550578435
2735.010114929353
2940.705964953895
3152.319036434708
3361.9374885845136
3558.310059366728
3727.258776639621
3853.17273781037
3919.543955504957
3910.581165158433
3813.507390534025
3619.3611152941085
3325.4903797801667
2936.927745562992
2467.575057324997
1940.689242455945
1389.5990783308007
857.6080984657061
408.52838141138716
2.2506709131786695
-471.2803691092761
-1078.4272287284691
-1766.593531954008
-2495.7785824680705
-3224.7610547809927
-3914.722923751086
-4528.421492999042
-5034.468125627696
-5410.732282698522
-5641.848036573682
-5724.041075658387
-5663.311574434714
-5472.557322673081
-5175.54223241342
-4799.542561010681
-4374.517256125581
-3931.786474050379
-3497.4950597240236
-3093.1574536912035
-2732.709744172028
-2423.080888494536
-2164.300147942963
-1952.326824736124
-1779.9367475567851
-1639.5708430158502
-1523.349217336123
-1425.7289674244173
341.88625754454074
339.7410902348234
338.03621826967617
336.7682807458627
335.94142712587745
335.5569159373873
335.7982395196443
337.17137877987864
340.43777373770524
346.42801054806773
356.1824297581587
371.00516998581566
392.38618686899844
421.5447812642078
459.36769740542445
506.36217300979
562.6284177496508
627.6550867707347
700.4359410913759
779.7945316072253
864.6625883922081
954.0841664572305
1047.2210795771937
1143.968132795774
1244.3352395640636
1348.6898612862135
1457.6851448131738
1571.947544810286
1692.620879655534
1821.077214322023
1958.9430731923244
2107.758504861286
2268.9500270422413
2443.43366079649
2630.6717101531963
2828.581713956486
3032.353902662847
3234.5923309731784
3424.9488886831955
3590.044635403423
3714.917886211597
3783.5856500080827
3780.4928121281405
3692.8926302776
3511.673446718162
3233.5075523490186
2862.703290560439
2411.902370631056
1903.1536147806125
1368.2606639923338
849.0948125005209
406.6075630897217
3.7492710623825936
-463.8025649721056
-1060.4484182291085
-1736.2726929684945
-2452.3356441471324
-3168.6174816613
-3847.279319107687
-4451.9876829033665
-4952.026999751067
-5325.469903039226
-5557.113039045673
-5642.912899381226
-5588.405185597279
-5405.958311962355
-5118.516918284967
-4752.649847147489
-4337.596522342854
-3904.0285821495
-3477.6570662681975
-3079.735018570709
-2724.164993897055
-2417.9916212753133
-2161.477981141292
-1950.881886178656
-1779.2543938147935
-1639.2749563997068
-1523.2367615508742
-1425.6929437591712
-1341.1766747869185
339.19127656021686
337.0384045887536
335.32024501673146
334.0328266028112
333.18005599247545
332.7654699323896
332.9795360429625
334.3389770980907
337.6171417511471
343.65802742076846
353.5236691808406
368.54438183250016
390.2315827044113
419.81222669300087
458.1768882718218
505.8409295906272
562.918801217612
628.9179637699325
702.8601034923154
783.6225748338229
870.2006981860852
961.6581061908182
1057.552458315852
1157.6075057203602
1261.8066915746288
1370.7611715317441
1484.8772571489696
1605.026823292428
1732.2542358654705
1868.0215316485876
2013.6433945690508
2170.457378311364
2339.218008184053
2519.6967128095657
2710.08296693238
2906.2581175230775
3101.3932303990405
3285.9221718539266
3447.336972688442
3571.3689546625646
3642.604938357672
3645.7611052073503
3568.0579859866057
3400.2502402053997
3138.3140405962185
2785.8389182568676
2354.198948430091
1864.1923663220014
1346.071841785054
840.2152454340039
404.5717258961497
5.329883735206494
-456.0763017416537
-1041.9260931422587
-1705.1889224538995
-2407.9991128882134
-3111.5270469419083
-3778.889959756838
-4374.649421079182
-4868.748046154767
-5239.4548926431235
-5471.718619242809
-5561.215417563858
-5513.015962625932
-5338.971899569797
-5061.196780600916
-4705.532177801546
-4300.505713837356
-3876.1481627031712
-3457.7356455032686
-3066.25818081538
-2715.5868098104643
-2412.8834014005333
-2158.6463006486115
-1949.432908027194
-1778.5701765233114
-1638.9766908464217
-1523.1197195846994
-1425.6548116959582
-1341.168277984475
-1266.5214406874643
336.49615922567835
334.3356243075196
332.60408566849446
331.29670958126803
330.41732773280796
329.97232980999013
330.15887913112465
331.5025741854711
334.7866311413459
340.8676430739454
350.8279065553805
366.01976342260167
387.9708126380953
417.9126833376979
456.73806198747354
504.96737417094755
562.7265182925671
629.5424793451367
704.4733429486739
786.4561787046248
874.5232444416126
968.0929815710865
1066.6472016398538
1169.815031001436
1277.853256629724
1391.1867867077353
1510.3298217849601
1636.1690859538867
1769.707927127522
1912.1954928571759
2064.7577151894197
2228.1481015384984
2402.147461352656
2585.3087519653295
2774.0702838359935
2962.345825235897
3141.2527721990896
3299.160544760233
3422.521482702052
3496.5136607165136
3506.238464161408
3438.8323697035626
3284.9152396248764
3039.7429254071008
2706.173768622577
2294.323971652902
1823.6910578634079
1322.9541751515962
830.9199211753914
402.40711665419946
7.001229370111353
-448.076077284797
-1022.8095552450555
-1673.2636071065035
-2362.667349574214
-3053.374328136297
-3709.4337907490103
-4296.286111193648
-4784.515442993432
-5152.579697201505
-5385.56675195652
-5478.867061676003
-5437.076526599532
-5271.528022061899
-5003.516658620541
-4658.1455250489435
-4263.215135440144
-3848.1223408967253
-3437.7144729257325
-3052.7179486161695
-2706.971916273845
-2407.756925159143
-2155.8082289141366
-1947.9842239975835
-1777.8889501544245
-1638.6812449741828
-1523.0036856386757
-1425.615627499213
-1341.1592772263825
-1266.5208542295966
-1198.7371686138897
333.8009001954145
331.63274496373555
329.8877254720701
328.559884303884
327.6531666515502
327.177402643473
327.33608532918186
328.66167786409255
331.9451863306184
338.05502590859714
348.09210377225475
363.4261114836612
385.5950845685391
415.8320216160415
455.02933712533405
503.70829548808206
562.0022682329268
629.4591945143432
705.1805796687071
788.1509591216064
877.7263967651675
973.2797082405727
1074.2625910198265
1180.436089912231
1292.1125176860776
1409.5445863690363
1533.527243752131
1664.6416003811603
1803.919784074956
1952.2481028050381
2110.452105079273
2278.2471933429074
2454.4938590588577
2636.0492943907097
2817.622244309991
2991.075656279763
3145.6217419828845
3268.4740093888627
3345.351211276543
3361.8751145446604
3305.1040410766504
3165.516131428753
2937.643278073828
2623.559828082396
2232.144479478906
1781.535348779324
1298.8240486476493
821.1503954945316
400.09721270791164
8.775511084617273
-439.77185302258715
-1003.0456151184983
-1640.414824752175
-2316.233455557858
-2994.0357051258216
-3638.779376312793
-4216.765612716684
-4699.201298056082
-5064.724883898751
-5298.548606789649
-5395.770828846805
-5360.507290824169
-5203.561792518914
-4945.41198172324
-4610.431470134209
-4225.685122733247
-3819.9238500130577
-3417.572984656117
-3039.0994292084074
-2698.310832437101
-2402.6068811599557
-2152.9613064889954
-1946.5351510560886
-1777.21109087447
-1638.389676830157
-1522.8902106081798
-1425.5772147811385
-1341.1499369091582
-1266.520091422589
-1198.7371590636037
-1137.7833356266294
331.1054935888817
328.92976108300104
327.17114914413565
325.82230806705286
324.8875024530746
324.380591835988
324.5109397943918
325.81572779809164
329.09165288268395
335.2182100185964
345.3130361954336
360.7579695690899
383.0951993273838
413.55526341773384
453.0271461724735
502.0277987497368
560.6935787049556
628.5941774311601
704.8706331181827
788.8178570695637
879.7371209703642
977.0499593969662
1080.236180910351
1189.2427410103553
1304.141811826743
1425.4714334073974
1553.7694670142348
1689.5839108874673
1833.6763385618706
1986.672472496809
2148.4621476317093
2318.005980756068
2492.632448217021
2667.608140915537
2835.7163581481345
2986.958060544707
3109.4123794706093
3189.2739624974474
3212.7386700776997
3166.862131498564
3041.9537636421237
2831.88982457395
2537.860710653856
2167.5326991469133
1737.6104713930927
1273.5920151514129
810.8376751127269
397.6231348186835
10.669533981684637
-431.12620238918544
-982.5776895435533
-1606.556898277765
-2268.5860401814793
-2933.380049076566
-3566.78542951968
-4135.944153573735
-4612.664774114526
-4975.758235743913
-5210.543644187143
-5311.8190638618435
-5283.2141107935795
-5134.99702147108
-4886.821409195681
-4562.331703159919
-4187.863764999635
-3791.517164096358
-3397.2868158833244
-3025.3845766754375
-2689.5903709405784
-2397.424525498138
-2150.0999853853004
-1945.0824135557468
-1776.5348406902417
-1638.101254659894
-1522.7792667141193
-1425.5399814364328
-1341.140727143663
-1266.5191773323784
-1198.737111677375
-1137.783302113792
-1082.310515123091
328.40993285892995
326.22666594147944
324.454340966204
323.0839418768514
322.12027165948047
321.58179764826826
321.6831946131606
322.96409728522474
326.2247847087553
332.35510510000205
342.487303185958
358.0096331587403
380.46152366703495
411.06651380879896
450.7062644561013
499.88774331222186
558.7451062256034
626.8625738909225
703.6698054434885
788.4047218933237
880.4495467943424
979.2452499128078
1084.4234615195307
1195.8480578413607
1313.6426206180852
1438.404051040275
1570.3092906579604
1709.9995641597159
1857.7216749157328
2013.55270047889
2176.480262025334
2344.390025741566
2512.887317713323
2675.707891238937
2823.6211695595157
2945.6539954824784
3028.5475097083804
3059.004849226454
3024.2103128661615
2914.2189085541195
2722.4090630261508
2448.9624470023405
2100.364962039375
1691.7996111187783
1247.1598773715766
799.8995862443476
394.9636660928627
12.704880111728036
-422.09074661410637
-961.344453517643
-1571.599059566944
-2219.6093617846564
-2871.2698908567345
-3493.302140003103
-4053.667254678347
-4524.752491302915
-4885.534391364278
-5121.418206359945
-5226.892104319104
-5205.092445315197
-5065.744040829157
-4827.673208252189
-4513.789180223633
-4149.700119751398
-3762.8580531449843
-3376.8243602406765
-3011.5515632679535
-2680.7951259556576
-2392.198851542023
-2147.216923484577
-1943.6213423234312
-1775.8573983623735
-1637.8144621320796
-1522.6702058062451
-1425.5038140877966
-1341.131760988259
-1266.5181664843017
-1198.7370104698355
-1137.7832397585796
-1082.3104801383693
-1031.2948107136776
325.7142106762989
323.52345134544976
321.73728486223575
320.34475136148194
319.3514195261117
318.7809171325058
318.8525689502623
320.10609794996356
323.3432571900211
329.4635144006353
339.6113423527208
355.1751488850964
377.68396431554896
408.34897064122185
448.0400359344121
497.24810677623066
556.0925562278543
624.3923757666239
701.5335201398344
786.8404319691241
879.7376119089081
979.746284403616
1086.559003615266
1199.945987081911
1320.2594519168672
1447.6336863903687
1582.4329938299431
1724.786363895598
1874.5486650876273
2030.9116719230665
2192.0998781237477
2354.236840049532
2511.7481258125345
2656.2947964957225
2777.7215726996124
2863.5831501406274
2900.9649868668803
2877.3504231302304
2782.4092935699628
2609.2020212007596
2356.7950272824773
2030.5290534721953
1643.9861124678498
1219.4168098564137
788.2384044098231
392.0939122681343
14.906444737626273
-412.6028884397659
-939.278004754642
-1535.442820708651
-2169.182242244738
-2807.5613962300436
-3418.171492445703
-3969.7707406770314
-4435.29936923391
-4793.894731411136
-5031.025261136268
-5140.857535082701
-5126.026192390385
-4995.70315395784
-4767.883505833712
-4464.7377266253225
-4111.142409625302
-3733.902449487651
-3356.149648634314
-2997.5746394989587
-2671.9070901169475
-2386.9173949439514
-2144.3037248070373
-1942.1464748606522
-1775.1754208854354
-1637.5274283848303
-1522.5621320772805
-1425.4684030444441
-1341.12301009279
-1266.517077419434
-1198.7368468116617
-1137.7831476513134
-1082.3104167478716
-1031.2947753057167
-983.9802250467154
323.01831881085826
320.82010737552235
319.019964300375
317.60470814493095
316.58090119236385
315.9778449623896
316.01875010475305
317.2409879370898
320.44568715277296
326.5411595877995
336.6814466183954
352.24830953868525
374.7519624930726
405.38503268480736
445.0006705806749
494.06062696786216
552.84903803477
621.145762906116
698.4137387193945
784.0402503406598
877.4969162078764
978.3938663617054
1086.3606533248708
1201.3181447454538
1323.3961737725785
1452.6229997688295
1589.2543616296066
1732.746237021202
1882.5335635423858
2036.875258726437
2192.652366162716
2344.726525595886
2485.82815763713
2606.3712444231355
2694.9836063268453
2739.077120161383
2726.579577611846
2646.728399851985
2492.347848273084
2261.350760858301
1957.939241262674
1594.0621018703364
1190.238764238023
775.7422339308918
388.9825600508
17.30006887393652
-402.58523284186214
-916.3027682183034
-1497.979922917332
-2117.1751855342145
-2742.1030151946525
-3341.227020019636
-3884.081745572755
-4344.129539893488
-4700.6680048171365
-4939.203936777716
-5053.569069348314
-5045.886428819133
-4924.763732134527
-4707.359269226704
-4415.100669156238
-4072.1303154335906
-3704.6045122867636
-3335.224958149163
-2983.424303811994
-2662.905597104799
-2381.5661083697755
-2141.350987062003
-1940.6517466073046
-1774.4852452333687
-1637.2381085662114
-1522.4540470055133
-1425.433362835528
-1341.114386485669
-1266.5159040818644
-1198.7366119193175
-1137.7830252749989
-1082.3103265541984
-1031.2947121203845
-983.9801884483965
-939.842687213478
320.3222479947792
318.11662194900987
316.3023626285645
314.86379042742055
313.8086834275643
313.1724740753253
313.1813958907373
314.36798435362505
317.530658417854
323.58571237400014
333.69378233856787
349.2226501030618
371.654522999161
402.1564782701069
441.5525774266076
490.41882283859405
548.9901690757441
617.0945805627402
694.2603999050529
779.926262995343
873.628048279938
974.9833629886884
1083.648579492467
1199.5708746968385
1322.5553490757738
1452.7984005821245
1589.7234249240164
1732.705676404453
1880.1338199084894
2029.3547059380421
2175.81773859844
2313.2068048289034
2432.5674629910404
2523.5387518125935
2574.0104608888187
2572.331998909074
2507.4949402180955
2372.0007021485985
2162.685135170418
1882.5479552118877
1541.9368530090899
1159.493531611294
762.2929778912851
385.5894220119091
19.912250605271602
-391.94920007620686
-892.33541922526
-1459.0931287466292
-2063.446953306007
-2674.733045304251
-3262.2915784929132
-3796.417948107679
-4251.057184487166
-4605.671328127867
-4845.78063521392
-4964.866991377095
-4964.5309827007195
-4852.802648877561
-4645.9969367806725
-4364.7927650786705
-4032.595790007987
-3674.9118601417404
-3314.0111252244637
-2969.0703698469233
-2653.76777859407
-2376.1292387667304
-2138.3483294110088
-1939.1306158383152
-1773.7829519367883
-1636.9443360410366
-1522.3449000481903
-1425.3982749974039
-1341.1057735055442
-1266.5146224269683
-1198.7362926243802
-1137.7828673920708
-1082.3102113247057
-1031.294623913899
-983.9801241567523
-939.8426508781093
-898.035795961948
317.62598762422766
315.4129808233166
313.58446261559175
312.12198413464864
311.03474583958763
310.3646963934143
310.3401390556144
311.4862784569683
314.59675308792885
320.59483056702186
330.6444083284571
346.09145113672946
368.38027778493364
398.63759707992466
437.77326540518834
486.31031557335774
544.5018856214135
612.2124643709566
689.025354401253
774.4318049202033
868.0074032189128
969.3528942520885
1078.2003465832602
1194.258597787382
1317.3965215147298
1447.2784467673594
1583.0270360409738
1723.4134308933317
1865.7869184086157
2006.4436591750896
2139.642271144548
2257.4556908642658
2350.212562827846
2406.6187331608
2415.2295943089175
2365.1653236019133
2248.4118514743036
2060.9124715505436
1804.3520892515012
1487.5347512004835
1127.0491942971794
747.7770049169583
381.86586793290377
22.775589174827672
-380.6017710941196
-867.2852858068826
-1418.6624415536262
-2007.8438427190301
-2605.277816444203
-3181.1736647766847
-3706.584658713411
-4155.886070881382
-4508.710825059275
-4750.569417630583
-4874.578334882851
-4881.803839616922
-4779.683960843751
-4583.681574274444
-4313.719123557685
-3992.462505476651
-3644.7641356420886
-3292.4632799828732
-2954.47978865573
-2644.46970385074
-2370.589700849437
-2135.284409180203
-1937.5759700997805
-1773.0643610881682
-1636.6438450509816
-1522.233602464652
-1425.3626999933763
-1341.0970360620613
-1266.513193165928
-1198.7358687406102
-1137.7826642054438
-1082.3100673548468
-1031.2945136626865
-983.9800359221235
-939.8425873146467
-898.0357570174318
-858.7991767192957
314.9295259229203
312.70916683300607
310.8662466074128
309.379283516912
308.25908171046586
307.55440426630776
307.4945922627835
308.5950543074842
311.64258625817286
317.566196385551
327.5292965276258
342.84775337572523
364.91056755454434
394.89140500816825
433.65366366249094
481.7284304729221
539.371140084597
606.4736302211576
682.6656724781076
767.4864635169615
860.513108254346
961.3637847612644
1069.699156742271
1185.1147606849418
1307.3264569557484
1435.3894026883106
1568.3250373910746
1703.5935383303486
1838.109486420313
1966.6367172799855
2082.3404795980546
2176.1916910302
2237.8811665014655
2256.095650219769
2220.335471473706
2121.969980626539
1956.2203135438658
1723.4047398239356
1430.7867662363406
1092.7817547205275
732.0873424213172
377.75928293359493
25.938857988799068
-368.4498333542049
-841.0536647287618
-1376.5760057481973
-1950.2050384868337
-2533.5534291858244
-3097.6657012800897
-3614.370792925087
-4058.406406204169
-4409.580012709261
-4653.3725027819255
-4782.517501673797
-4797.535707569266
-4705.258475360257
-4520.285807416897
-4261.774305152171
-3951.6454861500624
-3614.0951079066544
-3270.5308369583395
-2939.6156145168216
-2634.9850619245412
-2364.929326977783
-2132.14704807937
-1935.9801458166487
-1772.3250041140782
-1636.3342423057907
-1522.1190167741033
-1425.3261755865644
-1341.0880215920652
-1266.5115615620398
-1198.7353109230492
-1137.782400764322
-1082.3098861467124
-1031.2943787934144
-983.9799275893904
-939.8425007686023
-898.0356904824248
-858.7991372118366
-821.1206196568567
312.23284936880884
310.00515979180204
308.1476962183651
306.635691370971
305.4816990251442
304.7414911968286
304.6443548849143
305.6935090562052
308.66684179860226
314.497554622476
324.3443543910689
339.477537108093
361.2927636217161
390.9076785775548
429.19057384842773
476.66664313570936
533.5848784691624
599.8531961248785
675.140430911945
759.0147675068974
851.0443159978724
950.8321352018974
1057.9035196427928
1171.8137031909382
1291.748528356173
1416.6683800615522
1544.523456159
1672.393031224809
1795.8441367804764
1908.6811877817054
2002.8996070946266
2068.918257714945
2095.9395967575
2073.7233720237614
1993.2126098862027
1848.8990252612844
1639.8354499779318
1371.640022227596
1056.5849729685485
715.1120275358145
373.21962569699787
29.471174103128096
-355.39502362220605
-813.5307249223556
-1332.7370914872326
-1890.3754517257632
-2459.373213849046
-3011.547924362586
-3519.54517088207
-3958.3908720500604
-4308.057354450568
-4553.978449379774
-4688.486156955838
-4711.544282621916
-4629.3636718752705
-4455.669619153142
-4208.841239892901
-3910.05057949075
-3582.830927709725
-3248.157147701931
-2924.4361975920256
-2625.2843898309984
-2359.1280109508916
-2128.923083467548
-1934.3349735978827
-1771.5601114330232
-1636.0129888174308
-1521.9999425615536
-1425.2882089339728
-1341.078556150744
-1266.509654912966
-1198.7345782100385
-1137.7820555822975
-1082.3096543818283
-1031.29421200585
-983.9797973935688
-939.8423959452643
-898.0356020194982
-858.799069802998
-821.1205782207334
-785.4856648507448
309.535942811248
307.3009360074049
305.428791788699
303.8912194639927
302.7026202308743
301.9258532223518
301.789020374779
302.78087346847303
305.6683063148946
311.3867468325162
321.0787702988782
336.01498496576755
357.5173615562794
386.6850430769716
424.3809651447826
471.11847237108714
527.1299234427137
592.3275764541612
666.407784866652
748.9477773377107
839.4983159960098
937.5773055390454
1042.6234678776236
1153.9250297292917
1270.361814811244
1390.3287386613638
1511.0427701197561
1628.8864439935105
1738.0974035984138
1831.8612870731333
1901.0765452335731
1935.92608463545
1926.1960100462716
1862.7967834461856
1739.3587533741693
1553.8569604312902
1310.1000061564807
1018.3867260209854
696.7254862906
368.20450247080964
33.447103380826945
-341.3187029211048
-784.5929432805391
-1287.0561954802424
-1828.2209558290597
-2382.558574175167
-2922.6011632644163
-3421.8591553041188
-3855.592250282354
-4203.901678047043
-4452.15888287896
-4592.27219668055
-4623.634228520304
-4551.823831269779
-4389.680129341392
-4154.791031052431
-3867.572216750148
-3550.8882628816777
-3225.2789720462283
-2908.895131728623
-2615.3346722603947
-2353.1633190772586
-2125.598023264217
-1932.6314879114038
-1770.7645398704472
-1635.677366866438
-1521.8750976872868
-1425.2482638529964
-1341.068437359015
-1266.5073780691143
-1198.7336147707024
-1137.7815985078948
-1082.309352982196
-1031.294001459289
-983.9796389228441
-939.8422718489196
-898.0354971962532
-858.798980537581
-821.1205090083075
-785.4856230758112
-750.9635829510463
306.8387892350658
304.59646767273847
302.7095122480768
301.1458877160671
299.92188203506737
299.107390004504
298.9281837962814
299.8564310067341
302.64589659001257
308.22522496916224
317.75871730248065
332.4526985324908
353.5839215603864
382.2224999654612
419.2222156939139
465.07771379482585
519.9937548437209
583.874505374179
656.427772531841
737.2249370294484
825.7679531574867
921.4651215551223
1023.6174929698542
1131.185792807384
1242.7353597788453
1355.8585822302875
1467.3897801035043
1572.2959155615076
1664.5922553915725
1735.905012661186
1777.3342053821652
1778.8339599255467
1731.4887690345577
1628.1334736161202
1465.7470867443856
1246.2738457902346
978.1622190856756
676.8134275694575
362.67965716746306
37.91788203595759
-326.07289757026297
-754.1074297043859
-1239.426913301666
-1763.6351913493822
-2302.9468849922255
-2830.6249799789657
-3321.058841829657
-3749.7457580121236
-4096.850004050618
-4347.66356283697
-4493.645614101673
-4533.595138589818
-4472.449344281488
-4322.15146933957
-4099.482349007152
-3824.094689185818
-3518.1752317904097
-3201.8260931636037
-2892.9405636709816
-2605.0989753433664
-2347.010195466138
-2122.155588613758
-1930.8597647700963
-1769.9326286569708
-1635.3244100022293
-1521.7430840427633
-1425.2057440264944
-1341.0574246519968
-1266.5046070116841
-1198.7323454964794
-1137.7809877717718
-1082.3089553405232
-1031.2937300714752
-983.9794414522116
-939.8421228918492
-898.0353758135589
-858.7988756581585
-821.1204195200943
-785.4855531297493
-750.9635379693359
-718.0443621105001
304.1413694354826
301.8917228055779
299.98983400229116
298.3997234656028
297.13953433044827
296.28600559817295
296.06144907925653
296.9195320756664
299.59233078156103
305.03464861084547
314.3779389702091
328.79072559073535
349.49230535191737
377.51957987969706
413.7123809433123
458.53899879791226
512.1654315785421
574.4738932642181
645.1665056012669
723.7904497560957
809.764583283259
902.3718344196938
1000.6860113062611
1103.3817990425482
1208.4660425155887
1313.0411839916549
1412.9264224470894
1502.6708679220524
1574.9769742172175
1621.543740258556
1632.9007599948768
1600.215618924066
1515.8917500794437
1375.8560463090016
1180.3698100467616
935.9328614680585
655.3291474875327
356.6143983699174
42.902724175813404
-309.50167255752984
-721.9441487755213
-1189.7086982607934
-1696.5278951517391
-2220.3906878943612
-2735.448687894033
-3216.905218148023
-3640.579846378379
-3986.6219850423804
-4240.217737051353
-4392.353895870874
-4441.19820585959
-4391.03497237042
-4252.903817280438
-4042.7611233323473
-3779.4901539442344
-3484.589927805334
-3177.7200393989706
-2876.5144861747294
-2594.536193846731
-2340.6406076119993
-2118.5777125541863
-1929.0087337432833
-1769.0580750556405
-1634.950820816004
-1521.602339344452
-1425.1599650002872
-1341.045223348741
-1266.5011794953198
-1198.7306700273434
-1137.7801660086975
-1082.3084247149632
-1031.2933740033247
-983.979189401462
-939.8419393610523
-898.0352331948482
-858.7987554346785
-821.1203170883282
-785.4854627575697
-750.9634641789543
-718.0443165001167
-685.7536539116401
301.44366227490326
299.18666439421685
297.26973024337605
295.6527599328892
294.35563824321326
293.46160897461385
293.18843398206985
293.96339496388646
296.52567030076926
301.80877779633994
310.93690120379597
325.029238604363
345.242744681165
372.57646314452745
407.8504681845765
451.498438610992
503.63637850186234
564.1097657534698
632.597014080042
708.5975455951298
791.4216704250521
880.1849570165771
973.7017472259333
1070.2867253701777
1167.4104308357562
1261.514677498114
1347.7408575507045
1419.7972547188406
1470.0299834413925
1489.7109711727035
1470.1002794587093
1403.4436279314136
1284.681428647904
1112.6624337058388
891.7679587590937
632.3199078172979
349.9803070782466
48.42521645183111
-291.49140360302334
-687.9845688253823
-1137.7527127410824
-1626.80141843149
-2134.7541438301805
-2636.9223092377842
-3109.192047180248
-3527.8328499979734
-3872.9325981413613
-4129.526530291959
-4288.119150876914
-4346.19233383284
-4307.356484443654
-4181.741458029787
-3984.459501075541
-3733.618475341354
-3450.0195012964123
-3152.873530632877
-2859.5520024643274
-2583.6000931159583
-2334.0231125139776
-2114.844116056728
-1927.065985589193
-1768.1338342468218
-1634.55288996963
-1521.451085586681
-1425.110121290525
-1341.0314644667446
-1266.496882047556
-1198.7284544228557
-1137.7790548538692
-1082.3077106725677
-1031.2929003519077
-983.9788610038994
-939.8417069985201
-898.035060828824
-858.79861558837
-821.1202030353132
-785.4853599878361
-750.9633709172563
-718.0442413289078
-685.753605787176
-654.5719442157601
298.7456441846667
296.4812501834562
294.5491698611083
292.905033899878
291.5702634472215
290.63411287607937
290.3026450546386
291.0033592619893
293.4395324899272
298.5482968281088
307.43605726634735
321.1685206786926
340.8358175573694
367.3940348910045
401.6366749365691
443.95408680720243
494.40126748161595
552.7713518231427
618.700113978269
691.6142021279373
770.688623692281
854.8305408792112
942.5684611910713
1031.7938884404407
1119.4433364963725
1201.3073987015566
1271.857510628466
1324.2912868620947
1350.5905919481193
1342.3765976082266
1291.7357814407724
1192.9326174692287
1043.5006165458858
845.8243718491622
607.8733387332215
342.7674876005268
54.54969232673196
-271.9957685537417
-652.1178364868844
-1083.4667999015671
-1554.3430057086225
-2045.9218482666176
-2534.8940508118176
-2997.748664545441
-3411.266393009797
-3755.5089841252843
-4015.2883003884813
-4180.641339585529
-4248.3016681912695
-4221.166330891777
-4108.449329503968
-3924.393938901087
-3686.3266119221335
-3414.3395869854708
-3127.189573717016
-2841.9806541052967
-2572.2388478428265
-2327.1222551898604
-2110.931812298465
-1925.0174763434015
-1767.1518935596687
-1634.126387359739
-1521.2872656342756
-1425.0552484823804
-1341.0156805730867
-1266.4914343836201
-1198.7255207348971
-1137.7775478513981
-1082.306744311078
-1031.292263959612
-983.9784262316033
-939.8414058065212
-898.0348461282838
-858.7984480382044
-821.1200743139431
-785.4852465812106
-750.9632672041339
-718.0441461113774
-685.7535276279671
-654.5718920266955
-624.2084279743433
296.04728933672953
293.77543231562294
291.828116040793
290.1565827784427
288.7834834333165
287.7973323813566
287.41806855993866
288.032884969465
290.3344177500495
295.2538265097542
303.8758348159201
317.20895272240256
336.2724424526092
361.9739079040291
395.0724937912785
435.90636471417696
484.45834852591946
540.4539390308848
603.4662897874585
672.8229247842224
747.5367255770147
826.2744466402952
907.2416341798188
987.8836272474915
1064.6059222733245
1132.5655942893582
1185.7555285367646
1216.9270555832895
1218.2761071575587
1181.8367673292612
1101.4664276486565
973.3911182310272
798.394633270132
582.0585606693154
335.00689075820986
61.33743461165011
-250.9853017070868
-614.2440783467152
-1026.843815621595
-1479.0629940627662
-1953.822045469674
-2429.2074810408444
-2882.4220653905722
-3290.6686363240874
-3634.0994491053734
-3897.213433163325
-4069.608962664304
-4147.2281861891415
-4132.191813877405
-4032.7890149319683
-3862.361795430622
-3637.445025437362
-3377.413109990545
-3100.5606088762593
-2823.7195223304366
-2560.3938885589296
-2319.8979612197236
-2106.8148676951346
-1922.8472889522743
-1766.1031239197976
-1633.6664413896528
-1521.1084591107913
-1424.9941699669128
-1340.9972740537166
-1266.4844693310567
-1198.721633925151
-1137.7755015853363
-1082.305432161777
-1031.291403200037
-983.9778439160191
-939.8410081401079
-898.034571445198
-858.7982407327926
-821.1199244676872
-785.4851198116987
-750.9631556721351
-718.0440405289912
-685.7534303441959
-654.5718077640681
-624.2083736963557
-594.6895995782277
293.34856969839336
291.06915694233163
289.10652477777165
287.40743979674494
285.9892769630557
284.9647507319234
284.5280195023558
285.05211262115716
287.2107684973961
291.9259232065604
300.25663112569345
313.15101602298796
331.5538888744364
356.3183990198228
388.16086334112225
427.3580737371883
473.80996401256107
527.1597273599291
586.8957250923148
652.2228327725816
721.9646770635014
794.5204119910914
867.7444751087368
938.6380343550909
1003.0673185001515
1055.705360786331
1090.0955505463462
1099.0449431488184
1074.8935003278905
1011.1777926978177
903.0502187856573
749.9002205216219
554.9972319916455
326.74987847951144
68.75748081958444
-228.39449840502658
-574.3062753919294
-967.8928281010351
-1400.9628351865663
-1858.4417707216544
-2319.7529092108985
-2763.059909227932
-3165.852002937501
-3508.4673384477765
-3775.0363405305297
-3954.715272939725
-4042.6609165969635
-4040.1382383610685
-3954.4963273127164
-3798.1378542724824
-3586.787342360485
-3339.087815164264
-3072.86697429002
-2804.678302500114
-2547.9997430154035
-2312.305095471187
-2102.463742386767
-1920.5371356239768
-1764.976950485623
-1633.1673419215583
-1520.911773966258
-1424.9254298791143
-1340.9754757821268
-1266.4755065424386
-1198.716484751553
-1137.772724153129
-1082.3036483405758
-1031.290234549371
-983.9770579549361
-939.8404760546832
-898.0342124333455
-858.7979767265074
-821.1197436803052
-785.4849735267879
-750.9630345656759
-718.0439275414474
-685.7533247009824
-654.5717033852703
-624.2082863732602
-594.6895440591231
-565.9552173540268
290.6494550744842
288.36236405842845
286.3843420875854
284.65152317368427
283.20077544061314
282.12966975068827
281.63246557905796
282.06112989656503
284.0689486040788
288.56506499208143
296.57882101873554
308.9953274441848
326.6817662343776
350.4305794522179
380.9060999801447
418.31458915890937
462.4631348366383
512.8973515041124
569.0002487342164
629.8313488854917
693.9992556655743
759.6177053496574
824.1746112643619
884.231092498701
935.1820741146483
971.289341453853
985.9559495109758
972.0732910068981
923.009419403561
833.3018722920426
700.8482930674473
526.9942292657487
318.02505685580184
76.70482708854057
-204.2085062410533
-532.319811814049
-906.5750514362348
-1320.1494970586145
-1759.8213820096732
-2206.539133065242
-2639.528894320417
-3036.6564801895765
-3378.380659810859
-3648.509748742734
-3835.670508766109
-3934.2877265642537
-3944.6980979180867
-3873.283537245246
-3731.471996204371
-3534.143989843922
-3299.193751258756
-3043.9757827663866
-2784.755908500778
-2534.9824899380146
-2304.2922147771146
-2097.8446781717907
-1918.0659499790313
-1763.7610985049012
-1632.6223597349817
-1520.6937175934718
-1424.8472068534443
-1340.9492910408123
-1266.4639184848274
-1198.7096676900749
-1137.768960234718
-1082.3012243528326
-1031.2886455363891
-983.9759923770488
-939.839757792356
-898.0337357494462
-858.7976326088085
-821.119518107643
-785.4847982556357
-750.9628990037089
-718.0438055288352
-685.7532145823309
-654.5715902553882
-624.2081788128544
-594.68945464071
-565.9551590245272
-537.7905642813256
287.9499133717659
285.6549863454689
283.6553471342143
281.9017236530046
280.41135440381044
279.29208482072806
278.73132397139574
279.0599744036801
280.9092502252974
285.1716513767894
292.84280944201276
304.74267908964754
321.65808146007356
344.31424405424474
373.3139928545738
408.78421621668065
450.4291486353229
497.68311407141755
549.8042690674882
605.68423464882
663.6998047150444
721.6644187173189
776.6993228298262
824.9545454874815
861.4335075624117
880.1442485972126
874.5196448131046
838.0142152027993
764.953370653116
651.8260140728026
498.48152491162466
308.8856835246453
85.11039406656158
-178.6056378194695
-488.3643261601087
-842.9030198075269
-1236.7502012778446
-1658.0650538954249
-2089.6950362706175
-2511.7881928030565
-2902.9674691352093
-3243.627532017358
-3517.3861129118686
-3712.2032203168524
-3821.8018992329544
-3845.5613183966448
-3788.8467009954456
-3662.089926561287
-3479.282711814109
-3257.541173450343
-3013.736794509354
-2763.838435336103
-2521.2590187808432
-2295.801082083729
-2092.9191133155546
-1915.4093957155467
-1762.441164489548
-1632.0234465239644
-1520.4500116520042
-1424.757203594224
-1340.91743128387
-1266.4488871711665
-1198.7006525944403
-1137.7638718917792
-1082.2979359516073
-1031.2864856336143
-983.9745449443549
-939.8387831992148
-898.0330959946207
-858.797176286649
-821.1192286299604
-785.4845805763781
-750.9627412824561
-718.0436696437612
-685.7530993656734
-654.5714724817591
-624.2080632918678
-594.6893446673146
-565.9550645048743
-537.7905010859798
-510.0454046683939
285.2499098456821
282.94070439077956
280.9324567245583
279.15140464985194
277.6210292430785
276.45193738945176
275.8244710212261
276.0486261291557
277.73188317943084
281.74604417655814
289.0490771748294
300.3941283718835
316.4852876859746
337.9739994787773
365.39203112556294
398.77786787508904
437.7243325878783
481.54158980944004
529.344206009322
579.8391640116482
631.1579141457705
680.8082999847832
725.5608227451382
761.2058232669742
782.4543042694031
783.2459540972864
757.277768497908
698.8366428573169
603.5072576182542
469.8280834870988
299.50314997876086
93.93100285302116
-151.8788282988523
-442.6078245983696
-777.0949326231528
-1150.8646141960576
-1553.3817648862853
-1969.3860843952352
-2379.960515591121
-2764.740822899916
-3104.0674007661905
-3381.416664748131
-3584.052309082441
-3704.9006145044013
-3742.4191098147153
-3700.875754674764
-3589.6979336303502
-3421.9480263035193
-3213.9165558285345
-2981.9801586443227
-2741.7972829104187
-2506.734461144416
-2286.764742461503
-2087.64245814506
-1912.539094895419
-1761.0001390936684
-1631.3609391058321
-1520.1753869604797
-1424.6525058498662
-1340.8782254466917
-1266.4293478820853
-1198.6887483170538
-1137.7570139172415
-1082.2934862342565
-1031.2835545306832
-983.9725789042685
-939.8374577928743
-898.0322317224696
-858.7965640299353
-821.1188490539449
-785.4843018974926
-750.9625504619206
-718.0435121474376
-685.7529754800945
-654.5713494612775
-624.2079445145359
-594.689227342319
-565.9549474383355
-537.7903982375691
-510.0453384181314
-482.40956567397353
282.5430395858283
280.2326499100816
278.2089366791884
276.4005300357747
274.82976073314353
273.60911899502617
272.91174229266267
273.02701029272924
274.5369974138825
278.2885963847988
285.19825272626724
295.9510545965643
311.1663869677285
331.41544869459176
357.1492172020784
388.3096239724798
424.3703802453306
464.50519970060634
507.6707015298862
552.3750066988856
596.4977589004402
637.2477421119149
671.0748947715551
693.4769132052562
699.0130606183549
681.7171194869054
635.8554847501318
556.6188914411858
441.3678978605609
290.08945390118254
103.04291317071464
-124.23728267331215
-395.3784680783477
-709.5143808856911
-1062.7173284928942
-1446.0836403022754
-1845.8010688510303
-2244.302895247667
-2622.0372419027367
-2959.674773140897
-3240.397917681707
-3450.963600612775
-3583.284759430378
-3634.956368881885
-3609.059164205584
-3513.9886560304412
-3361.8635278989714
-3168.083943675487
-2948.5147583871794
-2718.4859045452113
-2491.3003859360756
-2277.1065957347
-2081.9632326620076
-1909.4218847049951
-1759.4177937932786
-1630.6230964822419
-1519.8632997333189
-1424.5294025695405
-1340.829507820226
-1266.4039173904107
-1198.6730560364733
-1137.7478021863053
-1082.2874839239828
-1031.2795870530397
-983.9699123785622
-939.8356551187586
-898.0310602720142
-858.7957366172265
-821.1183437032907
-785.4839366902332
-750.9623114198195
-718.0433219937413
-685.7528369301263
-654.5712175560404
-624.2078223685985
-594.6891079307809
-565.9548215304538
-537.7902698774866
-510.04522980927777
-482.4094949733246
-455.03431796902
279.84268580289677
277.52398315916196
275.4847138288201
273.6490187935422
272.0374543765725
270.76347604678705
269.99293896513126
269.9950143233292
271.32470172697316
274.79969617354953
281.29117833582484
291.415281614626
305.70508856664526
324.6451467271802
348.5964549617993
377.39691850863113
410.39392558344144
446.6155970484581
484.8479895779651
523.3917914457137
559.8768190132497
591.2293154651574
613.6225154667171
622.354296973526
611.9725977882866
576.8193949982964
511.8688632139756
413.5787707675378
280.76059878710794
112.27319564659814
-95.90040990642515
-347.1225028591149
-640.5300168898757
-972.8131219452573
-1336.5476015502754
-1719.2928092718457
-2105.1014894564487
-2475.063582631804
-2810.5214417092434
-3094.2485923571003
-3312.7083476709504
-3456.674173796284
-3522.844043620553
-3513.079456386748
-3434.6443346077053
-3298.735425272156
-3119.7865749885514
-2913.1263970234268
-2693.737541987951
-2474.8326782966487
-2266.737894215116
-2075.8212000983567
-1906.0185400433381
-1757.669895896991
-1629.7956077532804
-1519.5055806397675
-1424.3831558582879
-1340.768472193593
-1266.3708017708059
-1198.6524093826686
-1137.7354730463944
-1082.279415460064
-1031.274233785167
-983.9663047234679
-939.8332069172908
-898.0294711065303
-858.7946143508648
-821.1176642717209
-785.4834501185537
-750.9620034358871
-718.0430838592945
-685.7526750829985
-654.5710706806254
-624.2076937564685
-594.6889867237832
-565.9546919857761
-537.7901299708304
-510.0450931594981
-482.4093793650093
-455.03423868835216
-428.2233099112741
277.1419120518224
274.81465406162744
272.7596887304969
270.8967474934256
269.2439679425906
267.91481657833805
267.0678400765761
266.9525041576779
268.09508683192917
271.2798143838668
277.32897317693704
286.78917992251183
300.10580450225603
317.670845323223
339.7466911462652
366.0601914466089
395.82745723372767
427.92307658264303
460.953809205134
493.0110007339226
521.4833892383834
543.0433656430193
553.6453439791387
548.4974425036576
522.2804425935924
469.8396914418777
387.01391135408534
271.629080333088
121.49852526435711
-67.31046100475382
-298.283106312145
-570.6160588190381
-881.7760899084396
-1225.2928350841619
-1590.4493926097243
-1962.6971072939007
-2324.173826573707
-2656.7455482062214
-2943.0372025344054
-3169.129181649828
-3324.834063519892
-3405.7527956815584
-3412.603087709372
-3351.335935838055
-3232.250378045362
-3068.7482426543943
-2875.5780789755336
-2667.3632344923813
-2457.188821358267
-2255.5551213915
-2069.145574120646
-1902.2825791401633
-1755.727274271842
-1628.8608926129373
-1519.0919871871174
-1424.207714513784
-1340.6914863799793
-1266.3276781516838
-1198.6252976671187
-1137.7190312309865
-1082.26860915057
-1031.267036169704
-983.9614390152045
-939.8298904861658
-898.027317236653
-858.7930906348693
-821.1167457491825
-785.4827949443403
-750.9615982775463
-718.0427766892592
-685.7524779470274
-654.5709001252313
-624.2075532889494
-594.6888610136297
-565.9545586318386
-537.7899833058581
-510.04494287989394
-482.40923420310673
-455.03411047922185
-428.22323252889447
-401.266332485929
274.4407040940543
272.10459350581095
270.033732744049
268.1435509397801
266.4491101308608
265.0629218021234
264.1362203575751
263.8993413532109
264.84826270157987
267.7295481763634
273.3131351258714
282.0756641285846
294.37382692301816
310.5016144213311
330.61470415155236
354.3235131508185
380.70877937233956
408.4863326304941
436.079588743778
461.37357504410886
481.53416844057966
493.0187310192423
491.63720587916214
472.61552834692907
430.9340260322377
362.0617436165038
262.905929075923
130.62157838946516
-38.989453806207905
-249.38270661364197
-500.46455837326033
-790.1756283969839
-1113.0730043817678
-1459.9649708495356
-1817.6848670119846
-2169.8194459826987
-2498.613592300271
-2786.9190219650604
-3020.195349656986
-3187.589785887569
-3283.3963532749653
-3307.2807985702675
-3263.7216137739447
-3162.072752319709
-3014.6728720448473
-2835.6118576728322
-2639.151417546049
-2438.2057741669923
-2243.438171332479
-2061.852946597255
-1898.1584268774518
-1753.5545513804555
-1627.7972465750395
-1518.6096291823806
-1423.9953334383872
-1340.5938543661389
-1266.2715431203242
-1198.5897674669727
-1137.6971831086341
-1082.2541891479166
-1031.2573945224563
-983.9548995574704
-939.8254124538357
-898.0244041810856
-858.7910237120796
-821.1155011680567
-785.4819075241642
-750.9610576927862
-718.0423717320341
-685.7522290353819
-654.5706938618428
-624.2073931961905
-594.6887258707366
-565.9544179637325
-537.7898287624807
-510.04478352899616
-482.4090746807884
-455.0339507342534
-428.2231061805512
-401.2662442756391
-375.532361477181
271.739035165149
269.3937173604308
267.30669160753126
265.38922633595956
263.6526572540416
262.20755722745173
261.19786397430175
260.8354055031054
261.58438919906905
264.14967082398556
269.2455034094186
277.27831079526413
288.51537885147656
303.14773047856414
321.2175255042763
342.21417119542957
365.0808051305576
388.37253620370393
410.32894137364565
428.6384685931519
440.27046122605555
441.5176042041776
428.1252678355043
395.45569693609355
338.92104152430863
254.75623358379636
139.50913174133657
-11.307889337961955
-201.13668842988284
-430.83976468488277
-698.7387638508653
-1000.7243250447814
-1328.6108981211314
-1670.938843762879
-2012.5839573850863
-2336.613696981395
-2626.099852356552
-2866.019833579383
-3044.8308738580945
-3155.5698105551346
-3196.77303447887
-3171.450831604936
-3087.8427912847915
-2957.2347910451663
-2792.944731797981
-2608.8644094625197
-2417.6984868456743
-2230.2481484702666
-2053.8446748055835
-1893.579548202616
-1751.1086511455928
-1626.577756622804
-1518.0422578155074
-1423.7361150765391
-1340.469516806116
-1266.1985183345005
-1198.5432965113293
-1137.668251190643
-1082.235016406756
-1031.2445269595428
-983.946143013329
-939.8193879454299
-898.0204757681252
-858.7882260394783
-821.1138148339542
-785.4807026513059
-750.9603301597126
-718.0418299684226
-685.7519058119619
-654.5704354387044
-624.2072027262367
-594.6885741074769
-565.9542638988993
-537.7896613970972
-510.04461324356936
-482.4089055724744
-455.033775330946
-428.2229480702575
-401.26610425498717
-375.5322680993438
-350.09277485195383
269.0368624838747
266.68192061748454
264.57838511635254
262.6335394123922
260.8543593579912
259.34848675582055
258.2525835182307
257.7606239708854
258.3037012636593
260.541135287214
265.12834573061764
272.4013641175632
282.5375137796654
295.620895333712
311.5741716831292
329.7625266450114
348.99154548653536
367.656182138204
383.81661529636017
394.9802384182348
397.95436055625925
388.92489290603174
363.6586287378677
317.7681854123359
247.20578835255094
147.98845481066033
15.402608095994532
-154.266553368004
-362.51704030323253
-608.4745190385951
-889.0740811411287
-1197.3596580825804
-1523.3831619422435
-1853.3209761355881
-2171.4197394534276
-2460.958375156461
-2706.815362704668
-2896.543604217104
-3022.1382203168505
-3080.7949958501176
-3074.1734039797457
-3009.187827826184
-2896.0764878439786
-2747.2666438436513
-2576.236872697514
-2395.456181974313
-2215.82424788648
-2045.0042352670143
-1888.4660423271825
-1748.337018987305
-1625.1690113744162
-1517.369341320831
-1423.4173984021102
-1340.3106587820876
-1266.1036011348222
-1198.4826321784547
-1137.630064744366
-1082.209612994874
-1031.227416688717
-983.9344613691945
-939.8113138520314
-898.0151958632956
-858.7844506378945
-821.1115336036142
-785.4790669169561
-750.9593466869084
-718.0410987837861
-685.7514776512253
-654.5701024663572
-624.2069671514087
-594.6883957213307
-565.9540876527303
-537.7894731313976
-510.0444258744595
-482.4087249009749
-455.0335891398578
-428.2227753906716
-401.2659337171152
-375.5321109903873
-350.07429362788093
-324.2664342283192
266.3341279951398
263.96907984719115
261.8486138402724
259.8762340603785
258.0539508368955
256.4854909239225
255.30024131446064
254.6749927118059
255.00653729043466
256.9051189765887
260.9643475487626
267.4496379825393
276.44825819577676
287.93406989311774
301.7055478721014
317.0020486108598
332.49332887478147
346.4183339702571
356.66684139034356
360.58635680358975
354.86254214083453
335.6387739258066
298.7908251393655
240.27936270350875
155.8796647405306
40.70943347011748
-109.36084200814683
-296.35679937745283
-520.3991409897992
-779.1553398634992
-1067.311554325446
-1375.9939322402124
-1693.1070520558847
-2003.8390766425864
-2292.165600106108
-2542.8878837145394
-2742.8654810483376
-2883.0067469250307
-2959.1444535787664
-2971.5532488870103
-2925.7414693864607
-2830.81185208576
-2698.2342190607637
-2540.971328920804
-2371.2375138787315
-2199.981194265492
-2035.1944775141692
-1882.7219442355508
-1745.1755009059905
-1623.52946700311
-1516.5649318050398
-1423.0230222533064
-1340.107229047254
-1265.9803493989111
-1198.4035847629598
-1137.5798200045288
-1082.1760651792104
-1031.2047443957242
-983.9189344548801
-939.8005345560147
-898.0081248579917
-858.7793735499308
-821.1084556495078
-785.476850169226
-750.9580153888714
-718.0401076765581
-685.7509031922294
-654.5696646321018
-624.2066663964704
-594.6881769502987
-565.953877041684
-537.789252480168
-510.04421161459913
-482.40852621249655
-455.0333899585221
-428.22259377712294
-401.2657515958537
-375.53190634552993
-350.0547859488023
-324.2471845135029
-296.1534438829272
263.6307542852441
261.2550558439839
259.1171634778132
257.11704190865356
255.2511642599914
253.6183791492014
252.34076440790324
251.57858791109265
251.69335620462607
253.24301492943897
256.756539087231
262.42859311017247
270.2564504816342
280.1013964398045
291.63447796033495
303.96881097311575
315.6423375639324
324.7455926329043
329.0113813856718
325.6529942165994
311.2799890327789
282.05949205282917
234.06039161558698
163.06928451700372
64.19641244671534
-67.00391079904577
-233.22236571753794
-435.43399281344585
-672.1968421339994
-939.5846207814474
-1230.0004638781368
-1533.041051395284
-1834.9026792961902
-2120.5769218709315
-2374.7639009771865
-2584.0851491324925
-2738.1699103839173
-2831.6806876476517
-2863.2935123027564
-2837.1452346463334
-2761.0451319894055
-2645.4689962302805
-2502.735806647966
-2344.765640950539
-2182.504502677821
-2024.2541818106686
-1876.232194526934
-1741.545936321636
-1621.6076100471896
-1515.5962647425993
-1422.532391089667
-1339.8463219195817
-1265.8204751931698
-1198.3007629660835
-1137.5139017498734
-1082.131899531967
-1031.1748015765982
-983.898369099634
-939.7861980311171
-897.9986894155442
-858.7725713066684
-821.1043159698686
-785.4738545304962
-750.9562144729946
-718.0387627275409
-685.7501269194904
-654.5690811284353
-624.2062732349814
-594.6878989621144
-565.9536153490723
-537.7889836364556
-510.0439565810384
-482.4082992548184
-455.0331709582219
-428.2224015163809
-401.26556505141394
-375.53167033842567
-350.03508707864387
-324.2265073552054
-296.15203678958386
-269.68622802222166
260.9266456975122
258.5396974646255
256.3838110233624
254.35569012172311
252.44574748122605
250.74700640261258
249.37415364340666
248.47159482524546
248.36475778961287
249.55641428838572
252.50833302642246
257.3441986870827
263.9716545181014
272.13818679366904
281.3853580196046
290.7012144370826
298.497999134258
302.7287795875305
300.9867805801536
290.3810479476467
267.49221415583327
228.57815913088248
169.53112138989684
85.60427161609522
-27.76657188660695
-173.894312579496
-354.5407952700414
-569.3386996196283
-815.4070264230191
-1086.769695589111
-1374.322824317923
-1665.8542355652362
-1947.1355753943321
-2203.26502808864
-2420.6195272851187
-2587.8164518357435
-2698.3044665936536
-2749.167999440426
-2743.0429433747054
-2686.387835337009
-2588.5624592799813
-2461.165729162374
-2315.725488369538
-2163.1440937612306
-2011.9935096829067
-1868.858571324562
-1737.352946114769
-1619.339666260063
-1514.4220368160413
-1421.9192975491794
-1339.5114086469832
-1265.6133321450914
-1198.1672355533312
-1137.4276558525535
-1082.0739248436657
-1031.1353795553298
-983.8712212099035
-939.7671996649038
-897.9861435531317
-858.7634919907804
-821.0987676901846
-785.4698202686706
-750.9537831674988
-718.036939471497
-685.7490747449162
-654.5682973354988
-624.2057509497372
-594.6875361292093
-565.9532797693263
-537.7886450466975
-510.04364168222037
-482.4080295583294
-455.0329214518422
-428.22219215248083
-401.2653741490042
-375.5314051419043
-350.0158289495797
-324.20548255839435
-296.1499315471219
-269.68611623762513
-243.68841967234513
258.22169095481263
255.82284417812363
253.64833721533802
251.59191550242286
249.63747169100012
247.87127870551979
246.40050637246054
245.35431614454126
245.02146701611414
245.84712487256786
248.22344377302989
252.20286564597296
257.60414334720434
264.06066563846815
270.983965310307
277.2396187016811
281.12223529982487
280.4613084228904
272.73182624643977
254.97064122856315
223.77805144217393
175.24329182216704
104.81768919680647
7.960270596157234
-119.04146708600553
-278.6780589464715
-471.61906290655173
-696.0881428744142
-947.6090115789875
-1218.4079403341589
-1497.9941526008133
-1773.0109983266907
-2029.3600495867968
-2253.096994964928
-2432.323238816341
-2559.0311255842776
-2629.023740333646
-2643.100716148518
-2606.4535363345935
-2527.0915268786366
-2415.860036823498
-2283.764563222387
-2141.608484928035
-1998.1893165765666
-1860.4352043064182
-1732.4801192098003
-1616.6468774228892
-1512.9903480043401
-1421.1504623947094
-1339.0813727569137
-1265.3452660048297
-1197.994098837306
-1137.315099589659
-1081.9980308857132
-1031.0836275269507
-983.8354960344216
-939.7421104666441
-897.9695185843216
-858.7514180989629
-821.0913579077159
-785.464407623895
-750.9505099597732
-718.0344737085254
-685.7476482927625
-654.5672405431782
-624.2050503093873
-594.687053790956
-565.952839371792
-537.7882074790905
-510.04324090098845
-482.40769727565015
-455.03262652616917
-428.22195530900837
-401.26517488080003
-375.53110339226583
-349.996948394552
-324.18494732878503
-296.1474589130414
-269.68587816319837
-243.68840218098336
-218.36340946202472
255.515764731374
253.10433342678326
250.91052967085886
248.8254774689197
246.82614209936338
244.99116767495912
243.42001578879876
242.22716740269212
241.66436846262414
242.11713443667384
243.90583472010792
247.0114264489619
251.16473887036938
255.88584624490224
260.4572049527964
263.62585795689483
263.57847494174683
258.0377218710449
244.38409607062124
219.61650400162387
180.1716370558405
121.77711297992724
39.985469847672356
-69.13465092704398
-208.63168858316317
-380.0638849390243
-582.8546571460354
-813.8397278653674
-1066.817249611153
-1332.7199939536672
-1599.6163109367872
-1854.1048139379818
-2082.4175470038113
-2272.179248784268
-2414.0971831638394
-2502.767301175706
-2537.063904509714
-2520.8429216817776
-2460.631832243147
-2366.3783537037198
-2248.495313241813
-2117.5624124912833
-1982.57947286617
-1850.7643754679918
-1726.785281892904
-1613.4321128129657
-1511.2362230312553
-1420.1836859105342
-1338.5293098203979
-1264.998810306551
-1197.7699239268663
-1137.168552868034
-1081.898932942154
-1031.0158712730988
-983.7886205538528
-939.7090854595659
-897.9475587691112
-858.7354188949523
-821.0814964518157
-785.4571734314567
-750.9461173219534
-718.0311496457738
-685.7457174987412
-654.5658144306225
-624.2041056614726
-594.6864053618906
-565.9522524710786
-537.7876315063384
-510.0427189840032
-482.40727542131845
-455.0322659243597
-428.22167631366295
-401.2649603839649
-375.53075070960216
-349.9782141912201
-324.1649030388021
-296.14488288413617
-269.68553472441727
-243.6883584357199
-218.36340148664794
-194.00366184846942
252.80873183521112
250.38400774118688
248.17019462164959
246.05616122939205
244.01161130665162
242.10671673262192
240.4329707642056
239.09069867348535
238.2944840078356
238.36858353890366
239.5597058977095
241.77700593656775
244.66466758988474
247.6313575500518
249.83275301461018
249.902566680682
245.93076949932697
235.55155931407782
216.07713091266896
184.3403355644782
136.47271700613805
68.22901324122772
-24.426059911805435
-144.92924140874243
-295.5526062127039
-476.8044733942738
-686.8166099715779
-920.9686155366179
-1171.606263487629
-1428.4232257688222
-1678.807994673223
-1909.639128051962
-2108.0613139974416
-2263.9263442458773
-2370.4234712670595
-2424.7781304753585
-2429.1726537106456
-2388.7582854771085
-2312.250358571956
-2209.488977285493
-2090.6284162201296
-1964.855931762045
-1839.6120073763018
-1720.09523129731
-1609.5757439233557
-1509.0786236256672
-1418.9655717923756
-1337.8210134008764
-1264.5516685248208
-1197.4800521409286
-1136.9781682854828
-1081.7698485251708
-1030.9273821713577
-983.7272802479006
-939.6657469679363
-897.9186386734564
-858.7142893181123
-821.0684154101872
-785.4475410568594
-750.9402418305175
-718.0266845822186
-685.7431110010084
-654.5638919412612
-624.2028298773635
-594.6855285940704
-565.9514632459853
-537.7868642630964
-510.0420284380549
-482.4067275057508
-455.0318123365046
-428.2213350372076
-401.26472100793967
-375.5303261102049
-349.95935961326813
-324.1451206847337
-296.14228365877574
-269.68512394479825
-243.6882839094592
-218.36338283121256
-194.00365714492924
-170.2465307897545
250.10045340307917
247.66172061222824
245.42716642011175
243.28379217941958
241.19378291175641
239.2180365430269
237.43976784147753
235.94558922214657
234.91297353195293
234.60378233200873
235.18942715235613
236.5069628396972
238.11551812166218
239.31519782915353
239.13861908402066
236.11261875513287
228.24245295015737
213.0937234593356
187.82383862338475
148.9976447540559
92.71471001967349
14.990001762679483
-87.86383547703475
-218.68003590247167
-378.86002804079214
-567.7682550907147
-782.2506938386856
-1016.2482483506451
-1260.9574108224735
-1505.0140378220344
-1735.9448667383747
-1940.9298055696731
-2109.050533145028
-2232.23055660919
-2306.158166961025
-2331.1532370091295
-2311.033321487297
-2253.000618351866
-2166.2654097731743
-2060.389407244407
-1944.6593508558017
-1826.7032902214758
-1712.2012560764588
-1604.93048009717
-1506.4171068189635
-1417.4287691696895
-1336.912984374935
-1263.9754568186618
-1197.1057020286523
-1136.7313314603282
-1081.6020892356821
-1030.8120839056267
-983.6472103329972
-939.6090361388679
-897.8806571849066
-858.6864717177731
-821.0511165859888
-785.4347617213913
-750.9324082339207
-718.0207091048751
-685.7396036342275
-654.5613060700197
-624.2011078066271
-594.6843407407968
-565.9503973962763
-537.7858352876742
-510.04110566584154
-482.4060044639415
-455.03122910260174
-428.22090411615983
-401.2644436965265
-375.52980098025637
-349.94011142837553
-324.1253137504167
-296.1396552817666
-269.68466389314614
-243.68817949681545
-218.3633502333145
-194.00364613756588
-170.24652768754171
-147.78110234758034
247.39079192301594
244.93734149119393
242.68131166231944
240.50824195560108
238.37261243759963
236.32531842693413
234.4409044459822
232.7926424175265
231.52114828059345
230.82516190501752
230.79948412387614
231.20881542337418
231.5290383804413
230.95547425877237
228.40277065991668
222.2981978632308
210.57505386767713
190.67210471688355
159.52106733513983
113.60943248542611
49.174906463777944
-37.54021745340203
-149.77850618728874
-289.6780503069787
-457.6800183043765
-651.9830755441471
-868.1369565638721
-1098.8616586618186
-1334.310228500822
-1562.76532048809
-1771.934413467863
-1950.2086421709978
-2088.618849179589
-2181.2263476730527
-2226.610156082206
-2227.0324540507477
-2188.162658520791
-2118.2995904433237
-2026.3836090190189
-1921.5784413550364
-1811.7139128942636
-1702.8550287912067
-1599.3153772572732
-1503.1276408737513
-1415.4887482096638
-1335.749974256308
-1263.2341647344147
-1196.6228515978885
-1136.411893664108
-1081.3845463859122
-1030.6621817533844
-983.542928976723
-939.5350242622707
-897.8309018814776
-858.6499556838286
-821.028303129137
-785.4178647501358
-750.9219955371938
-718.0127414494647
-685.7349001008965
-654.557837937041
-624.1987877811266
-594.682732290809
-565.9489565674279
-537.784451197688
-510.03986601610086
-482.4050407103568
-455.0304672374721
-428.22034656630285
-401.26411089466535
-375.52913707215725
-349.9201939902687
-324.10518191076306
-296.1369576237977
-269.684154725425
-243.68804486373017
-218.36330143814678
-194.0036267412707
-170.2465205651099
-147.78110034719407
-126.25628288794158
244.67961719888405
242.21076762280154
239.93253841529037
237.7294307652493
235.54811949560855
233.42882443841552
231.4369719156382
229.632795578381
228.12045410322708
227.03526389080912
226.39445601821149
225.89015119838734
224.9169969804893
222.57019503415552
217.6525508404924
208.50008146909033
192.9333853656491
168.21454042360833
131.18196716506864
78.36940354378432
6.137474503656656
-88.96330793191622
-209.64385149531023
-357.2643215916312
-531.2525982218525
-728.6455243566396
-943.7687853659096
-1168.3220621706607
-1391.7355777127937
-1602.3690529014777
-1788.4359707302663
-1940.1597299930895
-2050.2161149944127
-2115.444759462704
-2136.4204881279397
-2117.265368114751
-2065.0582096678068
-1988.0918969808627
-1895.1555791372386
-1794.2604707700332
-1691.7646367563048
-1592.5098392639882
-1499.057354947879
-1413.04027904732
-1334.261802552272
-1262.2821752157004
-1196.0008641077543
-1135.9991893939462
-1081.103041086673
-1030.4676972641819
-983.4073968380512
-939.4386731355064
-897.7658759488874
-858.6021500419555
-820.9982903308397
-785.3955935544878
-750.9081925397985
-718.0021542421905
-685.7286135735037
-654.5532013216326
-624.1956705685111
-594.6805588306223
-565.9470111984949
-537.7825888838942
-510.0381974540717
-482.4037490945509
-455.029461619901
-428.2196126945214
-401.2636990236067
-375.5282837118928
-349.89932811557173
-324.0844188828995
-296.13413686697913
-269.683585202645
-243.68787670507064
-218.36323370913033
-194.00359725536205
-170.24650816364556
-147.7810956647811
-126.25628161461705
-106.18671437857353
241.96681158432526
239.4819256710992
237.18079704540898
234.9473346110072
232.72038408640262
230.52888641152947
228.42866682058244
226.46710782226384
224.71246027751542
223.23673236139726
221.9789465312833
220.5585173841284
218.29105946339791
214.17690576812504
206.91426683023457
194.72055236732058
175.26746396803722
145.72949372602224
102.94061939974456
43.47678673428188
-36.11329698793822
-138.894951559688
-266.9690276674198
-420.8542791782215
-598.9502597316292
-797.155744531312
-1008.7328691336567
-1224.5431942014375
-1433.7644718376305
-1624.970718755868
-1787.6655418271425
-1913.5683898616558
-1997.679045405619
-2038.9795498867156
-2039.8495939103884
-2006.0225872828958
-1944.9433693215249
-1864.8891383503892
-1773.897088494239
-1678.5860953548909
-1584.2488294721616
-1494.0173220009256
-1409.953492887754
-1332.3597057143186
-1261.0617368133715
-1195.2008250098247
-1135.466786044806
-1080.7394973053936
-1030.2158882160336
-983.2315845915505
-939.3135303817415
-897.6810781218034
-858.5397196835634
-820.9588889278214
-785.3663232103808
-750.8899394380815
-717.9881312725579
-685.7202375217325
-654.5470225679098
-624.1914949775298
-594.6776304523818
-565.9443913483706
-537.7800868292435
-510.0359524856981
-482.402014464906
-455.02812613702974
-428.21863614775543
-401.2631764706019
-375.52717423187164
-349.87722923418625
-324.06271133957586
-296.1311315467385
-269.6829371742209
-243.68766854674675
-218.36314337561373
-194.00355551302397
-170.24648938701014
-147.78108742877168
-126.25627862580676
-106.18671349164968
-87.95033939426492
239.25227862664758
236.75077504161777
234.42608890298732
232.16198719442883
229.88954406857988
227.62591094145225
225.41677144959314
223.29675367062774
221.29886440799385
219.43226328629328
217.5575173922231
215.2213324446113
211.66256961336367
205.7924739210937
196.18833108072994
180.9246234877707
157.5822546106109
123.30880496034206
74.93516368479361
9.131646227722841
-77.30139213752123
-186.97418529060437
-321.31266566707524
-479.9567850046392
-660.2853922183169
-857.137819201585
-1062.8880946162458
-1267.8453291957126
-1461.2227023795335
-1632.2606425952442
-1771.9049399846037
-1873.5684232273388
-1934.5865882543765
-1955.5432453480012
-1940.6771431165153
-1896.3522927015952
-1830.2208297794605
-1750.1245668142963
-1662.911524289872
-1574.219782769047
-1487.774607154062
-1406.0686624450022
-1329.9321924666338
-1259.499510607411
-1194.1735217776766
-1134.7809187794749
-1080.2708776851357
-1029.8905297923707
-983.0039278757857
-939.1513414890064
-897.5707238034037
-858.4583784778492
-820.9072521393932
-785.3279542262671
-750.8658510296964
-717.9696111851013
-685.7091084263768
-654.5388144083995
-624.1859190606629
-594.6736979276222
-565.94087493677
-537.7767340586255
-510.0329378822795
-482.3996854787233
-455.02634751729994
-428.21732888531034
-401.2625009757215
-375.5257215458704
-349.85360575904633
-324.03973598072747
-296.1278732105078
-269.6821874353642
-243.687411033028
-218.36302549432926
-194.00349873706284
-170.24646280860378
-147.7810748981296
-126.25627336468035
-106.18671145935217
-87.95033888122742
-71.22356189586934
236.5359456771169
234.0173157025464
231.66846699555322
229.3734797126295
227.05580516296095
224.7203699374018
222.4021511036216
220.12302029794205
217.88145254031957
215.62457984702525
213.13463663483176
209.8857440685631
205.04239670780066
197.41645034559394
185.4501001868924
167.11445002600612
139.9394429469129
101.04696913956712
47.3045518313947
-24.4709021140192
-117.16555943898996
-232.8727685827843
-372.2949635137427
-534.1810828295895
-714.9211421079427
-908.4298211209764
-1106.3745186529381
-1298.8310907311572
-1475.3029153124837
-1626.1251328409833
-1743.601668519459
-1823.275321374663
-1864.1019749468073
-1868.5292592047238
-1841.7487421616452
-1790.540038911114
-1722.399092401259
-1644.2636195069783
-1562.0563520532219
-1480.046202387716
-1401.1885080980285
-1326.8409294173844
-1257.502144790232
-1192.856878558369
-1133.8985909829883
-1079.6677991692202
-1029.471022877614
-982.7096501753106
-938.9415545292774
-897.4273926264061
-858.3526281317623
-820.8396751808292
-785.2777753689583
-750.8341157386944
-717.9452139734672
-685.6943561536059
-654.5279417604256
-624.1784955083921
-594.6684346047591
-565.9361726769956
-537.7722561191413
-510.0289016451082
-482.39656421745286
-455.0239775243543
-428.21557480040667
-401.2616162536872
-375.52381272654907
-349.82815785584677
-324.0151564287944
-296.12428531165745
-269.6813079038965
-243.6870920935653
-218.36287360860484
-194.00342336523656
-170.24642659139442
-147.78105709943347
-126.25626535654118
-106.18670793404095
-87.95033767053904
-71.22356158251328
-56.66458009186027
233.817768878121
231.28158879506537
228.9080355932264
226.58196582392134
224.21943264244123
221.8127945741082
219.38574509452798
216.94727489244138
214.46208234832676
211.816392436105
208.71457649615687
204.5585331168013
198.42969556944752
189.03161872798978
174.70004368103798
153.3305572529572
122.40246966862668
79.0391701046991
20.18488316529744
-57.14473362700204
-155.4656039415157
-276.30248768615576
-419.605530661785
-583.2386932462636
-762.6803357079787
-951.0648075195279
-1139.5822395597418
-1318.3400333673553
-1477.4675594332061
-1608.4902800388284
-1705.348062453103
-1765.4001630302803
-1789.1923909849938
-1780.574480946891
-1745.2216344892997
-1690.123053932464
-1622.1070957939714
-1547.3264840142017
-1470.4970475606547
-1395.0682683945859
-1322.9158832035666
-1254.9511307355738
-1191.1724581190397
-1132.7653464595548
-1078.8927401353735
-1028.9312689617698
-982.32993878255
-938.6706886927195
-897.2415824755365
-858.2154323139645
-820.751333329155
-785.2122860623149
-750.7923630686469
-717.9131448836445
-685.6748375240393
-654.5135768775476
-624.1686393736127
-594.66141261912
-565.929908777147
-537.7662973616738
-510.0235165435833
-482.39239306826926
-455.020823129674
-428.2132216607428
-401.260447643386
-375.5213024206019
-349.80057664383014
-323.9886202527458
-296.1202814936827
-269.680264934493
-243.68669682021107
-218.36267952990576
-194.0033248532916
-170.24637838616525
-147.78103276826099
-126.25625397603008
-106.18670260087556
-87.95033553544211
-71.22356084812547
-56.66457988915734
-44.05559553861775
231.09773872353531
228.54367938907237
226.1449551302712
223.78765937026174
221.38074751774903
218.903776709433
216.36854584629475
213.7709387788148
211.04264356395936
208.01031301323707
204.30134941552762
199.23838382894982
191.81226975038092
180.637763943339
163.96461756362618
139.61483151609397
105.03541056648862
57.378988704926705
-6.29307768053736
-88.7167941309537
-191.9868797018468
-317.02103332764324
-463.0045852081939
-626.9514770835319
-803.5324083842738
-985.2595287093408
-1163.0993473499586
-1327.4251752509786
-1469.257858988074
-1581.3847903046171
-1659.5048448584218
-1702.4263329821913
-1712.3111518957537
-1693.6631753373713
-1652.6493037750051
-1595.8611107184506
-1529.5245447109055
-1458.7362417938905
-1387.4076812495427
-1317.94773642942
-1251.6978840353138
-1189.0205729363834
-1131.312641486598
-1077.897799728009
-1028.2382022244708
-981.840960976597
-938.3215379791893
-897.0011421303534
-858.0378149535223
-820.6359430830513
-785.1269655331535
-750.7374902382779
-717.8710688019012
-685.6490469448286
-654.4946402805156
-624.1555856757217
-594.6520715152959
-565.9215962065681
-537.7583986607218
-510.0163594423679
-482.38683824464397
-455.01663420155904
-428.21007097218035
-401.25889653093304
-375.5180049076361
-349.7705439436965
-323.95975612814755
-296.11576353289513
-269.67901816699697
-243.68620708443743
-218.36243307091073
-194.0031974525741
-170.24631520716082
-147.78100027552668
-126.25623840836873
-106.18669504462248
-87.95033228221382
-71.22355955869772
-56.664579416850955
-44.0555954240828
-33.309699701192876
228.3758801919737
225.80371736995232
223.379440795395
220.9908326114217
218.54013382940568
215.9939447469271
213.3515758665418
210.59546819809094
207.62500316585934
204.20883419481515
199.89330857314064
193.91615509013613
185.18939026622513
172.2521999295164
153.2714223929823
126.009899291887
87.901623889939
36.1569766359405
-32.00637934135969
-119.02978097573907
-226.5439515973635
-354.8335720465584
-502.32694041122454
-665.2486220271329
-837.577936179272
-1011.3964144984981
-1177.663919036054
-1327.2697008750015
-1452.240300945428
-1546.798047798129
-1608.1446473712238
-1636.571714576733
-1635.2835581562215
-1609.3255314558683
-1564.895185194292
-1508.0848162740413
-1444.305576739914
-1377.849351286904
-1311.6765503484403
-1247.559248384286
-1186.2741010751554
-1129.4544195993583
-1076.6220835461245
-1027.3498132059312
-981.2126893971587
-937.8721938194202
-896.690543846313
-857.8083712300166
-820.4853317219494
-785.0159718398111
-750.6654364178389
-717.8159465874164
-685.6149958226144
-654.4697225568615
-624.1383336648748
-594.6396767255538
-565.9106049607317
-537.7479695517036
-510.0068855361263
-482.37946922601725
-455.0110881958303
-428.20586529735056
-401.2568332629533
-375.5136846032765
-349.73773251499495
-323.92817119360797
-296.1106189482832
-269.67751901327523
-243.68560095652242
-218.36212169366186
-194.00303394871491
-170.2462332811207
-147.7809575343888
-126.25621760003385
-106.1866847232322
-87.95032765474967
-71.22355759772987
-56.66457859066872
-44.05559515251349
-33.30969963416807
-24.527365925519227
225.65225732414294
223.0618814820384
220.61176065604548
218.1918174682925
215.69801711480164
213.0839565626113
210.33586550014576
207.42228465007153
204.2109558106198
200.41038817212288
195.4832874289342
188.59048505896746
178.5721095187704
163.89308451869996
142.64880277847715
112.55826047050635
71.06289011645093
15.459140715799727
-56.841532421631214
-147.94435812940785
-258.9819889862676
-389.5951416089118
-537.4814555108413
-698.1559681457095
-865.0406908609966
-1029.9802541396864
-1184.131710485808
-1319.0901194363414
-1427.9918944792253
-1506.5006228470602
-1553.1537689158563
-1569.5613805422495
-1559.5342615908094
-1528.534547856505
-1482.4002320844675
-1426.6725202535456
-1365.9786493972967
-1303.782052899909
-1242.3109301999789
-1182.7722800622382
-1127.0820639337812
-1074.988834493974
-1026.212510584161
-980.4074306046696
-937.2949019557662
-896.2899479238426
-857.5126749664322
-820.2889070368815
-784.8717493256825
-750.5708902042826
-717.7438233337871
-685.5700499987187
-654.4369801793787
-624.1155735653543
-594.62326450239
-565.8961212408503
-537.7342536154214
-509.9943965296133
-482.36973333708374
-455.0037712771957
-428.2002725028044
-401.2540882244044
-375.50804480446953
-349.7018069092172
-323.8934484683837
-296.1047182451582
-269.6757087461318
-243.68485194858204
-218.36173005498355
-194.00282534290682
-170.24612786614406
-147.7809018844116
-126.25619019649287
-106.18667093405799
-87.95032131792823
-71.22355481115468
-56.664577336126314
-44.05559467284807
-33.30969947571613
-24.527365885305244
-17.49857825815063
222.92697400482209
220.31839338736881
217.84223619811257
215.39099806396158
212.8548641420538
210.17447824683296
207.32240758820313
204.25274744406505
200.7992957934406
196.60946619517813
191.06960840169353
183.26803415226394
171.97198319157835
155.57913400182792
132.12526003393654
99.3017449173005
54.57844434560384
-4.634153453712562
-80.69589410708983
-175.34024220143164
-289.17869929429116
-421.2099680104899
-568.4467789796807
-725.7875386760154
-886.2439277584698
-1041.6079637095872
-1183.4182699524035
-1304.10156197783
-1397.9965164643893
-1462.0592515576234
-1496.1342933841681
-1502.6957906275552
-1486.1095504058276
-1451.8188471077076
-1405.246714826444
-1351.314311281696
-1293.8830298132889
-1235.675903543304
-1178.3158321241474
-1124.0572166604616
-1072.9020664822083
-1024.7578737755096
-979.3777986926118
-936.5547981129048
-895.7740237694587
-857.132548103206
-820.0330324506422
-784.6845217559942
-750.4469116565157
-717.6495579828259
-685.5107120449283
-654.3939957602006
-624.0855903543332
-594.6015688808322
-565.8770947423159
-537.7162857667189
-509.9780018151034
-482.3569246591173
-454.99415527261226
-428.19286636263615
-401.25044075301935
-375.50071446109587
-349.6624250527752
-323.85514437072175
-296.0979117216117
-269.6735160985565
-243.6839280624372
-218.3612394346751
-194.00256045679143
-170.24599303212074
-147.7808299469112
-126.25615446349087
-106.18665277075712
-87.95031283619802
-71.22355099726262
-56.66457555464723
-44.05559394150335
-33.30969919638737
-24.52736579132427
-17.498578237107633
-11.927171159813298
220.20017489785752
217.57352128562377
215.0712369541408
212.58880097181395
210.01116772725405
207.26615775658036
204.31213257328665
201.08590483167433
197.38587206995876
192.80455079158764
186.65621806424147
177.95574496365066
165.40086420461088
147.3291830228703
121.72904199039345
86.2808544187809
38.50424940123125
-24.049033514920275
-103.47848926921702
-201.11787060172236
-317.04365930212384
-449.63034069724466
-595.2654534495177
-748.3316180648809
-901.5897470390881
-1046.9360916941848
-1176.450137836723
-1283.4875388594346
-1363.5730089971194
-1414.8695562820071
-1438.3134832560636
-1436.9985619360968
-1415.647467954
-1379.4014469688063
-1333.2999764672938
-1281.5415558473335
-1227.3130365437748
-1172.6616519281795
-1120.2038976834463
-1070.2415673885089
-1022.8992001464221
-978.063757896132
-935.608504231524
-895.1105566746816
-856.6451225888937
-819.7003266928116
-784.4416573582444
-750.284444761698
-717.5264837741257
-685.4323344186172
-654.3375892573337
-624.0461374317377
-594.5729251293028
-565.8521702261844
-537.6928398774097
-509.9565718247698
-482.3401465515859
-454.9815698401285
-428.1831029632258
-401.24560556541996
-375.49123277422785
-349.6192405515912
-323.812786323557
-296.09002579616407
-269.67085423978097
-243.68279059702465
-218.36062702141527
-194.00222543882575
-170.2458213927414
-147.7807374454678
-126.25610818821048
-106.18662906846653
-87.9503016460642
-71.22354589369729
-56.66457311703339
-44.05559290074507
-33.30969877086347
-24.527365626775666
-17.498578187207098
-11.927171148298978
-7.838622484822141
217.47204565603252
214.82757439632803
212.29917351371006
209.78568964256797
207.1674231407823
204.35959993441406
201.3041824774074
197.91854068988704
193.96951969555496
188.99823319332174
182.24728374952102
172.66073269471235
158.87062642732707
139.1619086656581
111.48767483869652
73.53422008731668
22.892419689599937
-42.7187214183942
-125.1113910527138
-225.19811576674684
-342.51851841161965
-474.85456543168624
-618.0330436971965
-766.0430755492378
-911.5318150099165
-1046.6498144562186
-1164.1427889474196
-1258.340906511217
-1325.8919824320164
-1366.0849047549061
-1380.6422428682288
-1373.2035834462067
-1348.4684133042183
-1311.3219931041922
-1266.2554198008318
-1216.8168109811227
-1165.5128648714879
-1115.302961008545
-1066.8549603102133
-1020.5280853885708
-976.3886123434158
-934.4022768374216
-894.2589833219996
-856.021592895372
-819.2689003761657
-784.1269215148426
-750.0716920635451
-717.365989234264
-685.3287520391059
-654.2635619980532
-623.9942703278606
-594.5351431498551
-565.8195981872711
-537.6623647710798
-509.9286830551829
-482.3182672864244
-454.9651692541048
-428.17029246193397
-401.2392163781955
-375.47903143612655
-349.5719058343956
-323.7658702940166
-296.08085881728897
-269.6676169764823
-243.68139264457537
-218.35986502092783
-194.00180314520154
-170.24560377495442
-147.78061898180482
-126.2560485549302
-106.18659833415467
-87.9502870207669
-71.22353916070033
-56.664569855004004
-44.055591474845045
-33.30969816560596
-24.52736537684418
-17.498578099120444
-11.92717112141044
-7.838622478766618
-4.864956386848815
214.74281123586266
212.0808990190843
209.52649075654946
206.98214421662635
204.32411858758175
201.454061550189
198.29594426878236
194.74967666893056
190.55210751906193
185.19326506607956
177.8471224626153
167.39013251493222
152.39299838746427
131.09550314790818
101.42755046892249
61.09819784723666
7.790791856346448
-60.58460726969345
-145.52965951429914
-247.52275411780636
-365.57707126594005
-496.91863835905616
-636.8972138135292
-779.2229103142527
-916.5543638323876
-1041.4425952537802
-1147.366407608648
-1229.6418697755405
-1285.9784301551413
-1316.6035370014226
-1323.8727287833362
-1311.741695921053
-1284.7321220278159
-1247.4468614166765
-1203.7245876369489
-1156.5070946451806
-1109.0884545866381
-1062.5481637224173
-1017.5098016588869
-974.2546110090407
-932.8689530787896
-893.1690085307645
-855.225605933093
-818.7114740854129
-783.719686876502
-749.7933307887652
-717.1570054680295
-685.1918321952304
-654.1663510745439
-623.926126242953
-594.4853435996434
-565.7771177873221
-537.6229058397063
-509.89255479075
-482.2898687529732
-454.9438932499562
-428.15356610295413
-401.2308063480002
-375.4634144249221
-349.5200760235766
-323.7138582607279
-296.07017627363626
-269.6636740075767
-243.67967718803345
-218.35891953520513
-194.00127236059166
-170.2453288079947
-147.78046775541006
-126.25597198886226
-106.18655865831283
-87.95026802498683
-71.2235303595249
-56.664565550232375
-44.05558956508679
-33.30969733661975
-24.527365021911677
-17.49857796487027
-11.92717107436881
-7.83862246453718
-4.864956383996156
-2.8456420859864977
212.01273209249263
209.33387323019375
206.75365194237693
204.1786492409817
201.48074896422017
198.54747186530003
195.28651144382076
191.58061318692634
187.13560558824477
181.39252414734247
173.4600975267789
162.1510025050417
145.9793918736207
123.14739679554367
91.57363390414424
49.00654435142556
-6.757825304443369
-77.59620717748675
-164.68183060436164
-268.05545528518246
-386.21982293089997
-515.8968125615266
-652.0456650160945
-788.1999290898693
-917.1655330007284
-1031.9867909895254
-1126.9245351927989
-1198.2628124281632
-1244.6764317960171
-1267.1400799748972
-1268.5368301453068
-1252.8437677858392
-1224.476523472136
-1187.5100950141739
-1145.2142783771435
-1101.2396708933973
-1057.079056209048
-1013.6749136162761
-971.5391447424156
-930.9230149570551
-891.7790003487439
-854.2114581973547
-817.9941819976565
-783.1942095259858
-749.4295963043119
-716.8853707840885
-685.0109560900257
-654.0385730260323
-623.83662765758
-594.4197493613236
-565.7218036160511
-537.5720079625474
-509.84597825015163
-482.2531889395974
-454.91642141011016
-428.13183908867705
-401.2197847212167
-375.44353552078337
-349.4634130589264
-323.6561755636245
-296.05770530153853
-269.6588650328751
-243.67757468714237
-218.3577491505285
-194.00060681187733
-170.24498240907226
-147.78027521063422
-126.25587395942924
-106.1865076029979
-87.95024345678146
-71.22351892464876
-56.664559920134366
-44.05558704328222
-33.30969622654744
-24.52736453625008
-17.49857777388912
-11.9271710029508
-7.838622439556019
-4.864956377197711
-2.8456420845799237
-1.5561198707839436
209.28210201782122
206.5868947531635
203.98112758543812
201.37498959979473
198.6358345530008
195.63907449563214
192.27671741484758
188.41268225023322
183.72202799019368
177.59891607281313
169.09056210799895
156.95022270763653
139.64070001891088
115.3340711589816
81.9492374342355
37.2898829942972
-20.71565971282554
-93.71155430044121
-182.5309338944959
-286.7784854989279
-404.47466316885203
-531.8958583786883
-663.691626749772
-793.3290503754206
-913.8707673905678
-1018.9164406285917
-1103.5477496858891
-1164.9592429947397
-1202.6613978084897
-1218.2653627962673
-1214.9446539578166
-1196.6674564762368
-1167.568427331642
-1131.1420896452298
-1091.368214674474
-1050.155346827398
-1008.8077903896503
-968.0903345424872
-928.454579409712
-890.0128198896044
-852.9224993099497
-817.0747924728064
-782.5189787505387
-748.955371810877
-716.5330230285282
-684.772459406056
-653.8704526545399
-623.7190779203069
-594.3334239777462
-565.6498674724603
-537.506592495411
-509.7862393936458
-482.2060599929697
-454.88112071552496
-428.10377111984576
-401.2054085342235
-375.4183744500261
-349.4015885234562
-323.59220832660617
-296.0431282369831
-269.6529925241858
-243.67499999959512
-218.35630315829627
-193.99977391624196
-170.24454713507726
-147.78003059138007
-126.25574873185826
-106.1864420599049
-87.95021177316346
-71.22350412800446
-56.66455259943795
-44.05558374334153
-33.309694760892775
-24.527363886322675
-17.498577512316405
-11.927170901565624
-7.838622401575178
-4.864956365167405
-2.8456420812254013
-1.556119870092541
-0.7863228137330479
206.55124010857813
203.84037121908952
201.20892753577425
198.57025333054244
195.78889152699725
192.72945061361037
189.26741357805793
185.2472222008054
180.31336702862632
173.81532218746682
164.74279601791113
151.79442157533032
133.38727271720904
107.67094667960981
72.57565470691299
25.975705718153144
-34.050219050370906
-108.89801709286581
-199.052512911327
-303.6933607072806
-420.3941221138734
-545.0449748819153
-672.0705803431742
-794.975426352252
-907.1536225943278
-1002.8247399599625
-1077.8837513581673
-1130.3600944240432
-1160.489251236297
-1170.3703058722274
-1163.3157276437928
-1143.2272201153476
-1113.730401319576
-1079.012414045116
-1041.4277413742773
-1002.6391677626764
-963.7177856803173
-925.32459815227
-887.7734401833176
-851.2895599449303
-815.9004016881727
-781.6557679813773
-748.3395533726451
-716.0769879881431
-684.4590409701989
-653.6491762356764
-623.5646092657048
-594.2199435935096
-565.5564084868369
-537.4227970939364
-509.7100359680001
-482.14584498021
-454.8359863257233
-428.0677280433298
-401.1867472050079
-375.38671408493923
-349.3342819100747
-323.52130141775666
-296.0260747065773
-269.64581298060324
-243.67184843900142
-218.354519310121
-193.99873318964416
-170.2440013610303
-147.77972037664296
-126.25558905277421
-106.18635807022125
-87.9501709947204
-71.22348503293345
-56.66454311625813
-44.05557945030061
-33.3096928431038
-24.527363028575834
-17.498577162084317
-11.927170762884764
-7.838622347618721
-4.864956346816281
-2.845642075287363
-1.556119868463699
-0.7863228134314229
-0.37665355843712833
203.82048200379586
201.0944553282762
198.43659895742294
195.76424703995426
192.94045198384288
189.8192158186091
186.25944832113422
182.08550938812118
176.91154592996696
170.0445594989647
160.42094287108497
146.6899306019348
127.22881551250099
100.17215456288675
63.47217476848698
15.088186108733073
-46.73492183492503
-123.13106624883892
-214.23532416438698
-318.8194245138593
-434.04926122330585
-555.4923982401361
-677.4334431602141
-793.4971243213774
-897.4763063097931
-984.2536767131314
-1050.492729194429
-1094.99210382113
-1118.59386951723
-1123.7260297595035
-1113.7817667033648
-1092.3407518009944
-1063.6427590017042
-1030.4743145060836
-994.8457232877189
-958.1785461619331
-921.360468814224
-884.9344280377829
-849.2272050013808
-814.4053032855046
-780.5575646245212
-747.544838781418
-715.488288037628
-684.0490651025402
-653.3582714796358
-623.3614585087208
-594.0709728444045
-565.4351111445733
-537.3157633761796
-509.6133860235618
-482.0693774228342
-454.77857709758877
-428.02174942897847
-401.16263671520625
-375.3471237369692
-349.261168218587
-323.44275826484034
-296.00611128137564
-269.63702654540106
-243.66799069939668
-218.3523209891141
-193.9974342198256
-170.2433182357392
-147.77932756299376
-126.25538575089766
-106.18625059573083
-87.95011858329555
-71.22346043491994
-56.6645308610144
-44.05557388601372
-33.30969034816348
-24.527361906563055
-17.49857669973043
-11.927170577360412
-7.838622273785288
-4.864956320702142
-2.84564206622853
-1.5561198656005493
-0.7863228127340595
-0.3766535583292034
-0.19787227472247026
201.0900947444341
198.34904168871785
195.66415527677626
192.95749832954064
190.09107676214202
186.90899549896687
183.25362909697668
178.92874187724533
173.5183904264901
166.28932062820468
156.128997879689
141.64276755017838
121.17428585688707
92.85056197348513
54.655963488568865
4.647741619867864
-58.748278791239116
-136.39486891245005
-228.08042710286486
-332.19003987634295
-445.5270472038887
-563.4007265007089
-680.0340820130668
-789.2392078952034
-885.2743977956311
-963.6809635070763
-1021.8583357431985
-1059.2898863883297
-1077.295899950417
-1078.5332090144527
-1066.2745381531854
-1044.6622983094205
-1016.7927333652954
-985.0435791715602
-951.1689965837046
-916.3453569010644
-881.3338607058381
-846.6246078371829
-812.509192375142
-779.1649288594222
-746.5273017884771
-714.7312064690364
-683.5155780195425
-652.9771286157119
-623.0941212466556
-593.8756842114475
-565.2778967617357
-537.1793604125321
-509.4915161207318
-481.97290708864216
-454.7059507519214
-427.96352612294606
-401.1316197213041
-375.2979567106414
-349.1818855879022
-323.3558446848901
-295.9827271736343
-269.6262649197709
-243.6632662892532
-218.34961364655703
-193.99581408576165
-170.24246434957217
-147.7788307510934
-126.2551272287125
-106.18611322740782
-87.95005128511458
-71.22342878528038
-56.66451504603204
-44.055566690468225
-33.30968711421478
-24.52736044719307
-17.498576094851778
-11.92717033260063
-7.838622174992404
-4.864956284934272
-2.845642053337416
-1.5561198612457006
-0.7863228115216971
-0.37665355808637146
-0.1978722746949813
-0.147255563584849
198.36026603758256
195.6042745683493
192.8920734572004
190.1505502135839
187.24134423175317
183.99940212182898
180.2507066839601
175.77801616297322
170.13558014091902
162.55215694869008
151.87076998139233
136.65855634741823
115.23194012343106
85.71772976122944
46.1417857701168
-5.328421566489184
-70.0743936355716
-148.68173169750116
-240.59885720109457
-343.85166021545047
-454.92673510867684
-568.9404939606967
-680.1211971952137
-782.5350435817629
-870.943394416178
-941.5295964563586
-992.3960822265652
-1023.6003873138949
-1036.8416518576432
-1034.824698101293
-1021.4055035922291
-999.8118562588115
-972.7694547666584
-942.3273295371619
-910.0008770243276
-876.7705825741019
-843.3329651797775
-810.1125285612447
-777.4020148117875
-745.2339328454149
-713.763342183362
-682.8249757295666
-652.4805913764147
-622.7425910661465
-593.6199404359103
-565.0745222192136
-537.0058517048723
-509.33870281596705
-481.85204964665786
-454.6146104600408
-427.89038577673875
-401.09187037879997
-375.2373715912656
-349.0959721571626
-323.2597992574467
-295.9553140270014
-269.61307756522757
-243.65747500284704
-218.34628031417665
-193.99379407375983
-170.24139803304251
-147.7782029804556
-126.25479881449745
-106.18593781371752
-87.94996492949491
-71.22338809292734
-56.664494653006265
-44.055557397348366
-33.30968293159218
-24.527358555822588
-17.498575308088736
-11.927170012557385
-7.838622044644281
-4.864956237049285
-2.8456420356812533
-1.5561198550585278
-0.7863228096864536
-0.3766535576710799
-0.19787227463553148
-0.14725556358770756
-0.1194366173403757
195.63125503126284
192.86054452900373
190.12082555615063
187.3439478041069
184.3918251470563
181.09101675533384
177.25135878952756
172.63429726204254
166.7646467009413
158.83546211295956
147.64983512761972
131.74255738979215
109.40930941899575
78.78375546662653
37.94237804253629
-14.826676097338193
-80.7026402286034
-159.99069819615033
-251.8112537047431
-353.86022231960067
-462.35622863934327
-572.2838506354735
-677.9377918428287
-773.6987921661639
-854.8364479396486
-918.1766580189565
-962.450129829958
-988.1999761056283
-997.3317864429737
-993.1698951601479
-978.9047995209921
-957.4766361641625
-931.228257723014
-901.9801552792486
-870.9928839033057
-839.158569959865
-807.0842110102355
-775.1736825031168
-743.5968395230618
-712.5355381413174
-681.9358577417308
-651.8381345565666
-622.2820045081136
-593.2852424266083
-564.8120621117787
-536.7855539886085
-509.1480282265758
-481.7017218333673
-454.5004832217661
-427.7992711573047
-401.0411095148918
-375.16338116135285
-349.0027656569298
-323.1538505536581
-295.9231382202526
-269.5969160891918
-243.6503658568816
-218.3421759391448
-193.99127550526077
-170.24006718103675
-147.77741024256773
-126.2543819348984
-106.18571398621015
-87.94985417048997
-71.22333579791673
-56.664468364713
-44.055545402041076
-33.30967752843004
-24.52735610981956
-17.49857428848806
-11.927169596468453
-7.838621874200192
-4.864956173850917
-2.8456420120451624
-1.5561198465926702
-0.7863228070856407
-0.3766535570469382
-0.19787227453638073
-0.1472555635906542
-0.11943661734175573
-0.11010236658649737
192.9033817205891
190.11822388464995
187.35086767187164
184.53821551287433
181.5430661325284
178.18438343239745
174.25617737484976
169.4984195326333
163.4069554606519
155.1414207853885
143.46954521332663
126.89964669653983
103.71307165557721
72.05750403040348
30.06822134037126
-23.83676583699698
-90.62674041637112
-170.32747689036472
-261.74570317699386
-362.2794210414363
-467.92853238762285
-573.6009631236827
-673.7204999099354
-763.015299921454
-837.2756840922207
-893.9476112856563
-932.3041266811351
-953.2348895560117
-959.2812005525117
-953.4005203391852
-938.5621633742445
-917.3659922754191
-891.8774707255689
-863.6804287851364
-833.8626379209459
-803.2458961550112
-772.3600373652235
-741.5265372401559
-710.9883928052362
-680.7989640342425
-651.0120459218897
-621.6827127518309
-592.8477504150299
-564.4741161942314
-536.5065659036954
-508.91102590036354
-481.5160119035836
-454.3589523418713
-427.6866801160102
-400.97652517996767
-375.0739146918411
-348.9012739479315
-323.03723399582884
-295.88530623090804
-269.57711626097006
-243.64162285704174
-218.33712020715967
-193.98813444348687
-170.23840646887083
-147.77640958281611
-126.25385305784228
-106.18542855306822
-87.94971215552081
-71.22326860866693
-56.66443447631108
-44.05552991973447
-33.30967055174121
-24.527352950100223
-17.49857297004337
-11.9271690574753
-7.8386216526122725
-4.864956091201146
-2.8456419808530646
-1.5561198352669565
-0.7863228035324256
-0.37665355616584034
-0.1978722743890349
-0.1472555635919866
-0.11943661734387348
-0.11010236658583834
-0.06392219082816619
190.17694215644434
187.37765738024132
184.58262314701724
181.73384949700954
178.69558705750674
175.27998924659022
171.26566571170437
166.37108320674437
160.06368406747595
151.47202545003623
139.3329940119796
122.13421886818847
98.14922944325988
65.54646532940669
22.52764418780459
-32.3512232231299
-99.8448716792557
-179.7030761506599
-270.43610144920893
-369.1784716631025
-471.7577952328823
-573.0608400206888
-667.6908239166853
-750.7459621489792
-818.5526382377543
-869.113551614431
-902.1329288626866
-919.1475278322516
-922.6248241799973
-915.3924183631882
-900.163203300377
-879.2285347685747
-854.4436043287047
-827.1529735481669
-798.3677892333211
-768.8021289255848
-738.9082207282542
-709.0430744569859
-679.3571111332494
-649.955156817079
-620.9098447381413
-592.2780650359991
-564.0396205272201
-536.1545571433811
-508.61727755866536
-481.28789480743166
-454.18493636066836
-427.5485382632573
-400.89471287731385
-374.96685023771875
-348.7900494536286
-322.9091863310491
-295.84072814529526
-269.55287607998645
-243.63084701019298
-218.3308883931507
-193.98421499707888
-170.2363337852403
-147.7751466782864
-126.25318234130805
-106.18506472358678
-87.94953010036308
-71.22318229265643
-56.664390780233646
-44.05550993057391
-33.30966154251685
-24.527348869970716
-17.498571267142832
-11.927168360812999
-7.838621365591772
-4.8649559837489385
-2.845641940065131
-1.5561198203278501
-0.7863227987836897
-0.37665355496487885
-0.1978722741822807
-0.14725556359155179
-0.11943661734647315
-0.11010236658325415
-0.06392219082670826
-0.024784474089486287
187.45219997132904
184.63915053622816
181.81647524502176
178.9313060341697
175.84985792651477
172.37826721601232
168.28024253858487
163.25284564752337
156.7358328363217
147.8290514748015
135.24296188987805
117.4502833682635
92.72299760158666
59.25685483000956
15.327268964220094
-40.36547894631096
-108.35881367419373
-188.13277646044463
-277.9214103419779
-374.62986717707327
-473.95914361924724
-570.8275590473183
-660.0538256298245
-737.1359811996294
-798.9173041022354
-843.8568594658853
-872.2990685733783
-885.9608780566865
-887.3170672640067
-879.0105919921837
-863.500375384198
-842.8421776336414
-818.6695517357729
-792.174877639609
-764.2867529615174
-735.5968513113957
-706.5916299413893
-677.5401706623567
-648.6100442811199
-619.9208591322209
-591.5420690004892
-563.4816410769205
-535.7123010250053
-508.25415701823243
-481.0087036178195
-453.97290535327505
-427.38002541565385
-400.79161631806915
-374.83995189066496
-348.6671213023815
-322.76887872324755
-295.7880899966375
-269.52322676646907
-243.6175342048631
-218.3231995994412
-193.97932087774146
-170.23374565808965
-147.77355274595473
-126.25233190626946
-106.18460111597375
-87.94929674439601
-71.22307140741842
-56.66433441715239
-44.05548410793916
-33.30964990296178
-24.52734360039065
-17.498569068558577
-11.92716746143007
-7.8386209946471475
-4.864955844576165
-2.845641887044612
-1.5561198008005415
-0.786322792524399
-0.37665355336221246
-0.19787227390148732
-0.1472555635891005
-0.1194366173496758
-0.11010236657767605
-0.06392219082346239
-0.024784474088928057
184.72937890355257
181.9029648615171
179.05276000672873
176.1309910395624
173.00630424055632
169.47959285212474
165.30022863521071
160.14413454708856
153.42422543630042
144.21402400561976
131.20195858741286
112.85137145921817
87.43881940476905
53.1938283222557
8.471866816599443
-47.87729947492923
-116.17330103374104
-195.63555958248992
-284.2436248904887
-378.70774853833314
-474.64740001324566
-567.0562112381094
-651.0039119042281
-722.4058382325361
-778.5429672843558
-818.454331773015
-842.8904397929817
-853.7048352626421
-853.2877513062972
-844.1091150551165
-828.3887244919154
-807.9918499549738
-784.3416635532121
-758.5491955315756
-731.4031555732768
-703.4945743626739
-675.2525039721581
-646.9089587504711
-618.661625607333
-590.601154887657
-562.7673550441289
-535.1583609748393
-507.80688288577767
-480.66741566997126
-453.716548172142
-427.1754682891173
-400.6623732567113
-374.69066897346875
-348.530021279661
-322.6152492300687
-295.7258465334209
-269.486992395673
-243.6010488789857
-218.31370150750706
-193.9732047994241
-170.2305113836095
-147.77154059757052
-126.25125362837622
-106.18401048803631
-87.94899765258141
-71.22292895517829
-56.66426168334679
-44.05545072489302
-33.30963485339527
-24.527336790499707
-17.498566229489214
-11.927166300849139
-7.83862051581966
-4.864955664733994
-2.845641818383996
-1.5561197754256328
-0.7863227843472267
-0.376653551251955
-0.1978722735276903
-0.14725556358427924
-0.11943661735369689
-0.11010236656850717
-0.06392219081795546
-0.024784474087614975
182.0086611638439
179.16931448091717
176.29175971329494
173.33325962779574
170.165301153926
166.58427644397844
162.3258635919883
157.04524662759567
150.12948334753636
140.62824038622884
127.21216143593679
108.34053171850269
82.30050853815169
47.36140966254178
1.964710960942659
-54.886419610249646
-123.29568073483864
-202.23318314139908
-289.44718123458784
-381.4876790793596
-473.9344430836296
-561.8949906598884
-640.7239267402667
-706.7136511513933
-757.6128454273991
-793.0449650657083
-813.9948895578432
-822.3690522513491
-820.4524210390157
-810.5405670379524
-794.6598891375584
-774.4806009118431
-751.285139341375
-726.0817896545077
-699.5793072518044
-672.3624703282437
-644.7675459596821
-617.064666894855
-589.4086481180867
-561.8598656478132
-534.4649805818436
-507.25845679696033
-480.2501217404299
-453.40770140356256
-426.9284101459137
-400.50091431866076
-374.51582916605855
-348.37585202094243
-322.4467380644547
-295.65223269969283
-269.44273536114423
-243.5805934159369
-218.30195051657444
-193.96555521667256
-170.22646548456612
-147.76899960655575
-126.24988631469863
-106.18325811279915
-87.94861432152078
-71.22274593977907
-56.6641677823052
-44.05540753246921
-33.30961537569822
-24.527327981873217
-17.49856256100855
-11.927164803011083
-7.8386198980140565
-4.864955432634027
-2.8456417296778076
-1.5561197425767248
-0.7863227737263858
-0.376653548497198
-0.19787227303623106
-0.14725556357659111
-0.11943661735875184
-0.11010236655498898
-0.06392219080971773
-0.02478447408531195
179.29018408310498
176.43836113761816
173.53370323997396
170.53841175792698
167.32716292890393
163.6925694883
159.35730325945607
153.9563446729165
146.85206533750022
137.07275615971352
123.27540217435882
103.92040755407102
77.31119060270657
41.762714794632984
-4.192138380664701
-61.39433985789475
-129.73536188450674
-207.94947999273586
-293.5780553295787
-383.0450218809522
-471.92831048074015
-555.4865047464991
-629.3539860428542
-690.1508952201452
-736.3042356741876
-767.7541253291614
-785.6606117149935
-791.9176905022407
-788.7127502875895
-778.1718938890355
-762.1516249031988
-742.1436483065303
-719.3396784794394
-694.6273396843774
-668.7042479534803
-642.069642224616
-615.0493366424244
-587.902956466477
-560.7187797581938
-533.5969849080114
-506.5881622957093
-479.7401017088303
-453.0345045856678
-426.6316109039424
-400.29929367199486
-374.3113013397758
-348.20121531949655
-322.2610215053788
-295.56525770424076
-269.3886920131114
-243.55517218718705
-218.28738598620217
-193.9559797719528
-170.22139801864935
-147.7657892877112
-126.24815209443616
-106.18229969990563
-87.94812303445653
-71.22251079873521
-56.66404650502357
-44.05535160183885
-33.309590139305804
-24.527316574556057
-17.498557816054632
-11.927162868762714
-7.8386191007848725
-4.8649551332441225
-2.8456416152245128
-1.5561197001526994
-0.786322759983301
-0.37665354492140246
-0.19787227239540006
-0.14725556356543087
-0.11943661736515208
-0.11010236653609223
-0.06392219079810275
-0.024784474081807777
176.57403910477478
173.71021837027388
170.77876337755583
167.746687628838
164.4921505875741
160.8046645274965
156.39461785946253
150.87748358456284
143.59225125472148
133.54837788504184
119.39323896969964
99.59319296668367
72.47341046336929
36.400088205109554
-9.99778361493984
-67.40399244869887
-135.50344912425314
-212.80991755166116
-296.6832310778762
-383.4541236998443
-468.7342307325331
-547.9482362710096
-616.9071518366627
-672.9134794506765
-714.7701684109965
-742.6744709413651
-757.8980173922163
-762.2991344165453
-757.971554319614
-746.8765420787054
-730.7136333439076
-710.8465891378576
-688.3635593434221
-664.079090749869
-638.657312329501
-612.5145447075064
-586.0040303873174
-559.29377819121
-532.5133170976294
-505.76779818462546
-479.11790645720293
-452.57974626070774
-426.27603710506156
-400.04712439380796
-374.071572163074
-348.0017854725287
-322.0549125153113
-295.46260580666666
-269.32271514169634
-243.52354642209832
-218.26929739066674
-193.94398461304732
-170.21504212740976
-147.76173110700145
-126.24595180507384
-106.18107873612738
-87.94749339494632
-71.22220867533683
-56.6638898192865
-44.05527912026991
-33.30955740470961
-24.527301782358023
-17.49855167084208
-11.927160368525039
-7.838618071393852
-4.864954747023003
-2.8456414676332074
-1.5561196454369155
-0.786322742242386
-0.3766535402969653
-0.19787227156427814
-0.147255563549944
-0.11943661737328462
-0.11010236651049188
-0.06392219078230482
-0.024784474076835573
173.86027248345226
170.98494608452026
168.0270548350843
164.9582701628604
161.66046703174607
157.92068576959306
153.43780629364423
147.80860781994238
140.35016323616833
130.0557070891991
115.56689778797612
95.36067473529877
67.78919272449102
31.27512570506953
-15.45224818389442
-72.91949957195358
-140.61241585306195
-216.84119660741467
-298.81007203958023
-382.7880480673579
-464.44422621264414
-539.2322603203983
-603.5789690970391
-655.1739197987101
-693.1296688027784
-717.863333722396
-730.6928860371092
-733.4595460542862
-728.1302277145677
-716.5315668839544
-700.2234962750452
-680.4650317618956
-658.240625363292
-634.3363543259408
-609.321547539394
-583.6141338382048
-557.5125093408718
-531.1672351627803
-504.7577640070203
-478.3591461057143
-452.02088957363844
-425.84789500151174
-399.7316655528492
-373.78896162657725
-347.7715315847365
-321.8245118814904
-295.3413710440213
-269.2422490690282
-243.48417173590138
-218.246783764621
-193.9289483710504
-170.2070580623596
-147.7565980325283
-126.24315909429075
-106.17952308291872
-87.94668644906908
-71.22182048600362
-56.66368734253277
-44.055185128136074
-33.30951489811723
-24.52728257423069
-17.498543700244642
-11.927157132543737
-7.838616740881779
-4.864954248501648
-2.8456412773025694
-1.5561195749115972
-0.7863227193727391
-0.3766535343304089
-0.19787227049016165
-0.1472555635290231
-0.11943661738364397
-0.11010236647647093
-0.0639221907612433
-0.02478447407003565
171.14888679441754
168.26255511097435
165.278638446986
162.173282455989
158.83225003575058
155.04070187901786
150.48679877699746
144.7495621407787
137.12579325109525
126.59514894722946
111.79735333167548
91.22431712199891
63.26010617144459
26.38884340586013
-20.55638523751686
-77.94607919312868
-145.07592234805972
-220.07092811125244
-300.00566792583857
-381.1144444298421
-458.96747931821784
-529.5213837195164
-589.5467473193111
-637.0667523750217
-671.475519216652
-693.3438197885971
-704.0300653212073
-705.333633130546
-699.0929769218914
-687.0311975367114
-670.5705537141408
-650.8834336930552
-628.8783925260298
-605.2847849857211
-580.6109001841013
-555.2746732722879
-529.4973477800602
-503.5060913761553
-477.428609693314
-451.3310585936287
-425.3248870686044
-399.338131357771
-373.4524425480292
-347.50193629552996
-321.5654085661272
-295.1976500639253
-269.1443507360934
-243.43510733766522
-218.21870553910495
-193.91008907105686
-170.19701272261403
-147.75010120454243
-126.23961288002363
-106.1775406242495
-87.94565228080256
-71.22132172537532
-56.663425665814536
-44.0550631806346
-33.30945964927712
-24.527257597716623
-17.4985333452985
-11.927152937932107
-7.838615018820983
-4.864953604386959
-2.845641031727508
-1.5561194840125505
-0.786322689912137
-0.3766535266433283
-0.1978722691051602
-0.14725556350124427
-0.11943661739684515
-0.11010236643179008
-0.06392219073353465
-0.024784474060944868
168.43984226174518
165.54300860059845
162.53352012650942
159.39178686429744
156.00758162075917
152.16472083179102
147.54145837596346
141.7001229943668
133.91901888200175
123.1669430812628
108.08535423256075
87.18526200744287
58.88732295020708
21.74170228470053
-25.311778680600785
-82.48987813144034
-148.90865235313387
-222.52734442159306
-300.31761132510326
-378.317806279867
-452.4658371129791
-518.9818533068939
-574.9523745752897
-618.7028374132142
-649.8682746346171
-669.1296649132354
-677.8856473441086
-677.84912646395
-670.7819676660553
-658.2733044767383
-641.6553769428291
-622.0067284367387
-600.1800472200711
-576.8301074337489
-552.455949055864
-527.412530571919
-501.9476646265934
-476.2743809982195
-450.4765584671228
-424.6754882626344
-398.8482246068124
-373.0469024364125
-347.18159209305867
-321.2724873626545
-295.0261758014004
-269.02572420365044
-243.37388991708076
-218.1836289558727
-193.8864215276623
-170.18435350823947
-147.74187292546154
-126.23510771230048
-106.17501370072983
-87.94432693279269
-71.22068093538331
-56.663087487148246
-44.054904913323575
-33.309387782288006
-24.527225079441127
-17.49851987048432
-11.927147491492878
-7.838612786300384
-4.864952771020482
-2.845640714571303
-1.5561193668036117
-0.7863226519666022
-0.3766535167470661
-0.19787226732184177
-0.14725556346472346
-0.11943661741371787
-0.1101023663735655
-0.06392219069739356
-0.024784474048963338
165.73306188520382
162.82622527145054
159.79165090473168
156.61378964879614
153.1864858262845
149.29269498608537
144.6016031787273
138.6600121109332
130.72964675385455
119.7712134713298
104.43146590083255
83.24440289807531
54.67165360124016
17.333698323891017
-29.72068482294736
-86.55791204508574
-152.12620995002803
-224.24289276155702
-299.62137845745156
-374.53304410009986
-445.0844980214783
-507.7520553158229
-559.9125747499834
-600.1686153425736
-628.3478252341805
-645.2316456752911
-652.2183387437067
-650.9535290417784
-643.1152448088557
-630.1735174117373
-613.3912202294093
-593.7501312014678
-572.0586212674892
-548.9070426235977
-524.7871269748713
-499.9976289121208
-474.8271502337291
-449.4089641609375
-423.86225411509514
-398.2361639477946
-372.5536015069073
-346.7962613617134
-320.93906637270464
-294.82023369645435
-268.88267781440413
-243.2973794941938
-218.13976078699034
-193.85670231353984
-170.16837489569167
-147.73144498156802
-126.22938144568732
-106.17179199570393
-87.94262846355679
-71.2198577436922
-56.66265050070677
-44.05469948462797
-33.30929424642165
-24.527182696280594
-17.49850230785504
-11.927140407026648
-7.838609886562707
-4.864951690966142
-2.845640304420025
-1.5561192155411556
-0.7863226030776568
-0.37665350401001474
-0.19787226502752164
-0.14725556341699605
-0.11943661743527077
-0.11010236629810206
-0.06392219065052865
-0.02478447403331908
163.0284321286823
160.11208057100123
157.05293480099755
153.83924082239457
150.3689281725611
146.42453264450148
141.66701570337963
135.6289178697139
127.55743880908622
116.40800633406391
100.83611919380671
79.40241182071466
50.6136078974122
13.164368693838382
-33.786012641556546
-90.15803242046242
-154.75070048030375
-225.0952920979347
-298.0234746794684
-369.8809454413515
-436.9482507450147
-495.94688956033156
-544.5237101342768
-581.5274348038616
-606.9468776686725
-621.6448254018768
-626.9943156982848
-624.5965553544943
-616.019119694414
-602.6670233685418
-585.6983989139611
-566.0471452614693
-544.4418948039615
-521.4706540912613
-497.54356102774847
-473.00246562463894
-448.0597382952384
-422.842440212391
-397.46627563705283
-371.9502320029802
-346.329448961195
-320.5556085075661
-294.57190826095206
-268.7109011526863
-243.2016033792071
-218.0848642955493
-193.8193596572533
-170.14817555556442
-147.71822104934844
-126.22209947331133
-106.16768344426846
-87.94045190041568
-71.21880035023075
-56.66208597318868
-44.05443286079236
-33.30917247032171
-24.527127409131456
-17.498479384317925
-11.927131175500804
-7.8386061125438875
-4.864950288429989
-2.845639773105047
-1.5561190200902812
-0.7863225400454121
-0.37665348761402834
-0.19787226207676173
-0.14725556335486553
-0.1194366174628405
-0.11010236620061227
-0.06392219058997584
-0.02478447401301213
160.32580899945708
157.40041497254407
154.317229184922
151.0680370459796
147.55482620725658
143.56010241065414
138.73745741587354
132.6065270515622
124.40215273240838
113.07733093768803
97.2996425269065
75.65979786968943
46.71343302396258
9.23282748446266
-37.51128212773268
-93.30579819911782
-156.66986740021204
-225.16681629294285
-295.6208155293658
-364.46771363308017
-428.1634372826376
-483.6624144898584
-528.8627399786691
-562.8278183132159
-585.6878194013113
-598.3566109630336
-602.1884664771302
-598.7231169062433
-589.4456082256265
-575.6883324263252
-558.5228130267286
-538.832474164705
-517.2940347568468
-494.44748239360706
-470.70041326745263
-446.34587648409206
-421.5612542496866
-396.4958778209688
-371.2083976115543
-345.7630868003385
-320.1087419605155
-294.2723196398631
-268.50504137183344
-243.0816280468832
-218.016137645107
-193.77240700779552
-170.12260284961604
-147.70144170958906
-126.21283453582755
-106.16244263045877
-87.9376627781831
-71.21744230691677
-56.66135691935373
-44.054086898883114
-33.30901391818814
-24.527055248972403
-17.49844942741922
-11.927119126034833
-7.838601190366275
-4.864948463122978
-2.845639083441466
-1.5561187671381171
-0.7863224586921012
-0.3766534664970582
-0.19787225828159438
-0.14725556327412379
-0.11943661749811402
-0.11010236607496196
-0.06392219051194392
-0.024784473986765244
157.62502362047658
154.69103785163537
151.584353198819
148.30003403860488
144.74405664956123
140.699246372631
135.8126877199399
129.5925481784282
121.26357101691984
109.77918921068736
93.82231250132662
72.01692320751577
42.97109979094246
5.537785644756852
-40.9081209568246
-95.90467472788232
-157.94775410949023
-224.53267308100322
-292.5004302416989
-358.38638243159886
-418.8205796199475
-470.97865286397155
-512.9901360451003
-544.1075192453803
-564.581041825687
-575.3566472027
-577.7702643669983
-573.2924726634294
-563.3510493740381
-549.1843983220731
-531.8199494828267
-512.0613078004644
-490.55367223781644
-467.8045931625021
-444.17959009086917
-419.94792053419826
-395.27802507688125
-370.29138236369363
-345.0760169588887
-319.5814258024386
-293.91121786634045
-268.2581962766937
-242.9314546575944
-217.93002953688384
-193.71334109318505
-170.09017998520562
-147.680140367478
-126.20104084225714
-106.15575598371498
-87.93408887392424
-71.21569839038007
-56.66041576450371
-44.05363817084674
-33.308807520421695
-24.526961041979177
-17.498410243730493
-11.927103375133614
-7.838594757590363
-4.8649460820682835
-2.845638186180062
-1.5561184391311544
-0.7863223535441386
-0.3766534392766397
-0.19787225339872327
-0.14725556316919683
-0.11943661754324209
-0.11010236591324239
-0.06392219041155511
-0.024784473952930146
154.9258853595659
151.9837297279136
148.85409149485957
145.53504713431187
141.93645968141684
137.84178933929812
132.8924814051045
126.58673075697662
118.14152548594832
106.51362080824875
90.40437836070032
68.47403980312319
39.38636693948314
2.0698652770024313
-43.89867095410243
-98.00410778490527
-158.64062935080875
-223.26183234455038
-288.74036292786235
-351.7183265702899
-408.99692921740404
-457.9616690571603
-496.95368790162695
-525.3936502514329
-543.6300578176705
-552.6322359671743
-553.7085194992031
-548.2738567977771
-537.6872899686554
-523.1228318702008
-505.5394329747469
-485.6867013179979
-464.18095700285386
-441.46881853687677
-417.92374472559413
-393.75880346002833
-369.1563241063322
-344.2391124079575
-318.95375690367104
-293.47556935608026
-267.9614587461146
-242.74386850072221
-217.82197217364129
-193.63902555803315
-170.0490093275505
-147.65308807790706
-126.18602088520191
-106.14722291344617
-87.92950963251081
-71.21345931450371
-56.65920134921269
-44.05305645574263
-33.30853894334799
-24.52683805667022
-17.49835896229049
-11.927082760931986
-7.838586334727134
-4.8649429687214125
-2.8456370159104587
-1.5561180128389072
-0.7863222174033903
-0.3766534041476166
-0.19787224711234477
-0.14725556303272544
-0.11943661760098033
-0.11010236570527249
-0.06392219028255068
-0.024784473909397295
152.22819105462676
149.27825456339357
146.12620319156477
142.77286212913813
139.13185368163133
134.98755448188004
129.97664035901315
123.58888336355815
115.03592820884344
103.28071720832857
87.04607627019467
65.03129873915259
35.95110395661347
-1.1108547632449912
-46.51922862874117
-99.64448529516832
-158.80100420088056
-221.41738675188864
-284.41058902242685
-344.53482005516094
-398.7585689407968
-444.66589347724243
-480.79105855580224
-506.7041382628285
-522.8338810131642
-530.1657180564754
-529.9765301207782
-523.6299543681997
-512.42018073703
-497.4587934144902
-479.63658406931427
-459.6700453582722
-438.1056501334135
-415.4086616773723
-391.876727936095
-367.75650493986456
-343.21281416260985
-318.2015792865253
-292.94773000724115
-267.6033708391494
-242.51013272075812
-217.68602953688844
-193.54555545764785
-169.99664423706633
-147.61872484372643
-126.16688286175075
-106.13633180722532
-87.9236426471871
-71.21058495237223
-56.65763509382384
-44.05230280609176
-33.30818965274875
-24.526677551167335
-17.498291833407386
-11.927055758332584
-7.838575288136503
-4.864938888609685
-2.845635485578898
-1.5561174574139907
-0.7863220407672585
-0.37665335874449624
-0.1978722390115899
-0.1472555628548818
-0.11943661767484828
-0.11010236543792098
-0.06392219011688453
-0.02478447385344844
149.53173075317815
146.57436540079394
143.40043336254664
140.0132478862007
136.33004619761886
132.1363741308356
127.06500906142998
120.5988939010769
111.94677320855635
100.08062632614491
83.74764737138207
61.68125721040974
32.711008636048426
-4.029847820170847
-48.79754448075723
-100.86396942211456
-158.4776681760543
-219.05697129856514
-279.5738880518331
-336.8984839011723
-388.16224191208676
-431.13638295012163
-464.53162623313113
-488.0501192933157
-502.1870780289098
-507.9372632040297
-506.54519279015824
-499.32555370769444
-487.50992359554857
-472.1466067523788
-454.073739073496
-433.94617724559686
-412.3096701821315
-389.5645427998864
-366.04000633131506
-341.9517490362718
-317.2925107392177
-292.30422019452993
-267.1688625707656
-242.21945620036078
-217.51447565445338
-193.42808397549487
-169.92992260367225
-147.57507404524054
-126.14248611723447
-106.12242950910304
-87.91612639650434
-71.20689564694308
-56.65561608583536
-44.0513270693375
-33.30773571276824
-24.526468192514287
-17.49820397033621
-11.927020369768861
-7.838560781943605
-4.864933530500397
-2.84563347919458
-1.556116731781008
-0.7863218110442249
-0.37665329995618335
-0.19787222856030467
-0.14725556262242664
-0.11943661776933495
-0.11010236509424398
-0.06392218990422117
-0.02478447378160213
146.83629424564285
143.87181081470231
140.67651594891626
137.2559627620037
133.53084247203654
129.2880980559972
124.157484784599
117.61673617890627
108.87415637636376
96.9135771094202
80.50202575920977
58.458925664007396
29.64789567050707
-6.705421323303587
-50.7600770203511
-101.69840530041422
-157.71579272707368
-216.2331795508894
-274.286632398075
-328.86459890741935
-377.25691732323594
-417.41077108742167
-448.19827250587815
-469.4379501898979
-481.68094449173816
-485.9252859816031
-483.38445895120407
-475.32326320250405
-462.91408226545894
-447.14541833817316
-428.795045424966
-408.4945723639605
-386.73727969731783
-363.94651554049227
-340.40932651483126
-316.1849645975726
-291.5154107720959
-266.63762061437063
-241.85826260631154
-217.29731529180197
-193.28057628183944
-169.8447588530294
-147.5196346662843
-126.11137158854966
-106.1046825186581
-87.90649821677727
-71.20216107416745
-56.65301479009106
-44.05006470971978
-33.307146246230445
-24.526195311808486
-17.498089017808113
-11.926973984815541
-7.838541715964382
-4.864926481857567
-2.8456308421922936
-1.5561157811390571
-0.7863215114945523
-0.37665322367546555
-0.19787221505626953
-0.14725556231736794
-0.11943661789014225
-0.11010236465235375
-0.06392218963127268
-0.024784473689388197
144.14167660958321
141.17034259053966
137.95418621646476
134.50076319018373
130.73404992656356
126.44260274295405
121.25402226465806
114.64246651287745
105.81827156399537
93.77273633214908
77.33625327366508
55.35032636544602
26.750134346429544
-9.155168785875423
-52.43188276416164
-102.18129621796179
-156.55706841376067
-212.9939411052727
-268.59953483718203
-320.48216453729583
-366.0851378520649
-403.5208832153248
-431.8090556215834
-450.87096825152776
-461.3049282618967
-464.1081691233833
-460.4634532394995
-451.5860943595288
-438.592155871859
-422.4080714548601
-403.7723238793439
-383.26643538722834
-361.3943036864608
-338.5332826395157
-314.83155274234764
-290.54635972751134
-265.9827537721034
-241.40938957832566
-217.02175083069346
-193.09544860142307
-169.7358965594698
-147.4492426596828
-126.07167385054862
-106.08202766959033
-87.8941662318152
-71.19608595962447
-56.649665002372494
-44.048432734050515
-33.306381460336695
-24.52583994923123
-17.49793872668904
-11.926913199947172
-7.838516645781934
-4.864917197021598
-2.845627368786783
-1.556114532307154
-0.7863211198043162
-0.3766531244606259
-0.19787219757684765
-0.14725556191505432
-0.11943661804455355
-0.11010236408386807
-0.06392218928094263
-0.024784473571054483
141.44768488045187
138.46972364369915
135.23318700995418
131.74741303972948
127.93949386445331
123.59979589944338
118.35463231275133
111.67623275124919
102.77243359070472
90.67939243477318
74.23920938088808
52.348412594378466
24.006460298201112
-11.395881985434908
-53.83656212775359
-102.34382210815146
-155.03985161959912
-209.38290774162843
-262.5582594031008
-311.7947524642675
-354.6841525859779
-389.49395279555705
-415.3787274098466
-432.3508518545068
-441.04848495367355
-442.4653578738525
-437.75344011296465
-428.0799651223255
-414.5047833700218
-397.9030572811083
-378.9635202648206
-358.2571383602283
-336.24790141829436
-313.1782880716855
-289.35779185289533
-265.17091248448565
-240.85142457965617
-216.6716212512783
-192.86306896562954
-169.5966250258901
-147.35988928643258
-126.02101106014348
-106.05310937783088
-87.87837366152392
-71.18829175098148
-56.645353556356
-44.04632447185643
-33.30539011575396
-24.52537762941343
-17.49774240844902
-11.926833587180504
-7.83848368002513
-4.864904956121075
-2.845622785486766
-1.556112887573894
-0.7863206061768725
-0.3766529950790465
-0.1978721749051986
-0.1472555613812896
-0.119436618241782
-0.11010236335193886
-0.06392218883121008
-0.02478447341921497
138.7541427453783
135.7697311956246
132.51327344725527
128.9956896650576
125.14701564425894
120.75961975122428
115.45939020917724
108.71141753630286
99.75414230690535
87.62460967452648
71.20693966632453
49.44630832810381
21.40603549544567
-13.443501159262647
-54.99624299896917
-102.21488417841624
-153.1993571839124
-205.43977763446242
-256.2039284970572
-302.8412111731959
-343.0867271212228
-375.3536021260257
-398.91980107282205
-413.8787710382037
-420.9023459616773
-420.97901451165245
-415.2297782859453
-404.7752095634107
-390.62278565881775
-373.5962809296399
-354.35398771301334
-333.4314595476453
-311.15168514230703
-287.9025718806625
-264.1632196426358
-240.15826902445298
-216.2268777606235
-192.57113884145997
-169.41845536630467
-147.24648198462145
-125.95634887074124
-106.01619967671459
-87.85815353266884
-71.17829310279757
-56.6398071612536
-44.043602886978405
-33.30410628434688
-24.52477679142093
-17.4974862352713
-11.926729397266902
-7.83844034843975
-4.864888812167927
-2.8456167297190698
-1.556110716629798
-0.7863199307950492
-0.3766528258943922
-0.19787214543137255
-0.14725556066829656
-0.1194366184934759
-0.11010236240854117
-0.0639221882536725
-0.02478447322436064
136.06089254520842
133.07016114410047
129.79422013751298
126.24538861348093
122.35648057264866
117.92205402052176
112.56166864612129
105.76331319770964
96.75595634582847
84.60643338528791
68.23555736541026
46.63734426554019
18.938486700112847
-15.31309058085052
-55.931588539750955
-101.82120173375802
-151.0678349977131
-201.20058744832653
-249.573567888468
-293.6561556018447
-331.3217903646093
-361.12046403190095
-382.4432595715197
-395.45604391583583
-400.8592702970226
-399.6348137696615
-392.8728795205244
-381.649305274982
-366.9208343499915
-349.4688693646829
-329.9133549694267
-308.64036432691523
-286.11427539435886
-262.91326223512755
-239.29829295647906
-215.6630861671296
-192.2039973049587
-169.1907366507983
-147.1025352601939
-125.87383306288912
-105.96909651294976
-87.83227128013759
-71.16546770044533
-56.63267558591672
-44.04009200859042
-33.30244519555098
-24.523996777413426
-17.497152342302147
-11.926593178814628
-7.838383432574431
-4.8648675230411484
-2.8456087222281665
-1.5561078460526616
-0.7863190404713545
-0.3766526040478209
-0.19787210701912256
-0.1472555597085643
-0.11943661881430412
-0.11010236119088901
-0.0639221875116512
-0.024784472974252084
133.3677983246811
130.37083127757853
127.07582147001045
123.49632535004285
119.5677782241414
115.08040749568437
109.675486047706
102.82523341068514
93.77707008361247
81.62291976275542
65.32125923201976
43.91508417070698
16.593929876787197
-17.018830626180943
-56.66184534670438
-101.18741104459428
-148.67474948463777
-196.69800200469848
-242.700424481995
-284.2704047208969
-319.41482286032385
-346.81260660657796
-365.95883545142647
-377.08433384318084
-380.9139794886835
-378.4219053768688
-370.66796888049686
-358.68464628945685
-343.3817574615031
-325.49782311931807
-305.4927574005521
-283.89371810610703
-261.35942549079635
-238.2312971501065
-214.9506157122388
-191.74180994314372
-168.90017942618667
-146.91978550122624
-125.76858273322489
-105.90899500293331
-87.79915214931151
-71.14901751571499
-56.62351018948076
-44.035565960726345
-33.30029791646451
-24.522985256053666
-17.496717676781063
-11.926415289585725
-7.8383087484546285
-4.864839464145124
-2.8455981315309944
-1.5561040456796622
-0.7863178642581068
-0.3766523123716399
-0.19787205682774697
-0.14725555840612473
-0.11943661922263116
-0.110102359616551
-0.06392218655768382
-0.02478447265309594
130.6747473411627
127.67158429046589
124.357896058029
120.74833918232282
116.77414922043391
112.24796518024887
106.79454171956291
99.896896761594
90.81665700326113
78.67213877123305
62.46033991258676
41.273345033543734
14.36298501682924
-18.574035268204057
-57.20489627413909
-100.33617755057145
-146.04697903575808
-191.96153658614352
-235.61429350421838
-274.7112680319762
-307.38817500263775
-332.44571965064665
-349.4750217391616
-358.76537249701596
-361.0625443920054
-357.33184529264133
-348.60335839019695
-335.8674942093436
-319.98878755186826
-301.53685435370085
-281.1078297143128
-259.41596493291775
-236.90230834178402
-214.05277980033156
-191.15940709272977
-168.5302476976483
-146.68772836219838
-125.63443157151069
-105.83232602305375
-87.75678934271315
-71.12791913225985
-56.61173651101777
-44.029734923903106
-33.29752454373848
-24.52167492286651
-17.496152522641435
-11.926183269772718
-7.838210867660068
-4.8648025162608555
-2.845584128229033
-1.5560990110119617
-0.7863163077311883
-0.37665192795829655
-0.1978719910750908
-0.14725555662374806
-0.11943661974119656
-0.11010235757680238
-0.06392218533023081
-0.02478447224049546
127.98164633184872
124.97228247520837
121.64028477114253
117.99461758273776
113.98852375033249
109.41860767039198
103.91869039619517
96.97798925677895
87.87386824207084
75.75218031426841
59.64920532973146
38.70621209172102
12.236777366705658
-19.991173451626956
-57.57732464827237
-99.28833013302554
-143.2089767992754
-187.01781471089646
-228.3417558963971
-265.0028411243123
-295.2612704212432
-318.0332079760192
-332.998893016566
-340.50045141450187
-341.3013845055359
-336.35711926082655
-326.6683172115237
-313.184535495985
-296.59853386407724
-277.60531602563054
-256.97209141374896
-235.23560286807324
-212.92256259403277
-190.42447662086866
-168.06036180415916
-146.3930758123937
-125.46359966026223
-105.73455686858853
-87.702627587226
-71.1008601215826
-56.596619328741724
-44.022227169708025
-33.293945496196905
-24.519979278419203
-17.49541860941491
-11.925881038188479
-7.8380827595200975
-4.86475392157028
-2.845565626315857
-1.5560923405628415
-0.7863142455850886
-0.3766514202880735
-0.19787190472408955
-0.14725555416476424
-0.11943662039799077
-0.11010235492755523
-0.06392218374930093
-0.024784471710053223
125.28842256940067
122.2728122473153
118.91614234442517
115.24800216034751
111.2047493731405
106.5921642630723
101.04776117713001
94.06816443461742
84.94783599408358
72.86116217325828
56.8843837533242
36.208048268925204
10.206935411637005
-21.28189815268482
-57.79449463433579
-98.0629705455309
-140.18296862081377
-181.8907674929252
-220.90645227084102
-255.16624245576688
-283.0508093883023
-303.5862322303801
-316.53591426913545
-322.28986633577443
-321.6263241239618
-315.48964183415944
-304.851486385226
-290.496209704681
-273.23106382780617
-253.9016165448246
-233.13515882147178
-211.4993331938683
-189.4953416110516
-167.4648316462404
-146.0191253293822
-125.24627639067378
-105.60994832368529
-87.63341539230973
-71.06615766290456
-56.577218148944
-44.01256610391614
-33.2893303791958
-24.517787230495617
-17.494466690070762
-11.925487861432112
-7.837915332063641
-4.864690098895447
-2.8455412078075573
-1.556083506734462
-0.7863115120780872
-0.376650748794332
-0.1978717910710663
-0.14725555074731003
-0.11943662122694723
-0.11010235147696908
-0.06392218171066032
-0.024784471027516783
122.59502064254464
119.56628955494578
116.19833711065765
112.50215954781935
108.42262056075549
103.76845680110176
98.18156017994991
91.16704763253875
82.03767923429785
69.99723700292937
54.162536803249274
33.77350076925476
8.265583674802084
-22.457085628787947
-57.87061579620916
-96.67761202018835
-136.98910810315607
-176.60187000323882
-213.329318373451
-245.2198733445124
-270.7709680747475
-289.1138048677899
-300.0898244554862
-304.1325189177295
-302.03194344935946
-294.72018960834725
-283.0194800935715
-267.82194240355784
-250.07137015613057
-230.4924306743706
-209.70828724577447
-188.31953999828943
-166.7115394097426
-145.54504537511443
-124.97009923962108
-105.45126056505825
-87.5450174644204
-71.02165471793892
-56.552330544330474
-44.00014094962084
-33.28338376704075
-24.514956193911868
-17.493233440227748
-11.924977032707035
-7.837696843119376
-4.864606406567155
-2.8455090260024614
-1.5560718184032378
-0.7863078887314023
-0.37664985971253406
-0.19787164120849007
-0.14725554596878782
-0.11943662226855362
-0.11010234696845114
-0.06392217907810496
-0.024784470148338168
119.89448460647371
116.86567481764024
113.48041236585064
109.75690594064825
105.64194333152386
100.9473027417277
95.31987586135607
88.27424164383473
79.14250847010995
67.15860262990223
51.48046795630665
31.397504166284648
6.405329686259321
-23.526866945231024
-57.81882719739593
-95.14828574606895
-133.6456604921316
-171.1703453621117
-205.62884035734183
-235.1796739094557
-258.4336527800199
-274.6229574598757
-283.6626474543429
-286.0258100712989
-282.51152497143846
-273.9237712551672
-261.1896804324121
-245.33658707928055
-227.19247488056567
-207.46304695129712
-186.83449962195346
-165.7606942123317
-144.9451305391004
-124.61952345029471
-105.24939533670948
-87.43217743775722
-70.96458765380163
-56.520420204577015
-43.98416933236529
-33.27572706661061
-24.51130328515799
-17.49163748840503
-11.924314179186268
-7.837412145264331
-4.864496838077273
-2.8454666812949245
-1.5560563728843935
-0.7863030885149553
-0.3766486820162462
-0.1978714433275664
-0.14725553925721555
-0.11943662357021352
-0.11010234105753128
-0.06392217567320313
-0.02478446901438608
117.19998645210774
114.16453372888243
110.76225270151117
107.01208019943056
102.86253639758468
98.12851979443553
92.4624844300859
85.38933045834489
76.26143519821048
64.34350990640773
48.83512901985578
29.075281071300118
4.619251993864582
-24.500671114068368
-57.651260459362746
-93.4896674143966
-130.169158231662
-165.6133796734726
-197.82129761805845
-225.05941214206743
-246.04878742019957
-260.1189725382943
-267.25489539789817
-267.9658201200238
-262.9497242166256
-253.11404134341657
-239.52796588119887
-223.1092739798936
-204.6670947743167
-184.96943820479964
-164.56409981126737
-144.18812014318965
-124.17509158983303
-104.99295328144167
-87.28822044381076
-70.89141738613883
-56.47952577278849
-43.96364962578912
-33.26587540554584
-24.506594096929433
-17.48957434084897
-11.923455093025485
-7.8370417181118
-4.864353631649596
-2.8454110617530235
-1.556035994258234
-0.7862967355369185
-0.37664712218623597
-0.197871181816629
-0.14725552980620513
-0.11943662518613248
-0.11010233328032754
-0.06392217126159508
-0.02478446754956672
114.50515338202558
111.46282126490121
108.04376584330203
104.26754240382138
100.08423358492006
95.31192982114084
89.60915231062219
82.51188775234853
73.39357851136207
61.55026957991604
46.22362702904711
26.80233942436491
2.900882611257666
-25.387258040924166
-57.37911593660129
-91.71518113241319
-126.57456084182218
-159.9463200513598
-189.92102102953785
-214.8709746472669
-233.62460852345686
-245.6057188888066
-250.86589275823363
-249.84812703077557
-243.35601849201103
-232.44631701580812
-218.0941134477074
-201.2093444183914
-182.64494015428312
-163.06463531170957
-143.23654368044808
-123.61260981853111
-104.66767603826614
-87.10468415909199
-70.79761372848799
-56.4271457641982
-43.9373003261251
-33.25320825557636
-24.500528402249508
-17.486909896809017
-11.922342955230656
-7.836560427779634
-4.864166769529015
-2.8453381385519982
-1.5560091541822343
-0.7862883389618738
-0.37664505748851035
-0.1978708360988909
-0.14725551648898144
-0.11943662717659692
-0.1101023230111923
-0.06392216553483127
-0.02478446565392244
111.80997574718555
108.76050860694032
105.32487958085156
101.52317394272222
97.30688538953946
92.49735923053746
86.75964299929988
79.64148188315238
70.53807112144385
58.77726161898096
43.643225186546545
24.574469078295287
1.244191027644552
-26.194759322605474
-57.012724213942604
-89.8371047292586
-122.8753981514494
-154.18287872273368
-181.94063847097064
-204.6246342292655
-221.16800071459647
-231.086012802084
-234.40378635033522
-231.67878032110434
-223.87230600992768
-211.96983683767212
-196.95629839172628
-179.76763687147138
-161.19452073435974
-142.04563352874015
-122.90218040615353
-104.25573151842899
-86.87086483442972
-70.67737966746115
-56.360094066201114
-43.90348308527011
-33.236932164243285
-24.492721995012147
-17.48347216728812
-11.920904783645952
-7.835935938412277
-4.8639233356585265
-2.8452427035531795
-1.555973870254327
-0.7862772595179869
-0.37664232733987446
-0.1978703791374762
-0.1472554977461224
-0.11943662960652146
-0.11010230940603537
-0.06392215808632756
-0.024784463195726445
109.11445179956729
106.05757993345124
102.60554062110901
98.77887704647775
94.53035703733019
89.68464359453394
83.91371988550213
76.77768022434616
67.69406894027485
56.02293712083661
41.091347121211264
22.38773432519142
-0.3564353036244424
-26.930712309706895
-56.56160846111682
-87.86666210445787
-119.0839156917908
-148.33532155611238
-173.89128957934548
-194.3293292950817
-208.68480353706738
-216.48180615476963
-217.8713393832652
-213.5835132014117
-204.53759034939307
-191.7488445544116
-176.22283342157755
-158.87141972678512
-140.56102064101358
-122.0069140285069
-103.73478391197337
-86.57325874584103
-70.52330010686724
-56.27431947205062
-43.860105340588014
-33.21603360969724
-24.482683665914458
-17.47904071925068
-11.919046889206584
-7.835126678794471
-4.863606692500039
-2.8451180325760492
-1.5559275755958168
-0.7862626665016027
-0.37663872221862726
-0.1978697755138986
-0.14725547143988457
-0.11943663254301465
-0.11010229132727217
-0.06392214837966777
-0.024784460000839427
106.41858525596308
103.35403136445801
99.88571322525621
96.03457113019222
91.75453088222383
86.87362804720182
81.07114829181792
73.92005749176096
64.86075239294696
53.285826479764175
38.56557369408676
20.238466662814336
-1.9062097717285136
-27.602095056321225
-56.03453919541759
-85.81411692450138
-115.21120633135882
-142.4146288023071
-165.7828451854636
-183.99290023359924
-196.11105957645088
-201.79162925318406
-201.37597504531024
-195.59101011364677
-185.40784881306539
-171.87158344887294
-155.99416819276564
-138.71509310254586
-120.8811101088117
-103.07677352456042
-86.19487187585173
-70.32589933446722
-56.164681698274094
-43.804497698503866
-33.18921959289971
-24.4697860920787
-17.47333323422864
-11.916649072188244
-7.834079239905934
-4.863195426240462
-2.844955453736352
-1.5558669514538874
-0.7862434825954634
-0.3766339694272636
-0.19786897895971256
-0.14725543466629187
-0.11943663605188107
-0.11010226724544546
-0.06392213570706762
-0.024784455838521787
103.72238505608823
100.64986984568037
97.16537494899558
93.29019371641569
88.97930476672408
84.06416696269427
78.23170170149552
71.06819535994636
62.03733578794566
50.56453816127149
36.06364326073619
18.123254523291777
-3.409965889669257
-28.215358525158674
-55.43959076860054
-83.68885637641752
-111.2673202125882
-136.43065961372696
-157.62408987256245
-173.56504685906427
-183.44061827847003
-187.10312701382847
-184.93564827048942
-177.7453856691602
-166.5552799784266
-152.44181734404603
-136.42359467426067
-119.46806240339004
-102.24637838623194
-85.71437213593613
-70.07309552495582
-56.02467516627826
-43.73326075492207
-33.1548430619386
-24.45322917698823
-17.465988421143358
-11.913557213274588
-7.832725048792955
-4.862661995218603
-2.844743794181802
-1.5557877125303092
-0.7862183130212852
-0.37662771481739393
-0.1978679291862182
-0.14725538351298975
-0.11943664019283687
-0.11010223511099529
-0.06392211913522478
-0.02478445040254442
101.02586504750613
97.94510926230255
94.44451716874354
90.54569764756685
86.20458987359747
81.25612802575247
75.39515912696815
68.22169107031554
59.22306629171553
47.8577633168231
33.583446711019796
16.038933395958868
-4.872177108193853
-28.77646050018135
-54.78419212916348
-81.49946021600721
-107.26137843047316
-130.39228868716174
-149.37760893619728
-163.03605569939714
-170.740895948869
-172.42343157753328
-168.580656805523
-160.1052164190736
-148.07750850546185
-133.58496738122253
-117.69836553196534
-101.19934387750143
-85.10509654648492
-69.74955084252555
-55.84609155138833
-43.64207592509528
-33.11080976743398
-24.431994070973527
-17.456544347730194
-11.909573826052801
-7.830976119567946
-4.861970999977992
-2.8444686709832303
-1.5556843317305615
-0.7861853546537585
-0.37661949932179045
-0.1978665478144844
-0.14725531274750403
-0.1194366450130046
-0.11010219218838209
-0.06392209743502324
-0.024784443286262448
98.32904089035269
95.23977143381268
91.7231421235582
87.80104801421245
83.43031320613954
78.44938753374328
72.56131201379152
65.3801552686037
56.41723025991234
45.16427398849456
31.12302391817242
13.982573569452448
-6.2969775657659275
-29.290896919488752
-54.075169324958374
-79.25377371203199
-103.20166677027346
-124.2739374963601
-141.03202711191267
-152.4539830870739
-158.00871865751117
-157.7685881817273
-152.35601153916875
-142.75535712704
-130.0833308874165
-115.48986216710921
-99.88119177380378
-84.3340237987041
-69.33593699539603
-55.61861401006728
-43.5254756199966
-33.05446257650052
-24.404785826392008
-17.444411022074146
-11.904446031848302
-7.828719630925112
-4.861076969365577
-2.844111583277373
-1.555549687226647
-0.78614227944401
-0.37660872884019025
-0.1978647331462753
-0.14725521541561584
-0.11943665053848225
-0.11010213484208727
-0.06392206899072841
-0.024784433949930552
95.63193183497646
92.5338836572487
89.00125981600166
85.05622390465776
80.65641154885151
75.64383560261987
69.72996032524229
62.543218062948725
53.619152630950715
42.4829235822906
28.680556822086
11.951468029451345
-7.688182053390484
-29.763729695690213
-53.318791350452074
-76.9589677120195
-99.07305483239773
-118.06392438673086
-132.61801138991197
-141.8065404666893
-145.24640513441196
-143.16866517901943
-136.3299313476158
-125.79371800540058
-112.74943202022548
-98.22691419028338
-83.36092960919831
-68.80817255769024
-55.329343199077414
-43.37656956996199
-32.982438843414826
-24.36996232632876
-17.428835809993725
-11.897850275297733
-7.825811017669098
-4.859921528923887
-2.843648750161657
-1.5553746103776764
-0.7860860848740043
-0.37659463560002926
-0.19786235345099143
-0.14725508232360346
-0.11943665676296496
-0.11010205826136786
-0.06392203168285178
-0.02478442167815625
92.93455896201169
89.82747615250464
86.27888982950185
82.31121189711212
77.88283554345753
72.83937068787012
66.90091739314902
59.710528049373686
50.82819920961735
39.81264350501763
26.25436368440631
9.943120225647611
-9.049305544227801
-30.19961621333122
-52.52080870302581
-74.60869336916421
-94.8641647865636
-111.77797413556914
-124.1160758390559
-131.08350614202388
-132.46762805733803
-128.6729603335019
-120.5891291067941
-109.37576473783606
-96.16179583446849
-82.13793714621875
-68.1367229922697
-54.96226939656588
-43.186726644328594
-32.89049608171946
-24.325446851651265
-17.40885996893936
-11.889372941457937
-7.822065180550601
-4.858429783224814
-2.843049624004025
-1.5551473067265642
-0.7860129023022044
-0.37657622856807427
-0.19785923834609642
-0.1472549013704339
-0.11943666363262705
-0.1101019561065318
-0.06392198273758026
-0.024784405524804314
90.23694330123925
87.12058441851131
83.55605502683068
79.56600973418203
75.10954331931714
70.03590322887341
64.07400783397037
56.88175465891394
48.043774984376356
37.152441752036445
23.842892703978915
7.955230300986365
-10.38358224065228
-30.602835238242086
-51.68188706692207
-72.1922833161347
-90.57834968083614
-105.3918550156722
-115.50545048186324
-120.28175106268644
-119.70115767779726
-114.3525013489694
-105.26319146561521
-93.60300710264495
-80.60947442684406
-67.28606383302707
-54.497716365911835
-42.94521549078819
-32.77330133754414
-24.268621258910116
-17.383264264641287
-11.878485832971633
-7.817245326628932
-4.856505696788526
-2.8422749906123688
-1.5548526147982904
-0.7859177513525442
-0.3765522298656364
-0.19785516772454467
-0.14725465668500815
-0.11943667102568455
-0.1101018200544262
-0.06392191853339489
-0.024784384241926496
87.5391087945689
84.41324346294749
80.83278542692473
76.82061978537973
72.33650341978658
67.23335252815683
61.24906911922341
54.05658662888273
45.26532495981293
34.5014006005463
21.44471280863039
5.985683703241646
-11.693983366243419
-30.97938136061707
-50.79264539618202
-69.70343231616764
-86.18919984934143
-98.87713696662759
-106.76756362749603
-109.40870572716456
-106.99661647378528
-100.30902025848104
-90.46212205315874
-78.71252617618916
-66.21436683590059
-53.911786936000624
-42.6388093087283
-32.62418073304624
-24.19619630731692
-17.35050123928684
-11.864515237549966
-7.811048835567044
-4.854026204243465
-2.8412745429841744
-1.5544710582048187
-0.7857942252652047
-0.37652099323124405
-0.19784985754002096
-0.14725432751115394
-0.1194366787244908
-0.11010163921475802
-0.06392183435257857
-0.02478435618837101
84.84107705595945
81.70549218697026
78.10911197849175
74.07505182699076
69.56369115266233
64.43164752682115
58.42594945111452
51.23473340489443
42.49233404968862
31.858670704702355
19.058508215709274
4.032539473095902
-12.990352920203268
-31.32164355025554
-49.84001641353967
-67.1159062529813
-81.66404479431354
-92.20306020483834
-97.88934894820824
-98.4884140628059
-94.42681917366303
-86.64994838692965
-76.37746204955369
-64.87345500023211
-53.17583125851553
-42.25136395735386
-32.43482545084393
-24.104055349930785
-17.308611308973198
-11.846603013629682
-7.803089418469411
-4.850833710103545
-2.839983786916768
-1.5539776340086426
-0.7856340881404155
-0.3764803994810084
-0.19784294155081095
-0.14725388676426485
-0.11943668637719632
-0.11010139938024383
-0.06392172406250116
-0.024784319212336956
82.14287225188725
78.9973676359129
75.38506961366473
71.32931939752986
66.79108896303303
61.63072406869756
55.60450888506983
48.415925708506904
39.72432300426238
29.223469871126873
16.683071527159527
2.083316832142785
-14.267044885117324
-31.612508884461107
-48.79995396271848
-64.39616262019634
-76.96446410377695
-85.33925324296597
-88.86845521467666
-87.56399081156088
-82.08504879249199
-73.53039180102029
-63.209210720126705
-52.25596846876049
-41.763380930832255
-32.1949509781032
-23.98706620015672
-17.25511960845846
-11.823657781182463
-7.792874670949788
-4.8467265571102
-2.8383200997649918
-1.5533402657493225
-0.7854267595462322
-0.3764277225644994
-0.19783394786661224
-0.14725329915970653
-0.11943669344450264
-0.11010108206318513
-0.06392157970657826
-0.024784270500630506
79.44451575837883
76.28890849336948
72.66069393006124
68.58344019786061
64.0186834368599
58.83052562554949
52.78461976836812
45.59991205464691
36.96084959890143
26.595079628417103
14.304236811713631
0.14184338074296884
-15.505038909602952
-31.831596265961124
-47.64096314750911
-61.50288347983125
-72.04801596526737
-78.25998590938768
-79.71847191333826
-76.70528832910615
-70.09796485028748
-61.162798239466476
-51.11276729516597
-41.151570436824684
-31.891905116285894
-23.838855233153705
-17.186909705609764
-11.794294002619669
-7.779777946873593
-4.841446934813407
-2.836177720694859
-1.5525178305571958
-0.785158655563708
-0.3763594579506649
-0.1978222688226619
-0.1472525187809416
-0.11943669912465599
-0.11010066325821705
-0.06392139097929422
-0.02478420638519749
76.74603003085818
73.58015216089622
69.93602188764068
65.83743320243495
61.246465868235305
56.03100346595361
49.96616318900593
42.78646090554112
34.20150724522794
23.958366178090657
11.9243208881167
-1.7723017510658374
-16.68832994183752
-31.951627175547284
-46.323007945904116
-58.38760840538123
-66.87156106640704
-70.95160214965738
-70.48036174421446
-66.01456694074673
-58.67299455990398
-49.70128264393238
-40.388440062925554
-31.510219314956505
-23.65153639239979
-17.10006994443366
-11.756756134119323
-7.763003341281646
-4.8346655790790285
-2.833421394156545
-1.5514576475140698
-0.7848123469399563
-0.3762711028665412
-0.19780712225606184
-0.14725148591068596
-0.11943670224706851
-0.1101001118529158
-0.06392114455283057
-0.024784122094782632
74.04743598184858
70.87113581276677
67.21108923074011
63.09131934667425
58.47443235077417
53.232112931111764
47.14903130904249
39.97536014525278
31.430711921785015
21.31454129997667
9.562732562704394
-3.647368217151426
-17.795028468729328
-31.93697219105408
-44.79718173751165
-54.99700360818028
-61.39903233384641
-63.42489933183314
-61.23155759487055
-55.679747253521
-47.97168231443889
-39.441940799864206
-31.031105355364204
-23.415386192158234
-16.989707510076194
-11.708824708365565
-7.741542276776241
-4.825962501055628
-2.829878323978557
-1.5500922850460066
-0.7843654849711434
-0.37615687498689465
-0.19778750171171375
-0.14725012288632783
-0.1194367011188457
-0.11009938758645661
-0.06392082321331656
-0.02478401143630535
71.34875429991637
68.16189414332233
64.48593145216803
60.34512176912838
55.70258005124388
50.43381573360792
44.33312703667232
37.15091040570434
28.648943093547583
18.682531732146668
7.227639742601977
-5.4669390002808065
-18.795756539324316
-31.742581253031872
-43.00677552327028
-51.27928463811709
-55.613462578803926
-55.72940722037865
-52.12960836740476
-45.870809062390265
-38.27524330454923
-30.431921572221384
-23.118457498288336
-16.849724932281934
-11.647700840211295
-7.714120062352439
-4.814802782586419
-2.825328034716982
-1.5483355113175863
-0.7837894323693027
-0.3760093525971271
-0.19776211236531718
-0.1472483286558257
-0.11943669330083556
-0.1100984384287007
-0.0639204047528996
-0.02478386638604152
68.65000341582542
65.45246061016725
61.76058429601268
57.59886227151535
52.930909541568795
47.63607963975638
41.50282558986942
34.31313731220835
25.874529794059193
16.0677818758878
4.930683149216498
-7.2083676782381865
-19.6520852235487
-31.3138502897611
-40.8914899641062
-47.19479663557891
-49.533718973987106
-47.984828507918905
-43.34557185039192
-36.84692708705837
-29.68570095427812
-22.746133742557948
-16.672556216445503
-11.569865414562152
-7.679130618487996
-4.8005063544704
-2.819489627181578
-1.5460771791887096
-0.7830475204788498
-0.3758190144496017
-0.19772928850372093
-0.14724597158432487
-0.11943667527616636
-0.11009719721437138
-0.06391986054947951
-0.024783676565124764
65.95120092281012
62.742868170526926
59.03508048010606
54.852563802305774
50.159424552169035
44.82343715797616
38.65785263570913
31.479763523309135
23.11096734702052
13.478187546445415
2.6883445143635942
-8.841002737222917
-20.315387243841855
-30.58854307705139
-38.3955764680075
-42.73179620742271
-43.237354606504525
-40.34974472753581
-35.11239056614048
-28.760996857834357
-22.280662326869727
-16.448867219765322
-11.470910129467763
-7.634557398860732
-4.782210518202756
-2.8120058433479223
-1.543176780044674
-0.7820928381950781
-0.3755736516114163
-0.19768688709796867
-0.14724287988924228
-0.11943664195267188
-0.11009557732211783
-0.06391915374610932
-0.024783428567050673
63.25236444173689
60.03314622275172
56.30945238419032
52.106250380771385
47.37283382454991
41.99541528714572
35.81535717417143
28.652944631797244
20.363399132122975
10.925189419325646
0.5236628185121643
-10.324383525864075
-20.72685121213076
-29.5019897671687
-35.48050744131992
-37.92484058526306
-36.855039535277
-33.02779344244602
-27.622582443700015
-21.700797261314406
-16.167245257062675
-11.345339778547585
-7.577878831915611
-4.758823805695538
-2.8024232588091715
-1.5394553619089153
-0.7808654301473652
-0.37525761731056384
-0.19763215028269546
-0.14723882880941355
-0.11943658590716838
-0.11009346712636342
-0.06391823691824704
-0.024783105095506006
60.55350867723338
57.3233234621104
53.58373217052481
49.34478706658002
44.57055454680685
39.16867188226319
32.97660138297752
25.835893669832743
17.63942564532149
8.425236628240087
-1.5317284234187039
-11.606940230020541
-20.819878285392196
-27.99600238722245
-32.14094391735757
-32.86423441060358
-30.557319860815138
-26.233731267056125
-20.98183237941805
-15.813940422027542
-11.186351690393915
-7.505957110506768
-4.728969777104246
-2.7901678072474545
-1.5346854567859893
-0.7792887598124114
-0.37485086994603245
-0.19756152753215592
-0.14723352323924732
-0.11943649622214188
-0.11009072287568888
-0.06391704908602938
-0.02478268385973097
57.85464835069181
54.613428140670024
50.842905234334864
46.56754777732532
41.76886878760911
36.34390167907218
30.143495199618386
23.033445856178112
14.950233896422105
6.001700427009539
-3.4356153798598537
-12.62620968019771
-20.525579739750626
-26.032520070351264
-28.420958184195435
-27.682509506847488
-24.560443997269815
-20.09641755478063
-15.372770746035158
-10.985610492745563
-7.414910829095288
-4.690919342408685
-2.7745147997712665
-1.5285786035041178
-0.7772652646539582
-0.3743277544902475
-0.19747044488480348
-0.14722657398014471
-0.11943635668060225
-0.11008715954589682
-0.0639155118900072
-0.02478213615985365
55.15579850774077
51.88852910535767
48.08632534293526
43.79055848783032
38.96814005925506
33.522181916257715
27.318977270500596
20.252867568734953
12.312184864539475
3.6870067529916066
-5.134031896237328
-13.311631522180361
-19.783522977229747
-23.61142723008136
-24.410441999835868
-22.5769397997719
-19.016415157278587
-14.825329071243457
-10.733054549200967
-7.299974497416233
-4.642510588350944
-2.7545525172742313
-1.5207700333345575
-0.7746707948321954
-0.37365545410031403
-0.19735300468691333
-0.1472174648478297
-0.11943614293571786
-0.11008253909004449
-0.06391352469784357
-0.024781425076797356
52.44207695659196
49.147957832278266
45.329850476366836
41.01401271771383
36.16895559234787
30.705229827261043
24.507568644104843
17.505067616514566
9.748745647972918
1.5244657452784618
-6.5621046857625025
-13.592091350478995
-18.558198271695645
-20.778180388294924
-20.27093921367195
-17.715630978661782
-14.151578043013494
-10.416787016624575
-7.155351367930824
-4.58105583092201
-2.7291385193918827
-1.510800049975814
-0.7713477057894543
-0.3727920253819538
-0.19720159379938373
-0.1472055066009037
-0.11943581804099035
-0.11007655535389692
-0.06391095834517878
-0.024780503157339203
49.71279506881524
46.40746020594818
42.5735998792656
38.238242176773305
33.37230667148694
27.895778989650424
21.716255566509226
14.806178449861756
7.292463237618778
-0.4312982720321288
-7.648626428153907
-13.409406244746657
-16.853683148519227
-17.64795963365479
-16.17299179811125
-13.330815519244855
-10.023108821501642
-6.974069740175934
-4.503237177510449
-2.696847938885452
-1.49809168676967
-0.7670963423063855
-0.3716839141664652
-0.19700636993608844
-0.1471897715279939
-0.11943532536600097
-0.11006881467785237
-0.0639076471465179
-0.024779309455580715
46.983633532377695
43.667132369026554
39.81778943939446
35.463851116429076
30.579850428307438
25.0982190671973
18.955712283332748
12.179383842427168
4.986128734591618
-2.116543874371675
-8.325823528124292
-12.734455495437052
-14.735323388520214
-14.376176972366892
-12.343028361257298
-9.536755343841053
-6.747858929794403
-4.404994861962101
-2.6559134114055682
-1.4819243254295726
-0.7616646514566534
-0.3702628231108289
-0.1967545858128435
-0.14716899947463208
-0.11943457730424661
-0.11005881096223374
-0.0639033786957967
-0.02477776576082717
44.25469619152082
40.92714783791427
37.06283866888165
32.69190563404328
27.794382953809578
22.319522733183728
16.241864901792166
9.656408251698316
2.8822675926193857
-3.464472279970659
-8.542791406571437
-11.586173342036865
-12.326311082665073
-11.170980510986816
-8.941459320750807
-6.467080074019075
-4.281418357697972
-2.6041572201413152
-1.4614032082766593
-0.754735675862281
-0.3684417812268195
-0.19642969524982926
-0.1471414612790599
-0.11943343726506038
-0.11004589358801152
-0.0638978808681918
-0.02477577178910682
41.52615655592726
38.18784669584035
34.30951264431367
29.92429289808128
25.020542562817827
19.57052661530837
13.597425939846
7.27805868508296
1.0401733290909498
-4.414144012531781
-8.280836112587167
-10.04354124218789
-9.80361321556918
-8.221102828437589
-6.120797289741323
-4.126661472705787
-2.5389183964548003
-1.4354252617087468
-0.7459127420017225
-0.36611023994555447
-0.1960101659774934
-0.1471047583932978
-0.11943169092398086
-0.11002922611244825
-0.0638908052928376
-0.02477319906840156
38.79833408059912
35.449844047668385
31.559199855672222
27.16425587026585
22.26583281168983
16.867331757593256
11.052967739655521
5.093412849865067
-0.4786449458751779
-4.921046244715862
-7.570975590345561
-8.240656061636733
-7.3617565817550075
-5.69715122940748
-3.933921851085562
-2.456982032917802
-1.4026425034735976
-0.7347023029494997
-0.3631279987597407
-0.19546789675971052
-0.1470555267791223
-0.1194290004053287
-0.11000773306600012
-0.06388170636863862
-0.024769883183937733
36.0717771663432
32.71424682835768
28.814316152852435
24.417192943995815
19.541800822677303
14.232508164237291
8.647310964704365
3.1584282762492903
-1.6160149645864879
-4.97324022727798
-6.496791091324687
-6.354515808099992
-5.184215066196657
-3.6955473516396546
-2.354525781462603
-1.3614256371388507
-0.7204946674689148
-0.3593177518159753
-0.1947661013910528
-0.1469889974539841
-0.11942483150843675
-0.10998003134731847
-0.06387001472390384
-0.024765613967879116
33.34743309102859
29.982955909433645
26.078916374853073
21.69159103836636
16.865126111032247
11.695919193695822
6.427878066570674
1.5344819969848085
-2.328540070564462
-4.602955481731391
-5.198321305750821
-4.57135209826495
-3.403331483705971
-2.227107908402839
-1.309832148906007
-0.7025432969165043
-0.35445605184346
-0.193856479539834
-0.14689834394440623
-0.11941833873999326
-0.10994434175077426
-0.06385500375752796
-0.02476012314795272
30.626873038271867
27.259128511209912
23.359403063732742
18.99989736528854
14.258419683624693
9.295690602052286
4.451741471089265
0.2822363668331698
-2.6039663681562155
-3.901726042290885
-3.850815368726678
-3.0490114479217723
-2.069725168151255
-1.245584878750524
-0.6799439746334601
-0.3482625179867084
-0.19267544689151178
-0.14677371679717674
-0.11940818515524942
-0.1098983748663268
-0.06383574769901536
-0.024753068869367446
27.912646487457522
24.547711775797282
20.665189646902213
16.359122982432986
11.751153449505205
7.0802832754335085
2.783822089265321
-0.5543562655122698
-2.483475456970892
-3.0192906362755356
-2.6249239429006916
-1.8769607630852403
-1.1660674234781159
-0.6516158929853384
-0.3403871724804739
-0.1911391535996484
-0.14660082754520162
-0.11939226311915395
-0.10983918409366261
-0.06381106941123578
-0.02474401644344716
25.208703163974516
21.85596662433128
18.009141765623212
13.791520163593919
9.381810309625882
5.109584837011145
1.4849190904946967
-0.9729389858015927
-2.0795237061406104
-2.124833279721176
-1.6432360688753613
-1.068342162999016
-0.6162872346214191
-0.33039591766064125
-0.18913699675300996
-0.1463589022406465
-0.11936726789329642
-0.10976297683545089
-0.06377947605241373
-0.02473241462745952
22.52087232793205
19.193870337025086
15.408086104528493
11.326446059683438
7.200582745979474
3.4483075826535643
0.5888421034592918
-1.0425840709709686
-1.545178318263021
-1.3632150452700666
-0.9492012990557971
-0.5724881859412084
-0.3177544070589877
-0.18652336917478318
-0.14601778936904714
-0.11932805917052616
-0.10966487349915549
-0.06373908085994587
-0.02471756676948408
19.857372212083465
16.57465568285213
12.884414171955198
9.003752259825864
5.267636926391829
2.1485117205803497
0.06919657319537627
-0.8871229370228916
-1.0325068817431051
-0.8052837284707501
-0.518556048848214
-0.3018111873185381
-0.1831075414831408
-0.14553400439237646
-0.11926672989723111
-0.10953860338252824
-0.0636875099439962
-0.024698596330120934
17.22958558315321
14.016337078512155
10.469593599973269
6.8754679599415685
3.642279111377302
1.2199131756729493
-0.15940650349949145
-0.6488789231797029
-0.6333379095675034
-0.45266408862327145
-0.28178272474207045
-0.17864197829079478
-0.14484557342774362
-0.1191712955304882
-0.10937612856499244
-0.06362179451364881
-0.024674406738878902
14.653697032180043
11.545036113007306
8.207628896268199
5.0008473681554175
2.3603513371835567
0.6188595074224841
-0.2140572791143844
-0.43075757658651237
-0.3729032072358782
-0.25674715357276673
-0.17281032264761204
-0.14386579000918187
-0.11902393813318311
-0.10916719504878523
-0.06353825202134933
-0.024643636439924094
12.153676243195699
9.1988553296109
6.154062900315046
3.4312692324279386
1.4167572182068866
0.26414957550384144
-0.1965064918089175
-0.27747363103202394
-0.22566236028692988
-0.16521826112246385
-0.14247656221920366
-0.11879882062220533
-0.10889883012334008
-0.06343236569707658
-0.024604611594748877
9.76463943531343
7.028762556336315
4.36691162692007
2.1919375937122516
0.769894205215655
0.06753786627670957
-0.16507255623944034
-0.18743877849355722
-0.15539437691114466
-0.1405230918535539
-0.11845967919213721
-0.10855484606250376
-0.063298682408096
-0.024555301764876927
7.534109506198742
5.093593231711818
2.89129434059212
1.2776983791190775
0.3548731433892235
-0.03558087001087866
-0.1411164766522395
-0.14281486056573528
-0.13781340683294693
-0.11795777732598185
-0.10811548725045515
-0.06313076652694191
-0.024493288485301322
5.519501063085025
3.4491215235619954
1.7507297265623951
0.6523179444676317
0.10884946277275676
-0.08621387497903704
-0.12697551366622578
-0.134128864080949
-0.11723143804298237
-0.10755748561030909
-0.06292127640878575
-0.024415763779853283
3.7811697421067283
2.13823790852078
0.9376054634243252
0.26224717671283704
-0.02331801684905804
-0.10754387528132213
-0.12925478969400941
-0.11620928450786704
-0.10685498110207492
-0.06266227328426953
-0.02431958631721578
2.3725141900181366
1.1769315526462951
0.4129215173294074
0.04505446030222017
-0.08462443323299124
-0.12304248510900564
-0.11482034286991659
-0.10598200982465714
-0.06234593221481604
-0.024201437232762798
1.3236072508585763
0.5417240461257857
0.11342779728062402
-0.05914353370610205
-0.115511468461197
-0.11301470628987959
-0.1049174915463522
-0.061965896289211786
-0.02405813536396285
0.6215437283109879
0.17252392554956075
-0.03328834725751927
-0.10698834829357776
-0.11079725652354647
-0.10365369102384009
-0.06151957205295766
-0.0238871897719084
0.2092299231857628
-0.010815743976545854
-0.09825111131747899
-0.1082721300281832
-0.10220865471832248
-0.061011648611123785
-0.02368767651946525
0.0030559446248068813
-0.09061033596544638
-0.10568595968362288
-0.10064168710478144
-0.06045892367720851
-0.02346151010692766
-0.08583400850915224
-0.1034464387420374
-0.09906819489479617
-0.059895978970833846
-0.023215107329112937
-0.10208868030587843
-0.09766665647657732
-0.05938022118760057
-0.022961269596656272
-0.0966685345122813
-0.05899330996251129
-0.022720793034988276
-0.05883449032682823
-0.02252284416653464
-0.02240258614215931
);
boundaryField
{
	inlet
	{
		type zeroGradient;
	}

	outlet
	{
		type fixedValue;
		value uniform 0.0;
	}

	bump
	{
		type zeroGradient;
	}

	frontAndBack
	{
		type empty;
	}

	top
	{
		type zeroGradient;
	}

	symUp
	{
		type zeroGradient;
	}

	symDown
	{
		type zeroGradient;
	}

}
