FoamFile
{
    version     2.0;
    format      ascii;
    class       volVectorField;
    location    "1";
    object      U;
}

internalField   nonuniform List<vector>
13770
(
(69.43999999259971 4.6432268190865874e-14 0.0)
(69.43999994714216 4.642895433804255e-14 0.0)
(69.43999998607777 1.0051043936888259e-13 0.0)
(69.43999989801694 -9.284969831544427e-14 0.0)
(69.43999990056432 1.2451473192640437e-13 0.0)
(69.43999998216941 -3.791266026464045e-14 0.0)
(69.43999980896812 5.106174028626709e-13 0.0)
(69.43999980816537 -2.056625424244417e-13 0.0)
(69.43999987265465 4.6965338528851285e-14 0.0)
(69.43999997716485 -2.1450102143662005e-13 0.0)
(69.43999947788132 2.877634819190504e-12 0.0)
(69.43999964069532 2.929755160232368e-12 0.0)
(69.43999975433258 5.817721259854009e-14 0.0)
(69.43999983692022 -1.0628245935638396e-13 0.0)
(69.43999997075731 -6.795756660236389e-13 0.0)
(69.4399988505757 5.011811574848449e-12 0.0)
(69.43999901808395 1.6172779302554743e-11 0.0)
(69.43999953989352 6.7738245266709465e-12 0.0)
(69.43999968541452 5.924116702962939e-13 0.0)
(69.43999979117308 -3.607500841258252e-13 0.0)
(69.43999996255457 -1.1533150957241422e-12 0.0)
(69.4399969643249 2.215408982893743e-11 0.0)
(69.43999783866943 3.449340535116378e-11 0.0)
(69.43999874270048 3.3827625127460106e-11 0.0)
(69.43999941086162 1.2962813053522183e-11 0.0)
(69.4399995971978 1.2659611602533549e-12 0.0)
(69.43999973261694 -8.162458511832303e-13 0.0)
(69.4399999520553 -1.8639252734014486e-12 0.0)
(69.43999294278561 5.647255986519735e-11 0.0)
(69.43999429288654 1.2707160770228956e-10 0.0)
(69.43999723275839 8.81566464068985e-11 0.0)
(69.4399983902519 5.99251694423299e-11 0.0)
(69.43999924572564 2.1857460650069078e-11 0.0)
(69.43999948430051 2.6114106934401872e-12 0.0)
(69.43999965768064 -1.3080467394433316e-12 0.0)
(69.43999993861952 -2.81121530417607e-12 0.0)
(69.43998531478528 1.1981805007302144e-10 0.0)
(69.43998673534476 3.209479795306315e-10 0.0)
(69.4399926937466 2.781623017508401e-10 0.0)
(69.43999645744182 1.7298582386123167e-10 0.0)
(69.43999793927983 9.775986904073922e-11 0.0)
(69.43999903443492 3.484072691926587e-11 0.0)
(69.43999933985423 4.192242004600797e-12 0.0)
(69.43999956180754 -2.175629684548936e-12 0.0)
(69.43999992143051 -4.8486933370851935e-12 0.0)
(69.43996979272926 2.9666872943191577e-10 0.0)
(69.43997240560124 6.947532454013288e-10 0.0)
(69.43998302087917 6.945313924392697e-10 0.0)
(69.439990648018 5.052475183902632e-10 0.0)
(69.43999546564972 2.956791169273379e-10 0.0)
(69.43999736241727 1.525965806714121e-10 0.0)
(69.43999876417391 5.343819533168504e-11 0.0)
(69.43999915510317 6.6801524575986335e-12 0.0)
(69.43999943918885 -3.6411243015167675e-12 0.0)
(69.4399998994475 -7.280414277752682e-12 0.0)
(69.4399436822494 5.745386343695826e-10 0.0)
(69.43994325846299 1.6633256906739844e-9 0.0)
(69.43996468435293 1.5354133492861175e-9 0.0)
(69.43997827055286 1.2536347389558362e-9 0.0)
(69.4399880319403 8.340559436645595e-10 0.0)
(69.43999419741489 4.737419998301659e-10 0.0)
(69.43999662480735 2.3225991829942129e-10 0.0)
(69.43999841862421 8.055739540857373e-11 0.0)
(69.43999891889868 1.0354125202182736e-11 0.0)
(69.4399992824309 -5.4514753365663856e-12 0.0)
(69.43999987134583 -1.0364283622689654e-11 0.0)
(69.43990197943982 1.0945562984154938e-9 0.0)
(69.43989425787704 3.3235195572666046e-9 0.0)
(69.43992739658971 3.55232686681514e-9 0.0)
(69.43995481364536 2.802730073667359e-9 0.0)
(69.43997219824003 2.0632119965257175e-9 0.0)
(69.43998468805042 1.31032233252271e-9 0.0)
(69.4399925764619 7.309733493485354e-10 0.0)
(69.43999568212784 3.4704435706025527e-10 0.0)
(69.43999797703808 1.1969574227672913e-10 0.0)
(69.43999861707157 1.514459254835455e-11 0.0)
(69.43999908213883 -7.921528426500626e-12 0.0)
(69.4399998354429 -1.550253629310703e-11 0.0)
(69.43983422400078 2.3423412305516797e-9 0.0)
(69.43981605468747 6.452995836040578e-9 0.0)
(69.43986473287096 7.3314738867794594e-9 0.0)
(69.43990712865413 6.3625699593019494e-9 0.0)
(69.4399422021567 4.637300372449794e-9 0.0)
(69.43996444049124 3.23514290776634e-9 0.0)
(69.43998041640104 1.9990978327223357e-9 0.0)
(69.43999050597249 1.1039497206202309e-9 0.0)
(69.439994478128 5.132761231853923e-10 0.0)
(69.43999741309543 1.7646060182858895e-10 0.0)
(69.43999823165227 2.2710301906590127e-11 0.0)
(69.43999882640134 -1.1364180390688e-11 0.0)
(69.43999978960626 -2.2442356097085974e-11 0.0)
(69.43973374505758 4.27511924917084e-9 0.0)
(69.43968910958847 1.340291414973276e-8 0.0)
(69.4397647687974 1.450459278272712e-8 0.0)
(69.43982702858692 1.336790958638316e-8 0.0)
(69.4398812486262 1.042798011335407e-8 0.0)
(69.43992610028737 7.2913978575493805e-9 0.0)
(69.43995453676487 4.93041968291236e-9 0.0)
(69.43997496374504 2.9958463970865796e-9 0.0)
(69.43998786334714 1.643553442532107e-9 0.0)
(69.43999294161547 7.540169101688289e-10 0.0)
(69.43999669349743 2.5910824899763056e-10 0.0)
(69.43999773991486 3.390170804364912e-11 0.0)
(69.43999850016263 -1.6842212360475292e-11 0.0)
(69.43999973114151 -3.295589127746208e-11 0.0)
(69.43958612828558 7.473663524447265e-9 0.0)
(69.43950108103175 2.4623137010267335e-8 0.0)
(69.43960258615526 2.9260561110413506e-8 0.0)
(69.43969932261261 2.6707154105947415e-8 0.0)
(69.439778920158 2.2095792683736663e-8 0.0)
(69.43984823151234 1.6305676841774772e-8 0.0)
(69.4399055606649 1.1128300509413051e-8 0.0)
(69.43994190532597 7.381341473501285e-9 0.0)
(69.4399680102933 4.436766868039762e-9 0.0)
(69.43998449386845 2.423410507269022e-9 0.0)
(69.43999098278947 1.1023162982442223e-9 0.0)
(69.43999577626089 3.775535308936332e-10 0.0)
(69.43999711322546 4.876683724703497e-11 0.0)
(69.43999808446188 -2.425484527577e-11 0.0)
(69.43999965665704 -4.842384882791703e-11 0.0)
(69.43936680796027 1.387878667806566e-8 0.0)
(69.43922524995742 4.3348651692646156e-8 0.0)
(69.43936253676462 5.4135896382765595e-8 0.0)
(69.43949227177914 5.302997681096596e-8 0.0)
(69.43961589422639 4.433871695891571e-8 0.0)
(69.43971760310792 3.470587986952748e-8 0.0)
(69.43980615621204 2.4796780296023082e-8 0.0)
(69.43987939062382 1.6672007127065243e-8 0.0)
(69.43992581413218 1.092248134977903e-8 0.0)
(69.43995915392796 6.519191455372851e-9 0.0)
(69.4399802031028 3.5507975241799495e-9 0.0)
(69.43998848886409 1.6045928984947679e-9 0.0)
(69.4399946086988 5.48724648406572e-10 0.0)
(69.43999631567158 7.108849382657204e-11 0.0)
(69.43999755553355 -3.632819154815688e-11 0.0)
(69.43999956190707 -6.968492658174507e-11 0.0)
(69.43906879898485 2.266370276280959e-8 0.0)
(69.438816161338 7.918020664684976e-8 0.0)
(69.43901070221624 9.601869368770226e-8 0.0)
(69.43918609227109 9.846341190903992e-8 0.0)
(69.43935180715768 8.734316249274488e-8 0.0)
(69.43950968484135 6.97906512943237e-8 0.0)
(69.43963955876059 5.290796075586806e-8 0.0)
(69.43975261430639 3.7052175388758714e-8 0.0)
(69.43984609581668 2.4673927741676772e-8 0.0)
(69.43990534679091 1.6033597509001372e-8 0.0)
(69.43994789164269 9.523839350890282e-9 0.0)
(69.43997474801765 5.177615099989769e-9 0.0)
(69.43998531899871 2.3291950962641284e-9 0.0)
(69.43999312506973 7.959217560867992e-10 0.0)
(69.43999530247908 1.0350496725991516e-10 0.0)
(69.43999688378939 -5.2872735767335384e-11 0.0)
(69.43999944160655 -1.019799113461041e-10 0.0)
(69.43866450838645 3.793081352142239e-8 0.0)
(69.43826165488372 1.3121544233761157e-7 0.0)
(69.43848944012858 1.7262495637024458e-7 0.0)
(69.43873783379611 1.752797044715375e-7 0.0)
(69.4389617385371 1.6238568069991154e-7 0.0)
(69.43917324628312 1.368192269914836e-7 0.0)
(69.43937470382177 1.0648765061244579e-7 0.0)
(69.43954039880731 7.915013251564005e-8 0.0)
(69.43968460440307 5.471794270796972e-8 0.0)
(69.43980381599204 3.6209261807282516e-8 0.0)
(69.4398793635991 2.3402232667041647e-8 0.0)
(69.43993359845332 1.385586438364539e-8 0.0)
(69.43996782700196 7.524106151817372e-9 0.0)
(69.43998129857913 3.373996067008981e-9 0.0)
(69.43999124395208 1.1521052038565735e-9 0.0)
(69.43999401828583 1.4903885254515984e-10 0.0)
(69.4399960326603 -7.706014696641192e-11 0.0)
(69.43999928923598 -1.4796809282623082e-10 0.0)
(69.43811255323425 6.603957382174833e-8 0.0)
(69.43751162952643 2.1875274725650247e-7 0.0)
(69.43778390883153 2.9052644439569876e-7 0.0)
(69.43807460072395 3.1228891890839216e-7 0.0)
(69.4383914735433 2.8941583127084003e-7 0.0)
(69.43867704492422 2.5442947215776134e-7 0.0)
(69.43894673183974 2.0805264384041142e-7 0.0)
(69.43920352845146 1.5931940713315765e-7 0.0)
(69.43941469122707 1.1692634449515218e-7 0.0)
(69.43959841618043 8.014306056617745e-8 0.0)
(69.43975025424326 5.281362057557958e-8 0.0)
(69.43984645903437 3.400971362257052e-8 0.0)
(69.4399155047239 2.0090724782030192e-8 0.0)
(69.4399590691074 1.0903170604682287e-8 0.0)
(69.43997621313335 4.876493456129991e-9 0.0)
(69.43998886553443 1.6631680523402722e-9 0.0)
(69.43999239527514 2.14520371342989e-10 0.0)
(69.43999495745075 -1.132572460608062e-10 0.0)
(69.43999909683828 -2.151462618603956e-10 0.0)
(69.4374022437287 1.0247607778678182e-7 0.0)
(69.43649133996188 3.7300748097178697e-7 0.0)
(69.43683128772125 4.82936895715156e-7 0.0)
(69.43717855893138 5.29703089931955e-7 0.0)
(69.43754914939439 5.130444003464676e-7 0.0)
(69.43795292232859 4.534681943048822e-7 0.0)
(69.43831671164142 3.8672072510452153e-7 0.0)
(69.43866014925926 3.104175661054685e-7 0.0)
(69.43898704782451 2.352360126988114e-7 0.0)
(69.43925577943371 1.7120131058889485e-7 0.0)
(69.4394895097169 1.1666435739122045e-7 0.0)
(69.43968260440428 7.666734671846694e-8 0.0)
(69.4398049190247 4.924904010083206e-8 0.0)
(69.4398926733793 2.9047281871440138e-8 0.0)
(69.43994802344518 1.575886037874034e-8 0.0)
(69.43996980258316 7.0347527048636975e-9 0.0)
(69.43998586891385 2.3985305105471423e-9 0.0)
(69.43999035151941 3.086293596385699e-10 0.0)
(69.43999360426352 -1.666283590161894e-10 0.0)
(69.43999885483831 -3.107870581108119e-10 0.0)
(69.43647585031616 1.6098622634226098e-7 0.0)
(69.43518465239227 5.825150325234811e-7 0.0)
(69.43553814224654 8.074305535759595e-7 0.0)
(69.43597140276295 8.785214750617499e-7 0.0)
(69.43641379463891 8.727708852290983e-7 0.0)
(69.43688562462032 8.009451192424096e-7 0.0)
(69.4373993912704 6.887197796882906e-7 0.0)
(69.43786212693469 5.764145965468871e-7 0.0)
(69.43829878559926 4.5716949429964603e-7 0.0)
(69.43871421926832 3.440623399571463e-7 0.0)
(69.43905561082425 2.489928398934476e-7 0.0)
(69.43935240369221 1.6899327021672e-7 0.0)
(69.43959748598435 1.1085292252154235e-7 0.0)
(69.4397526829521 7.1088871667354e-8 0.0)
(69.43986398031655 4.188115920068592e-8 0.0)
(69.43993415068469 2.2722143843228875e-8 0.0)
(69.43996175632634 1.0124077109450545e-8 0.0)
(69.4399821101679 3.4481982260604025e-9 0.0)
(69.43998778972306 4.400483404630247e-10 0.0)
(69.43999190926257 -2.4553728255914693e-10 0.0)
(69.4399985519277 -4.490508567916964e-10 0.0)
(69.43529755161977 2.525776087153219e-7 0.0)
(69.43349021411358 9.116940198603476e-7 0.0)
(69.43388669286053 1.2709901486214342e-6 0.0)
(69.43433711162506 1.4519747336312282e-6 0.0)
(69.43488853151071 1.4443441234029225e-6 0.0)
(69.43545124353643 1.3634467458249116e-6 0.0)
(69.43605097292253 1.2126164675879187e-6 0.0)
(69.43670351424505 1.0250833839589555e-6 0.0)
(69.43729098790928 8.476182992992913e-7 0.0)
(69.43784505458028 6.669267921573157e-7 0.0)
(69.43837187555638 4.995958809742276e-7 0.0)
(69.43880460743945 3.6014932373075024e-7 0.0)
(69.43918059678569 2.437370208748861e-7 0.0)
(69.43949090006521 1.5969331681914852e-7 0.0)
(69.43968731997492 1.0229420602230916e-7 0.0)
(69.43982810416091 6.021438498835197e-8 0.0)
(69.439916818245 3.267681099230907e-8 0.0)
(69.43995171150853 1.453248700427417e-8 0.0)
(69.43997742168195 4.946359486609307e-9 0.0)
(69.43998459696456 6.261026048495088e-10 0.0)
(69.43998979863221 -3.610762007259375e-10 0.0)
(69.43999817507914 -6.469962301432173e-10 0.0)
(69.4338659766817 3.823518819264538e-7 0.0)
(69.43135069194595 1.4228920460045718e-6 0.0)
(69.43175235631938 1.985321848326668e-6 0.0)
(69.43225742116068 2.293053723863226e-6 0.0)
(69.43283050219574 2.3706786004936617e-6 0.0)
(69.43353106054965 2.2507610224658715e-6 0.0)
(69.43424544325715 2.0627172788255865e-6 0.0)
(69.43500614773392 1.7991160737171485e-6 0.0)
(69.43583305145768 1.504254596626011e-6 0.0)
(69.4365771036477 1.2339290231674572e-6 0.0)
(69.43727836838129 9.656191957548787e-7 0.0)
(69.43794465157883 7.210492182206933e-7 0.0)
(69.43849163243233 5.183780578500124e-7 0.0)
(69.43896655550215 3.500813679911257e-7 0.0)
(69.43935822946706 2.2920661583939613e-7 0.0)
(69.43960603589214 1.4671157992131986e-7 0.0)
(69.43978353065931 8.630270221162364e-8 0.0)
(69.43989530482662 4.685855110229868e-8 0.0)
(69.43993925607272 2.0802610311421512e-8 0.0)
(69.43997161396952 7.072303573235519e-9 0.0)
(69.43998064619932 8.846632962250659e-10 0.0)
(69.43998718973229 -5.346133703228147e-10 0.0)
(69.43999770978694 -9.328040485681952e-10 0.0)
(69.43208195787406 6.070954811640663e-7 0.0)
(69.42877617308523 2.144782962796277e-6 0.0)
(69.42906878542529 3.089017801629707e-6 0.0)
(69.42958089370285 3.5731102206996293e-6 0.0)
(69.43022326246418 3.7436392480445384e-6 0.0)
(69.43095102778645 3.6743095821191063e-6 0.0)
(69.4318390629283 3.3949281102563088e-6 0.0)
(69.43274380529667 3.054786879433105e-6 0.0)
(69.43370614282343 2.6308865004702895e-6 0.0)
(69.43475099434862 2.1837478102679893e-6 0.0)
(69.43569053056639 1.7816832919449231e-6 0.0)
(69.43657528767739 1.3889775933450326e-6 0.0)
(69.43741513466355 1.0348882138344187e-6 0.0)
(69.43810412174138 7.425510302074582e-7 0.0)
(69.43870182099768 5.006576230806959e-7 0.0)
(69.43919431939828 3.276708240675864e-7 0.0)
(69.43950572437969 2.0963536645853913e-7 0.0)
(69.43972858719347 1.2324957713175473e-7 0.0)
(69.43986881805657 6.69686223461475e-8 0.0)
(69.43992394007643 2.9667293579499216e-8 0.0)
(69.43996448144647 1.00725446676846e-8 0.0)
(69.43997580050038 1.2380637191800893e-9 0.0)
(69.4399839941403 -7.922255623885587e-10 0.0)
(69.43999714063847 -1.3420527924058097e-9 0.0)
(69.42991850237934 8.913245732119663e-7 0.0)
(69.42560321136929 3.3309304670610095e-6 0.0)
(69.42585751627821 4.648678718068976e-6 0.0)
(69.42623335547658 5.541346462414414e-6 0.0)
(69.4268853003196 5.814229587121868e-6 0.0)
(69.4277006113315 5.791071198279136e-6 0.0)
(69.42862258121573 5.513897670992503e-6 0.0)
(69.42974508355285 5.009286956445812e-6 0.0)
(69.43088741367514 4.454441413728569e-6 0.0)
(69.43210080578353 3.8038524851224742e-6 0.0)
(69.43341632264503 3.1418768136462446e-6 0.0)
(69.43459826329092 2.553963505283479e-6 0.0)
(69.43571013351225 1.9855980487484017e-6 0.0)
(69.43676436361295 1.4771011339461025e-6 0.0)
(69.43762848079912 1.058308661204534e-6 0.0)
(69.43837730943162 7.125971613716255e-7 0.0)
(69.43899366732668 4.6633415125140996e-7 0.0)
(69.43938309774718 2.9826369907883203e-7 0.0)
(69.43966151689334 1.752689374853696e-7 0.0)
(69.43983653254098 9.533287319184195e-8 0.0)
(69.4399052989809 4.213026441273613e-8 0.0)
(69.43995581382211 1.4283649147031534e-8 0.0)
(69.43996992122828 1.723248596774666e-9 0.0)
(69.43998012322369 -1.177539993616581e-9 0.0)
(69.43999645236244 -1.9218432544549225e-9 0.0)
(69.42725033100592 1.3627848159686427e-6 0.0)
(69.42180929497017 4.884926782599342e-6 0.0)
(69.42192482462586 7.083529561263134e-6 0.0)
(69.42225514114496 8.315178658753647e-6 0.0)
(69.42273775968152 8.980443516347628e-6 0.0)
(69.42356604685966 8.955939982578939e-6 0.0)
(69.42459810891981 8.6612990298305e-6 0.0)
(69.42576253299093 8.092073675453982e-6 0.0)
(69.42717635337252 7.271517856244302e-6 0.0)
(69.42861316581697 6.415673177030415e-6 0.0)
(69.43013680969808 5.446551794943913e-6 0.0)
(69.43178575051732 4.4835760570132955e-6 0.0)
(69.43326576266888 3.635285160691483e-6 0.0)
(69.43465625890617 2.8205108592969342e-6 0.0)
(69.43597283684795 2.0958364924866777e-6 0.0)
(69.43705087253207 1.499924728885388e-6 0.0)
(69.43798385597763 1.0087555389047795e-6 0.0)
(69.4387507875435 6.602288319033253e-7 0.0)
(69.43923491447187 4.222217433261883e-7 0.0)
(69.4395806084932 2.479939570970919e-7 0.0)
(69.43979765480711 1.350659206089304e-7 0.0)
(69.43988289239027 5.9519721062344973e-8 0.0)
(69.43994541478513 2.0140565711425297e-8 0.0)
(69.43996288097117 2.3694576285306698e-9 0.0)
(69.43997549698469 -1.7536187871558536e-9 0.0)
(69.4399956314293 -2.7456230901126986e-9 0.0)
(69.42400275460805 2.0479693090146694e-6 0.0)
(69.41720575716063 7.29937024975546e-6 0.0)
(69.41725998258305 1.041914933985247e-5 0.0)
(69.41742113904054 1.2509806719028823e-5 0.0)
(69.41785062449202 1.3415724119293103e-5 0.0)
(69.41846985754309 1.3763403201839316e-5 0.0)
(69.41951935051733 1.3323423178392272e-5 0.0)
(69.42082133958222 1.2651615174239158e-5 0.0)
(69.42228625434488 1.1675341709128364e-5 0.0)
(69.42405908918785 1.0415301759588376e-5 0.0)
(69.42585773932046 9.141052304669877e-6 0.0)
(69.42776122526547 7.727849205714978e-6 0.0)
(69.4298168290963 6.346710586623508e-6 0.0)
(69.43165957491024 5.13668942812736e-6 0.0)
(69.43338819453315 3.97904386027537e-6 0.0)
(69.43502220065709 2.9542565378656452e-6 0.0)
(69.43635845385333 2.112324808814129e-6 0.0)
(69.43751310743212 1.419020194240212e-6 0.0)
(69.43846076783987 9.290586318632428e-7 0.0)
(69.43905832843893 5.941365453911163e-7 0.0)
(69.43948439169566 3.488003661246496e-7 0.0)
(69.4397515190264 1.9027887506535354e-7 0.0)
(69.43985636049297 8.3567369444227e-8 0.0)
(69.43993312843482 2.8216874797285458e-8 0.0)
(69.4399545818624 3.2204138658822615e-9 0.0)
(69.4399700561647 -2.6108979282940775e-9 0.0)
(69.439994668237 -3.9090043456548535e-9 0.0)
(69.420155236787 2.9690336303787153e-6 0.0)
(69.41171266897285 1.0860042640925073e-5 0.0)
(69.41165089272096 1.5284745441050397e-5 0.0)
(69.41174308070961 1.8379105678336743e-5 0.0)
(69.41196852168494 1.998395772599854e-5 0.0)
(69.41252701842406 2.0439966849868323e-5 0.0)
(69.41332025414297 2.0348589913840777e-5 0.0)
(69.41464529179417 1.933372183852179e-5 0.0)
(69.41628062503933 1.8143674592819592e-5 0.0)
(69.41811457482632 1.660571885055668e-5 0.0)
(69.42032536121532 1.4740619892661277e-5 0.0)
(69.42256383020054 1.2890769245186006e-5 0.0)
(69.4249270622575 1.0864306771408963e-5 0.0)
(69.427472629942 8.908161127866337e-6 0.0)
(69.42975123633589 7.200689208939523e-6 0.0)
(69.43188482887342 5.570530040739823e-6 0.0)
(69.43389762016872 4.133315479987345e-6 0.0)
(69.43554117570112 2.9530252839381494e-6 0.0)
(69.43695874492413 1.9815497019482866e-6 0.0)
(69.43812003402417 1.2980623519346767e-6 0.0)
(69.4388513596846 8.302057251174856e-7 0.0)
(69.43937189536526 4.871462985650704e-7 0.0)
(69.43969771197727 2.662835336647611e-7 0.0)
(69.43982549564359 1.164866947409081e-7 0.0)
(69.43991887274125 3.922811863550638e-8 0.0)
(69.43994497799758 4.30870567015743e-9 0.0)
(69.43996377698258 -3.88951025676414e-9 0.0)
(69.43999355968641 -5.533666501889634e-9 0.0)
(69.41488854436268 5.701259700325472e-6 0.0)
(69.40536441781047 1.5557147703829657e-5 0.0)
(69.40503082407024 2.264750827790415e-5 0.0)
(69.40499033942011 2.659794598594077e-5 0.0)
(69.40514077539888 2.9219872613647806e-5 0.0)
(69.40545598541212 3.0154429286752857e-5 0.0)
(69.40618138456065 2.9997097457536013e-5 0.0)
(69.40719471657262 2.9306353995811926e-5 0.0)
(69.40885975643633 2.7505455482660325e-5 0.0)
(69.41090242730917 2.5612886062931314e-5 0.0)
(69.41318440634258 2.3309244908719837e-5 0.0)
(69.41592274065796 2.062146862233617e-5 0.0)
(69.41868880625174 1.7989555666118167e-5 0.0)
(69.42160076806003 1.5125786163096325e-5 0.0)
(69.42472800288664 1.2388552722880119e-5 0.0)
(69.42752245528011 1.0005132871295607e-5 0.0)
(69.43013342087441 7.73123376677331e-6 0.0)
(69.43259086237944 5.73393666102165e-6 0.0)
(69.43459399176695 4.093673456127132e-6 0.0)
(69.43631798309475 2.743727270327545e-6 0.0)
(69.43772726825257 1.7987150333045793e-6 0.0)
(69.43861344747543 1.150666818375996e-6 0.0)
(69.43924294623777 6.748320170612452e-7 0.0)
(69.43963621300355 3.6976511799429754e-7 0.0)
(69.43979032205804 1.6100932297508004e-7 0.0)
(69.43990267537768 5.405944494052211e-8 0.0)
(69.43993409919696 5.669860080164393e-9 0.0)
(69.43995668614883 -5.77885525147525e-9 0.0)
(69.43999231177129 -7.787098904994423e-9 0.0)
(69.41017944931865 0.0030902089370026106 0.0)
(69.39685553511548 2.848204516483271e-5 0.0)
(69.39748288493637 3.2281460693674925e-5 0.0)
(69.39712421070777 3.918025843528837e-5 0.0)
(69.3971265329731 4.178156458873133e-5 0.0)
(69.39736351884471 4.377396972485573e-5 0.0)
(69.39780236424619 4.37960588790118e-5 0.0)
(69.39874171040027 4.2816072213612204e-5 0.0)
(69.40003056040003 4.131987297347707e-5 0.0)
(69.40211008577894 3.845969130678726e-5 0.0)
(69.40464390879127 3.5630285358197374e-5 0.0)
(69.40746210297401 3.2298021619930226e-5 0.0)
(69.41082625975044 2.8508144564989274e-5 0.0)
(69.41421515818483 2.482920268679406e-5 0.0)
(69.41777114699497 2.0837432702610095e-5 0.0)
(69.42157694768113 1.7054112727481283e-5 0.0)
(69.42497089961599 1.3764995686400953e-5 0.0)
(69.42813419925176 1.0625595477205479e-5 0.0)
(69.43110361610442 7.878054589429104e-6 0.0)
(69.43351922300697 5.620775140819395e-6 0.0)
(69.43559313331734 3.762572431331424e-6 0.0)
(69.43728433915396 2.469111713441203e-6 0.0)
(69.43834599788507 1.580077665755477e-6 0.0)
(69.43909845225163 9.261589039296392e-7 0.0)
(69.43956752488288 5.089129908400849e-7 0.0)
(69.43975116644928 2.2043024283022673e-7 0.0)
(69.43988470478916 7.375428644080666e-8 0.0)
(69.43992207041084 7.315478527883312e-9 0.0)
(69.43994887276783 -8.536239117146598e-9 0.0)
(69.43999094149247 -1.0875864439774082e-8 0.0)
(69.38972020597578 0.010016367113504118 0.0)
(44.20767987441543 0.0034514664728172635 0.0)
(69.38748391459252 5.671565100446822e-5 0.0)
(69.38829811992964 5.544755587347352e-5 0.0)
(69.38793382136042 6.104497288110381e-5 0.0)
(69.38800976719055 6.181573332738652e-5 0.0)
(69.38837110912966 6.298930519655109e-5 0.0)
(69.38897697827541 6.178971073896355e-5 0.0)
(69.39018676543441 5.972832994309502e-5 0.0)
(69.3918156870483 5.717026258569231e-5 0.0)
(69.39439273363999 5.290710308645242e-5 0.0)
(69.3975090421211 4.8852715120811816e-5 0.0)
(69.40095796680593 4.416219533639575e-5 0.0)
(69.40505099102478 3.8921272402157426e-5 0.0)
(69.40916125843579 3.386437266458599e-5 0.0)
(69.41345839811845 2.837607517096541e-5 0.0)
(69.41803961214003 2.321443324777943e-5 0.0)
(69.4221158129074 1.873085814579549e-5 0.0)
(69.42590448786581 1.4445103275762179e-5 0.0)
(69.42945042018547 1.0707952353051627e-5 0.0)
(69.43232855799582 7.635257779538086e-6 0.0)
(69.43479286407415 5.104376609999299e-6 0.0)
(69.43679702010105 3.3538720617918568e-6 0.0)
(69.43805277622221 2.1473022575542736e-6 0.0)
(69.43894059753826 1.257930315131892e-6 0.0)
(69.43949275497715 6.934795332155617e-7 0.0)
(69.43970869895108 2.9859007378501704e-7 0.0)
(69.4398652857494 9.952040021898474e-8 0.0)
(69.43990912035429 9.227209096317274e-9 0.0)
(69.43994049249484 -1.2509542380012556e-8 0.0)
(69.43998947735288 -1.5058073543564033e-8 0.0)
(69.37938450112898 0.010913635822166297 0.0)
(63.021578612657926 0.011265679552732642 0.0)
(41.63129731752687 0.00038221279433702676 0.0)
(69.37675648107329 9.480002252332812e-5 0.0)
(69.37781000816976 8.553198594387661e-5 0.0)
(69.37747018026242 8.940944776202277e-5 0.0)
(69.37766106353267 8.773785295001539e-5 0.0)
(69.37819472455253 8.787866210370094e-5 0.0)
(69.37902055660601 8.50761760548022e-5 0.0)
(69.38056586355914 8.162769835676664e-5 0.0)
(69.38260680783458 7.770171914216195e-5 0.0)
(69.38576967483102 7.16179325523709e-5 0.0)
(69.3895631382596 6.599836624429017e-5 0.0)
(69.39373872437804 5.9549673199973145e-5 0.0)
(69.39866246800102 5.2435822703992444e-5 0.0)
(69.40358999456132 4.560009480466297e-5 0.0)
(69.40872066492226 3.8160364940326684e-5 0.0)
(69.41416742374372 3.12151340070395e-5 0.0)
(69.41900162035904 2.5183699776763394e-5 0.0)
(69.42348120703069 1.940439507272436e-5 0.0)
(69.42766026443275 1.4383677022858453e-5 0.0)
(69.43104400771489 1.0250735012020176e-5 0.0)
(69.4339327151611 6.843506426458761e-6 0.0)
(69.43627520769029 4.5035341470086e-6 0.0)
(69.4377399931955 2.8851849532676347e-6 0.0)
(69.43877285679987 1.6892613872362357e-6 0.0)
(69.4394136095507 9.347159510739513e-7 0.0)
(69.43966392107711 3.9982434906471553e-7 0.0)
(69.43984489052444 1.3270197536455873e-7 0.0)
(69.43989557294104 1.135788227077083e-8 0.0)
(69.4399317604311 -1.8142869169048543e-8 0.0)
(69.43998795784637 -2.0645940775859428e-8 0.0)
(69.36777116038625 0.011348734154755258 0.0)
(67.88440843544701 0.012598878754576298 0.0)
(61.280039434169296 0.0014810488006136283 0.0)
(41.29374640357062 5.415988074360461e-5 0.0)
(69.3647533925198 0.00014342909755160366 0.0)
(69.36610796454308 0.00012375748550269897 0.0)
(69.36583414061946 0.00012541586138156122 0.0)
(69.36619160660416 0.00012054976078702607 0.0)
(69.3669547075835 0.0001194386650672822 0.0)
(69.36806153232158 0.00011458315993635216 0.0)
(69.37001324355072 0.0001094072649626946 0.0)
(69.37254190896827 0.00010376684485430466 0.0)
(69.37637888731332 9.537519230271854e-5 0.0)
(69.38094119518335 8.780845440926329e-5 0.0)
(69.38593396772136 7.913444318843138e-5 0.0)
(69.39178149214997 6.965565001928198e-5 0.0)
(69.3976116746461 6.0572220540478887e-5 0.0)
(69.40365600820655 5.063498151456638e-5 0.0)
(69.41004382905366 4.142633850483014e-5 0.0)
(69.41569798396172 3.342644328462641e-5 0.0)
(69.42092047290433 2.5735079230953297e-5 0.0)
(69.42577594863408 1.9078873595293357e-5 0.0)
(69.42969721190474 1.3590697858379427e-5 0.0)
(69.43303445022025 9.060574747527482e-6 0.0)
(69.43573244126004 5.9735239277638125e-6 0.0)
(69.43741595029098 3.8299607177599515e-6 0.0)
(69.43859977633205 2.2412401154246953e-6 0.0)
(69.43933227398298 1.2452302309818534e-6 0.0)
(69.43961809050867 5.288879850805638e-7 0.0)
(69.43982410059826 1.7474948654709518e-7 0.0)
(69.4398818195477 1.3603683279018912e-8 0.0)
(69.43992293181391 -2.597122660606779e-8 0.0)
(69.43998642780518 -2.799142456622379e-8 0.0)
(69.35505251742202 0.011475522724726626 0.0)
(69.04489985049513 0.013227029774349548 0.0)
(67.17142775923601 0.0020557620522285683 0.0)
(60.868784036011284 0.0002474152500752606 0.0)
(41.19953721424533 1.9260873403808873e-5 0.0)
(69.351661249563 0.000204135701825829 0.0)
(69.35338435039975 0.00017117138280667687 0.0)
(69.35322841132192 0.00017004777385772063 0.0)
(69.35381210118629 0.0001610982677425837 0.0)
(69.35486801587149 0.00015854596167249476 0.0)
(69.35632130936797 0.0001511336958094897 0.0)
(69.35875125851521 0.00014388098911599921 0.0)
(69.36184155616635 0.00013615935502249934 0.0)
(69.36643372208162 0.00012491810248339724 0.0)
(69.37184571423155 0.00011500108433628248 0.0)
(69.37773289129426 0.00010357840459557165 0.0)
(69.38457952235612 9.118378678694646e-5 0.0)
(69.39137930459907 7.932385197358731e-5 0.0)
(69.39839719096032 6.625246458288257e-5 0.0)
(69.40577930585387 5.4229245222885785e-5 0.0)
(69.41229519249298 4.377413705736922e-5 0.0)
(69.41829353549304 3.367868244649412e-5 0.0)
(69.42385076375764 2.49759930373382e-5 0.0)
(69.42832679677892 1.7785363954817998e-5 0.0)
(69.43212415980642 1.1840424497917329e-5 0.0)
(69.43518465320032 7.822975412618318e-6 0.0)
(69.43709024735726 5.020537135308561e-6 0.0)
(69.43842652051876 2.9365506483658603e-6 0.0)
(69.43925118935474 1.6387971609271415e-6 0.0)
(69.43957258818506 6.908640439800705e-7 0.0)
(69.43980354387296 2.271996511976281e-7 0.0)
(69.43986827595805 1.5830060254311153e-8 0.0)
(69.43991427320297 -3.6621568239047226e-8 0.0)
(69.43998493331978 -3.750232586080435e-8 0.0)
(69.34150648658706 0.011529346458249186 0.0)
(69.29106293903196 0.013391851160412322 0.0)
(68.81363255741954 0.0023696346386434734 0.0)
(66.92373063001524 0.0004115991904899417 0.0)
(60.74505303497854 8.648727468517325e-5 0.0)
(41.13700543228035 1.3639507962667273e-5 0.0)
(69.33777328976522 0.00027810110590879367 0.0)
(69.3399326937321 0.00022848351166182814 0.0)
(69.33995325371211 0.0002239877166468683 0.0)
(69.34082637474631 0.000209950633590081 0.0)
(69.34223953880361 0.000205850988420805 0.0)
(69.3441035653456 0.00019535470153987877 0.0)
(69.34707805514749 0.00018570668453280894 0.0)
(69.3507950204725 0.0001755494782928735 0.0)
(69.3562081545783 0.0001608890373477073 0.0)
(69.36253174599922 0.0001482280121822491 0.0)
(69.36936881573558 0.00013349728643886275 0.0)
(69.37726433882747 0.00011759528066029278 0.0)
(69.38507479757882 0.00010238468163491717 0.0)
(69.3930992350926 8.545747751067338e-5 0.0)
(69.40150061097458 7.000463392621872e-5 0.0)
(69.40889505481432 5.6545624484423416e-5 0.0)
(69.41567939673946 4.348076923733019e-5 0.0)
(69.42194278516462 3.226239537857824e-5 0.0)
(69.42697417916912 2.2969104932395187e-5 0.0)
(69.43122935176093 1.527057887643701e-5 0.0)
(69.43464837366317 1.011375699537433e-5 0.0)
(69.4367726796041 6.497922522477018e-6 0.0)
(69.4382582754495 3.7991353721449847e-6 0.0)
(69.4391727668985 2.1301562998245446e-6 0.0)
(69.43952875615005 8.911135994909651e-7 0.0)
(69.43978382082047 2.916569111229446e-7 0.0)
(69.4398553330496 1.785564770630639e-8 0.0)
(69.4399060312278 -5.0804223575700876e-8 0.0)
(69.43998351631777 -4.961412631045664e-8 0.0)
(69.32749845561801 0.011569042213206985 0.0)
(69.3296840148989 0.013418275910851691 0.0)
(69.22709504619007 0.0024941470564996543 0.0)
(68.70426199012186 0.0005244110661828243 0.0)
(66.83528515660487 0.00014361987957007798 0.0)
(60.680581892391814 5.729756868620985e-5 0.0)
(41.080142631182426 1.255793746661936e-5 0.0)
(69.32347010354772 0.0003659719663504398 0.0)
(69.3261265646302 0.0002959295883741692 0.0)
(69.32638339631168 0.00028750072664754275 0.0)
(69.32760632196593 0.0002672978959560964 0.0)
(69.32943551461209 0.00026169805157383064 0.0)
(69.33176657124874 0.00024761104796104574 0.0)
(69.33533908081608 0.00023533286152277173 0.0)
(69.339731627256 0.00022244122059363145 0.0)
(69.34600900187984 0.00020379954240447353 0.0)
(69.35327972423342 0.00018804901170060167 0.0)
(69.36109435240766 0.00016944019229885208 0.0)
(69.3700570729551 0.0001494222811338291 0.0)
(69.3788885893727 0.00013025974088085601 0.0)
(69.38792180626986 0.00010867886264656905 0.0)
(69.39733618130435 8.912724930296432e-5 0.0)
(69.40559908830906 7.205948935712677e-5 0.0)
(69.41315552474411 5.538839562261581e-5 0.0)
(69.42010806256616 4.112860264221338e-5 0.0)
(69.42567866763335 2.9279398148555902e-5 0.0)
(69.43037571505522 1.9440680269837067e-5 0.0)
(69.43413877944226 1.2910062302749772e-5 0.0)
(69.43647209329163 8.304930181473212e-6 0.0)
(69.43809964459513 4.854049671212295e-6 0.0)
(69.43909911031803 2.7348910125850565e-6 0.0)
(69.43948774515505 1.1352416115119753e-6 0.0)
(69.43976543678733 3.6978642733563187e-7 0.0)
(69.43984331399423 1.9470464534081498e-8 0.0)
(69.43989840592947 -6.92794591799932e-8 0.0)
(69.43998221014704 -6.479764847351184e-8 0.0)
(69.31344688756943 0.011606783198100747 0.0)
(69.32568505961692 0.013402560669489482 0.0)
(69.31302083548246 0.002541092157351667 0.0)
(69.18842546955118 0.000579984879209556 0.0)
(68.65678078781582 0.00018647091808058125 0.0)
(66.79295396107868 8.821762420581033e-5 0.0)
(60.62861847162988 5.0959065841749436e-5 0.0)
(41.02533182958329 1.139496410061784e-5 0.0)
(69.30918129022956 0.00046774846339590626 0.0)
(69.3123810149862 0.0003732027982414392 0.0)
(69.312928165997 0.0003603820540760784 0.0)
(69.31455142351724 0.0003329184302676713 0.0)
(69.31684298497467 0.00032609901458913144 0.0)
(69.31968270989768 0.0003079888868966374 0.0)
(69.32388754695806 0.00029298876358985844 0.0)
(69.3289828970548 0.00027716674646969803 0.0)
(69.33613973394336 0.0002540299776704965 0.0)
(69.34436288935049 0.00023493216862095762 0.0)
(69.35315150428066 0.0002118921764022944 0.0)
(69.36316610891092 0.00018715697772094761 0.0)
(69.37299720760807 0.00016343228064829402 0.0)
(69.38301044930805 0.00013633290783870224 0.0)
(69.39340116012812 0.00011196837725642577 0.0)
(69.40249671262139 9.063620212752395e-5 0.0)
(69.41078900629417 6.965186426269708e-5 0.0)
(69.41839426158069 5.176959067940494e-5 0.0)
(69.42447310080833 3.685773197609174e-5 0.0)
(69.42958430585611 2.444324397481346e-5 0.0)
(69.43366807881642 1.6278720326989492e-5 0.0)
(69.43619546326528 1.0486336588382243e-5 0.0)
(69.43795418411702 6.127558567719605e-6 0.0)
(69.43903181099024 3.4694246004215984e-6 0.0)
(69.43945040583813 1.4291353070323726e-6 0.0)
(69.43974875699267 4.633445840858393e-7 0.0)
(69.43983244659245 2.045415291880689e-8 0.0)
(69.43989153465219 -9.285849555823572e-8 0.0)
(69.4399810370639 -8.354902238289053e-8 0.0)
(69.29977583304237 0.011643316472458816 0.0)
(69.31413379699788 0.013369338517954146 0.0)
(69.31991309192664 0.0025636629948398455 0.0)
(69.30166602229848 0.0006026425202310025 0.0)
(69.16795191272914 0.0002097091203634358 0.0)
(68.6337781403371 0.0001096587101061894 0.0)
(66.76271674298121 7.423567607209041e-5 0.0)
(60.57998155203394 4.651038342778779e-5 0.0)
(40.97228998382967 1.054249955992994e-5 0.0)
(69.29533572998236 0.0005827820285839339 0.0)
(69.29910397760722 0.000459483607383916 0.0)
(69.29998331549452 0.0004419924375523888 0.0)
(69.30204171899344 0.0004062195293558021 0.0)
(69.30482405851129 0.0003987751513114071 0.0)
(69.30819460810605 0.0003763386613253859 0.0)
(69.31304325896424 0.00035872442013559796 0.0)
(69.31884352329097 0.00033992537792390006 0.0)
(69.32686584669297 0.0003118639463583067 0.0)
(69.33601598357143 0.0002892843147858833 0.0)
(69.34574447274211 0.0002613005100503419 0.0)
(69.35676409859362 0.00023127331871668124 0.0)
(69.36754417162855 0.00020238131111382173 0.0)
(69.37848125148206 0.00016883771973771737 0.0)
(69.38978551237452 0.0001389068402589708 0.0)
(69.39965638874467 0.00011260612969567629 0.0)
(69.40863007922924 8.653087941800215e-5 0.0)
(69.41683628923757 6.438891844476606e-5 0.0)
(69.42338094774426 4.5852478063698926e-5 0.0)
(69.42886980316626 3.0375567704655786e-5 0.0)
(69.43324455372586 2.0290260810310012e-5 0.0)
(69.43594738670552 1.3089478157742948e-5 0.0)
(69.43782416698058 7.6474670875449e-6 0.0)
(69.43897185105979 4.351136458037374e-6 0.0)
(69.4394172445154 1.7790469851488331e-6 0.0)
(69.43973398992044 5.742107205664471e-7 0.0)
(69.43982285493196 2.0584662483039845e-8 0.0)
(69.43988548829522 -1.2238252298786314e-7 0.0)
(69.43998000788164 -1.0639096158612065e-7 0.0)
(69.28686582025439 0.011676663210493703 0.0)
(69.3019049471154 0.013322993287431811 0.0)
(69.31007788809376 0.0025824693807269174 0.0)
(69.3169256109382 0.0006113642411167701 0.0)
(69.29433073906524 0.0002191876993329201 0.0)
(69.15739712753438 0.00012035732707432203 0.0)
(68.61865730199985 8.759240825586322e-5 0.0)
(66.73581969331981 6.816619981982934e-5 0.0)
(60.533343937159856 4.3180163917344274e-5 0.0)
(40.9202620684875 1.0956402533685597e-5 0.0)
(69.28231187549572 0.0007098910388579502 0.0)
(69.28664941656304 0.0005535680676672058 0.0)
(69.28788626758451 0.0005313776799553552 0.0)
(69.29039534406441 0.00048635170988043 0.0)
(69.29367625521738 0.0004792601366725586 0.0)
(69.29757868173785 0.0004523688391058092 0.0)
(69.30305879434778 0.0004324949655699498 0.0)
(69.30954190042569 0.00041085626662764425 0.0)
(69.3183886526026 0.00037755225370165167 0.0)
(69.32841309406508 0.00035150400056508947 0.0)
(69.33902123657701 0.0003181190570328945 0.0)
(69.35097312233484 0.0002822628433633426 0.0)
(69.36262839417996 0.00024760979088014597 0.0)
(69.37441197769832 0.0002066359343016138 0.0)
(69.38654777033143 0.00017034573155398056 0.0)
(69.39712121712431 0.00013832207863777071 0.0)
(69.40670929062763 0.00010630365856519611 0.0)
(69.41545454495943 7.920504027520049e-5 0.0)
(69.42241534728763 5.642310091917609e-5 0.0)
(69.42824002621735 3.7342523500385445e-5 0.0)
(69.43287237327785 2.5020518950110773e-5 0.0)
(69.43573003140297 1.616520163381569e-5 0.0)
(69.43771058180076 9.44366831730641e-6 0.0)
(69.43891961902642 5.398612914977096e-6 0.0)
(69.43938843819863 2.1917242241166562e-6 0.0)
(69.43972119739144 7.044099597515841e-7 0.0)
(69.43981456801002 1.9650852903126712e-8 0.0)
(69.43988027816665 -1.5872572538560584e-7 0.0)
(69.43997912332024 -1.338702210144265e-7 0.0)
(69.27501474684013 0.011704153166602874 0.0)
(69.29037560356394 0.013262817154496875 0.0)
(69.29762351864873 0.002604744050019662 0.0)
(69.30904728676165 0.000616496955326659 0.0)
(69.31452137580273 0.00022140632028696218 0.0)
(69.29033992925596 0.00012392764854493403 0.0)
(69.15051105495604 9.150738785737397e-5 0.0)
(68.6060552051893 8.091111892600954e-5 0.0)
(66.71071736481049 6.338591840553133e-5 0.0)
(60.4872488028387 4.500235319542585e-5 0.0)
(40.86960900855042 1.0149635507415396e-5 0.0)
(69.27039999624587 0.0008475640697833695 0.0)
(69.27528326693232 0.0006540638922173199 0.0)
(69.27688477587921 0.0006274439101896906 0.0)
(69.27984038007823 0.0005723673342789174 0.0)
(69.28360778606174 0.0005670378634676138 0.0)
(69.28802291073784 0.0005357698374700293 0.0)
(69.29410139223866 0.0005142654055987397 0.0)
(69.30122453608746 0.0004901298945320273 0.0)
(69.31083301411797 0.00045138993232295436 0.0)
(69.32165830480524 0.00042204498721999266 0.0)
(69.33306671956642 0.000382860826665244 0.0)
(69.34586013384346 0.0003406765160712834 0.0)
(69.3583013106823 0.00029967794266311145 0.0)
(69.37084073332821 0.0002502206448667362 0.0)
(69.38371461840929 0.0002067320468420996 0.0)
(69.39490924466969 0.000168173758809873 0.0)
(69.4050381184543 0.00012927760192848925 0.0)
(69.41425570929283 9.645859312051875e-5 0.0)
(69.42157985360161 6.87451336392655e-5 0.0)
(69.42769656420523 4.5459776801613864e-5 0.0)
(69.43255204710128 3.055257793388875e-5 0.0)
(69.43554343988345 1.9769055817733783e-5 0.0)
(69.43761331972438 1.1548811132771934e-5 0.0)
(69.43887500420456 6.632001956323098e-6 0.0)
(69.43936389236829 2.674563459496164e-6 0.0)
(69.43971032252075 8.561905100248635e-7 0.0)
(69.4398075394432 1.74457759246808e-8 0.0)
(69.4398758690649 -2.0280019665854145e-7 0.0)
(69.43997837638189 -1.6657486199220475e-7 0.0)
(69.26441688502284 0.011722965950348078 0.0)
(69.2799161819885 0.013186995300274888 0.0)
(69.28553085802207 0.002633286395362804 0.0)
(69.29680243539242 0.000622823291081374 0.0)
(69.3079820945647 0.00022096822092586114 0.0)
(69.31331702539403 0.00012368182123485196 0.0)
(69.28741173873388 8.940940186598284e-5 0.0)
(69.14503691615816 8.538904429237984e-5 0.0)
(68.59507697620695 7.515812324810171e-5 0.0)
(66.68557837685702 6.648162070902802e-5 0.0)
(60.44228665427361 4.213654038605257e-5 0.0)
(40.82003485549226 9.569020987198801e-6 0.0)
(69.25978361346829 0.0009941950757374307 0.0)
(69.26516796495106 0.0007596067876622268 0.0)
(69.2671243907281 0.0007291451753983642 0.0)
(69.27050537306097 0.0006633842946411836 0.0)
(69.27473011768448 0.0006616853338881815 0.0)
(69.27962276707233 0.0006263359469751023 0.0)
(69.28625056596545 0.0006041155864784794 0.0)
(69.29395590732584 0.000578037036718723 0.0)
(69.30424895106715 0.0005337907167164205 0.0)
(69.31578861838305 0.0005014777791263797 0.0)
(69.32790673923256 0.00045614842721258873 0.0)
(69.34144136229152 0.0004071655703564788 0.0)
(69.35457166858734 0.00035923547557141185 0.0)
(69.3677705739767 0.00030016093912313126 0.0)
(69.38128519935039 0.0002485758928261183 0.0)
(69.39301721676354 0.0002026024740273424 0.0)
(69.40361216945236 0.00015579994513334176 0.0)
(69.41323523662663 0.0001164199546374804 0.0)
(69.42087033158808 8.301533211373192e-5 0.0)
(69.42723610425006 5.485707136682609e-5 0.0)
(69.43228125117047 3.697890617062103e-5 0.0)
(69.43538604722491 2.396261275826228e-5 0.0)
(69.43753145495607 1.399906016243111e-5 0.0)
(69.4388375317699 8.07342585546846e-6 0.0)
(69.43934331828201 3.2357817351261075e-6 0.0)
(69.43970122541884 1.0320647638610685e-6 0.0)
(69.43980167103433 1.3784373528210586e-8 0.0)
(69.4398721945605 -2.5556871301383935e-7 0.0)
(69.43997775501407 -2.051414532052059e-7 0.0)
(69.25516153157888 0.01173036226164535 0.0)
(69.27066527800729 0.013093536580327775 0.0)
(69.27447826158654 0.0026696548705667715 0.0)
(69.28453206816114 0.0006326331607757229 0.0)
(69.29584249546669 0.00022051176614511637 0.0)
(69.30763719926978 0.00012213473345068368 0.0)
(69.31200069037801 8.368920602664617e-5 0.0)
(69.28501125966902 8.525491597868183e-5 0.0)
(69.14102280914864 7.904853441310037e-5 0.0)
(68.5836960054594 8.030177001795035e-5 0.0)
(66.66109836649899 6.317709126190192e-5 0.0)
(60.397975353722636 3.9672849981741406e-5 0.0)
(40.77140488450644 9.253614826316477e-6 0.0)
(69.2505404141977 0.001148294513337043 0.0)
(69.25636555690991 0.0008690502664667971 0.0)
(69.25865384480967 0.0008356430051916449 0.0)
(69.26242595912753 0.0007587246060050682 0.0)
(69.2670669983343 0.0007629891730144238 0.0)
(69.27239096752803 0.0007240666169276557 0.0)
(69.27950904764278 0.0007023253680918321 0.0)
(69.28773009763854 0.0006750613602199925 0.0)
(69.29862344419008 0.0006253478897984892 0.0)
(69.31078564122441 0.0005905403205382915 0.0)
(69.32351911014773 0.0005387566342402754 0.0)
(69.33769272972555 0.00048251592062626303 0.0)
(69.35141483727075 0.00042705000883553837 0.0)
(69.36517772724909 0.000357124118394662 0.0)
(69.37923792295716 0.0002964680342195915 0.0)
(69.39142619006658 0.00024211461100482855 0.0)
(69.40241556440716 0.00018626783245739322 0.0)
(69.41238062742562 0.000139396496359642 0.0)
(69.42027731304714 9.945667800279596e-5 0.0)
(69.42685199392402 6.568151484393868e-5 0.0)
(69.43205578314561 4.4403506323807474e-5 0.0)
(69.43525524321097 2.8814868135398234e-5 0.0)
(69.43746354359716 1.6834900466379147e-5 0.0)
(69.4388065017248 9.747469604747677e-6 0.0)
(69.43932631068083 3.884584153794816e-6 0.0)
(69.4396937175953 1.2348580564999658e-6 0.0)
(69.43979683525228 8.480346561979485e-9 0.0)
(69.43986917119868 -3.1806694292794817e-7 0.0)
(69.43997724448988 -2.5025910415941403e-7 0.0)
(69.24724690963255 0.011723836454570691 0.0)
(69.2626541114171 0.012980485589000472 0.0)
(69.26466407663807 0.002715055910977797 0.0)
(69.2732399043304 0.000647375624557662 0.0)
(69.28333695085593 0.00022148146066842294 0.0)
(69.29556688562397 0.00012102733481385006 0.0)
(69.30675855869549 7.587326931966372e-5 0.0)
(69.31070903872042 8.300264648104962e-5 0.0)
(69.28394108336667 7.862718993552196e-5 0.0)
(69.13634200855452 8.740127634858968e-5 0.0)
(68.57275324711789 7.751770221170326e-5 0.0)
(66.63668995521967 5.914082863654888e-5 0.0)
(60.35411089030017 3.866682729761529e-5 0.0)
(40.724021370691894 8.806818088186598e-6 0.0)
(69.24265808030349 0.001308636541307804 0.0)
(69.24885441848119 0.000981598681875942 0.0)
(69.25144217977902 0.0009464178923524603 0.0)
(69.25556338403698 0.0008580052800195077 0.0)
(69.26057277964838 0.0008710259282608386 0.0)
(69.26627613058919 0.0008292342190930071 0.0)
(69.27382123982866 0.0008094327119445422 0.0)
(69.28248870359796 0.0007819299515629465 0.0)
(69.29389741959373 0.0007268770306815016 0.0)
(69.30659120620058 0.0006901756960983989 0.0)
(69.31984799007101 0.0006316442433084542 0.0)
(69.3345623957316 0.0005676756738918574 0.0)
(69.34878375041215 0.0005040302066220026 0.0)
(69.36302073764924 0.00042189460740665923 0.0)
(69.37753789140737 0.0003510950783119327 0.0)
(69.39010737198073 0.00028729398284242934 0.0)
(69.40142540974392 0.0002211376028421248 0.0)
(69.41167466349849 0.00016573945236281743 0.0)
(69.4197882463127 0.00011832332326173853 0.0)
(69.42653572558777 7.81007219996061e-5 0.0)
(69.43187042891543 5.294412149297017e-5 0.0)
(69.43514787724033 3.440368486111362e-5 0.0)
(69.43740788556478 2.010197982021245e-5 0.0)
(69.43878110884538 1.168167349718542e-5 0.0)
(69.43931241262045 4.631366059287856e-6 0.0)
(69.43968759052531 1.467777358343675e-6 0.0)
(69.43979289352525 1.3571675681179913e-9 0.0)
(69.43986670966908 -3.9142975288822247e-7 0.0)
(69.43997682928755 -3.027019565157759e-7 0.0)
(69.24060266960734 0.0117012071478172 0.0)
(69.25583959734152 0.012846001568213763 0.0)
(69.2561361977302 0.0027705206878174374 0.0)
(69.2631954029611 0.0006682860329766559 0.0)
(69.271737726459 0.00022479723326449599 0.0)
(69.28286610129243 0.00012157404378002056 0.0)
(69.29460807551624 6.694741079206674e-5 0.0)
(69.30568423864513 8.023901296582405e-5 0.0)
(69.31071446655668 7.634006837966068e-5 0.0)
(69.28197898571152 9.135936471002652e-5 0.0)
(69.1320540194094 8.589193186766473e-5 0.0)
(68.56154908147877 7.196776228525091e-5 0.0)
(66.61211426332179 5.832723938436187e-5 0.0)
(60.31124424416098 3.694263511037299e-5 0.0)
(40.67767026259001 8.430834205828088e-6 0.0)
(69.23605799520917 0.001474326586162496 0.0)
(69.24255199283604 0.0010968785893119121 0.0)
(69.24540210795674 0.0010613234757276817 0.0)
(69.24982698169693 0.0009611838650964969 0.0)
(69.2551545196141 0.000986203122147598 0.0)
(69.26118416556163 0.0009424197335105725 0.0)
(69.26909353559427 0.0009262661357891287 0.0)
(69.27813997110047 0.000899643037514075 0.0)
(69.2899831854054 0.0008394432778204481 0.0)
(69.30312319288076 0.000801557577690084 0.0)
(69.31681776785236 0.0007359777220669239 0.0)
(69.33198277366017 0.0006637762925003177 0.0)
(69.34661899614261 0.0005912452622412576 0.0)
(69.36124881928197 0.0004953899420135623 0.0)
(69.37614344940387 0.0004132532377045979 0.0)
(69.38902721007163 0.0003388132965269927 0.0)
(69.40061560779411 0.0002609335532396542 0.0)
(69.41109808921333 0.0001958507455678421 0.0)
(69.41938936105139 0.00013990540724029735 0.0)
(69.42627811810257 9.230599237737025e-5 0.0)
(69.43171964856116 6.273450010785599e-5 0.0)
(69.43506064987862 4.081730238412385e-5 0.0)
(69.43736272534221 2.3851987735573253e-5 0.0)
(69.43876053174012 1.3907097969829563e-5 0.0)
(69.43930116352406 5.4879059632693185e-6 0.0)
(69.43968263644354 1.7344578695527316e-6 0.0)
(69.43978970910578 -7.769069084602862e-9 0.0)
(69.43986472271686 -4.769143880902784e-7 0.0)
(69.43997649438083 -3.6333139268227734e-7 0.0)
(69.23511442435975 0.011660650935424892 0.0)
(69.25012846722005 0.012688407823431223 0.0)
(69.24885789640368 0.0028369176156835254 0.0)
(69.25446581979459 0.0006965596122327223 0.0)
(69.26138570550178 0.00023119636246221384 0.0)
(69.27099982720128 0.000124720809541593 0.0)
(69.28163321213529 5.7592558828386974e-5 0.0)
(69.29336695242633 7.811418819006946e-5 0.0)
(69.30596241236351 7.375979547051184e-5 0.0)
(69.3096118890508 9.470772653089104e-5 0.0)
(69.28042043017797 9.185068681475014e-5 0.0)
(69.12733348453679 7.879864730364169e-5 0.0)
(68.54979164265796 7.216776817759544e-5 0.0)
(66.58805361784346 5.5953968962280805e-5 0.0)
(60.269035850365405 3.547315782973559e-5 0.0)
(40.63237175446667 8.027962656834009e-6 0.0)
(69.23061966299376 0.0016448006893560983 0.0)
(69.23733862835002 0.001214952015493492 0.0)
(69.24041265400385 0.0011805975351908981 0.0)
(69.24509604876258 0.0010685654611432283 0.0)
(69.25069279829425 0.0011092703920866425 0.0)
(69.256997893755 0.00106452443236253 0.0)
(69.26521260794705 0.001053958008821729 0.0)
(69.27457551888807 0.0010294896844246014 0.0)
(69.28677957274165 0.0009643772488431691 0.0)
(69.30028877423987 0.0009261085550080031 0.0)
(69.31434463501284 0.0008531491340991431 0.0)
(69.32988022757063 0.0007721506817022077 0.0)
(69.3448569200213 0.0006899420644477926 0.0)
(69.35980836191587 0.0005786756871708051 0.0)
(69.37501124351283 0.0004838614945372874 0.0)
(69.38815124749483 0.00039744538519139567 0.0)
(69.39995966979296 0.0003062568862079132 0.0)
(69.41063159817455 0.00023018981722521618 0.0)
(69.41906699540394 0.00016453408359491274 0.0)
(69.42607015486658 0.0001085156099953109 0.0)
(69.43159805314774 7.39267778725752e-5 0.0)
(69.43499038216572 4.815592420264768e-5 0.0)
(69.43732638543467 2.8143589311320057e-5 0.0)
(69.43874399205673 1.6458887257380333e-5 0.0)
(69.43929213053225 6.467567511408596e-6 0.0)
(69.43967866138375 2.0390310075714713e-6 0.0)
(69.43978715521622 -1.9094710248791265e-8 0.0)
(69.43986312996928 -5.759276909115014e-7 0.0)
(69.43997622600565 -4.331214795814888e-7 0.0)
(69.23064517393833 0.01160071564027895 0.0)
(69.24539903534746 0.012506229398493092 0.0)
(69.24273691229435 0.002914939573714181 0.0)
(69.2470226227054 0.0007333861255253522 0.0)
(69.2523699957393 0.00024135334503074047 0.0)
(69.26037073456783 0.00013130059511732954 0.0)
(69.26943498460858 4.8337638941759e-5 0.0)
(69.28007405148307 7.758833647332444e-5 0.0)
(69.29358679793795 7.202399580248776e-5 0.0)
(69.30494432705854 9.914017792384335e-5 0.0)
(69.30894950151446 9.801163221335721e-5 0.0)
(69.27832861048483 8.291379350832797e-5 0.0)
(69.12183462989923 8.085255071226414e-5 0.0)
(68.53830301628159 6.958729252562472e-5 0.0)
(66.56410565545916 5.388593405134153e-5 0.0)
(60.22755280987897 3.3930445654091e-5 0.0)
(40.58797860497542 7.847299815093167e-6 0.0)
(69.22620248916047 0.0018197685433895161 0.0)
(69.23307750461579 0.0013362920824740731 0.0)
(69.23633824730017 0.0013048427119219583 0.0)
(69.24123781506836 0.0011807860215628896 0.0)
(69.24705846235868 0.0012413125288560146 0.0)
(69.25359260690342 0.0011967674652814107 0.0)
(69.26205954377573 0.0011939479844296798 0.0)
(69.27168322875882 0.0011730554983821557 0.0)
(69.28418321505471 0.0011032865065237754 0.0)
(69.2979942667225 0.0010655149616188501 0.0)
(69.3123449280803 0.0009847926974865236 0.0)
(69.32818204703227 0.0008943502291014964 0.0)
(69.34343527711167 0.0008015624809157652 0.0)
(69.35864743836713 0.0006729805768142696 0.0)
(69.37409965973924 0.0005639751388547586 0.0)
(69.38744667137016 0.00046407519139961425 0.0)
(69.39943258711754 0.00035779500181350876 0.0)
(69.410257095747 0.00026928098177930336 0.0)
(69.4188084367941 0.0001925868739843988 0.0)
(69.42590350262034 0.00012697840468691078 0.0)
(69.43150069638162 8.669403021181576e-5 0.0)
(69.4349341735223 5.653343440048835e-5 0.0)
(69.43729734461067 3.304342973099265e-5 0.0)
(69.43873078837606 1.9376893219661666e-5 0.0)
(69.43928492551578 7.58552682379886e-6 0.0)
(69.43967549233507 2.386190954763443e-6 0.0)
(69.43978511928674 -3.283400305764363e-8 0.0)
(69.43986186034324 -6.900595710455227e-7 0.0)
(69.43997601203787 -5.131694508330364e-7 0.0)
(69.22705223326015 0.011520281735054481 0.0)
(69.24151850640577 0.012298245758426753 0.0)
(69.23764887109014 0.0030050884347671237 0.0)
(69.24077722639576 0.0007799566206564663 0.0)
(69.24467161141615 0.00025591202168596 0.0)
(69.25108994462364 0.0001420909884745676 0.0)
(69.25846876812362 3.9644009964113094e-5 0.0)
(69.26750914180832 7.955808267486794e-5 0.0)
(69.28009745414728 7.211514182873709e-5 0.0)
(69.29233899296534 0.0001059218886930121 0.0)
(69.30440069294734 0.0001062434471489805 0.0)
(69.3076621250765 8.671742883719494e-5 0.0)
(69.27529418208007 8.764862135039222e-5 0.0)
(69.11652881074117 7.846429710638803e-5 0.0)
(68.52659989460483 6.730692575365079e-5 0.0)
(66.5403658792605 5.1816344274015715e-5 0.0)
(60.1865698691662 3.3167526321617646e-5 0.0)
(40.544578713902666 7.312984078560774e-6 0.0)
(69.22266192316486 0.001999127291409346 0.0)
(69.22962960495019 0.001461733510048007 0.0)
(69.23304272781773 0.0014349938301060432 0.0)
(69.23812037161552 0.0012987853953024054 0.0)
(69.24412451618066 0.0013837348281483352 0.0)
(69.25084683570557 0.0013406794718117065 0.0)
(69.25951962250997 0.0013479830435541458 0.0)
(69.26935584535946 0.0013322295245703866 0.0)
(69.28209607297576 0.0012580665762559995 0.0)
(69.29615147957298 0.0012217428239936546 0.0)
(69.31074050047866 0.0011328022338228014 0.0)
(69.32682078144212 0.0010321635492931526 0.0)
(69.34229671843731 0.0009277621510250202 0.0)
(69.35771852132815 0.0007797129960334978 0.0)
(69.37337082441567 0.0006548008855039847 0.0)
(69.38688380851897 0.0005397126940510868 0.0)
(69.39901186554857 0.00041633179894360814 0.0)
(69.40995839261923 0.00031372146753670194 0.0)
(69.41860236873448 0.00022449358793675072 0.0)
(69.42577078194012 0.00014797764383514043 0.0)
(69.43142321706249 0.0001012330853751372 0.0)
(69.43488947838308 6.607928108138941e-5 0.0)
(69.43727427433987 3.8627231023091385e-5 0.0)
(69.43872031057755 2.2706350427455353e-5 0.0)
(69.43927921233036 8.859025014133495e-6 0.0)
(69.43967297999137 2.781267474112533e-6 0.0)
(69.43978350441684 -4.922564167887884e-8 0.0)
(69.43986085282788 -8.211090614199241e-7 0.0)
(69.43997584209369 -6.047212527789741e-7 0.0)
(69.22419843457263 0.011418529449572359 0.0)
(69.238355691698 0.012063517810972604 0.0)
(69.233455910499 0.003107661963851539 0.0)
(69.23560585356434 0.0008374654169361716 0.0)
(69.23820652922936 0.0002755016142116401 0.0)
(69.24314892236055 0.0001578250079334848 0.0)
(69.24886800079466 3.1938683962867433e-5 0.0)
(69.25617284081856 8.490141409260276e-5 0.0)
(69.26728165931263 7.498302369721891e-5 0.0)
(69.27850069097609 0.00011616240312850442 0.0)
(69.29160815238848 0.00011804779436524026 0.0)
(69.30314643876602 9.190217810426742e-5 0.0)
(69.30528438443447 9.50400784236556e-5 0.0)
(69.27245333347015 8.5729548554588e-5 0.0)
(69.1108398415394 7.634590811836205e-5 0.0)
(68.51479973261236 6.515372648978758e-5 0.0)
(66.51657164297845 5.058234675599757e-5 0.0)
(60.146265583913774 3.11251590345826e-5 0.0)
(40.50212191028302 6.993261421959979e-6 0.0)
(69.21986031611885 0.002182862534835963 0.0)
(69.22686355440668 0.0015924101036511006 0.0)
(69.23039835847734 0.0015722847013629833 0.0)
(69.23562087451408 0.001423779972711026 0.0)
(69.24177344030711 0.0015382493081223273 0.0)
(69.24864898360237 0.0014980980618744992 0.0)
(69.25748807487402 0.0015181205958033348 0.0)
(69.26749604134248 0.0015092136704234736 0.0)
(69.2804296726813 0.0014309158672842564 0.0)
(69.29468128238533 0.001397056876270677 0.0)
(69.30946159631877 0.0012993521487888124 0.0)
(69.32573652895289 0.001187638233626828 0.0)
(69.34139056834928 0.0010704318578080999 0.0)
(69.35697979326885 0.0009004801600034527 0.0)
(69.37279157535127 0.0007577137240762044 0.0)
(69.38643678255478 0.0006255075331365474 0.0)
(69.39867796937295 0.0004827591997793182 0.0)
(69.40972148265051 0.0003641904380087056 0.0)
(69.41843904092009 0.0002607428645487336 0.0)
(69.42566565570776 0.00017183542041394707 0.0)
(69.43136188309111 0.00011776765743974834 0.0)
(69.43485412684383 7.694054086503964e-5 0.0)
(69.43725604568496 4.4981005483080924e-5 0.0)
(69.43871204220827 2.6498603655786137e-5 0.0)
(69.43927470736959 1.0307631481378545e-5 0.0)
(69.43967099864261 3.230303543911421e-6 0.0)
(69.43978222914907 -6.854214605149214e-8 0.0)
(69.43986005620282 -9.711165683868197e-7 0.0)
(69.43997570746038 -7.091901202283327e-7 0.0)
(69.2219587745824 0.011294890297382962 0.0)
(69.23578877305967 0.011801435239424249 0.0)
(69.23002054774294 0.0032227316884245257 0.0)
(69.23136905773387 0.0009071055962506244 0.0)
(69.23285224036947 0.0003007607878433451 0.0)
(69.23646900979493 0.00017919346706113815 0.0)
(69.24063558270038 2.5625136163955504e-5 0.0)
(69.24622143833676 9.44862493023869e-5 0.0)
(69.25567847726616 8.157676993087958e-5 0.0)
(69.26529347580488 0.0001309403021290591 0.0)
(69.27745867645318 0.00013481502074443657 0.0)
(69.29007600702353 9.98082417905168e-5 0.0)
(69.30064973689046 0.0001048728565641078 0.0)
(69.30312328991661 9.381576897948843e-5 0.0)
(69.26912811190375 8.402653367088432e-5 0.0)
(69.10490508975145 7.452138730111086e-5 0.0)
(68.50258726010284 6.368238591351647e-5 0.0)
(66.49295203508956 4.788613565525932e-5 0.0)
(60.10658454538533 2.99033257855477e-5 0.0)
(40.46052567681819 6.8009021074662295e-6 0.0)
(69.21767316086486 0.002370954165751374 0.0)
(69.22466114028849 0.00172968466777771 0.0)
(69.22829078860639 0.0017182230394910028 0.0)
(69.2336298702293 0.001557242361094901 0.0)
(69.23990103957962 0.0017068653497731596 0.0)
(69.2469005898543 0.0016711704758431431 0.0)
(69.25587289882594 0.0017067369497040985 0.0)
(69.26601871767475 0.0017065380627982012 0.0)
(69.27910700594737 0.0016243559329512146 0.0)
(69.29351506364145 0.0015940448491429011 0.0)
(69.30844798014688 0.0014869230180614727 0.0)
(69.32487776384575 0.0013631065087945126 0.0)
(69.34067338083787 0.0012317227465422696 0.0)
(69.35639554581323 0.0010371100166831283 0.0)
(69.3723336805885 0.0008742763106802023 0.0)
(69.38608363483239 0.0007227655414845295 0.0)
(69.39841437188954 0.0005580902597707658 0.0)
(69.40953455521436 0.00042145906883499045 0.0)
(69.41831025293176 0.00030188956471274305 0.0)
(69.42558280910582 0.00019891761635173065 0.0)
(69.43131357366558 0.00013655182660988858 0.0)
(69.4348263089101 8.928424087470226e-5 0.0)
(69.43724172001795 5.220240640528037e-5 0.0)
(69.43870555530991 3.081191439663864e-5 0.0)
(69.43927117618782 1.1953546199856784e-5 0.0)
(69.43966944452708 3.740150188617146e-6 0.0)
(69.43978122623948 -9.109474912970341e-8 0.0)
(69.43985942817933 -1.1424007600618076e-6 0.0)
(69.43997560093766 -8.281795447170149e-7 0.0)
(69.22022351754833 0.011149002538543102 0.0)
(69.23370945229651 0.011511758951717225 0.0)
(69.22721430460483 0.0033501266334157553 0.0)
(69.22792638424109 0.000990046983804488 0.0)
(69.22846828856592 0.00033237700588167234 0.0)
(69.2309296448263 0.0002068534975405835 0.0)
(69.23369838148493 2.109429133837384e-5 0.0)
(69.23766980543112 0.00010917169614188044 0.0)
(69.24546582969626 9.284056882805478e-5 0.0)
(69.2532980345678 0.00015133954082257301 0.0)
(69.26389800764362 0.00015793975588969535 0.0)
(69.27553081457728 0.00011166819404464685 0.0)
(69.28714981962851 0.00011868810216624996 0.0)
(69.29839573396931 0.00010457307096854093 0.0)
(69.30039483199262 9.272505333622513e-5 0.0)
(69.2654766046853 8.285011168299168e-5 0.0)
(69.0983459236543 7.31259470473606e-5 0.0)
(68.49024037435704 6.0811633228576736e-5 0.0)
(66.46945387311192 4.627690705093037e-5 0.0)
(60.067407027107244 2.936499539729659e-5 0.0)
(40.41989052808118 6.565115019050019e-6 0.0)
(69.21599185779108 0.0025633034903281256 0.0)
(69.2229196873732 0.001875072205112203 0.0)
(69.22662101595391 0.0018745797868904466 0.0)
(69.23205296855417 0.0017008914022252231 0.0)
(69.23841771673283 0.0018918873557354607 0.0)
(69.2455173612504 0.0018623648135856574 0.0)
(69.25459557253127 0.0019165436002620217 0.0)
(69.26485152156104 0.0019270828354071522 0.0)
(69.27806280589382 0.0018412588019024502 0.0)
(69.29259485215773 0.0018156476855516342 0.0)
(69.30764892895002 0.0016983323283625775 0.0)
(69.32420120739738 0.001561215974208444 0.0)
(69.3401087851172 0.0014140752643455924 0.0)
(69.35593596444588 0.0011916766741541498 0.0)
(69.37197362421634 0.0010062610778310056 0.0)
(69.38580612041288 0.0008329675848166563 0.0)
(69.39820737980962 0.0006434738842162761 0.0)
(69.40938784401213 0.0004864019518215492 0.0)
(69.4182092398756 0.00034856312977974747 0.0)
(69.42551786868259 0.00022963945504531316 0.0)
(69.43127572498679 0.0001578739785463902 0.0)
(69.43480454176805 0.00010329995789047096 0.0)
(69.43723053064554 6.040223128412127e-5 0.0)
(69.43870050139583 3.5712354424423607e-5 0.0)
(69.43926842836943 1.3821933006798572e-5 0.0)
(69.43966823339326 4.318560145098768e-6 0.0)
(69.43978044097864 -1.1723610942767664e-7 0.0)
(69.43985893429449 -1.3375929839946127e-6 0.0)
(69.43997551663696 -9.63503340712732e-7 0.0)
(69.21889886988946 0.01098067832740082 0.0)
(69.23202446976642 0.011194677090719406 0.0)
(69.22492244744336 0.0034894296178767984 0.0)
(69.22514560041908 0.0010873927892276986 0.0)
(69.2249118349661 0.000371142041076255 0.0)
(69.22638992588229 0.00024144597288859539 0.0)
(69.22793757343626 1.8743606454138003e-5 0.0)
(69.23045057037001 0.00012981793718578135 0.0)
(69.23666986675389 0.00010970876669196495 0.0)
(69.24271194220624 0.00017845365472223343 0.0)
(69.25154154072082 0.0001888515955269609 0.0)
(69.2615347431015 0.0001287195695639621 0.0)
(69.27205860696682 0.00013794944010596147 0.0)
(69.2844878965141 0.000119581617160358 0.0)
(69.29549106906339 0.00010428549677827324 0.0)
(69.29727874761727 9.249003042821456e-5 0.0)
(69.26104959890762 8.171724982746749e-5 0.0)
(69.09149097878846 7.045222740647787e-5 0.0)
(68.47769834029738 5.9220770181329864e-5 0.0)
(66.44594048487126 4.613548178066822e-5 0.0)
(60.028935864954306 2.867336767151452e-5 0.0)
(40.380064641662145 6.401327002450037e-6 0.0)
(69.21472417570475 0.002759698432226776 0.0)
(69.2215522970322 0.0020301564857902756 0.0)
(69.2253054881779 0.0020433947168066436 0.0)
(69.23081070524714 0.0018566963662595038 0.0)
(69.23724820447302 0.0020959179557060574 0.0)
(69.24442873823475 0.0020744915672432428 0.0)
(69.25359054584233 0.002150611316638962 0.0)
(69.26393422854264 0.0021741072503604283 0.0)
(69.2772428972433 0.002084881753393981 0.0)
(69.29187264887821 0.0020651959027519324 0.0)
(69.30702254822643 0.0019367715339563447 0.0)
(69.32367121193938 0.001784965130891959 0.0)
(69.33966689127452 0.001620252526106933 0.0)
(69.35557660546809 0.001366529555627942 0.0)
(69.37169216048973 0.0011556754916563986 0.0)
(69.38558934307476 0.0009577906724162019 0.0)
(69.39804583410475 0.0007402114968845476 0.0)
(69.4092734050789 0.0005600099650985452 0.0)
(69.41813051181437 0.00040147690702166633 0.0)
(69.42546729035921 0.000264471834654331 0.0)
(69.43124626334472 0.0001820612451029968 0.0)
(69.43478762923012 0.00011920273161099871 0.0)
(69.43722186086596 6.970611197172435e-5 0.0)
(69.43869660130959 4.127479201453471e-5 0.0)
(69.43926631175478 1.5941291018578954e-5 0.0)
(69.43966729784881 4.9742960577094345e-6 0.0)
(69.4397798294122 -1.4737101587255405e-7 0.0)
(69.43985854674028 -1.559676709197661e-6 0.0)
(69.43997544977562 -1.1172161347921642e-6 0.0)
(69.2179061952483 0.010789895184135555 0.0)
(69.23065543230149 0.010850884698036462 0.0)
(69.22304586341201 0.0036400077585324003 0.0)
(69.2229078422939 0.0012001122539299714 0.0)
(69.222047605525 0.00041802612529935146 0.0)
(69.22270504329624 0.00028362210739824424 0.0)
(69.22321138511593 1.90057240744348e-5 0.0)
(69.22444681968346 0.00015730731467802222 0.0)
(69.2292300867189 0.00013310941798886237 0.0)
(69.23357353516164 0.00021338548739060223 0.0)
(69.24060683631164 0.00022901446104269514 0.0)
(69.24874029883442 0.00015223736706058416 0.0)
(69.25748269151377 0.0001641473591036671 0.0)
(69.26886630706598 0.00014036641006525771 0.0)
(69.28108798688233 0.0001203131823121764 0.0)
(69.29213744455778 0.00010531388613574266 0.0)
(69.29325023752344 9.17280315067012e-5 0.0)
(69.25623015440732 7.954391557993037e-5 0.0)
(69.08426612457626 6.928499412892447e-5 0.0)
(68.46479663828029 6.0213841790224265e-5 0.0)
(66.422673252832 4.583860684698054e-5 0.0)
(59.99093364052062 2.8313054306045983e-5 0.0)
(40.34095693375335 6.387666247466522e-6 0.0)
(69.21379328000101 0.0029598362924772056 0.0)
(69.220486900915 0.002196501007001528 0.0)
(69.22427503592719 0.0022269980527856613 0.0)
(69.22983744662395 0.0020268978736850073 0.0)
(69.23633037547253 0.0023218650778841637 0.0)
(69.243576717038 0.0023107350814931685 0.0)
(69.25280403028042 0.0024124027509213556 0.0)
(69.26321756559906 0.00245128583720234 0.0)
(69.27660307030244 0.0023589095872262895 0.0)
(69.29130934844625 0.002346453005475569 0.0)
(69.30653481203493 0.0022058488883654795 0.0)
(69.32325887888703 0.0020377443328972373 0.0)
(69.3393235228295 0.0018533781582742294 0.0)
(69.35529774122173 0.0015643267207782242 0.0)
(69.37147378219787 0.0013247903742110443 0.0)
(69.38542132017787 0.0010991317156375528 0.0)
(69.39792077697287 0.0008497758652534829 0.0)
(69.40918487334221 0.0006434046006268625 0.0)
(69.4180696766161 0.0004614386892561321 0.0)
(69.42542824407042 0.00030394849934704235 0.0)
(69.43122353533647 0.00020948449663763048 0.0)
(69.43477462019298 0.00013723635446332894 0.0)
(69.43721522235934 8.025641004193534e-5 0.0)
(69.43869363518894 4.758398659191665e-5 0.0)
(69.43926470685449 1.834386410340672e-5 0.0)
(69.43966658483566 5.717251892150216e-6 0.0)
(69.4397793566324 -1.819617702118859e-7 0.0)
(69.43985824326082 -1.812033001481935e-6 0.0)
(69.43997539647918 -1.2916391575331963e-6 0.0)
(69.21718042283062 0.01057683292406637 0.0)
(69.22953770846333 0.010481701644527584 0.0)
(69.22150107103741 0.003801095808887981 0.0)
(69.22110971675619 0.001328958933283014 0.0)
(69.21975355465352 0.00047426874105119997 0.0)
(69.21973693616904 0.00033408361735737864 0.0)
(69.21937248264625 2.2385362040798918e-5 0.0)
(69.21951586793193 0.00019257839437631944 0.0)
(69.22303289030533 0.0001639823128120289 0.0)
(69.22582919555789 0.0002572527881792332 0.0)
(69.23114500597993 0.0002799206969712216 0.0)
(69.2373867835478 0.00018353061500200516 0.0)
(69.24411551385244 0.00019882507135481647 0.0)
(69.2537204417525 0.00016849489022128665 0.0)
(69.26484630341994 0.00014237752890467712 0.0)
(69.27717313141041 0.00012299267912295207 0.0)
(69.28773134249475 0.00010498787001532416 0.0)
(69.28874995350287 9.035942705126896e-5 0.0)
(69.25092785833147 7.914618382587364e-5 0.0)
(69.07647151815617 7.221188280376634e-5 0.0)
(68.45185518600363 6.10857821283477e-5 0.0)
(66.3993738383723 4.614004033453017e-5 0.0)
(59.95326518593796 2.859548303770461e-5 0.0)
(40.30242564203643 6.45871889406778e-6 0.0)
(69.2131360783986 0.00316341660656244 0.0)
(69.21966464717626 0.0023755635155819554 0.0)
(69.22347328834347 0.002428039717667825 0.0)
(69.22907979548376 0.0022140510889591416 0.0)
(69.23561367862652 0.0025729485011086422 0.0)
(69.24291431007686 0.0025746951985279494 0.0)
(69.25219252592527 0.0027058136303476487 0.0)
(69.26266181397347 0.0027627509107489004 0.0)
(69.27610776552136 0.0026675052784149644 0.0)
(69.29087356532138 0.0026636652470435605 0.0)
(69.30615848936917 0.0025096385910373417 0.0)
(69.32294112576488 0.002323382202898885 0.0)
(69.33905941470844 0.00211697898013968 0.0)
(69.35508369424916 0.0017880721772956217 0.0)
(69.37130617526485 0.001516171680102072 0.0)
(69.38529255586508 0.0012591341416156596 0.0)
(69.39782512751547 0.0009738319315249346 0.0)
(69.40911722291992 0.0007378540206636431 0.0)
(69.41802327412995 0.0005293625355396756 0.0)
(69.42539850431719 0.00034867409073628333 0.0)
(69.43120624229704 0.00024056399226473154 0.0)
(69.43476477075602 0.00015767707993765386 0.0)
(69.43721023536023 9.221433410907626e-5 0.0)
(69.43869143343969 5.4735798104504004e-5 0.0)
(69.43926352190142 2.1066093534832394e-5 0.0)
(69.43966605337398 6.558574281059083e-6 0.0)
(69.43977899526536 -2.2153236561752876e-7 0.0)
(69.43985800615492 -2.098487832044343e-6 0.0)
(69.43997535360593 -1.4893890134086982e-6 0.0)
(69.21666818097954 0.010341974230209673 0.0)
(69.22861886929036 0.010089245013291987 0.0)
(69.22021917894803 0.003971934188280983 0.0)
(69.21966339920843 0.0014743987980264145 0.0)
(69.21792329397249 0.000541473673020558 0.0)
(69.21736048665552 0.00039364486237369927 0.0)
(69.21627943164913 2.950280362058836e-5 0.0)
(69.21550766788243 0.00023667064824203993 0.0)
(69.21793613948408 0.00020331324115186301 0.0)
(69.21936799741907 0.0003112052217350423 0.0)
(69.22311002409306 0.00034309675562736903 0.0)
(69.22753919240992 0.00022393580417382936 0.0)
(69.23222082870737 0.0002435715783074433 0.0)
(69.2397853433489 0.000205599502562073 0.0)
(69.24904133083791 0.00017210394219104765 0.0)
(69.26024152474258 0.00014718648795071266 0.0)
(69.27206000387349 0.00012314201037628113 0.0)
(69.28277247092828 0.00010479208419667434 0.0)
(69.2836695200725 9.107881647826312e-5 0.0)
(69.24490261065321 8.487734006531767e-5 0.0)
(69.06848889989811 7.506377144712504e-5 0.0)
(68.43853931048673 6.290201174818913e-5 0.0)
(66.37588725170124 4.7473395153262594e-5 0.0)
(59.915705840839486 2.9284673850433385e-5 0.0)
(40.264350643613405 6.450610548571731e-6 0.0)
(69.21270124891737 0.0033703010061109577 0.0)
(69.21903809076444 0.002568634190976132 0.0)
(69.22285488111196 0.0026495075225424405 0.0)
(69.22849489099579 0.002421098451040815 0.0)
(69.23505745961451 0.0028527015629708405 0.0)
(69.24240395632107 0.0028704384145984254 0.0)
(69.25172131893746 0.0030352228574558483 0.0)
(69.26223539078707 0.0031131417432306665 0.0)
(69.27572880167985 0.003015368373145239 0.0)
(69.29054046849127 0.003021618010468234 0.0)
(69.30587211974628 0.0028527364412142984 0.0)
(69.32269980108607 0.0026461978855154104 0.0)
(69.3388594668257 0.002415032068731567 0.0)
(69.35492221137916 0.0020411576452039693 0.0)
(69.37117972300432 0.001732715962508226 0.0)
(69.3851956546018 0.0014402170437642471 0.0)
(69.39775338460609 0.0011142600314209326 0.0)
(69.40906655634898 0.0008447908963724818 0.0)
(69.41798862845376 0.0006062818878699258 0.0)
(69.42537635329548 0.00039933328374185323 0.0)
(69.43119338360023 0.0002757757592183215 0.0)
(69.43475751124892 0.00018083778463257047 0.0)
(69.43720661169282 0.00010576231443424896 0.0)
(69.43868986915652 6.283851592617067e-5 0.0)
(69.43926268868897 2.414911535901222e-5 0.0)
(69.43966567268329 7.510798924610578e-6 0.0)
(69.43977872417075 -2.6667752535581495e-7 0.0)
(69.43985782142971 -2.4233630342661635e-6 0.0)
(69.4399753185916 -1.713411208055871e-6 0.0)
(69.21632588285426 0.01008628318930447 0.0)
(69.22785705321998 0.009676658182671109 0.0)
(69.21914430974732 0.0041519225629324365 0.0)
(69.21849558537967 0.0016365941085919363 0.0)
(69.21646636524505 0.0006216774482852066 0.0)
(69.21546629678207 0.0004633315332603683 0.0)
(69.21380350034133 4.1144112370564965e-5 0.0)
(69.21227713193159 0.0002907776968099745 0.0)
(69.21378841606867 0.0002521834452864821 0.0)
(69.2140472945912 0.00037645242038218554 0.0)
(69.2163943276592 0.00042012277506815526 0.0)
(69.21915960813686 0.00027482263991737926 0.0)
(69.221879087797 0.0003000128267946736 0.0)
(69.22735012327885 0.00025336888850367533 0.0)
(69.23445257056035 0.00021119402077826737 0.0)
(69.2437061414951 0.00017962950506787958 0.0)
(69.25428996753882 0.0001478313553702049 0.0)
(69.26630676873415 0.00012460016321337038 0.0)
(69.27713322793201 0.00010703187231847455 0.0)
(69.27772493902427 0.00010063926902329504 0.0)
(69.23860306297965 9.061325583793228e-5 0.0)
(69.05991504255974 7.932245553221106e-5 0.0)
(68.42466243952865 6.620967030448518e-5 0.0)
(66.35194820065408 4.957141220297712e-5 0.0)
(59.87806677636924 2.9707574908429736e-5 0.0)
(40.22512617019111 -3.674358452614092e-6 0.0)
(69.21244728117017 0.0035806969572041367 0.0)
(69.21856938225353 0.00277683627607761 0.0)
(69.22238372101026 0.0028946974714607193 0.0)
(69.22804875742725 0.0026514830270417344 0.0)
(69.23462937580025 0.0031649636474545126 0.0)
(69.2420160277284 0.0032025566520716216 0.0)
(69.2513630738581 0.003405553383399954 0.0)
(69.26191357152615 0.0035076591455678137 0.0)
(69.27544420224088 0.003407801311402486 0.0)
(69.29029073904186 0.0034256987041717747 0.0)
(69.30565910121136 0.003240322370503611 0.0)
(69.3225209081009 0.0030110585928658598 0.0)
(69.33871208281124 0.00275201631807738 0.0)
(69.3548039257369 0.002327409104561326 0.0)
(69.37108708041457 0.001977689071274051 0.0)
(69.38512498527605 0.0016451071799626056 0.0)
(69.39770137812401 0.0012731815064652206 0.0)
(69.40902992571336 0.0009658319658018131 0.0)
(69.41796372326019 0.00069336418776797 0.0)
(69.42536050087047 0.0004567010828892283 0.0)
(69.4311842093669 0.0003156587629687004 0.0)
(69.43475241915911 0.00020707266491565068 0.0)
(69.43720414109546 0.00012110664696807205 0.0)
(69.43868885206707 7.201430901484016e-5 0.0)
(69.43926215932017 2.763929517007928e-5 0.0)
(69.4396654206727 8.587988744493773e-6 0.0)
(69.43977852739292 -3.1807171605122465e-7 0.0)
(69.43985767808577 -2.791531538818901e-6 0.0)
(69.4399752893137 -1.9670121850075543e-6 0.0)
(69.21611797783221 0.00981144630665545 0.0)
(69.22721938589093 0.009248382979658312 0.0)
(69.21823190241099 0.004340678552788023 0.0)
(69.21754584823559 0.001815515494226211 0.0)
(69.21530726440996 0.0007173339929171312 0.0)
(69.2139611539415 0.000544534584494889 0.0)
(69.21183185115406 5.832113085963791e-5 0.0)
(69.20969158914549 0.00035630637867086916 0.0)
(69.21044210070174 0.00031183592729430075 0.0)
(69.2097130514498 0.00045429913531811557 0.0)
(69.21085533022983 0.0005126641279522543 0.0)
(69.21214385898737 0.00033761585866805976 0.0)
(69.21306102290815 0.0003698157934038395 0.0)
(69.21651169112647 0.0003135380745677367 0.0)
(69.2213968341874 0.0002614158505194056 0.0)
(69.22839346723708 0.00022214600446603764 0.0)
(69.23687749241462 0.00018077314902946036 0.0)
(69.24760570092907 0.00015157678288696297 0.0)
(69.25976562385148 0.00012885951287118117 0.0)
(69.27048296367646 0.00012167829129404891 0.0)
(69.27143637111465 0.00011034458204378288 0.0)
(69.23154823757719 9.838239628188232e-5 0.0)
(69.050522794437 8.568458738375321e-5 0.0)
(68.40990309232862 7.076279034486068e-5 0.0)
(66.32733439773575 5.1436396320183364e-5 0.0)
(59.8375470063258 -9.459459782834322e-6 0.0)
(40.36349137743023 2.984343907620498e-5 0.0)
(69.21234064476407 0.0037952676358083996 0.0)
(69.21822862022435 0.003001247026595154 0.0)
(69.22203139072334 0.003167082475037873 0.0)
(69.22771482493134 0.0029093141162183597 0.0)
(69.23430399122887 0.003513862550212692 0.0)
(69.24172749654176 0.003576231347695029 0.0)
(69.25109662499185 0.003822345055131075 0.0)
(69.26167737014758 0.003952125149032122 0.0)
(69.27523719418411 0.003850783428613005 0.0)
(69.29010968388876 0.003881966137202102 0.0)
(69.30550692722808 0.0036782291930919694 0.0)
(69.32239394855411 0.0034234425312707774 0.0)
(69.3386086266287 0.0031329683448429713 0.0)
(69.35472191639963 0.002651137305723075 0.0)
(69.3710228207241 0.00225476832949861 0.0)
(69.38507641194688 0.0018768736217532405 0.0)
(69.39766606735222 0.0014529863893374233 0.0)
(69.40900518824064 0.0011027994211569375 0.0)
(69.41794710332354 0.0007919269931197434 0.0)
(69.42535002083322 0.0005216543660657784 0.0)
(69.43117818318557 0.00036082300054394106 0.0)
(69.43474919819043 0.00023678249887091373 0.0)
(69.43720268075903 0.00013848042695760424 0.0)
(69.4386883240997 8.240078189149679e-5 0.0)
(69.4392619038201 3.158880698028079e-5 0.0)
(69.43966528283661 9.805867373521016e-6 0.0)
(69.4397783933287 -3.764717039934433e-7 0.0)
(69.43985756752483 -3.2084764722715554e-6 0.0)
(69.43997526397693 -2.253888102904133e-6 0.0)
(69.21601542510035 0.009520131963055872 0.0)
(69.22668056938552 0.008810437227379987 0.0)
(69.2174470499079 0.00453782153395775 0.0)
(69.21676483648761 0.0020112744816001386 0.0)
(69.2143838114056 0.0008311406493298348 0.0)
(69.21276712804793 0.0006392354383224883 0.0)
(69.21026826303064 8.235389014241094e-5 0.0)
(69.20763441932986 0.0004349381890907057 0.0)
(69.2077614252144 0.00038376240715728294 0.0)
(69.20621385811559 0.000546186982745322 0.0)
(69.20633676353242 0.0006225083757992071 0.0)
(69.20634909050072 0.0004138327838133573 0.0)
(69.20566556579321 0.00045470839733409625 0.0)
(69.20725037257635 0.0003878927095075864 0.0)
(69.20998918118012 0.00032459420821422276 0.0)
(69.2146502464614 0.00027663754878710093 0.0)
(69.22070042740215 0.0002237762872262394 0.0)
(69.22922122774551 0.00018762312165021225 0.0)
(69.24002015644174 0.0001584812610681713 0.0)
(69.2520575093414 0.00015014280901061975 0.0)
(69.26341607369746 0.00013670444529830577 0.0)
(69.26423800162515 0.00012292828452416786 0.0)
(69.22346376053581 0.00010907357086058691 0.0)
(69.0399213824234 9.394648449077072e-5 0.0)
(68.39399095304806 7.52189883411235e-5 0.0)
(66.2986045832963 1.837643786667126e-6 0.0)
(59.94028535015226 5.927678629180591e-5 0.0)
(41.0397622868043 0.0012495731469391756 0.0)
(69.21235419213835 0.0040150226803161914 0.0)
(69.21799238372851 0.003243209953714497 0.0)
(69.2217757754126 0.0034700234204819496 0.0)
(69.2274726455364 0.0031995894922915826 0.0)
(69.23406158453547 0.0039037969023074195 0.0)
(69.24152082212304 0.003997295724077694 0.0)
(69.25090595659746 0.004291841650161887 0.0)
(69.26151262128596 0.004453047724901989 0.0)
(69.27509539010408 0.004351052085489947 0.0)
(69.28998652273798 0.004397224948088371 0.0)
(69.30540656957896 0.004173017894342356 0.0)
(69.32231140650578 0.0038895071040574206 0.0)
(69.33854299773402 0.0035635410471036226 0.0)
(69.35467136124716 0.0030171925584764336 0.0)
(69.37098316547124 0.0025680878412864543 0.0)
(69.38504708614207 0.002138964232089622 0.0)
(69.39764538669505 0.0016563632345701815 0.0)
(69.40899089808872 0.0012577439521713138 0.0)
(69.41793780034192 0.0009034555472107636 0.0)
(69.4253443035144 0.0005951848866951895 0.0)
(69.4311749547243 0.00041195857294411536 0.0)
(69.43474766310106 0.0002704205471076748 0.0)
(69.43720214813877 0.00015814677732350966 0.0)
(69.43868825646985 9.415262828383228e-5 0.0)
(69.43926190866543 3.6056237712603245e-5 0.0)
(69.43966525151082 1.1181949533408666e-5 0.0)
(69.43977831409654 -4.4272780071933406e-7 0.0)
(69.43985748308252 -3.680350680225077e-6 0.0)
(69.43997524101036 -2.5781564863134734e-6 0.0)
(69.21599446100267 0.009216203487523007 0.0)
(69.22622160989349 0.00837066952617312 0.0)
(69.21676303368652 0.004742297430164585 0.0)
(69.21611247689201 0.002224758357191566 0.0)
(69.21364534362034 0.0009656523683257921 0.0)
(69.21181992758962 0.0007502991132294414 0.0)
(69.20903237156882 0.00011500611164058911 0.0)
(69.2060060446232 0.0005286864505730814 0.0)
(69.20562651671543 0.00046981853289887465 0.0)
(69.20340971202735 0.0006537437296760751 0.0)
(69.20268360186245 0.0007516036549318755 0.0)
(69.2016162616866 0.0005051324016514444 0.0)
(69.19954872085884 0.0005565143978826633 0.0)
(69.19946897101956 0.00047829045423161275 0.0)
(69.20022053206212 0.00040261593321059267 0.0)
(69.20261143707859 0.0003450709821595394 0.0)
(69.20613903850852 0.0002787292904379184 0.0)
(69.21208586412907 0.0002347570342489076 0.0)
(69.22054798268829 0.00019794918542250192 0.0)
(69.23110532679905 0.00018829696551708288 0.0)
(69.2438513260156 0.0001721799785305628 0.0)
(69.25527676260712 0.000155736661739076 0.0)
(69.25580287623326 0.0001395200682981649 0.0)
(69.21387883803132 0.00012256007957741805 0.0)
(69.027779956999 0.00010231188022090669 0.0)
(68.37272327925265 2.7914274716249014e-5 0.0)
(66.34317687410723 4.461566767072411e-5 0.0)
(60.359059573665036 0.003908568189089082 0.0)
(43.4193348886446 0.006154751398942243 0.0)
(69.21246579853333 0.004240872519929364 0.0)
(69.2178424507179 0.003504890602740551 0.0)
(69.22159993672098 0.003806310604622289 0.0)
(69.2273067833098 0.0035284557382879644 0.0)
(69.23388720986156 0.004339447082520201 0.0)
(69.24138302814448 0.004472284448620164 0.0)
(69.25077939310349 0.004821093231845694 0.0)
(69.26140926133297 0.0050176913656212255 0.0)
(69.27501015669542 0.004916188484162292 0.0)
(69.2899138358986 0.00497910411592985 0.0)
(69.3053520178877 0.004732059719165554 0.0)
(69.32226836651098 0.004416160385112203 0.0)
(69.33851131554992 0.004050063859340132 0.0)
(69.3546492905988 0.003431023175101214 0.0)
(69.37096579014423 0.0029222856992223403 0.0)
(69.38503529884403 0.002435243542029948 0.0)
(69.39763813922875 0.00188633051000875 0.0)
(69.40898623121231 0.001432969051952682 0.0)
(69.41793528256292 0.0010296218159825757 0.0)
(69.42534302425015 0.0006784137818818711 0.0)
(69.43117434155178 0.0004698458657304555 0.0)
(69.43474773030327 0.0003084991052103606 0.0)
(69.43720251681316 0.00018040239250164251 0.0)
(69.43868864836449 0.0001074433403620502 0.0)
(69.43926217616212 4.1107185140686003e-5 0.0)
(69.43966532547955 1.2735637342206796e-5 0.0)
(69.43977828511173 -5.177887207970759e-7 0.0)
(69.43985741964805 -4.214035439171085e-6 0.0)
(69.43997521897664 -2.9443761504287188e-6 0.0)
(69.21603567823071 0.008904847017852446 0.0)
(69.22582864367585 0.007939005954298925 0.0)
(69.2161600925614 0.004951240624003562 0.0)
(69.21555634641986 0.002458554385100841 0.0)
(69.21305091712978 0.0011227483783317494 0.0)
(69.21106703104115 0.000881779775505649 0.0)
(69.20805808473686 0.00015873627376490794 0.0)
(69.20472331901054 0.0006399385122702303 0.0)
(69.2039346346532 0.0005723751920839697 0.0)
(69.20117656475622 0.0007788441660378224 0.0)
(69.1997515638362 0.0009020931061641059 0.0)
(69.19778610618083 0.0006133745709468389 0.0)
(69.19454746485577 0.0006771976265536675 0.0)
(69.19302287645844 0.0005866987913804104 0.0)
(69.19199792803006 0.0004974539290649719 0.0)
(69.19227971497078 0.0004294828270506128 0.0)
(69.19335072193351 0.00034758932408365123 0.0)
(69.19661643413987 0.0002950945939991712 0.0)
(69.20234017255656 0.00024945235240363573 0.0)
(69.21038161200012 0.00023857843053817665 0.0)
(69.22160238377283 0.00021943547061310442 0.0)
(69.23439838426329 0.00019970712858037414 0.0)
(69.2456810982957 0.00018019860523157038 0.0)
(69.24557107409146 0.00016012548914442237 0.0)
(69.20239157848431 0.0001364593686256777 0.0)
(69.00901196385415 6.979994879152679e-5 0.0)
(68.38175445760291 4.9252837598826224e-5 0.0)
(66.52981553347128 0.0040774291975509995 0.0)
(61.701885934969795 0.018215504305518836 0.0)
(48.77366810366538 0.019738032009571575 0.0)
(69.21265725186528 0.004472914281381451 0.0)
(69.2177646547571 0.0037900366065995676 0.0)
(69.22149124799044 0.00417765260503034 0.0)
(69.22720586665726 0.0039034330648501387 0.0)
(69.23376998290702 0.004825871553774642 0.0)
(69.24130497800337 0.0050084562342651824 0.0)
(69.25070898410024 0.005418070604889171 0.0)
(69.26136080447638 0.00565415463610839 0.0)
(69.27497615166362 0.005554705800222206 0.0)
(69.2898871771967 0.005636137838235147 0.0)
(69.30533996619266 0.0053636225886473056 0.0)
(69.32226225461262 0.005011134847992305 0.0)
(69.33851171837874 0.004599602404591486 0.0)
(69.35465443206203 0.0038987354635036456 0.0)
(69.37096970249164 0.003322552237360687 0.0)
(69.3850403919819 0.0027700305325304916 0.0)
(69.39764393421126 0.002146268523009866 0.0)
(69.40899094250052 0.0016310561432441534 0.0)
(69.41793942747019 0.001172304689908202 0.0)
(69.42534612674106 0.0007726077648556738 0.0)
(69.43117632011275 0.0005353668615721359 0.0)
(69.43474941387694 0.0003515968200223371 0.0)
(69.43720381553582 0.00020558138338895655 0.0)
(69.4386895271521 0.00012246689418238523 0.0)
(69.43926272468245 4.681485302097359e-5 0.0)
(69.43966550995574 1.4488279415730571e-5 0.0)
(69.4397783048248 -6.027048961992696e-7 0.0)
(69.43985737337236 -4.817195420688583e-6 0.0)
(69.43997519648697 -3.3575594167067245e-6 0.0)
(69.21612348012806 0.008592632504116909 0.0)
(69.22549177312459 0.007527734689656396 0.0)
(69.21562447059691 0.005158813703662277 0.0)
(69.21507027495214 0.002717901080134623 0.0)
(69.21256767427678 0.0013032666632971537 0.0)
(69.21046582545522 0.001039088823943123 0.0)
(69.20729170466119 0.00021716447327407173 0.0)
(69.20371802164361 0.000771471405774871 0.0)
(69.20259967922306 0.0006945092371475751 0.0)
(69.1994078656354 0.0009236916182198535 0.0)
(69.1974121601598 0.001076340976699915 0.0)
(69.19470945616567 0.0007406877830669367 0.0)
(69.19049695538015 0.0008189138590818341 0.0)
(69.1877453557474 0.0007152431629598563 0.0)
(69.18517599829637 0.0006112094748557355 0.0)
(69.18356692572792 0.0005320038787996294 0.0)
(69.18235132965262 0.0004323875955442359 0.0)
(69.1829952288109 0.0003708336633036001 0.0)
(69.18585369005038 0.0003152951965786649 0.0)
(69.1909411774294 0.0003035954787041411 0.0)
(69.19953113113709 0.00028136026409105 0.0)
(69.21066937610577 0.00025798787149748555 0.0)
(69.22325453147593 0.0002344965026648071 0.0)
(69.23397254217106 0.00021031233620684873 0.0)
(69.23306037637066 0.00018162141338192453 0.0)
(69.18291483443193 0.0001288078223498992 0.0)
(69.00056107672772 8.385842083655511e-5 0.0)
(68.44645297844812 0.004163946770242023 0.0)
(67.1059896073362 0.019371484659930886 0.0)
(64.11093175312465 0.05084823257520884 0.0)
(58.344019648394635 0.05201741504931876 0.0)
(69.21291336913599 0.0047098836693459396 0.0)
(69.21774784715917 0.004104689702068273 0.0)
(69.22144081290324 0.0045844449654224365 0.0)
(69.22716175633539 0.004333446848459576 0.0)
(69.23370258816787 0.005368768468584131 0.0)
(69.24128083834121 0.005613777065522084 0.0)
(69.25069007045421 0.006091776589511215 0.0)
(69.2613639951944 0.006371459293619132 0.0)
(69.27499102993688 0.006276136894685739 0.0)
(69.28990484118084 0.006377842932474162 0.0)
(69.30536963429371 0.006076961274953258 0.0)
(69.32229270668469 0.005683060966658944 0.0)
(69.33854426740125 0.005220012866273326 0.0)
(69.35468714370523 0.004427153789712358 0.0)
(69.37099519363909 0.0037746771342629932 0.0)
(69.38506272563704 0.0031481339089107 0.0)
(69.39766316795371 0.002439950723373259 0.0)
(69.40900535459923 0.0018548894717086999 0.0)
(69.41795051658916 0.0013336110230000046 0.0)
(69.42535382140564 0.0008791969627854343 0.0)
(69.43118102549427 0.0006095177556560014 0.0)
(69.43475282729526 0.00040036677382618356 0.0)
(69.43720613040766 0.0002340592906421187 0.0)
(69.43869095019346 0.00013943931069856965 0.0)
(69.43926358984397 5.3260559968326484e-5 0.0)
(69.43966581690607 1.6463147855725162e-5 0.0)
(69.4397783746333 -6.986336777866496e-7 0.0)
(69.43985734144236 -5.498320200885309e-6 0.0)
(69.43997517211787 -3.8231624505798e-6 0.0)
(69.21624595721867 0.008287549030315183 0.0)
(69.22520391809103 0.007151720063646687 0.0)
(69.21514767662326 0.0053560834805996115 0.0)
(69.2146333185086 0.0030109686281619297 0.0)
(69.2121693594571 0.0015074545869999069 0.0)
(69.20998199131675 0.0012287602665615994 0.0)
(69.20668996933911 0.0002958713814764733 0.0)
(69.20293502828127 0.0009264417316924333 0.0)
(69.20155071379847 0.00084022129878759 0.0)
(69.19801422777927 0.0010909346349542034 0.0)
(69.19555454481146 0.001276946267937959 0.0)
(69.19225286253214 0.0008895451634669074 0.0)
(69.18724183975131 0.000984068615942797 0.0)
(69.18346602831147 0.000866263273633904 0.0)
(69.1795838009027 0.0007461666805534803 0.0)
(69.17632698317475 0.0006549040255258588 0.0)
(69.17305790849768 0.0005352549970303685 0.0)
(69.17125297319409 0.0004642559627274972 0.0)
(69.17129861425624 0.00039787914156542764 0.0)
(69.17328579883002 0.0003860998963843691 0.0)
(69.17875965982957 0.00036105676272095113 0.0)
(69.18706359893778 0.00033401300151143684 0.0)
(69.19780018267672 0.00030612741802919064 0.0)
(69.2096612243529 0.0002771094029004341 0.0)
(69.21958045832064 0.00024204215045171794 0.0)
(69.21107921416944 0.00020787974937155746 0.0)
(69.16620104045828 0.00014437985725055123 0.0)
(69.01192186596647 0.004221081063127663 0.0)
(68.65829997299383 0.01988919050488566 0.0)
(68.00313290067866 0.05459148859164714 0.0)
(67.03590075508349 0.10931041525233069 0.0)
(72.61411008124742 0.11539486748067765 0.0)
(69.21322130492644 0.004949588667697311 0.0)
(69.21778303351473 0.0044572723732808645 0.0)
(69.22144310105537 0.005026358186112178 0.0)
(69.22716886492009 0.0048284318067536094 0.0)
(69.23368096094802 0.005974962341479743 0.0)
(69.24130773764438 0.0062968720355889435 0.0)
(69.25072100736777 0.006852320382710988 0.0)
(69.26141863609423 0.007179658474692957 0.0)
(69.2750553100552 0.0070911167383198625 0.0)
(69.28996777395872 0.007214786698135005 0.0)
(69.30544272813763 0.006882408268857236 0.0)
(69.32236155706914 0.006441535682772719 0.0)
(69.33861095459883 0.005919986240444276 0.0)
(69.35474943673924 0.0050238768164880005 0.0)
(69.37104385951814 0.0042850918252440705 0.0)
(69.38510370143541 0.003574881945559657 0.0)
(69.39769704822413 0.002771571888490515 0.0)
(69.40903037801303 0.002107679370866332 0.0)
(69.41796925302275 0.001515896671728434 0.0)
(69.4253665986017 0.0009997946295062059 0.0)
(69.43118876062249 0.0006934228883878041 0.0)
(69.43475819089731 0.0004555451563591066 0.0)
(69.43720961040165 0.0002662573122718027 0.0)
(69.43869300845843 0.0001585999356117239 0.0)
(69.43926482663997 6.0534096693949106e-5 0.0)
(69.43966626576746 1.86852926089017e-5 0.0)
(69.43977849895059 -8.068325841593656e-7 0.0)
(69.4398573219148 -6.266746290472594e-6 0.0)
(69.43997514432637 -4.347044711436037e-6 0.0)
(69.21639513286453 0.007998953290827133 0.0)
(69.22495984446562 0.006827947421126864 0.0)
(69.21472577462188 0.005533335557693091 0.0)
(69.21422926209775 0.003347337395712199 0.0)
(69.21183494739478 0.0017370300314388785 0.0)
(69.20958822329993 0.0014575208648979843 0.0)
(69.20621822102288 0.000403567011325516 0.0)
(69.20233039443364 0.0011083973090827072 0.0)
(69.20073011551456 0.001014635650356083 0.0)
(69.1969219980589 0.0012838410335891486 0.0)
(69.19408534448725 0.0015067412906175628 0.0)
(69.19030079658157 0.0010628479522983702 0.0)
(69.18464255987529 0.0011753821341443614 0.0)
(69.1800231922087 0.0010423749360009412 0.0)
(69.1750447215922 0.0009048569049255457 0.0)
(69.17038438529119 0.0008006510873391708 0.0)
(69.16532323105774 0.0006584687412531357 0.0)
(69.16131282024973 0.0005777522514926199 0.0)
(69.15872253084373 0.0004997046699571024 0.0)
(69.15765701609519 0.000488965715605073 0.0)
(69.15983822040398 0.00046180555309808174 0.0)
(69.16477639347589 0.00043148053545462816 0.0)
(69.1724109179352 0.0003991571203199363 0.0)
(69.18213153693301 0.00036492563063591593 0.0)
(69.19295303358999 0.00032241498558804264 0.0)
(69.19412662071836 0.00031118915641751476 0.0)
(69.1900553498155 0.00022949517074288042 0.0)
(69.15580417778486 0.004255033149906686 0.0)
(69.07945981853871 0.020062443008350507 0.0)
(68.95965426642623 0.05570777076535323 0.0)
(68.83582557097316 0.11790901772992654 0.0)
(69.66463866097352 0.20399451444986136 0.0)
(84.57460951488524 0.19889479054656498 0.0)
(69.21357001272243 0.005191071643199417 0.0)
(69.21786285080793 0.004857252292888032 0.0)
(69.22149565077338 0.005504216325466809 0.0)
(69.22722373001287 0.005398328696412645 0.0)
(69.23370406939138 0.006653051962017712 0.0)
(69.24138562805399 0.007067013306827259 0.0)
(69.25080304245618 0.007710897305670918 0.0)
(69.26152757745646 0.00808996716820589 0.0)
(69.27517239528005 0.008011460594305384 0.0)
(69.29007963433322 0.008158634369527889 0.0)
(69.30556353345713 0.0077914571365231096 0.0)
(69.32247294999772 0.007297181192563575 0.0)
(69.3387158188248 0.006709074477199924 0.0)
(69.3548450869186 0.0056973236344209765 0.0)
(69.37111869536776 0.0048609029001275145 0.0)
(69.38516584406612 0.004056141783699783 0.0)
(69.39774766296776 0.0031457699622232985 0.0)
(69.4090675641575 0.002392981454070947 0.0)
(69.41799680226977 0.001721786731611244 0.0)
(69.42538525806107 0.0011362185888051087 0.0)
(69.43120001527032 0.0007883496875279495 0.0)
(69.43476584568678 0.0005179607265259189 0.0)
(69.43721447673819 0.00030264647176784956 0.0)
(69.43869583208011 0.00018021215974851638 0.0)
(69.43926651267792 6.873382312885684e-5 0.0)
(69.43966688457489 2.11812057649397e-5 0.0)
(69.43977868543509 -9.28653754380498e-7 0.0)
(69.43985731359959 -7.132643538249604e-6 0.0)
(69.439975111358 -4.9353806343556844e-6 0.0)
(69.21656725188602 0.007737251191510842 0.0)
(69.22475574055677 0.006573237428349689 0.0)
(69.2143583403367 0.005685528066789653 0.0)
(69.21384684072656 0.0037337483465160327 0.0)
(69.21154730329195 0.0019990886801951754 0.0)
(69.20926334636322 0.0017306636113779052 0.0)
(69.20584877034473 0.0005533913047108967 0.0)
(69.20186954804308 0.0013214613135128818 0.0)
(69.20009162596486 0.0012240877036348728 0.0)
(69.19607137637091 0.0015065533256103671 0.0)
(69.19292729533515 0.0017687796078622617 0.0)
(69.18875566252528 0.001264012734414668 0.0)
(69.18257797336483 0.0013959648651524301 0.0)
(69.17727084409057 0.001246537632258961 0.0)
(69.1713899499999 0.0010901300088592145 0.0)
(69.16555566993809 0.0009719819292793251 0.0)
(69.15896624275935 0.0008045141860611549 0.0)
(69.15302660116787 0.0007138713691635623 0.0)
(69.14805574084966 0.0006233990720132587 0.0)
(69.14412169717424 0.0006151915875273174 0.0)
(69.14304310086693 0.0005870389414238317 0.0)
(69.14441211783968 0.000554308942409932 0.0)
(69.14836307796931 0.0005179708241277296 0.0)
(69.1546053992381 0.0004786025639796542 0.0)
(69.16289922214754 0.00042797276618282816 0.0)
(69.16351263775536 0.00044372735498931587 0.0)
(69.17040884378991 0.00034098993566822875 0.0)
(69.1702493359357 0.004276268491664782 0.0)
(69.17258183981403 0.020093138901526357 0.0)
(69.17628158457512 0.05598488595769438 0.0)
(69.19178738967925 0.11897924018703884 0.0)
(69.33254455518738 0.21565623889261368 0.0)
(70.9070748581989 0.35382662413255445 0.0)
(92.19826305463921 0.3045788815935402 0.0)
(69.21394978342643 0.005438230154778565 0.0)
(69.21798163004534 0.005312022453202762 0.0)
(69.22159856203507 0.006022935869925223 0.0)
(69.22732499707564 0.006051682052218576 0.0)
(69.23377370617429 0.007413893198111352 0.0)
(69.24151735847461 0.007934309788503952 0.0)
(69.2509403581894 0.008679602360200588 0.0)
(69.26169684913852 0.009114906762048526 0.0)
(69.27534876195561 0.009050245743931602 0.0)
(69.29024700605248 0.009222157854904475 0.0)
(69.30573914564705 0.008816827723811059 0.0)
(69.32263358276012 0.008261686504757107 0.0)
(69.33886517379341 0.007597687366168537 0.0)
(69.35497983949939 0.006456761620550048 0.0)
(69.37122426824995 0.005509909188350595 0.0)
(69.385252944138 0.004598321609351331 0.0)
(69.39781809666758 0.0035676361320413543 0.0)
(69.40911919322012 0.00271470882730259 0.0)
(69.41803485880276 0.001954193319816483 0.0)
(69.42541095559925 0.0012905136044272084 0.0)
(69.43121549613676 0.0008957248401046909 0.0)
(69.43477627450666 0.0005885446361797737 0.0)
(69.43722103653761 0.00034375146407379995 0.0)
(69.43869959823475 0.00020456320825835495 0.0)
(69.4392687526504 7.796631058330895e-5 0.0)
(69.43966771155617 2.3978198521270047e-5 0.0)
(69.43977894538223 -1.0655224723510547e-6 0.0)
(69.439857315986 -8.10694235739511e-6 0.0)
(69.43997507114365 -5.594498042615566e-6 0.0)
(69.2167624222179 0.007513369179803253 0.0)
(69.22458975694016 0.006399478735246962 0.0)
(69.21404674827883 0.005819219338332623 0.0)
(69.21348063171602 0.004168046623706663 0.0)
(69.21129197698379 0.0023103518598275173 0.0)
(69.2089916906448 0.002050582289307827 0.0)
(69.20555959187105 0.0007635896305627083 0.0)
(69.20152558736928 0.0015709919278284023 0.0)
(69.1995985556152 0.0014759614897402664 0.0)
(69.19541436620625 0.0017644376114834882 0.0)
(69.19201737724114 0.0020663325643820577 0.0)
(69.18753650269089 0.0014970539278132548 0.0)
(69.18094558421359 0.0016494075701229077 0.0)
(69.17508174190277 0.0014821301925314098 0.0)
(69.16846631396204 0.0013052313472985298 0.0)
(69.16166416049624 0.0011719833554665164 0.0)
(69.15379531814106 0.0009761611163112402 0.0)
(69.14620737019882 0.000875386735374427 0.0)
(69.13914933346891 0.0007717711414165745 0.0)
(69.13261844455103 0.0007679319762815544 0.0)
(69.12846300008515 0.0007403419279573424 0.0)
(69.12628645099724 0.0007066052987974867 0.0)
(69.12632236387032 0.000667221225846004 0.0)
(69.1284509237129 0.000623368648199454 0.0)
(69.13278294282382 0.0005644858237338059 0.0)
(69.12923004864588 0.0006110190945749967 0.0)
(69.13787113707743 0.0004620926564041168 0.0)
(69.14540229856524 0.004353330030749564 0.0)
(69.17077745145585 0.020053065467339426 0.0)
(69.20649546769117 0.05598424893259107 0.0)
(69.24699720377627 0.11914365770102807 0.0)
(69.29622630154667 0.2151929810547757 0.0)
(69.46808904149323 0.35047379479929053 0.0)
(71.15392976865023 0.547331019196765 0.0)
(97.04047332304269 0.4301148730531896 0.0)
(69.21435189005378 0.005702788114021452 0.0)
(69.21813606871136 0.0058233368330847125 0.0)
(69.2217535911103 0.0065938902809382855 0.0)
(69.22747384678533 0.006794869367016559 0.0)
(69.23389430454759 0.008270281371113134 0.0)
(69.24170889633763 0.008910334056502026 0.0)
(69.25114032778986 0.009771054662032137 0.0)
(69.2619359208534 0.010268411480644227 0.0)
(69.27559432040312 0.010221911389509706 0.0)
(69.29047977548876 0.01041918688112838 0.0)
(69.30597984366011 0.009972490318317498 0.0)
(69.32285308976086 0.009347821074179141 0.0)
(69.33906795885493 0.008597047630188936 0.0)
(69.35516171462994 0.00731230199881672 0.0)
(69.37136697433164 0.006240592879321101 0.0)
(69.38537026874799 0.005208345831057982 0.0)
(69.39791259802358 0.004042706604928139 0.0)
(69.40918840101376 0.0030771327033670007 0.0)
(69.41808574052871 0.0022163277891486736 0.0)
(69.42544526942307 0.0014649749556654315 0.0)
(69.43123617000799 0.001017150949470455 0.0)
(69.43479013161577 0.0006683402518620394 0.0)
(69.43722970169081 0.0003901537701900368 0.0)
(69.43870454173411 0.00023196242976835193 0.0)
(69.43927168424048 8.834529411846535e-5 0.0)
(69.43966879725394 2.7103357984559305e-5 0.0)
(69.43977929428142 -1.2189023855008e-6 0.0)
(69.4398573292076 -9.201171832955788e-6 0.0)
(69.43997502118057 -6.330608284281906e-6 0.0)
(69.21698309424444 0.0073387346066537745 0.0)
(69.22446340731061 0.006308636504827588 0.0)
(69.21379211432459 0.005955858248009029 0.0)
(69.21313199113823 0.004635943556230178 0.0)
(69.21105659169226 0.0026977469627919915 0.0)
(69.20876240147872 0.0024175733042623502 0.0)
(69.20533348807577 0.001056275499175705 0.0)
(69.20127766667603 0.0018651021294462044 0.0)
(69.1992222037862 0.0017781723308858868 0.0)
(69.1949128198738 0.00206448456599606 0.0)
(69.19130475210002 0.0024029443440736313 0.0)
(69.18657713907007 0.0017666439176844543 0.0)
(69.17966032358291 0.0019398897402709574 0.0)
(69.1733478669901 0.0017530390653686667 0.0)
(69.16613985010142 0.0015538843655287474 0.0)
(69.15854870469897 0.001404183009259073 0.0)
(69.14962447996459 0.001176553724893294 0.0)
(69.14065464710612 0.0010653788852384174 0.0)
(69.1318100260601 0.0009478862450825837 0.0)
(69.122997653336 0.0009505585178900902 0.0)
(69.11604645716301 0.0009254861046708048 0.0)
(69.11051318126222 0.00089266555570418 0.0)
(69.10664974228776 0.000851792241410759 0.0)
(69.10440505477537 0.0008047765731318683 0.0)
(69.10407793847244 0.0007381995684258687 0.0)
(69.09483536162928 0.0008189576717646506 0.0)
(69.10218477560706 0.0006592537417618036 0.0)
(69.10887204951383 0.004404319193947489 0.0)
(69.14100479773332 0.020062341484613368 0.0)
(69.18810248631935 0.055921856512936984 0.0)
(69.23736429764124 0.11910453906633037 0.0)
(69.27850170691192 0.21508883315250707 0.0)
(69.31760981275399 0.34795741703441535 0.0)
(69.44980465259309 0.5201440705071771 0.0)
(71.02873938449585 0.7800520596577655 0.0)
(100.22412853075696 0.5737664372523146 0.0)
(69.21476863154203 0.006003339697020612 0.0)
(69.21832600198218 0.006387119970750916 0.0)
(69.22196321165524 0.00723383618533071 0.0)
(69.22767452768407 0.007633748988511846 0.0)
(69.23407304609378 0.00923521455103518 0.0)
(69.2419695305872 0.010009283428861801 0.0)
(69.25141408736488 0.01099797004429999 0.0)
(69.26225807528493 0.011565757187640729 0.0)
(69.27592295178627 0.011542394280834964 0.0)
(69.2907917016073 0.01176448563099818 0.0)
(69.30629961449688 0.011273609323466148 0.0)
(69.32314458248287 0.010569407447852796 0.0)
(69.33933622709039 0.009719088126126974 0.0)
(69.35540142148085 0.008274843784044 0.0)
(69.37155539095903 0.007062069901790574 0.0)
(69.38552484698533 0.005893591669525654 0.0)
(69.39803680506888 0.004576925948852054 0.0)
(69.40927934842247 0.003484863974465313 0.0)
(69.41815251478582 0.0025117051330229645 0.0)
(69.42549028923011 0.0016621712724890969 0.0)
(69.43126332209228 0.0011544228313640045 0.0)
(69.43480828256942 0.000758512323366665 0.0)
(69.43724101396117 0.0004424932314930546 0.0)
(69.43871096889947 0.0002627372673034975 0.0)
(69.43927548567554 9.998953314255798e-5 0.0)
(69.43967020724072 3.05818979494614e-5 0.0)
(69.43977975253955 -1.3902422970493012e-6 0.0)
(69.43985735404196 -1.0427162378636984e-5 0.0)
(69.43997495839216 -7.149380849906115e-6 0.0)
(69.21723216843208 0.007226328349011828 0.0)
(69.2243825458743 0.006293700049274864 0.0)
(69.21359450536521 0.00612482538821135 0.0)
(69.21280871472676 0.005117762865664593 0.0)
(69.21083168377142 0.003190502535776189 0.0)
(69.20856821851557 0.0028353117497168065 0.0)
(69.20515788574775 0.0014531974219765755 0.0)
(69.20110940544205 0.002217123946075514 0.0)
(69.1989405285413 0.0021384137673881474 0.0)
(69.19453666033264 0.0024155997284522565 0.0)
(69.19074878006971 0.0027826358335494663 0.0)
(69.18582409540107 0.0020781269977599437 0.0)
(69.1786526797561 0.002272301961946 0.0)
(69.17197928703253 0.0020637678419439956 0.0)
(69.16429653758331 0.0018403784374361543 0.0)
(69.1560678114788 0.0016726520467999497 0.0)
(69.14628319201218 0.0014093166618341405 0.0)
(69.13617228088403 0.001287332056918053 0.0)
(69.12582761191375 0.001155160576186338 0.0)
(69.11505892285237 0.0011667434347670945 0.0)
(69.1056439017096 0.0011464978832845005 0.0)
(69.09705255127967 0.001117012736482911 0.0)
(69.08948816473823 0.0010768003054031645 0.0)
(69.08288198405333 0.0010286612468623387 0.0)
(69.07760519362623 0.0009557557676763197 0.0)
(69.06195691125598 0.0010737365746097953 0.0)
(69.06683581934313 0.0008764597931666308 0.0)
(69.06943622993158 0.004492660724360218 0.0)
(69.10269927075122 0.020067688456099974 0.0)
(69.15565657526935 0.05586714142873359 0.0)
(69.21170183925038 0.11902515569455668 0.0)
(69.25675838628767 0.21501452850131111 0.0)
(69.28798093962635 0.3476643433064671 0.0)
(69.31126774464828 0.5160064024160537 0.0)
(69.39984948359789 0.7217950661792886 0.0)
(70.80092553607254 1.0482597937097877 0.0)
(102.37704368410542 0.7315581969765589 0.0)
(69.21519423745 0.006359067936209185 0.0)
(69.21855431714782 0.007000599749513135 0.0)
(69.22223085600601 0.007958604868048823 0.0)
(69.22793421422706 0.008578687143574215 0.0)
(69.23432079595646 0.010319092110766141 0.0)
(69.24231186890594 0.011249134783852784 0.0)
(69.25177749576041 0.012373095205088775 0.0)
(69.2626809308273 0.013023080005147795 0.0)
(69.27635319988057 0.013029275373557418 0.0)
(69.29120121168826 0.01327355993004241 0.0)
(69.30671684182718 0.012736349399421035 0.0)
(69.32352535968995 0.011941229755936722 0.0)
(69.33968578831649 0.010976275142797429 0.0)
(69.35571289195084 0.009355936848984406 0.0)
(69.37180073384032 0.007983980447854292 0.0)
(69.38572584023747 0.006661771017053919 0.0)
(69.39819803254578 0.005176566631262658 0.0)
(69.40939743859224 0.003942808523236299 0.0)
(69.41823916011742 0.0028441349664551203 0.0)
(69.42554873118094 0.0018849646456669904 0.0)
(69.43129863296424 0.0013095419986426915 0.0)
(69.43483185649409 0.0008603540102438776 0.0)
(69.43725567775256 0.0005014670444014686 0.0)
(69.43871927537904 0.00029722574809582447 0.0)
(69.43928038515445 0.00011301904525421609 0.0)
(69.43967202549429 3.44346586605084e-5 0.0)
(69.43978034635964 -1.580896701665302e-6 0.0)
(69.43985739194353 -1.179654465075939e-5 0.0)
(69.43997487896222 -8.055293277775661e-6 0.0)
(69.21751313333418 0.007190938594423208 0.0)
(69.22435568923902 0.006349786803232346 0.0)
(69.2134554959038 0.006345380207795421 0.0)
(69.21252227464691 0.005606613969142868 0.0)
(69.21061353897385 0.0038039423943052636 0.0)
(69.20840359659557 0.003320251182436381 0.0)
(69.20502517167799 0.0019694169536077924 0.0)
(69.20100742557872 0.0026480121266959753 0.0)
(69.1987369420166 0.0025637763919189108 0.0)
(69.19426238842544 0.0028284315600166613 0.0)
(69.1903171760555 0.0032103730899407535 0.0)
(69.18523461126635 0.0024374680347092354 0.0)
(69.17786655404767 0.002652361591328085 0.0)
(69.17090227717506 0.002419579029739236 0.0)
(69.16284126547654 0.0021696630327074453 0.0)
(69.15410068724749 0.0019821212267582228 0.0)
(69.14362115912478 0.001678682907013163 0.0)
(69.13257943190388 0.0015452464523242279 0.0)
(69.12099466967729 0.0013974725643296488 0.0)
(69.1085810045319 0.001420563497628206 0.0)
(69.09704778124406 0.0014077511883988328 0.0)
(69.08575543327052 0.0013844746700189463 0.0)
(69.07481171396712 0.0013476391183064101 0.0)
(69.06405918486824 0.00130114209565979 0.0)
(69.05384244411509 0.0012241391600839456 0.0)
(69.03154133308423 0.0013818614242458497 0.0)
(69.03340594712431 0.0011403890100210692 0.0)
(69.03033479410533 0.004609686174180839 0.0)
(69.06194850402252 0.02000213862230026 0.0)
(69.11827617778043 0.05575857981518135 0.0)
(69.18051518535232 0.1189278922583605 0.0)
(69.23147420446391 0.21492069539443465 0.0)
(69.26670090312336 0.3475679836119394 0.0)
(69.28647245547035 0.5156422202622626 0.0)
(69.29510435237866 0.7164938602958285 0.0)
(69.34645019024637 0.9529144414298387 0.0)
(70.56212166031227 1.3441326623829821 0.0)
(103.86225992029303 0.8982735741007364 0.0)
(69.21562629317245 0.006782208514347823 0.0)
(69.21882566454435 0.007674092197169889 0.0)
(69.2225633300762 0.008775071263443127 0.0)
(69.22826175657717 0.009649929127397039 0.0)
(69.2346540927712 0.011528340541299508 0.0)
(69.24275174857762 0.012651155092418431 0.0)
(69.25225234464064 0.013910115017497539 0.0)
(69.26322725764226 0.01465627488132257 0.0)
(69.27690905192318 0.01470178663046982 0.0)
(69.29173245616258 0.0149624541695721 0.0)
(69.30725518184383 0.01437746916682667 0.0)
(69.3240177967163 0.013478837142055049 0.0)
(69.34013702699754 0.012381340617488211 0.0)
(69.35611394486182 0.010567527013045102 0.0)
(69.37211743046934 0.009016290611486875 0.0)
(69.3859850049625 0.0075207350424321565 0.0)
(69.39840562745918 0.0058480901729163004 0.0)
(69.40954958668779 0.004456083826936921 0.0)
(69.41835076719612 0.00321769258674452 0.0)
(69.42562408315412 0.0021365246675975154 0.0)
(69.43134427784842 0.0014847262696050358 0.0)
(69.43486231357818 0.0009752897026035297 0.0)
(69.43727460224623 0.0005678243121655735 0.0)
(69.43872996868444 0.00033576383168498725 0.0)
(69.43928667234576 0.00012754893132663157 0.0)
(69.43967435846993 3.867443090756191e-5 0.0)
(69.43978110874276 -1.7920126947645654e-6 0.0)
(69.43985744510631 -1.3319949087327528e-5 0.0)
(69.43997477813967 -9.050665690011208e-6 0.0)
(69.2178329888024 0.007245509555433921 0.0)
(69.22438946582602 0.006485596662572707 0.0)
(69.21338278649054 0.006611992419520123 0.0)
(69.21228400139596 0.006122041781805031 0.0)
(69.21040756797444 0.004526907910826962 0.0)
(69.20826318044533 0.003906726529217666 0.0)
(69.20493285860934 0.002609519676976128 0.0)
(69.20096037725163 0.0031859145284963493 0.0)
(69.19859902135359 0.003061868289577791 0.0)
(69.19407191061302 0.003314256102471773 0.0)
(69.18998437404157 0.0036928487546912954 0.0)
(69.1847748314089 0.0028511579666923065 0.0)
(69.17725718801668 0.0030866679936390248 0.0)
(69.17005710845679 0.0028266825237324893 0.0)
(69.16169595909138 0.0025474492108971737 0.0)
(69.15254631721658 0.0023381122156427995 0.0)
(69.14150972082962 0.0019896510553661802 0.0)
(69.12971613056732 0.0018437709469827932 0.0)
(69.11711889237169 0.0016792932228049196 0.0)
(69.10334362179162 0.001716621446378967 0.0)
(69.09002521062757 0.0017140824511384743 0.0)
(69.07640646967508 0.0017002892467611651 0.0)
(69.0624720929485 0.0016700697529933443 0.0)
(69.04792725249257 0.0016286756273879608 0.0)
(69.03300871347425 0.0015506762982550482 0.0)
(69.0041603963504 0.0017502296144951072 0.0)
(69.00277712499145 0.0014396324220528405 0.0)
(68.99313424627101 0.004781719555699038 0.0)
(69.02113157027881 0.01997873067349773 0.0)
(69.07880245691267 0.05560573790572539 0.0)
(69.14636376044118 0.11876205908722307 0.0)
(69.20347922780567 0.21480146470073594 0.0)
(69.24404465002326 0.3474754738508573 0.0)
(69.26762579260858 0.5155478170428224 0.0)
(69.27533158421764 0.7161205810651126 0.0)
(69.26986228362584 0.9467846937895554 0.0)
(69.29070762252012 1.2071253150706835 0.0)
(70.33799994002408 1.6575193556031418 0.0)
(104.9085162212621 1.068306230287576 0.0)
(69.21606578447611 0.007277751686186989 0.0)
(69.21914566374694 0.00843384810077428 0.0)
(69.22297357034067 0.009681978540856513 0.0)
(69.22866693108922 0.010875100628530933 0.0)
(69.23509692468554 0.012869630672991968 0.0)
(69.24330898570352 0.014235727396805634 0.0)
(69.25286727847241 0.015625699778080086 0.0)
(69.26392632480086 0.01647946741920878 0.0)
(69.27762073859888 0.01658030229354737 0.0)
(69.29241661407522 0.016847655234292283 0.0)
(69.30794467154976 0.01621364292745726 0.0)
(69.32465041382352 0.015198159824105679 0.0)
(69.34071591024268 0.013946907389877175 0.0)
(69.35662709259287 0.011921533801541437 0.0)
(69.37252381446143 0.010168960332659264 0.0)
(69.38631725517756 0.008478181233746915 0.0)
(69.39867139639622 0.006597926219502697 0.0)
(69.40974454435617 0.00502988204113264 0.0)
(69.41849378253157 0.003636661604033925 0.0)
(69.42572078414491 0.002420329804335635 0.0)
(69.43140305301714 0.0016824100008575934 0.0)
(69.43490153101705 0.0011048696241789558 0.0)
(69.43729895491767 0.0006423534421290048 0.0)
(69.438743696293 0.00037866535638761796 0.0)
(69.439294712043 0.00014367969183894192 0.0)
(69.43967733984792 4.3300707549456256e-5 0.0)
(69.43978208053773 -2.0243816095109397e-6 0.0)
(69.43985751655332 -1.5005770856069207e-5 0.0)
(69.43997465001306 -1.013426238308448e-5 0.0)
(69.21820201548974 0.007398275098471204 0.0)
(69.22448721559725 0.006712383354733031 0.0)
(69.21338909686227 0.006908407862083578 0.0)
(69.21210538590859 0.006691649024423536 0.0)
(69.21022801810587 0.005331763319033633 0.0)
(69.2081428636862 0.0046345422369434355 0.0)
(69.20488225610943 0.003372760182417041 0.0)
(69.20095899730468 0.0038594209105261234 0.0)
(69.19851687739133 0.003644267819056375 0.0)
(69.19395169879512 0.003882703674803774 0.0)
(69.18973010159945 0.0042393476780459875 0.0)
(69.18441823427476 0.003326197172001472 0.0)
(69.1767892757817 0.0035826018933579314 0.0)
(69.16939587494646 0.00329247851486716 0.0)
(69.16079731461143 0.002980325672321959 0.0)
(69.151321593186 0.0027470808544624763 0.0)
(69.13984106970575 0.002348183030636968 0.0)
(69.12744508961747 0.0021883632514618097 0.0)
(69.11402951318526 0.0020058401995576972 0.0)
(69.09914134998313 0.0020601863060202095 0.0)
(69.0843421076134 0.002070923159331597 0.0)
(69.06875976733669 0.0020702342828764664 0.0)
(69.05224517248584 0.002050341533790352 0.0)
(69.03433900238755 0.002018160519097565 0.0)
(69.0151146894935 0.0019430935736939833 0.0)
(68.9800924150826 0.002186262610271359 0.0)
(68.97544040771865 0.0018362542716144571 0.0)
(68.95876953531605 0.004938627658640765 0.0)
(68.98154926528116 0.019980186316267617 0.0)
(69.03851339035043 0.055442930300412814 0.0)
(69.11012284409236 0.11857397885232068 0.0)
(69.17309976747799 0.21465168481403862 0.0)
(69.21924273533081 0.3473499859491084 0.0)
(69.24734605930804 0.5154633054775546 0.0)
(69.25838816715046 0.7160479487634747 0.0)
(69.2533456227822 0.9464327979671424 0.0)
(69.23383685646257 1.2004109076539018 0.0)
(69.22975643937733 1.475992367995246 0.0)
(70.13274178330585 1.977640144878985 0.0)
(105.65114413673369 1.2349025252848214 0.0)
(69.21651528354084 0.007853860304666449 0.0)
(69.21952363631836 0.009304271652552201 0.0)
(69.22347887615192 0.01068806031538451 0.0)
(69.22916415072042 0.01227327717057367 0.0)
(69.2356795455475 0.014360720930496087 0.0)
(69.24401043390249 0.016015125486604907 0.0)
(69.25365779103097 0.017541142840343863 0.0)
(69.26481585704275 0.018504171586651283 0.0)
(69.27852562511198 0.018684733404746752 0.0)
(69.29329333730794 0.018946193577848842 0.0)
(69.30882314510104 0.01826052455019386 0.0)
(69.32545911566467 0.01711479139494428 0.0)
(69.3414551845291 0.01568497634460638 0.0)
(69.35728049548707 0.013429201262732515 0.0)
(69.37304294013626 0.011451423905495977 0.0)
(69.3867413240682 0.009541230886366964 0.0)
(69.3990101025024 0.007432145424571271 0.0)
(69.40999327896601 0.005669261861319128 0.0)
(69.41867629550822 0.004105435267682387 0.0)
(69.42584444171453 0.0027401470274703928 0.0)
(69.43147853443173 0.001905226729374943 0.0)
(69.43495191104174 0.0012507499274732991 0.0)
(69.43733022864177 0.0007258581754646963 0.0)
(69.43876128010291 0.00042619152305863663 0.0)
(69.43930495983028 0.0001614825033730008 0.0)
(69.4396811358031 4.82923997239414e-5 0.0)
(69.4397833113985 -2.278257788654498e-6 0.0)
(69.43985761024472 -1.6858315663300634e-5 0.0)
(69.43997448725798 -1.1299310098978886e-5 0.0)
(69.21862303100689 0.007663216723367735 0.0)
(69.22465803824674 0.007011270618275316 0.0)
(69.21347960078933 0.007248618951535717 0.0)
(69.2120055828435 0.007304081208046755 0.0)
(69.21009127122204 0.006205796325329548 0.0)
(69.20804449124527 0.005518031706576644 0.0)
(69.20487493586883 0.004266445185549016 0.0)
(69.20099728897407 0.0046847113386732885 0.0)
(69.19848120882234 0.00433078630624725 0.0)
(69.19389209789382 0.004539189532937018 0.0)
(69.18953825689383 0.0048619252347131305 0.0)
(69.18414423514085 0.0038704179667207656 0.0)
(69.17643537444079 0.004147949785266581 0.0)
(69.16888048256192 0.003825835164633652 0.0)
(69.1600945468017 0.0034759064845304474 0.0)
(69.15035898520124 0.0032165642577151655 0.0)
(69.1385263816755 0.002761450981709842 0.0)
(69.12565109534853 0.002585489006215441 0.0)
(69.11157960265746 0.0023832619111237782 0.0)
(69.09579104733766 0.002457357359279807 0.0)
(69.0797787950064 0.002484450675248518 0.0)
(69.06256567138797 0.0025007751130810972 0.0)
(69.04387017605445 0.0024953402138041866 0.0)
(69.02305998620652 0.002477077498606325 0.0)
(69.00001479750755 0.0024096374371962307 0.0)
(68.95937402391928 0.002698069413612034 0.0)
(68.95159079782862 0.002268237261426966 0.0)
(68.92780050183973 0.0052075472941635545 0.0)
(68.9440916268559 0.01996051218738803 0.0)
(68.99827710804503 0.055233507416122714 0.0)
(69.07231934513008 0.11834330478164394 0.0)
(69.14051266968498 0.2144474374199034 0.0)
(69.19221278927215 0.34723455569153955 0.0)
(69.2250778915871 0.5153430044894214 0.0)
(69.23990747188095 0.7159746886943702 0.0)
(69.23781392274444 0.9463691872948442 0.0)
(69.21942931441386 1.2001044969898191 0.0)
(69.1862754966278 1.468847615397055 0.0)
(69.16202502063521 1.75033868440131 0.0)
(69.94607255559403 2.2915448877549247 0.0)
(106.18169427615138 1.3919523056698193 0.0)
(69.21698094122713 0.008531670901758166 0.0)
(69.21997828753348 0.010286580156567603 0.0)
(69.22409448744564 0.01183360169652784 0.0)
(69.22978164386147 0.013838592877417639 0.0)
(69.23643418517459 0.016038088761626282 0.0)
(69.2448950663544 0.017990253713975578 0.0)
(69.25466589952363 0.01967967660819047 0.0)
(69.26594394461864 0.0207409656620632 0.0)
(69.27966961935743 0.021031497352361452 0.0)
(69.29441209719319 0.02127570882120638 0.0)
(69.30993802809265 0.020531725816562395 0.0)
(69.32648860524472 0.019242710900264293 0.0)
(69.34239571393968 0.017606192028698512 0.0)
(69.35810906199552 0.015100179513659542 0.0)
(69.37370350131975 0.012871802204041095 0.0)
(69.38728050852451 0.01071584078735582 0.0)
(69.39944002331052 0.008356002499899698 0.0)
(69.41030939999074 0.006378846675477626 0.0)
(69.41890836594143 0.004628360670511308 0.0)
(69.42600208955761 0.0030999736563450497 0.0)
(69.43157527380352 0.002155961403322289 0.0)
(69.4350165146496 0.0014146479253795744 0.0)
(69.43737032442769 0.0008191158329634286 0.0)
(69.43878375773768 0.0004785059018245978 0.0)
(69.43931797916585 0.0001809774179931485 0.0)
(69.43968595041781 5.359805707341538e-5 0.0)
(69.43978486039762 -2.5531561835324377e-6 0.0)
(69.43985773118864 -1.8875071614543185e-5 0.0)
(69.43997428087236 -1.253075637966376e-5 0.0)
(69.2190830771374 0.008072655580902983 0.0)
(69.22492412560621 0.007337907892575383 0.0)
(69.2136439619682 0.007680275174085175 0.0)
(69.21201451137998 0.00790119629016227 0.0)
(69.2100099575097 0.007159479687140327 0.0)
(69.20797959353868 0.006526035693795879 0.0)
(69.20490934523262 0.005310532717054576 0.0)
(69.20107337262773 0.005655736172358545 0.0)
(69.19848182981387 0.005148880806993608 0.0)
(69.19388630542501 0.00528456360274723 0.0)
(69.18939624663561 0.005573616195767719 0.0)
(69.1839369028704 0.0044934337638291985 0.0)
(69.1761746062059 0.00479020676924553 0.0)
(69.16848092717159 0.004437305583971841 0.0)
(69.15954728081516 0.0040430458197739235 0.0)
(69.14960420821683 0.003755313970236607 0.0)
(69.13749340647665 0.003238138899848351 0.0)
(69.12423916055891 0.0030428724328226448 0.0)
(69.10964566682276 0.0028188616078140176 0.0)
(69.09313471822045 0.0029152583932508056 0.0)
(69.07613856012205 0.002961761578330228 0.0)
(69.057588347137 0.0029992292123455387 0.0)
(69.03707950729688 0.0030127545436194245 0.0)
(69.0138117862796 0.003013659945051051 0.0)
(68.98746239957251 0.002959235645143059 0.0)
(68.94185715180332 0.0032946364457134758 0.0)
(68.93119053004801 0.0028107489251754853 0.0)
(68.90048789031236 0.00551303589992097 0.0)
(68.90938380080355 0.01998974884895097 0.0)
(68.95881436135471 0.05504751002705419 0.0)
(69.03342610269348 0.11803266285730325 0.0)
(69.10588920816778 0.2142373642977853 0.0)
(69.16293487911545 0.34704431239992345 0.0)
(69.20069681674798 0.5152454981809825 0.0)
(69.21956516640428 0.7158742934317612 0.0)
(69.22075902015621 0.9462940417617183 0.0)
(69.20506576102494 1.2000267025038533 0.0)
(69.173430359029 1.4685741652191926 0.0)
(69.12780906293028 1.7429081445076284 0.0)
(69.08843639595638 2.0192439037920233 0.0)
(69.77749371306328 2.58763083309535 0.0)
(106.55349844270715 1.5329801877837603 0.0)
(69.21748127309523 0.009340072457050022 0.0)
(69.22053966304156 0.01137314203537427 0.0)
(69.2248348448529 0.013178251322433684 0.0)
(69.23056630809569 0.015553368924735021 0.0)
(69.23739538771386 0.017943233420928587 0.0)
(69.24601627529124 0.020160988045132507 0.0)
(69.25594239512421 0.022056406965876983 0.0)
(69.26736935439561 0.023203961104551016 0.0)
(69.28110972515711 0.023630062176995238 0.0)
(69.29583326466887 0.023853518870573798 0.0)
(69.31134843723844 0.02303800798900841 0.0)
(69.32779400985683 0.02159220426563694 0.0)
(69.34358784974626 0.019718706798447207 0.0)
(69.35915565514598 0.016941300135782912 0.0)
(69.37454081666827 0.014435755786374961 0.0)
(69.3879634570138 0.012006001261843103 0.0)
(69.39998354324901 0.009373326231196424 0.0)
(69.41070961634638 0.007162406695274031 0.0)
(69.41920238189289 0.005209501971564572 0.0)
(69.42620248408537 0.0035039176359584366 0.0)
(69.43169903616855 0.002437451839977878 0.0)
(69.43509922367741 0.001598255969025343 0.0)
(69.4374216509473 0.0009228080993261129 0.0)
(69.43881243043656 0.0005356099497089901 0.0)
(69.43933445853098 0.00020210188626894294 0.0)
(69.43969203045327 5.912325418152872e-5 0.0)
(69.43978679588953 -2.847664652853556e-6 0.0)
(69.43985788552322 -2.1042778685053584e-5 0.0)
(69.43997401993161 -1.3801585233676804e-5 0.0)
(69.21957833893906 0.008653465943037597 0.0)
(69.22529801167347 0.0077047341809067214 0.0)
(69.2138800766398 0.00820725843539627 0.0)
(69.21215205186974 0.008458279930259622 0.0)
(69.21000156945297 0.008174027227284626 0.0)
(69.20796331641337 0.007608485335166364 0.0)
(69.2049827668048 0.006512185198313174 0.0)
(69.20118727949277 0.006751070438179208 0.0)
(69.19850808739774 0.00612145550178705 0.0)
(69.1939284603497 0.00611964144074982 0.0)
(69.18929492725098 0.006383881213016601 0.0)
(69.18378375573559 0.005208059973689404 0.0)
(69.17599162406907 0.0055157796400152935 0.0)
(69.16817389021666 0.005139051688299636 0.0)
(69.15912370790721 0.004692164908102925 0.0)
(69.14901404363289 0.0043733932114827165 0.0)
(69.1366840157981 0.0037887888393507213 0.0)
(69.12313204384425 0.0035698154330743373 0.0)
(69.10812583780064 0.003321370300637389 0.0)
(69.09103935521334 0.0034422728268644867 0.0)
(69.07325116146428 0.0035110741971114343 0.0)
(69.05361564842778 0.00357395046143103 0.0)
(69.03161864085926 0.0036112591634444046 0.0)
(69.00630546484058 0.0036370840431496515 0.0)
(68.97715799281764 0.0036016946911003518 0.0)
(68.92727190917175 0.003986024419030427 0.0)
(68.9140336230377 0.003413480550072387 0.0)
(68.87684803032747 0.005934449711000121 0.0)
(68.87781754298243 0.02006650118465033 0.0)
(68.92073904319923 0.05481386257381383 0.0)
(68.99391922533906 0.11773112975823045 0.0)
(69.0694358188958 0.21392962445274472 0.0)
(69.13141956686067 0.34686119157694695 0.0)
(69.17411586592651 0.5151034749324582 0.0)
(69.19723290037311 0.7157863378609207 0.0)
(69.20196926538704 0.9462172364828922 0.0)
(69.18925392487205 1.1999643471544328 0.0)
(69.16018136260425 1.46850106838374 0.0)
(69.11633720561623 1.742646242678208 0.0)
(69.06088276272513 2.0115925577012215 0.0)
(69.0119405407315 2.2727970569529288 0.0)
(69.6291020095722 2.853761164945156 0.0)
(106.82065410814874 1.6529593297709526 0.0)
(69.2180475171563 0.01030787350164264 0.0)
(69.2212464981065 0.012590141119831099 0.0)
(69.22573114797075 0.01475043113288903 0.0)
(69.23157308790255 0.017431178204769592 0.0)
(69.23861292775156 0.020089737263428855 0.0)
(69.24743666817265 0.022544679645187176 0.0)
(69.25755356898011 0.024667145409716162 0.0)
(69.26915976775877 0.025913007005360863 0.0)
(69.28291743683147 0.026482269245960265 0.0)
(69.29762934616988 0.026693098937759768 0.0)
(69.31312715887134 0.02578673557277876 0.0)
(69.32944278589812 0.024166972501984667 0.0)
(69.3450926449539 0.022026267644050947 0.0)
(69.3604722807195 0.018955022057021306 0.0)
(69.37559781640446 0.016144899610443433 0.0)
(69.3888249190003 0.013412646898124915 0.0)
(69.40066772994116 0.010485743841362147 0.0)
(69.4112141932263 0.008022303113654657 0.0)
(69.41957342739245 0.005852290238377224 0.0)
(69.4264564327892 0.003955979216589205 0.0)
(69.43185707961811 0.002752408121122572 0.0)
(69.43520493108794 0.0018030884887829605 0.0)
(69.43748723970222 0.0010374102723057705 0.0)
(69.43884891570879 0.0005972532745415732 0.0)
(69.43935522602102 0.0002246664860555564 0.0)
(69.43969966804497 6.47151908440814e-5 0.0)
(69.43978919399906 -3.159331283067055e-6 0.0)
(69.43985808051066 -2.333189055598603e-5 0.0)
(69.43997369142832 -1.5068030631560021e-5 0.0)
(69.22014823648266 0.00940501795942575 0.0)
(69.22575821987081 0.00821823059896344 0.0)
(69.21422116930253 0.008764973694318813 0.0)
(69.21240238638298 0.009041723128485005 0.0)
(69.21010303306012 0.009159408952816944 0.0)
(69.2080010654302 0.008743017627855214 0.0)
(69.20509895900399 0.007825106153234044 0.0)
(69.20133547047404 0.00795469749940289 0.0)
(69.19855155000018 0.007246176724130513 0.0)
(69.19401100541312 0.007052561099364258 0.0)
(69.18922895018694 0.007293155085815161 0.0)
(69.18367479205963 0.006030838139264199 0.0)
(69.17587570179339 0.0063297679693073905 0.0)
(69.16794171794291 0.005944089446216647 0.0)
(69.15879899885235 0.005435700970140513 0.0)
(69.14855446198654 0.005082225165635815 0.0)
(69.13605189386062 0.00442615418804242 0.0)
(69.12226768143073 0.004177600636446231 0.0)
(69.1069373279057 0.0039012801018035595 0.0)
(69.0893951749689 0.004048328500664953 0.0)
(69.07097295400261 0.004141972237761511 0.0)
(69.05046337937785 0.004234537753829883 0.0)
(69.02725752856816 0.0043007150347811034 0.0)
(69.00026420960245 0.0043576752052152746 0.0)
(68.96878701294258 0.004347919359690243 0.0)
(68.91528259169844 0.00478358060849684 0.0)
(68.89980935271048 0.0041320936213578895 0.0)
(68.8567132420408 0.006429551578633669 0.0)
(68.84957451607605 0.02019455967913847 0.0)
(68.88454995609575 0.0546095420450085 0.0)
(68.95427807256769 0.11736017104498354 0.0)
(69.03140480786801 0.21358593146001725 0.0)
(69.09771295063764 0.3466099906941208 0.0)
(69.14526660501498 0.5149457500475371 0.0)
(69.17279497064764 0.7156848225557367 0.0)
(69.18131597475866 0.946141652366045 0.0)
(69.17183141365433 1.1998940628088683 0.0)
(69.1455863895269 1.4684383326207084 0.0)
(69.10427007977766 1.7425737007065727 0.0)
(69.05077473709378 2.011326365451955 0.0)
(68.9894478083301 2.2649565521962978 0.0)
(68.93746436347517 2.5006044405696604 0.0)
(69.50451901853488 3.080188877442093 0.0)
(107.00373216528216 1.7479201848099908 0.0)
(69.21871730412455 0.011468998512150679 0.0)
(69.22214879431118 0.013995764627197987 0.0)
(69.22684383383837 0.01653282763428241 0.0)
(69.23285577994174 0.019523525968495884 0.0)
(69.2401630934838 0.02245796897106389 0.0)
(69.24922485249803 0.025171651706989425 0.0)
(69.25958563943833 0.027494337052542294 0.0)
(69.27139217762478 0.028884746119060632 0.0)
(69.28518045157043 0.029587610029307997 0.0)
(69.2998876604725 0.029797479040572197 0.0)
(69.31536182101433 0.028780516559206402 0.0)
(69.33151675873287 0.02696087782196246 0.0)
(69.34698270957608 0.02452498671890405 0.0)
(69.36212097304329 0.02113745131598659 0.0)
(69.37692590282926 0.017994751144609897 0.0)
(69.38990632436357 0.014932185852702475 0.0)
(69.40152479748332 0.011691728554905956 0.0)
(69.41184735704898 0.00895878293084618 0.0)
(69.42003962588448 0.0065590136001136765 0.0)
(69.42677713614547 0.004459677167877224 0.0)
(69.43205847008888 0.0031031032962211768 0.0)
(69.43533975324219 0.0020302249600387297 0.0)
(69.43757086982275 0.001163019362687991 0.0)
(69.43889519985657 0.000662812835942636 0.0)
(69.43938125682496 0.00024829473469943956 0.0)
(69.43970919888785 7.014537963708128e-5 0.0)
(69.43979213484617 -3.484698064528991e-6 0.0)
(69.43985832434122 -2.568898163252655e-5 0.0)
(69.43997328031352 -1.6263645725219934e-5 0.0)
(69.22083966571356 0.010371555968731306 0.0)
(69.22630364077912 0.008947502726249393 0.0)
(69.21469638695433 0.009372763650093473 0.0)
(69.21274175592896 0.009719984627559882 0.0)
(69.21035426821608 0.010034253612621804 0.0)
(69.20809113762529 0.009922769729263169 0.0)
(69.20526927353939 0.009155041538270832 0.0)
(69.20150912070989 0.009258595093302329 0.0)
(69.19860781771082 0.008487743499623904 0.0)
(69.19412334201772 0.008098368441032028 0.0)
(69.18919655186097 0.008292292278332593 0.0)
(69.18360220778204 0.00697893876031948 0.0)
(69.17581973069645 0.007237241608247424 0.0)
(69.16777180978733 0.00686450042181934 0.0)
(69.1585540024238 0.006288527795414955 0.0)
(69.14819904722884 0.005894622631699362 0.0)
(69.13556054556321 0.005165476771678664 0.0)
(69.1215967347386 0.0048799876718137675 0.0)
(69.10601375362437 0.004571248226855027 0.0)
(69.08811299474253 0.004745241759188033 0.0)
(69.0691851828768 0.004865700670016687 0.0)
(69.04797576039988 0.004992078066907444 0.0)
(69.0237957561473 0.005092390074473658 0.0)
(68.99543658462665 0.005187131068131441 0.0)
(68.96204581173669 0.005210150021014914 0.0)
(68.90553200956366 0.005700159352279096 0.0)
(68.88815621415175 0.0049762886813594824 0.0)
(68.8397945842196 0.007059753273233916 0.0)
(68.82466081359836 0.020433021730771522 0.0)
(68.85062261929596 0.05442105966805469 0.0)
(68.91497120035773 0.1169763629651032 0.0)
(68.99209046368401 0.21322402259523088 0.0)
(69.06190432029426 0.34629415479777254 0.0)
(69.11410566530472 0.5147526446713999 0.0)
(69.14614537279775 0.7155511535680287 0.0)
(69.15867244097228 0.9460549814114843 0.0)
(69.15267342495335 1.1998176437007229 0.0)
(69.12950960857897 1.468374646100839 0.0)
(69.0909755791967 1.7425154774953526 0.0)
(69.04001315425118 2.0112841360112306 0.0)
(68.98079082401652 2.2647238251269624 0.0)
(68.91900842252826 2.4926365468675296 0.0)
(68.87063422895942 2.6943407380550157 0.0)
(69.40798736076242 3.259129543125563 0.0)
(107.11179902482264 1.8128776379644254 0.0)
(69.21956870160079 0.012839910233013924 0.0)
(69.22330491561783 0.015628890248760047 0.0)
(69.22825066512414 0.018522722040087865 0.0)
(69.2344870467289 0.021853099441814038 0.0)
(69.24213369088116 0.02504674581201438 0.0)
(69.25147202419562 0.02804339510165151 0.0)
(69.2621361083999 0.030535064315690166 0.0)
(69.27416129075934 0.032114814587061835 0.0)
(69.28800053915496 0.032950066185400174 0.0)
(69.30271494965278 0.03315312706905549 0.0)
(69.3181551630188 0.03201199693967334 0.0)
(69.33411338740038 0.029955040824006338 0.0)
(69.34934253823909 0.027198398729758433 0.0)
(69.36417386275681 0.02347557089199723 0.0)
(69.37858542592643 0.019972300543750304 0.0)
(69.39125599955317 0.01655455273439167 0.0)
(69.40259229443909 0.012985455390951403 0.0)
(69.41263756775945 0.009969130388095368 0.0)
(69.42062240840137 0.007330082590248048 0.0)
(69.42718050628667 0.0050174322452193445 0.0)
(69.43231440838227 0.003490869152380973 0.0)
(69.43551124620132 0.0022798983031223487 0.0)
(69.43767718710255 0.0012990954011025866 0.0)
(69.43895368012859 0.0007311370430516874 0.0)
(69.43941366626005 0.0002723450178892541 0.0)
(69.43972099203457 7.509280360722003e-5 0.0)
(69.43979569535662 -3.819528924838441e-6 0.0)
(69.43985862557874 -2.8026734058501032e-5 0.0)
(69.43997276993875 -1.7292432862440624e-5 0.0)
(69.22168738995593 0.011643007429609222 0.0)
(69.22700017163216 0.009878716732305016 0.0)
(69.21529543761567 0.010182329148095044 0.0)
(69.21318907318874 0.01050843845784747 0.0)
(69.2107595881748 0.010839802292666139 0.0)
(69.20825178777515 0.011100495344313368 0.0)
(69.20549738524741 0.010436352671489962 0.0)
(69.20170488040235 0.010625915310477579 0.0)
(69.1986727379502 0.009804166144696006 0.0)
(69.19425471488486 0.009260875778800262 0.0)
(69.18919760001812 0.009372141952312524 0.0)
(69.18356119692167 0.008061835761118213 0.0)
(69.17581901487998 0.008245970451769348 0.0)
(69.16765634651617 0.007908842915106002 0.0)
(69.15837426620482 0.007267842780095486 0.0)
(69.1479277255246 0.0068249048132712035 0.0)
(69.1351816526139 0.0060245590876424 0.0)
(69.12108044021815 0.005693784237752572 0.0)
(69.10530256013048 0.005346583801484945 0.0)
(69.08712142574453 0.005547123249109122 0.0)
(69.06779127602299 0.00569552825391306 0.0)
(69.04602380200537 0.00585943304800081 0.0)
(69.02106341994556 0.0059992080009231815 0.0)
(68.99160276695783 0.006138762666794705 0.0)
(68.95665715179166 0.006202217337274569 0.0)
(68.89767258848426 0.006750358096863482 0.0)
(68.87870403309672 0.005928385683118566 0.0)
(68.82573915529605 0.007829939588652777 0.0)
(68.80294835536907 0.02079042006153433 0.0)
(68.81920843882085 0.054304871042552334 0.0)
(68.87643996514667 0.11656283272745378 0.0)
(68.95182801745351 0.21277731352153897 0.0)
(69.02412820159539 0.34596458524752977 0.0)
(69.08061964736471 0.5144911632371059 0.0)
(69.11719347908621 0.7154128757129726 0.0)
(69.13391653769366 0.9459327862644972 0.0)
(69.13165363981851 1.1997475878559123 0.0)
(69.11183421754936 1.4683038783749907 0.0)
(69.0763450747361 1.7424503986038673 0.0)
(69.02817914010033 2.011194527813461 0.0)
(68.97152810082476 2.2646767273352673 0.0)
(68.91193527540288 2.4924686911431957 0.0)
(68.85554212735049 2.6862916369606507 0.0)
(68.8174051290717 2.847630972576802 0.0)
(69.34570287658033 3.3817698360462534 0.0)
(107.17869247898669 1.84629912024177 0.0)
(69.22072892937317 0.014394905139626072 0.0)
(69.22477506246213 0.01749495628587639 0.0)
(69.2300353720745 0.020750810468185325 0.0)
(69.2365753083257 0.024389481771187133 0.0)
(69.24461187891454 0.02789351290302728 0.0)
(69.2543081682487 0.03111774429146554 0.0)
(69.26530541703676 0.03380911125898334 0.0)
(69.2775877365228 0.03557756310525046 0.0)
(69.29149338155435 0.03657041074989788 0.0)
(69.3062399169868 0.0367304237096289 0.0)
(69.32162575198208 0.035451606283496535 0.0)
(69.33734418002464 0.03311476791950695 0.0)
(69.3522678845728 0.030011293933954606 0.0)
(69.36671177640241 0.025942945279599623 0.0)
(69.3806452303329 0.022053394210237182 0.0)
(69.39292876548859 0.018260807813504542 0.0)
(69.40391277705284 0.014355419606744892 0.0)
(69.41361753217163 0.011046693650998819 0.0)
(69.42134663608427 0.008162981584006801 0.0)
(69.42768539570037 0.005629577316099801 0.0)
(69.43263851694307 0.003915308405280005 0.0)
(69.43572858663433 0.0025508679624291005 0.0)
(69.43781178595407 0.0014440872553863576 0.0)
(69.43902717751469 0.0008003561403054909 0.0)
(69.43945367731817 0.0002958163364045199 0.0)
(69.43973542563141 7.913239852438862e-5 0.0)
(69.4397999373729 -4.159065124157745e-6 0.0)
(69.43985899200239 -3.021150992873694e-5 0.0)
(69.43997214320895 -1.8021673103866954e-5 0.0)
(69.22281491309505 0.013151862007946508 0.0)
(69.22788954382735 0.011079656971515391 0.0)
(69.21604990435287 0.011269083706268966 0.0)
(69.21377790095855 0.011476450419056034 0.0)
(69.21129877240357 0.01171937107165491 0.0)
(69.20853299177743 0.012212129367261468 0.0)
(69.20576856740377 0.011695392571423985 0.0)
(69.20194018366341 0.011968300596716424 0.0)
(69.19873668615423 0.011185621944090871 0.0)
(69.19440031799948 0.010511581546111684 0.0)
(69.18923070432243 0.010536797122369688 0.0)
(69.18355126049342 0.009272675293465682 0.0)
(69.17587020189897 0.009367744918143602 0.0)
(69.16759209203856 0.009080285810516267 0.0)
(69.15824948951007 0.00839159590949698 0.0)
(69.14772575101784 0.007889235973714437 0.0)
(69.13489382487168 0.007023500957827588 0.0)
(69.12068879038168 0.006639410941611066 0.0)
(69.10476275079947 0.006245826945204245 0.0)
(69.08636414898298 0.00647083999200175 0.0)
(69.06671388872559 0.0066471850746696644 0.0)
(69.04450251300466 0.006851583433700443 0.0)
(69.0189196052292 0.007036030420118844 0.0)
(68.98857592350919 0.007227761534009971 0.0)
(68.95237776513079 0.007339815847443726 0.0)
(68.8913854207077 0.007950775846315395 0.0)
(68.87110107142558 0.0070381121381130176 0.0)
(68.81417184744019 0.008755433865564575 0.0)
(68.78421902991792 0.02128504762053154 0.0)
(68.79044628772407 0.0542623431453674 0.0)
(68.839083896183 0.11617488183551802 0.0)
(68.91098197339721 0.21228935207682498 0.0)
(68.98456796433877 0.3455509792941792 0.0)
(69.04483144318714 0.5142037406912229 0.0)
(69.08586704788155 0.7151920312559559 0.0)
(69.10693662381739 0.945809987274362 0.0)
(69.10864479339129 1.1996390009757631 0.0)
(69.09244016658367 1.4682253699745431 0.0)
(69.06026567470558 1.742383384468493 0.0)
(69.0151488781361 2.0111593400256385 0.0)
(68.96135428338432 2.2645780689012507 0.0)
(68.9043871463355 2.492344901021109 0.0)
(68.85021309250959 2.6861321335129937 0.0)
(68.80526039597468 2.8394688083033572 0.0)
(68.78430937660617 2.9526004724041135 0.0)
(69.32137001316266 3.444735546454323 0.0)
(107.18159287315167 1.845026410071346 0.0)
(69.22225423927969 0.016147062568861805 0.0)
(69.22666027642879 0.019570236042885325 0.0)
(69.23228460260945 0.02322132309111179 0.0)
(69.23924332782751 0.027134114058260685 0.0)
(69.24772123827609 0.030989158817224 0.0)
(69.25787358342046 0.03437468942860005 0.0)
(69.26921873268476 0.03731014946842431 0.0)
(69.2818065516886 0.03925738054227869 0.0)
(69.29580016060248 0.040416336574312144 0.0)
(69.31060717355247 0.040486733843464365 0.0)
(69.32590910583484 0.03903115695159017 0.0)
(69.34132827209974 0.03638262627616227 0.0)
(69.35586257817924 0.032904409306852185 0.0)
(69.36982090770086 0.028493274722270305 0.0)
(69.3831803425224 0.024200061320287805 0.0)
(69.3949845654551 0.020020625862555146 0.0)
(69.40553268219486 0.015782725370801307 0.0)
(69.41482376195617 0.012179769229795138 0.0)
(69.42224047932638 0.009050790980337625 0.0)
(69.4283136228928 0.0062928110055738 0.0)
(69.43304698004079 0.004373115503821009 0.0)
(69.43600264237942 0.0028395229417070796 0.0)
(69.43798119854928 0.001594920864525128 0.0)
(69.43911888813656 0.0008676720066884714 0.0)
(69.43950254759103 0.0003172481942212508 0.0)
(69.43975284112825 8.17372154865458e-5 0.0)
(69.4398048900032 -4.4975404209236244e-6 0.0)
(69.43985942854847 -3.204952103221196e-5 0.0)
(69.43997138487346 -1.827578448136262e-5 0.0)
(69.2243419400361 0.0147760876416395 0.0)
(69.22900676914762 0.012562466104795502 0.0)
(69.21703402093746 0.012637277947761335 0.0)
(69.21453261166596 0.0127228596325568 0.0)
(69.21197153012633 0.012827642691791187 0.0)
(69.20898888808969 0.01329163623308419 0.0)
(69.20607588870976 0.013011711006468776 0.0)
(69.2022480674717 0.013219872102199456 0.0)
(69.19879338616401 0.012648632706681205 0.0)
(69.19456216630168 0.011807966867453838 0.0)
(69.18929413321744 0.011800256643087476 0.0)
(69.18357575390007 0.010592345632588653 0.0)
(69.17597138860845 0.010613075100072266 0.0)
(69.16757976976372 0.010377966543118919 0.0)
(69.15817357405524 0.009674644145798914 0.0)
(69.14758292637312 0.009106095751338387 0.0)
(69.13468173312845 0.008184083810239093 0.0)
(69.1203991044248 0.007741262727132264 0.0)
(69.10436294267366 0.007291419205288338 0.0)
(69.08579750808231 0.007536513078385975 0.0)
(69.06589200376791 0.007739374679815174 0.0)
(69.04332778476146 0.0079860433829886 0.0)
(69.01724950551602 0.008219981961670314 0.0)
(68.9862008208524 0.008471496095560424 0.0)
(68.94900034884971 0.008640805554516072 0.0)
(68.88638956243143 0.009320295517813772 0.0)
(68.86502885533623 0.00831366526536213 0.0)
(68.80472742110987 0.009889038029250126 0.0)
(68.76820390629236 0.02196116843265282 0.0)
(68.76437748334469 0.05436057075242253 0.0)
(68.80324945404692 0.11581142422301366 0.0)
(68.86993887521035 0.21176646493673337 0.0)
(68.94345824735493 0.34508794881531024 0.0)
(69.00680674498643 0.5138443960560021 0.0)
(69.0521220060878 0.7149712371398655 0.0)
(69.07762848251558 0.945629788471153 0.0)
(69.08352728121345 1.199516754188668 0.0)
(69.0712031543038 1.4681285772765071 0.0)
(69.04262621316079 1.7422979045943803 0.0)
(69.00085315312134 2.011068583434666 0.0)
(68.9501568643976 2.264551418247114 0.0)
(68.89607228637509 2.4923315893393254 0.0)
(68.84455940649863 2.6859791107155053 0.0)
(68.80184969798633 2.839282715270752 0.0)
(68.77474750123287 2.944479036434915 0.0)
(68.77524923141156 3.006421002578069 0.0)
(69.3389765417655 3.4423048776549923 0.0)
(107.14423107216965 1.8064754254418947 0.0)
(69.22418601242498 0.018115372447113177 0.0)
(69.22906358755498 0.021838427382420426 0.0)
(69.23512202529498 0.025906655624521036 0.0)
(69.24261453056873 0.030121822494471207 0.0)
(69.25163835661482 0.034248970815304536 0.0)
(69.26229298480246 0.037836824329396716 0.0)
(69.27404208453385 0.04098009888441239 0.0)
(69.28695482513805 0.04315100108538493 0.0)
(69.30109555215502 0.04440254109900004 0.0)
(69.31596735288238 0.04434832257424045 0.0)
(69.33115066602367 0.04263600768995543 0.0)
(69.34618228741368 0.039663592871963846 0.0)
(69.36022947961384 0.03579247061839529 0.0)
(69.37358751506446 0.0310530223128549 0.0)
(69.38626677938821 0.02635751427377691 0.0)
(69.39748554944678 0.021790477245265893 0.0)
(69.40750016590549 0.017238955850544014 0.0)
(69.41629538834154 0.013350161043207279 0.0)
(69.4233348955311 0.009980138796724373 0.0)
(69.42908961024827 0.006997878515212643 0.0)
(69.43355834378781 0.004856404241842131 0.0)
(69.43634580357741 0.003138705595511813 0.0)
(69.43819270327158 0.0017463576323176954 0.0)
(69.43923222506025 0.0009291620258103828 0.0)
(69.43956143711762 0.0003346411166310175 0.0)
(69.43977346780268 8.230669890668466e-5 0.0)
(69.43981052615774 -4.824911349416468e-6 0.0)
(69.43985993414691 -3.327489640373062e-5 0.0)
(69.43997048540061 -1.783339419408308e-5 0.0)
(69.22630167803486 0.01655259560375226 0.0)
(69.23045344487939 0.014188374661080716 0.0)
(69.21827835961486 0.014271097365607827 0.0)
(69.21550220686281 0.01429218534112329 0.0)
(69.21280646336348 0.014244575953717182 0.0)
(69.20964901920715 0.014519934974917855 0.0)
(69.20646488885981 0.01444475483407185 0.0)
(69.20265061260548 0.014456212527235694 0.0)
(69.19886893766503 0.014190044768529884 0.0)
(69.19473938759857 0.013161319150683526 0.0)
(69.18939448703007 0.013161372501238871 0.0)
(69.18363790355754 0.012013384473120083 0.0)
(69.176124115088 0.011978964610713927 0.0)
(69.16762283296904 0.01180207301911731 0.0)
(69.15814521656569 0.011123505270604963 0.0)
(69.14749318346729 0.01049604447258181 0.0)
(69.13453556118996 0.009529066303609135 0.0)
(69.12019501591114 0.009027517320681026 0.0)
(69.10407978320286 0.008510418156574348 0.0)
(69.08538845016307 0.008768019843650793 0.0)
(69.06527835470521 0.008994334896239665 0.0)
(69.04243329807366 0.0092833576697671 0.0)
(69.01596113035849 0.009570824501236454 0.0)
(68.98435084210342 0.009889845670271959 0.0)
(68.94635234382508 0.010125546093256608 0.0)
(68.88244510588835 0.010880401675005667 0.0)
(68.8602106828412 0.009769588299652028 0.0)
(68.79706998070358 0.01120878494965701 0.0)
(68.75461328748597 0.022875284795521967 0.0)
(68.74096588370743 0.0546144834040914 0.0)
(68.7692258208342 0.11551968672548289 0.0)
(68.82909585747953 0.2112441410845586 0.0)
(68.90108199511941 0.3445277066531914 0.0)
(68.9666598505976 0.5134320326402118 0.0)
(69.01594486571358 0.7146621144144192 0.0)
(69.04591183409573 0.9454168004014663 0.0)
(69.05618638106553 1.199352580806354 0.0)
(69.04800531351206 1.4680057171040912 0.0)
(69.02331784304926 1.7421936329971999 0.0)
(68.98517394352008 2.0109908639041802 0.0)
(68.93789148214265 2.264448936992898 0.0)
(68.8869723965065 2.492218500216756 0.0)
(68.83831840969927 2.6860149651891185 0.0)
(68.79826750154406 2.8391907244410692 0.0)
(68.77339980836582 2.9442608546234017 0.0)
(68.76799644987298 2.9983427456246683 0.0)
(68.79399576079824 3.0045709759165478 0.0)
(69.4019250767682 3.369616980182654 0.0)
(107.03429402019121 1.730221336540989 0.0)
(69.2266548871844 0.020242036934182278 0.0)
(69.23206727464444 0.024332147197850294 0.0)
(69.23871953856334 0.028773868179931095 0.0)
(69.24683290709052 0.03330049706073448 0.0)
(69.25652648062407 0.03761934048902479 0.0)
(69.26771440003513 0.04146253908155905 0.0)
(69.27993664901794 0.04477698600477333 0.0)
(69.29319960095864 0.047187868544805556 0.0)
(69.3075591443166 0.04840920258545229 0.0)
(69.32247566157791 0.048162651611521674 0.0)
(69.33747865058774 0.046112745453399474 0.0)
(69.35200899714417 0.04280991570455007 0.0)
(69.36545407231439 0.03856452115122097 0.0)
(69.37809012683195 0.03351802121619007 0.0)
(69.38997340872793 0.028450262912832158 0.0)
(69.40049067478229 0.023513369863766263 0.0)
(69.40986180732116 0.01868373378116627 0.0)
(69.41807187852086 0.014530879373866584 0.0)
(69.42466239366341 0.010928418968387038 0.0)
(69.43003934368953 0.007726344431129945 0.0)
(69.43419266311214 0.00535052035650048 0.0)
(69.43677137454874 0.003436368569349016 0.0)
(69.43845383478973 0.0018903059025262912 0.0)
(69.43937048840039 0.000979664956434873 0.0)
(69.4396311988379 0.00034545005970302526 0.0)
(69.43979731233388 8.023639486187186e-5 0.0)
(69.43981673546982 -5.116480702149006e-6 0.0)
(69.43986049772994 -3.354748345153489e-5 0.0)
(69.43996944651248 -1.643056413800227e-5 0.0)
(69.22880273325879 0.018491522735821827 0.0)
(69.23232535843091 0.015936452192842336 0.0)
(69.21983170969473 0.0160876229692361 0.0)
(69.21673948082837 0.01614088809179175 0.0)
(69.21384563659296 0.015990601235272753 0.0)
(69.21052920020318 0.016063688845141463 0.0)
(69.20702867048053 0.016060579549194893 0.0)
(69.20315777990588 0.01587954167831248 0.0)
(69.19903727296156 0.015800695973816604 0.0)
(69.194924541569 0.014677422590213282 0.0)
(69.18955491279655 0.014600676032791549 0.0)
(69.18373749733468 0.013563148973357224 0.0)
(69.17633516774485 0.01344475825593069 0.0)
(69.16772671420917 0.013357011847176704 0.0)
(69.15816845653613 0.012733971043753328 0.0)
(69.14745482828286 0.01207896496670114 0.0)
(69.1344506914616 0.011081893713516065 0.0)
(69.12006590661336 0.010528986425921738 0.0)
(69.10389671741035 0.009935073561909919 0.0)
(69.08511285180121 0.010193470135378795 0.0)
(69.0648372193579 0.010438384201422382 0.0)
(69.04176775427592 0.010767683314627036 0.0)
(69.01498200191013 0.011111389556670197 0.0)
(68.98292448578 0.011505573539545094 0.0)
(68.94429283287367 0.011817274939837688 0.0)
(68.87935205882543 0.012655535527603075 0.0)
(68.85641199454899 0.011451108299897619 0.0)
(68.79090153716727 0.01279189311042509 0.0)
(68.74315891695025 0.024016329812989925 0.0)
(68.72011951565898 0.0550808421704783 0.0)
(68.73724131665568 0.11535801759603251 0.0)
(68.78884836188352 0.21072307751156755 0.0)
(68.85776849022962 0.3439694173130006 0.0)
(68.92455733096486 0.5129161705461761 0.0)
(68.97736420629153 0.7142975838628112 0.0)
(69.01172593458251 0.9451317689663242 0.0)
(69.02652069285227 1.1991400906773793 0.0)
(69.02272990970259 1.4678319342105053 0.0)
(69.00222586671558 1.7420586363763115 0.0)
(68.968019296958 2.0108823714230644 0.0)
(68.92444985292938 2.264364906490949 0.0)
(68.87698817933084 2.4921598707727464 0.0)
(68.83153315114227 2.6858579580317197 0.0)
(68.79434741196212 2.8391566967079673 0.0)
(68.77207632421069 2.9441625581862114 0.0)
(68.76884772968272 2.998059189725023 0.0)
(68.78885174925091 2.9963529543584637 0.0)
(68.84240961436934 2.9422656249777566 0.0)
(69.50901762473602 3.2255857122232325 0.0)
(106.82917651881826 1.6133529855081814 0.0)
(69.22976721065876 0.022536767022798786 0.0)
(69.23583949586228 0.027013852978027827 0.0)
(69.24320495488196 0.03175765794229359 0.0)
(69.25205753430676 0.03655495980073272 0.0)
(69.26251539468592 0.04106809745091197 0.0)
(69.27430678101618 0.045149458449731276 0.0)
(69.28704944925346 0.04866590373367371 0.0)
(69.300742007974 0.05118833735681455 0.0)
(69.31534294841904 0.052271989736595886 0.0)
(69.33027430644596 0.05168291558054813 0.0)
(69.34497045079034 0.04927261988101943 0.0)
(69.35887908706 0.04563163313960777 0.0)
(69.37158823131375 0.04108134045116759 0.0)
(69.38338700525402 0.035759997402144146 0.0)
(69.394352482111 0.030378261369471662 0.0)
(69.40404689180504 0.025119795578463267 0.0)
(69.41265801550944 0.020062503691520992 0.0)
(69.42018934046244 0.01568208775079013 0.0)
(69.42625447065247 0.011860136701440949 0.0)
(69.43118821213014 0.008446701883056665 0.0)
(69.43496957563723 0.005831571141087945 0.0)
(69.43729226704164 0.003714412947396468 0.0)
(69.43877147495286 0.0020153084243137638 0.0)
(69.43953630376672 0.001012855906887965 0.0)
(69.43971208143057 0.0003467345747577426 0.0)
(69.43982401823749 7.504142939690955e-5 0.0)
(69.43982329948491 -5.30859410128137e-6 0.0)
(69.43986109493167 -3.247614511282907e-5 0.0)
(69.43996828702456 -1.3773141226922875e-5 0.0)
(69.2319553805832 0.020587806025746173 0.0)
(69.23476280245549 0.017814501417956593 0.0)
(69.2217739186235 0.01810151392827256 0.0)
(69.21832196913171 0.018155378711463485 0.0)
(69.21511048858285 0.018053209165790503 0.0)
(69.21166504931286 0.017945150738680995 0.0)
(69.20784673728473 0.017945465564250796 0.0)
(69.20380879554274 0.01766435296166127 0.0)
(69.19938798652586 0.01755393751820777 0.0)
(69.1951298005902 0.016496563299150006 0.0)
(69.18980532646867 0.016145287112436485 0.0)
(69.18387819701182 0.015291939524420116 0.0)
(69.17661306415935 0.014999026075214078 0.0)
(69.16790086403606 0.015044311821616047 0.0)
(69.15825212344924 0.014497434135173168 0.0)
(69.14747182459301 0.01386745829268298 0.0)
(69.1344275490785 0.012866933678056709 0.0)
(69.12000680248977 0.012276899570947656 0.0)
(69.10380311784444 0.011602817772147249 0.0)
(69.08495419317521 0.011845637052005824 0.0)
(69.06454264245208 0.012102343486804288 0.0)
(69.04129248619495 0.012467435405949263 0.0)
(69.01425618641323 0.012868073895277981 0.0)
(68.9818418136076 0.013344740128091635 0.0)
(68.94270878716883 0.013742533928450817 0.0)
(68.8769470295143 0.014673500436935168 0.0)
(68.85343898677667 0.013359079394716845 0.0)
(68.78596656584052 0.01464836106573993 0.0)
(68.73356976544224 0.025469104001104016 0.0)
(68.70170849096327 0.055812012003737796 0.0)
(68.70746528143928 0.11534167830767476 0.0)
(68.7495815584767 0.21024915440260505 0.0)
(68.81388831141659 0.3433371834960801 0.0)
(68.88072347232107 0.5123732629873519 0.0)
(68.93645379412442 0.7138633053617713 0.0)
(68.97504369729975 0.9447881610055888 0.0)
(68.99444606109567 1.1988591731696878 0.0)
(68.99527154066524 1.4676103558320208 0.0)
(68.97923992780922 1.741870576984608 0.0)
(68.94929391012123 2.010720746443809 0.0)
(68.9097545545308 2.2642520554938 0.0)
(68.86607383163151 2.492065821406948 0.0)
(68.82408743415289 2.6858169811592947 0.0)
(68.79009602634467 2.8390475058730336 0.0)
(68.77065190499466 2.9441203359368093 0.0)
(68.76992168677867 2.998005025064894 0.0)
(68.79199887902848 2.996182223803504 0.0)
(68.8390409078656 2.934036158741212 0.0)
(68.91852559233882 2.819094350766592 0.0)
(69.66177892136758 3.005003223085328 0.0)
(106.47780186493256 1.4559763303678976 0.0)
(69.23367287162895 0.024975887729213428 0.0)
(69.24050250510564 0.029753259968176623 0.0)
(69.24868756809059 0.03477752752259001 0.0)
(69.25844154533185 0.03980687092702836 0.0)
(69.26975400911797 0.04452394534211069 0.0)
(69.28222870295323 0.04883479377345724 0.0)
(69.29556524977048 0.052491933198344394 0.0)
(69.30975095559785 0.05492964809631492 0.0)
(69.32457658730627 0.05571283218545961 0.0)
(69.33942915639213 0.05463789784292948 0.0)
(69.35364392683744 0.05188524520554265 0.0)
(69.36680176061363 0.047942750984213064 0.0)
(69.3786456813485 0.04317352425446418 0.0)
(69.38949847962353 0.03763970058635221 0.0)
(69.39942962800164 0.0320181770918608 0.0)
(69.40817753540296 0.026527185410637835 0.0)
(69.41591629591892 0.0213051053087724 0.0)
(69.4226752168409 0.016744756369830898 0.0)
(69.42813673522845 0.012722483607260887 0.0)
(69.43255710734998 0.0091109803013233 0.0)
(69.43590493082698 0.006264480431886399 0.0)
(69.43791876715494 0.0039483894898652535 0.0)
(69.4391504702731 0.002106618231011918 0.0)
(69.43973081182216 0.001021635491015255 0.0)
(69.43980335272504 0.0003355650513220707 0.0)
(69.43985272024452 6.652843751026213e-5 0.0)
(69.43982987901865 -5.254757387006766e-6 0.0)
(69.4398616891082 -2.969473996767021e-5 0.0)
(69.43996704389538 -9.559733074505118e-6 0.0)
(69.23589424535547 0.022788124675980907 0.0)
(69.23788408550867 0.019816725735165398 0.0)
(69.22427344987106 0.02029911983030318 0.0)
(69.2203160378071 0.02038501055425662 0.0)
(69.21667625296216 0.020331836820981747 0.0)
(69.21306590619083 0.020136863613259476 0.0)
(69.20897346402596 0.02011513187015692 0.0)
(69.20467977651951 0.019847371086113487 0.0)
(69.19998552533102 0.019610680225545865 0.0)
(69.19542155553212 0.018701034635007097 0.0)
(69.19015969691648 0.017941831833255633 0.0)
(69.18408481212947 0.017240828301680014 0.0)
(69.17695884009004 0.016690557659660356 0.0)
(69.16816358483113 0.01685191255661793 0.0)
(69.1584081847087 0.016415218570524432 0.0)
(69.14755581184332 0.015859675425548392 0.0)
(69.1344718564512 0.014908717586619658 0.0)
(69.1200185840366 0.014300386449962342 0.0)
(69.1037938766819 0.013554871136501279 0.0)
(69.08490252588246 0.013762313972148072 0.0)
(69.06437707279422 0.014021689914062314 0.0)
(69.04097951579597 0.014415926134832741 0.0)
(69.01374172994255 0.01487140325154054 0.0)
(68.98104125167986 0.015437145339845049 0.0)
(68.9415112073079 0.015931648366014784 0.0)
(68.8750991423032 0.01696592095304187 0.0)
(68.85113456794862 0.015547890393600895 0.0)
(68.78205074071765 0.01681023460548556 0.0)
(68.72560008300152 0.02725459640536728 0.0)
(68.6855804189364 0.05686381835527255 0.0)
(68.68001252310124 0.1155535623783462 0.0)
(68.71165851010743 0.20986128965742684 0.0)
(68.76984497016055 0.34270935051988444 0.0)
(68.8354398717155 0.511723491814831 0.0)
(68.89334236428874 0.7133489594866933 0.0)
(68.93587596186785 0.9443734655852 0.0)
(68.9599042751947 1.1985192631744608 0.0)
(68.96553692146509 1.467328302930924 0.0)
(68.95426017815173 1.7416221110828494 0.0)
(68.92889314023135 2.0105207250261046 0.0)
(68.8937334606289 2.264069930767433 0.0)
(68.85416837861769 2.4919200188868014 0.0)
(68.81597547167529 2.685723157947324 0.0)
(68.78546094794001 2.8389902383001657 0.0)
(68.7691468668986 2.944033533007844 0.0)
(68.7711640257389 2.9979285695299605 0.0)
(68.79565200940766 2.99606231414448 0.0)
(68.84460276686744 2.9339628404078293 0.0)
(68.91654497148943 2.8109464464979186 0.0)
(69.0203905374333 2.63036025322193 0.0)
(69.85829811338404 2.708126879912066 0.0)
(105.88002244573586 1.2589858810272623 0.0)
(69.23846632729902 0.02743273023272478 0.0)
(69.2461627928772 0.032495925434195626 0.0)
(69.25535324353818 0.0377980834690544 0.0)
(69.26618330591077 0.043018472859746436 0.0)
(69.27843053668215 0.047932783536156445 0.0)
(69.29166027751118 0.052400214962211276 0.0)
(69.30566469517255 0.055999864167662304 0.0)
(69.32034440668357 0.0581312360408174 0.0)
(69.33532297548814 0.05838137690126738 0.0)
(69.34989458935362 0.05679465991780691 0.0)
(69.36345230391366 0.05372499291636225 0.0)
(69.37571581224094 0.049591264320826334 0.0)
(69.38659879138932 0.044659526496063126 0.0)
(69.39639235003882 0.03900994274547671 0.0)
(69.40518849348393 0.03323574016660993 0.0)
(69.41287103341419 0.02763513580819985 0.0)
(69.41964074786921 0.022324104653004627 0.0)
(69.42554081698903 0.017633633556378737 0.0)
(69.43032076609552 0.013441305048211151 0.0)
(69.43415617523843 0.009654515277883113 0.0)
(69.43700606514425 0.006603329767830723 0.0)
(69.43865543135524 0.0041089959652319315 0.0)
(69.43959189751023 0.002147378360228624 0.0)
(69.43995268806825 0.000998884501515643 0.0)
(69.43990287183698 0.0003097274821735807 0.0)
(69.43988194380654 5.496648913422498e-5 0.0)
(69.43983602387604 -4.672707684150665e-6 0.0)
(69.43986224163523 -2.5028626576113173e-5 0.0)
(69.4399657558075 -3.5133869418137522e-6 0.0)
(69.24072171695197 0.024977182161567375 0.0)
(69.2417858532752 0.02189811932282392 0.0)
(69.22753443499607 0.02261296703728264 0.0)
(69.22282333428609 0.022882164580680476 0.0)
(69.21867734316673 0.022833060249452815 0.0)
(69.21473681063962 0.022608199273675706 0.0)
(69.21044242251362 0.022523342125366237 0.0)
(69.20584405349274 0.022346877787039268 0.0)
(69.2008728865806 0.022066444223518243 0.0)
(69.19590835536756 0.021305348364645437 0.0)
(69.19061938458552 0.020205157476233204 0.0)
(69.18440677506119 0.019457854855928915 0.0)
(69.1773646090939 0.018647408454752226 0.0)
(69.1685427517322 0.01877169743989595 0.0)
(69.15865214305849 0.018507445017319726 0.0)
(69.14772704593457 0.0180422929007176 0.0)
(69.13459603525843 0.017226929244245685 0.0)
(69.12010823658164 0.016625399049880536 0.0)
(69.10386956423748 0.015832630636153675 0.0)
(69.08495373320727 0.015986388450672996 0.0)
(69.06433037500501 0.016236344435901422 0.0)
(69.04081005183586 0.016651830863115363 0.0)
(69.01340857108666 0.017156660688786792 0.0)
(68.9804768406321 0.017816781377125387 0.0)
(68.94063163190437 0.018419246534804083 0.0)
(68.87370555952994 0.019568760279755796 0.0)
(68.84937405434708 0.018031453159981923 0.0)
(68.77897830933964 0.01932628788559754 0.0)
(68.71903328680925 0.029425835992976313 0.0)
(68.67157377174217 0.05830008208638637 0.0)
(68.65495038133415 0.11607620018174283 0.0)
(68.675412150128 0.2096261760987811 0.0)
(68.72606590874852 0.3421048453876633 0.0)
(68.78904673019673 0.5110408481324449 0.0)
(68.84821777952055 0.7127463003571352 0.0)
(68.89427945673951 0.9438412262315528 0.0)
(68.92286509185583 1.198082344124064 0.0)
(68.9334499648936 1.4669483243749362 0.0)
(68.92719444573737 1.7412965143876737 0.0)
(68.90672884406327 2.0102494671490594 0.0)
(68.87629630410332 2.2638405019644745 0.0)
(68.84120114762335 2.4917383415679817 0.0)
(68.80716281152047 2.6855448134220223 0.0)
(68.78045358406561 2.838845342963624 0.0)
(68.76754464943684 2.9439845056055756 0.0)
(68.77259057631412 2.9978620261507425 0.0)
(68.79973041024999 2.995977886966113 0.0)
(68.85097863792066 2.9337299572649025 0.0)
(68.92467839422932 2.8107468974156777 0.0)
(69.01925215306063 2.622300264937592 0.0)
(69.141603536603 2.376157787595512 0.0)
(70.09954469650256 2.3367218566729866 0.0)
(104.83114103069529 1.023420939127066 0.0)
(69.24428345385967 0.02990699694932816 0.0)
(69.25306877311536 0.03528204410374055 0.0)
(69.2635000076796 0.04079942829443189 0.0)
(69.2755199330226 0.04614918213320274 0.0)
(69.28872754160498 0.051175030921253674 0.0)
(69.30276250026759 0.05560490882173135 0.0)
(69.3174655795155 0.05888646052868422 0.0)
(69.33256721661111 0.0604217089741649 0.0)
(69.34749706096096 0.06000609740285351 0.0)
(69.3615383983965 0.0579622269934806 0.0)
(69.37426271783336 0.05465792866781906 0.0)
(69.38551675841767 0.05042769222566172 0.0)
(69.39535185179417 0.04537494809032998 0.0)
(69.40397430423117 0.03970549165200203 0.0)
(69.41154575231702 0.03390192735629057 0.0)
(69.41807099760383 0.028320128027745372 0.0)
(69.4237975606208 0.023009641461155937 0.0)
(69.42876980718641 0.018235379964797984 0.0)
(69.432793077799 0.013921630135948115 0.0)
(69.43597653175529 0.010002883582218531 0.0)
(69.43826692732691 0.006796560971682546 0.0)
(69.43949785075407 0.004165954980618546 0.0)
(69.44009131610075 0.0021210581524568175 0.0)
(69.44019715807403 0.000938351261972222 0.0)
(69.44000661837453 0.00026854329223543935 0.0)
(69.43990959975213 4.113482364054264e-5 0.0)
(69.43984120380212 -3.145164269068223e-6 0.0)
(69.43986273051561 -1.1110716836819992e-5 0.0)
(69.246607412478 0.027202644246589858 0.0)
(69.24657747689413 0.023967140273777596 0.0)
(69.2316831447931 0.024973381605978916 0.0)
(69.22606068987821 0.025553914235500127 0.0)
(69.22122810865928 0.02562284883135302 0.0)
(69.21678005292821 0.025399312021414527 0.0)
(69.2122602382346 0.02516373001888279 0.0)
(69.20735007163519 0.02506812209442258 0.0)
(69.20209547548028 0.024846245270279007 0.0)
(69.19668932550924 0.024278298089104155 0.0)
(69.19121380869906 0.023057057367112537 0.0)
(69.18489298299258 0.02205597171363443 0.0)
(69.17783374294963 0.021026654130199923 0.0)
(69.16906424825675 0.02086261730139991 0.0)
(69.1590095468547 0.020805459787910253 0.0)
(69.14801195057234 0.02041346591203395 0.0)
(69.13482235616394 0.01982667891883216 0.0)
(69.120288979177 0.01927611477988438 0.0)
(69.1040371890988 0.01847208472393049 0.0)
(69.08510913535581 0.018564911264262483 0.0)
(69.06439918186693 0.01879013544645673 0.0)
(69.04077341590242 0.01921919829297497 0.0)
(69.01323691027349 0.019764539892721956 0.0)
(68.9801160320879 0.020522269786003865 0.0)
(68.94001913873102 0.02124478970503428 0.0)
(68.87268790355459 0.02252288775764725 0.0)
(68.84806115371761 0.02085993927851239 0.0)
(68.77660820016187 0.022229989760745035 0.0)
(68.71368416470781 0.03203490721597326 0.0)
(68.65952815913724 0.060153237228688 0.0)
(68.63230511837622 0.11695088821441763 0.0)
(68.64113968164246 0.20962705403158577 0.0)
(68.68299303527735 0.3415480402836134 0.0)
(68.74193845739387 0.5103270289621954 0.0)
(68.80133236567796 0.712079081132913 0.0)
(68.85036655983511 0.9432321855597118 0.0)
(68.88333856983462 1.1975288227038696 0.0)
(68.89896232511511 1.4664714266388583 0.0)
(68.8979606634004 1.7408636956127996 0.0)
(68.88271634698424 2.0098768719508855 0.0)
(68.85736761266035 2.2635353470673927 0.0)
(68.82711414928741 2.4914875558825407 0.0)
(68.79758257836116 2.685365816864703 0.0)
(68.77503282802328 2.83870230538753 0.0)
(68.76589081149102 2.943788105053895 0.0)
(68.77423496950101 2.9977685365562268 0.0)
(68.8042773339895 2.99594020001907 0.0)
(68.85803048608064 2.93369000975503 0.0)
(68.93386968501983 2.8106223759404347 0.0)
(69.03008476126134 2.621996997578035 0.0)
(69.14039737761955 2.3682924726128847 0.0)
(69.27471229736366 2.058154461374049 0.0)
(70.39590003974355 1.892804251592071 0.0)
(102.8195400839889 0.7548188279710385 0.0)
(69.25142518276468 0.032472975938517716 0.0)
(69.26156908795238 0.038080439970070934 0.0)
(69.27338652027893 0.043672749832171766 0.0)
(69.2865744721973 0.04903956672612326 0.0)
(69.30073639455476 0.054005276467721 0.0)
(69.31562261298929 0.05813099352860977 0.0)
(69.3309771474497 0.06075797157449656 0.0)
(69.34628631273904 0.061475690275578566 0.0)
(69.36085711108892 0.0604256721459763 0.0)
(69.37413222753592 0.05803257421069205 0.0)
(69.38586941218122 0.05460042775426583 0.0)
(69.39603525573746 0.05027185797318193 0.0)
(69.40470147987169 0.04515889990209512 0.0)
(69.41205753511987 0.03955610332076092 0.0)
(69.41833099436647 0.033892227879751616 0.0)
(69.42366142476834 0.028440353732651236 0.0)
(69.42830028869147 0.023223133527194705 0.0)
(69.4323011971732 0.018421736499938404 0.0)
(69.43550483299587 0.014061754937304577 0.0)
(69.43798329999618 0.010088894731437939 0.0)
(69.43966568646542 0.006798342672171928 0.0)
(69.44043075803224 0.004093036686523656 0.0)
(69.44063724238808 0.00201391076633051 0.0)
(69.44045498944611 0.0008348819571965664 0.0)
(69.44010804180954 0.00021316785018881792 0.0)
(69.43993303054661 2.6067139159222926e-5 0.0)
(69.43984483177843 -1.0430338855468146e-6 0.0)
(69.25382950633947 0.02953551504600252 0.0)
(69.25243409997734 0.026082350618063146 0.0)
(69.2368288271786 0.027306175455376152 0.0)
(69.23022253604908 0.02825697632110983 0.0)
(69.22450353592008 0.028641906905212542 0.0)
(69.21935834794938 0.02854120225384895 0.0)
(69.21446604519981 0.02816667959709944 0.0)
(69.20924259422314 0.027992528988706248 0.0)
(69.20369333328775 0.027835587213972553 0.0)
(69.19784067966353 0.02751574771264728 0.0)
(69.1920220557082 0.026438173175151205 0.0)
(69.1855743661035 0.025184982354069022 0.0)
(69.17840561346594 0.023950111340968364 0.0)
(69.16973716520903 0.02330149877956238 0.0)
(69.15952422104498 0.02334875804269027 0.0)
(69.14843876400468 0.02301506258949678 0.0)
(69.13518626441443 0.022694674432409436 0.0)
(69.12058092782189 0.022276027564772687 0.0)
(69.1043111922262 0.021499077784727955 0.0)
(69.0853757056186 0.021545724420603384 0.0)
(69.06458648250192 0.021730148153002143 0.0)
(69.04086642914243 0.022166636889976627 0.0)
(69.01321600022055 0.02274170265233298 0.0)
(68.97993801949258 0.023597253049249672 0.0)
(68.93963796582146 0.02445305333977458 0.0)
(68.87198858821691 0.02587466883517124 0.0)
(68.84712329989492 0.024084372563072273 0.0)
(68.77483015135114 0.025569139197928272 0.0)
(68.70939794773675 0.03512911427824668 0.0)
(68.6492902817801 0.06253348735723076 0.0)
(68.61207074830799 0.11825075383834342 0.0)
(68.60909812136066 0.20989184082120105 0.0)
(68.64107032759694 0.34113592503549633 0.0)
(68.69455796362138 0.50960553292546 0.0)
(68.75300582011268 0.711328537637248 0.0)
(68.80431025815513 0.9425239512591511 0.0)
(68.84138325259784 1.1968842897033924 0.0)
(68.86205542404034 1.4658712663558453 0.0)
(68.86650788018999 1.7403180796737263 0.0)
(68.85678288414121 2.0093961950703365 0.0)
(68.83687987302449 2.263118587341609 0.0)
(68.81185694013118 2.4911307662615725 0.0)
(68.78721641065403 2.685092038664319 0.0)
(68.76919857795093 2.838475941301713 0.0)
(68.76414044159989 2.9436634418056484 0.0)
(68.77613771077017 2.9976043552949965 0.0)
(68.80938279218725 2.995774966037343 0.0)
(68.86587531894992 2.9336288884812167 0.0)
(68.94406961078613 2.8105090451580415 0.0)
(69.04226810914024 2.6219575913681292 0.0)
(69.15405094295426 2.3679841875835854 0.0)
(69.27187321939067 2.0504892963190122 0.0)
(69.41290955400258 1.6779101401227088 0.0)
(70.7723691435157 1.387353675791095 0.0)
(98.10673360561964 0.46035681082090785 0.0)
(69.26020987779857 0.035045557394382705 0.0)
(69.27186798763567 0.04068206992757875 0.0)
(69.28502889173411 0.046194842587605686 0.0)
(69.29933117480041 0.05144969290784561 0.0)
(69.3144901832025 0.056117586479024324 0.0)
(69.33020846147669 0.059563135501455984 0.0)
(69.34598867757973 0.06123810186293891 0.0)
(69.36113068299895 0.06111938982391765 0.0)
(69.37502351820426 0.05957594257564092 0.0)
(69.38734521999221 0.05695462443314758 0.0)
(69.39798080597886 0.05338316603047261 0.0)
(69.40694031726927 0.04892500568905397 0.0)
(69.41430156751338 0.04383683445953017 0.0)
(69.42032316308732 0.03843856653934306 0.0)
(69.42529153615165 0.033077346867564215 0.0)
(69.4294483733874 0.027854212247204087 0.0)
(69.43299930616556 0.022813297077169323 0.0)
(69.43601509804174 0.018086578533723578 0.0)
(69.438370389036 0.013789410471087012 0.0)
(69.44011768110703 0.009875130296413544 0.0)
(69.44116719310058 0.006580773416969769 0.0)
(69.4414280389137 0.0038693695626795394 0.0)
(69.4412089279538 0.0018139188080984051 0.0)
(69.44071057708788 0.0006827519099064635 0.0)
(69.44019677769192 0.00014535103263401032 0.0)
(69.43994883425815 9.177560151934562e-6 0.0)
(69.26263674892384 0.03184831965769108 0.0)
(69.25956947657285 0.028294962308538254 0.0)
(69.2431255764214 0.029682380477153127 0.0)
(69.2354610618761 0.030895137284829125 0.0)
(69.22869383326777 0.03171973130857834 0.0)
(69.22269082946733 0.03193993095485656 0.0)
(69.21716205858266 0.031633999151562106 0.0)
(69.2116020963755 0.03125592652689105 0.0)
(69.20569878192175 0.031049696118932726 0.0)
(69.19944048459253 0.030895263478531804 0.0)
(69.1931507632739 0.030170031629598193 0.0)
(69.18649189969798 0.028889869150194116 0.0)
(69.17915141053335 0.027488091017261962 0.0)
(69.17056164725663 0.026331605576462837 0.0)
(69.16025280269912 0.02622113798836723 0.0)
(69.14903870325134 0.025941681361017783 0.0)
(69.13573497052313 0.025820762694116556 0.0)
(69.12101392540083 0.02564291427113024 0.0)
(69.1047138535646 0.02493036394756313 0.0)
(69.0857672519155 0.024970404073402487 0.0)
(69.06490142558951 0.025105990893072812 0.0)
(69.04109322839389 0.02554546566805037 0.0)
(69.01334338167807 0.026140924309806055 0.0)
(68.97993255777152 0.027090737209240677 0.0)
(68.93946576219011 0.028094463080781302 0.0)
(68.87156820437512 0.029676528620487405 0.0)
(68.84650956104417 0.027740231376076778 0.0)
(68.77356166301112 0.029412172220918936 0.0)
(68.70604831470969 0.03878485731854528 0.0)
(68.64071950961525 0.06547072124427308 0.0)
(68.59421663507793 0.12008398616160926 0.0)
(68.57950249138226 0.21054784487313713 0.0)
(68.60073218784845 0.34089889378300137 0.0)
(68.64738987104275 0.5089134204067337 0.0)
(68.7036264526605 0.7105605146506812 0.0)
(68.75635190682304 0.9417046667212196 0.0)
(68.79710977358029 1.1960980027011234 0.0)
(68.82275216400706 1.4651432407095815 0.0)
(68.83279992426483 1.7396271775318066 0.0)
(68.82887558096017 2.0087702068532916 0.0)
(68.81477256579988 2.2625778525044975 0.0)
(68.79536539506665 2.4906836712500793 0.0)
(68.7760309043551 2.6847065661220477 0.0)
(68.76293167863294 2.8381841126777307 0.0)
(68.76234314239764 2.9434340137800907 0.0)
(68.77831814965545 2.997429773009752 0.0)
(68.81506531057686 2.9956689558538128 0.0)
(68.87460872847885 2.9334629567006725 0.0)
(68.95537266270395 2.810451210768208 0.0)
(69.05579465693512 2.621818191981832 0.0)
(69.16943736960731 2.3678568087164584 0.0)
(69.28856944784557 2.0501363659125458 0.0)
(69.40522595953942 1.6705319599991966 0.0)
(69.55180338473639 1.2445625419530943 0.0)
(71.26977864365706 0.835934157218609 0.0)
(78.66923475303048 0.14865645737462416 0.0)
(69.270778144528 0.03735650607075802 0.0)
(69.28391901431965 0.04284138777633081 0.0)
(69.29835675082062 0.04818548398607542 0.0)
(69.31380418449963 0.05313558559602322 0.0)
(69.32993780137647 0.0571089050849428 0.0)
(69.3462401321475 0.05950024961476275 0.0)
(69.36200233564819 0.06015135788947724 0.0)
(69.37656511473013 0.05935774056904606 0.0)
(69.38953618592768 0.05746149056101052 0.0)
(69.4007449154653 0.054587443351451236 0.0)
(69.41011887702349 0.05077692492871165 0.0)
(69.41769789407698 0.04623712819408383 0.0)
(69.42366589521762 0.041325398748559304 0.0)
(69.42836195473477 0.036314011225341364 0.0)
(69.43211417661446 0.031353185304609184 0.0)
(69.43516377651953 0.0264541863560062 0.0)
(69.43768180544909 0.021688794329362313 0.0)
(69.4397464792298 0.01720317758207855 0.0)
(69.44128442565273 0.013106187649861371 0.0)
(69.44231282401404 0.009362410857677972 0.0)
(69.442726830648 0.006130473361538103 0.0)
(69.44245018993102 0.003469919382681998 0.0)
(69.44177022126549 0.0015025144935118006 0.0)
(69.44093699152633 0.0004719748238272723 0.0)
(69.44025615373825 5.425829415516739e-5 0.0)
(69.2731689807667 0.033873462284026226 0.0)
(69.26818690529161 0.030466192858703153 0.0)
(69.2507477538208 0.032149240139554065 0.0)
(69.24191795506266 0.03354943725997792 0.0)
(69.23399501133228 0.03471751177284475 0.0)
(69.22697004857811 0.03540491628904287 0.0)
(69.2205718897904 0.035451398591406086 0.0)
(69.21451290768293 0.035014506788180126 0.0)
(69.20819614220146 0.034649251854014275 0.0)
(69.20155658217143 0.034443205180191123 0.0)
(69.19472364665084 0.03408387995077867 0.0)
(69.18773102602117 0.03304360567492656 0.0)
(69.18015377472786 0.031642820705977445 0.0)
(69.17156115497747 0.030127308272391722 0.0)
(69.16124181072746 0.029593760656849925 0.0)
(69.1498559255812 0.0293143661050257 0.0)
(69.13651789342718 0.029245603713360865 0.0)
(69.12163280727431 0.029379938755328246 0.0)
(69.10527473884841 0.028782175570890727 0.0)
(69.08630653856689 0.02886539962529469 0.0)
(69.06535953983267 0.02896800846417035 0.0)
(69.04146545954087 0.029407210934398995 0.0)
(69.01362458398098 0.030020251302375917 0.0)
(68.98009925869532 0.031057376373315553 0.0)
(68.93949244570457 0.03222519074292192 0.0)
(68.87140391389521 0.03398739494135253 0.0)
(68.84618811350916 0.03189106175686918 0.0)
(68.7727442055201 0.03379534422440504 0.0)
(68.70353630556312 0.043045245731578176 0.0)
(68.63369207904557 0.06906690488322918 0.0)
(68.57869552593037 0.12250837474221948 0.0)
(68.55252672259073 0.21164774531486633 0.0)
(68.56239451286342 0.3409415325549632 0.0)
(68.6009497028159 0.5083205286235415 0.0)
(68.65364697553403 0.7097397747795913 0.0)
(68.70680781854912 0.9408050387270456 0.0)
(68.75069616782253 1.1951956687478738 0.0)
(68.78112195794523 1.4642588709003015 0.0)
(68.79684203212857 1.7387745102938716 0.0)
(68.79896041809324 2.0079862860564663 0.0)
(68.79100254391109 2.261866812298065 0.0)
(68.7776155520141 2.490065038251022 0.0)
(68.76398681970554 2.6842217002453395 0.0)
(68.75623415099133 2.8377650626459365 0.0)
(68.76050826602868 2.943109082894568 0.0)
(68.78082379858208 2.997205095304114 0.0)
(68.82142756854995 2.995433370663358 0.0)
(68.88428810618674 2.9333442793892166 0.0)
(68.96792270559958 2.8102440466397645 0.0)
(69.07076767496733 2.6217333857269054 0.0)
(69.18648747765972 2.3677692780292325 0.0)
(69.30745729812048 2.0500146991501755 0.0)
(69.42534337586906 1.6701340190812088 0.0)
(69.53164949325115 1.237715489520421 0.0)
(69.7033041659816 0.7708357663929007 0.0)
(70.92353271634462 0.26412403420978425 0.0)
(35.277799319379405 -0.06337442636081192 0.0)
(69.28311516044371 0.03919123987023329 0.0)
(69.2976857783734 0.04446279531145016 0.0)
(69.31340490513864 0.049483106359869924 0.0)
(69.32993541589737 0.053725624162136075 0.0)
(69.34675077265511 0.05657886624767747 0.0)
(69.3631330963962 0.05780101607825574 0.0)
(69.37838874723926 0.05760592181506471 0.0)
(69.39205182496389 0.05630594487889088 0.0)
(69.4038742414485 0.054013034436778885 0.0)
(69.41373283174977 0.05074958566095506 0.0)
(69.42161768895299 0.04671785545921119 0.0)
(69.42770059683697 0.04228450169528285 0.0)
(69.43230504675336 0.03775420676475651 0.0)
(69.43579035858632 0.03323288249617002 0.0)
(69.43845976861955 0.028716501443748956 0.0)
(69.44051093711747 0.02424908861744711 0.0)
(69.44211336982062 0.019923441288229368 0.0)
(69.44334234590858 0.015862922700999284 0.0)
(69.44415360241301 0.01208250741128099 0.0)
(69.44450538283321 0.008555825165633678 0.0)
(69.44428113483731 0.005415095888107166 0.0)
(69.44342913261632 0.002846992071721125 0.0)
(69.44225649203497 0.0010443128478216672 0.0)
(69.44108724855798 0.00017513562852242013 0.0)
(69.28549123168143 0.03543637332867933 0.0)
(69.27846520688063 0.03234542506834582 0.0)
(69.25989427000017 0.034558533643479376 0.0)
(69.2497340887895 0.036276371813589114 0.0)
(69.24057911675048 0.037691751769746894 0.0)
(69.23238542864885 0.03878476367364858 0.0)
(69.22494191576969 0.03935462162533044 0.0)
(69.21812011891159 0.03921195936958385 0.0)
(69.21130803378996 0.03876707910571397 0.0)
(69.20424339153584 0.03837967707047594 0.0)
(69.19687761084577 0.03814661654423229 0.0)
(69.18941334778557 0.03747033209092574 0.0)
(69.18151222665676 0.036300812122279 0.0)
(69.17280142968715 0.0346988996349661 0.0)
(69.16251508673898 0.03367590239539959 0.0)
(69.15095202490745 0.03325412413541677 0.0)
(69.13757609229972 0.03309109421165509 0.0)
(69.12249982621472 0.03348327169822845 0.0)
(69.10603098536991 0.03307837478808221 0.0)
(69.08702718369527 0.03323918670556534 0.0)
(69.06598401696414 0.03336217558817538 0.0)
(69.0420026909454 0.03380164383686461 0.0)
(69.01407341730896 0.03444050349129882 0.0)
(68.98044730322452 0.035557597573282626 0.0)
(68.93971968070517 0.03690695015221226 0.0)
(68.87148809597859 0.03887291664224193 0.0)
(68.8461443526372 0.036601124948211744 0.0)
(68.77234130677498 0.03879535931009119 0.0)
(68.70178886051256 0.04799306447049518 0.0)
(68.62810181462126 0.07338874340543786 0.0)
(68.56544945752599 0.12563393976172244 0.0)
(68.5283054255584 0.21329598968016486 0.0)
(68.52644492177669 0.3413149635243297 0.0)
(68.55577140839941 0.5078643235468713 0.0)
(68.60358272918398 0.7089395351743408 0.0)
(68.65606979650792 0.939825293986075 0.0)
(68.70238945859705 1.1941644018570028 0.0)
(68.73729340531415 1.4632210183151777 0.0)
(68.75867913503478 1.7377394567193771 0.0)
(68.76703009233327 2.007018438513321 0.0)
(68.76554134778065 2.2609791552694514 0.0)
(68.75856696806198 2.4892815692333725 0.0)
(68.75108352659947 2.6835465360194926 0.0)
(68.7490977105886 2.837223628796697 0.0)
(68.75865659983414 2.9426750034636995 0.0)
(68.78371863038114 2.9968345815902677 0.0)
(68.82851418675385 2.9951891764950775 0.0)
(68.89504311212809 2.933094443956428 0.0)
(68.98180032910211 2.8101119668057 0.0)
(69.08735924619975 2.621488398592189 0.0)
(69.20536479247879 2.3676296072659895 0.0)
(69.32838764096016 2.0498462253253322 0.0)
(69.4483167414534 1.669981505782044 0.0)
(69.55583216471543 1.2372578845955082 0.0)
(69.64840346372553 0.765102952684561 0.0)
(69.92478908187881 0.2753627771015012 0.0)
(53.29982437983703 -0.17941420223247775 0.0)
(30.877043427353424 -0.18805768598382885 0.0)
(69.29723816439163 0.04051009363275466 0.0)
(69.31319720640981 0.045433143512192874 0.0)
(69.3300709502835 0.04973536412604309 0.0)
(69.34734040278968 0.05282965259590189 0.0)
(69.36429748593734 0.05442985511146701 0.0)
(69.38022457161668 0.054674869746041445 0.0)
(69.3945798021819 0.05382697452837664 0.0)
(69.40702460700975 0.051979114675812774 0.0)
(69.41737518840196 0.0491484459010236 0.0)
(69.42560662042905 0.04553570311905346 0.0)
(69.43187952880697 0.04152811924826289 0.0)
(69.43652169445436 0.03744541538785533 0.0)
(69.43989284573166 0.03339765985457779 0.0)
(69.44231046988884 0.029361630176550912 0.0)
(69.444034262199 0.025355838105682506 0.0)
(69.44525774307799 0.021473146353417925 0.0)
(69.44613735455017 0.01776163089147397 0.0)
(69.44671077070805 0.014211408223754345 0.0)
(69.44689751965142 0.010754342724956938 0.0)
(69.44660367110797 0.00739854253309174 0.0)
(69.44571482015247 0.004350398691974969 0.0)
(69.44424280992214 0.001931791571884868 0.0)
(69.44256267609927 0.00038639418428915883 0.0)
(69.29963152177879 0.036509287409943206 0.0)
(69.29052782520883 0.033769528308018056 0.0)
(69.27077736952411 0.03663845825769531 0.0)
(69.25908673117482 0.0389270341381836 0.0)
(69.24858281000907 0.040699853490771244 0.0)
(69.23911766936412 0.04211244019330386 0.0)
(69.23049927713623 0.04314968058355467 0.0)
(69.22263878488901 0.0435683342823212 0.0)
(69.21517689146579 0.043341150489663804 0.0)
(69.2075699108139 0.042884961917390864 0.0)
(69.19972080229843 0.042521096595321765 0.0)
(69.19167176629846 0.04210658907417194 0.0)
(69.18335331078809 0.04127328977123835 0.0)
(69.17438143541646 0.039895538389097915 0.0)
(69.16409457288407 0.03856786902951901 0.0)
(69.15238939422787 0.037872380991684045 0.0)
(69.13894432105272 0.03752386485803596 0.0)
(69.12368554718142 0.0379823293221072 0.0)
(69.10703165455496 0.03784695456663813 0.0)
(69.08797335041416 0.03809471519442518 0.0)
(69.06680880324411 0.0383207710367812 0.0)
(69.04273298126893 0.038776443440313745 0.0)
(69.01471294516105 0.039461064638573747 0.0)
(68.98099563982124 0.040657138649056734 0.0)
(68.94016090636745 0.04220655639679696 0.0)
(68.87182786824756 0.04440533385144703 0.0)
(68.8463801637102 0.04193517008903138 0.0)
(68.77233794719545 0.04448785761466506 0.0)
(68.70075673180821 0.05370560164362093 0.0)
(68.6238623284298 0.07852227065305059 0.0)
(68.55441763289065 0.1295471785233311 0.0)
(68.50693840941338 0.2156206734514947 0.0)
(68.49323604541387 0.34210630265303305 0.0)
(68.51239538539615 0.5076209015090827 0.0)
(68.55400072849392 0.7081862718263968 0.0)
(68.60460785837583 0.9387835966129866 0.0)
(68.65251773115718 1.1930108944420617 0.0)
(68.69146115335624 1.4620365219573461 0.0)
(68.71840376203933 1.7365233458771794 0.0)
(68.73311989408006 2.005833599238924 0.0)
(68.73838559783411 2.2598801517479705 0.0)
(68.73820709967907 2.4882914099590123 0.0)
(68.73729729740668 2.6827014328867795 0.0)
(68.74153782720194 2.8364904639187607 0.0)
(68.75681500266636 2.942104323677541 0.0)
(68.787032070776 2.9963987440473288 0.0)
(68.83642108248954 2.9948304029994604 0.0)
(68.90695083083241 2.9328402403303357 0.0)
(68.99716435501985 2.8098704099352334 0.0)
(69.10567912875966 2.621377954910994 0.0)
(69.22624788923896 2.3673842470233364 0.0)
(69.35154244479777 2.0497243904200064 0.0)
(69.47377247945421 1.6697765426689088 0.0)
(69.58409190399604 1.2369961557511302 0.0)
(69.67725297511876 0.7644348411604828 0.0)
(69.8549698614739 0.27546617988913996 0.0)
(61.91022210217021 -0.2064942434755164 0.0)
(48.13738359957181 -0.5028873436176347 0.0)
(29.838801426219156 -0.30310832812771765 0.0)
(69.31311177012537 0.04121042522581926 0.0)
(69.33026470394924 0.04541410094264469 0.0)
(69.34791145777042 0.048576577578448056 0.0)
(69.36536869764323 0.05039304996772904 0.0)
(69.38190607189772 0.05093579119834834 0.0)
(69.39690865414822 0.05040792703042903 0.0)
(69.40994543843462 0.048882360079880276 0.0)
(69.42077368182464 0.046384572428034676 0.0)
(69.42936181103907 0.043121786187181044 0.0)
(69.43587544010806 0.03948278702908411 0.0)
(69.44062956775383 0.03578983796067943 0.0)
(69.44397530094783 0.03215466718539118 0.0)
(69.44624433660479 0.028566585514939184 0.0)
(69.44773554035497 0.02505094301110499 0.0)
(69.44870755089698 0.021687789934107405 0.0)
(69.44933582445123 0.018508253394153223 0.0)
(69.44970369240485 0.015414880551362956 0.0)
(69.44976224062526 0.012275315122686132 0.0)
(69.44937800046351 0.009030070828868697 0.0)
(69.44843559891173 0.0057795493005168164 0.0)
(69.44684596517111 0.002854681791864194 0.0)
(69.44472069593802 0.0006959672437908791 0.0)
(69.3154680331081 0.036988983334599816 0.0)
(69.3043824186553 0.03469570651952715 0.0)
(69.28355203661646 0.038192380104911626 0.0)
(69.27017756970015 0.04121069461490913 0.0)
(69.25816279698286 0.04359995806157227 0.0)
(69.24731774929808 0.04543192688558489 0.0)
(69.2374313477768 0.04685313957492467 0.0)
(69.2283440647645 0.04782907368297852 0.0)
(69.21996669751167 0.04811894293460349 0.0)
(69.2116756542362 0.047887367902310816 0.0)
(69.20329702889843 0.04741722330810687 0.0)
(69.19463954376242 0.04704336517153007 0.0)
(69.18580099958112 0.04646225040297083 0.0)
(69.176426825523 0.045482207334097774 0.0)
(69.16602868288096 0.04417019485684154 0.0)
(69.15421196340365 0.043229123060194795 0.0)
(69.14066346926847 0.042671005361989305 0.0)
(69.12525018672679 0.04297805819863805 0.0)
(69.10834450946362 0.04311147747549211 0.0)
(69.08919729590087 0.043453161376436976 0.0)
(69.06788292212012 0.043855160105598714 0.0)
(69.04369410984773 0.044377200174459015 0.0)
(69.01557700986255 0.04513563622044403 0.0)
(68.98177386162367 0.046425022686966154 0.0)
(68.94084190644884 0.048195429190607104 0.0)
(68.87244546264915 0.05066290363871632 0.0)
(68.84691437377441 0.04796424329402747 0.0)
(68.77273958424998 0.05093726740729969 0.0)
(68.700414266516 0.060266068772176384 0.0)
(68.62090988307082 0.08456871826310486 0.0)
(68.54554152862407 0.13434798745304463 0.0)
(68.4884956806884 0.21867790695807102 0.0)
(68.46308083629863 0.3434493625684679 0.0)
(68.47135443180905 0.50761967952384 0.0)
(68.50551082435925 0.7075089593684182 0.0)
(68.55296849959939 0.9376873781321763 0.0)
(68.60149211763952 1.1917395939345143 0.0)
(68.6438930393611 1.460665345934353 0.0)
(68.67617213542901 1.735101964232654 0.0)
(68.6973008706107 2.004436073610843 0.0)
(68.70956565397235 2.258540966747939 0.0)
(68.71654663656881 2.4870549694563495 0.0)
(68.72263934909341 2.681624922013228 0.0)
(68.73355865310624 2.835577700826454 0.0)
(68.75502791632142 2.9413266570545957 0.0)
(68.79084368328452 2.995775192789861 0.0)
(68.84523618607358 2.9943137361350174 0.0)
(68.9201424275378 2.9324599403852702 0.0)
(69.0141385626516 2.809569773986973 0.0)
(69.1259319542153 2.6210858366988132 0.0)
(69.24930187627027 2.367208864114078 0.0)
(69.37713958373486 2.049435006282985 0.0)
(69.50192344448274 1.6695965000789272 0.0)
(69.61541468775295 1.236723475860816 0.0)
(69.71349042559557 0.7639680632460829 0.0)
(69.9034778025695 0.2760196414376393 0.0)
(66.07527336635602 -0.22220514791211518 0.0)
(57.705103926205524 -0.6099387238846107 0.0)
(46.82469988475956 -0.7944636166815888 0.0)
(29.34427246403806 -0.4076354742896233 0.0)
(69.33046557205665 0.04098384087850272 0.0)
(69.34841487773035 0.0440881870939606 0.0)
(69.36628680535823 0.04599467049889263 0.0)
(69.38334425958875 0.046717776530907286 0.0)
(69.39891054346624 0.04640124394316754 0.0)
(69.41247389782505 0.04510107495313997 0.0)
(69.42374244423905 0.042860586451893 0.0)
(69.4326829360284 0.03989808135796438 0.0)
(69.43946728040429 0.03658890151368666 0.0)
(69.44438995809607 0.033235520203506466 0.0)
(69.44777030510586 0.029950282378313455 0.0)
(69.44995467470591 0.026745871981084073 0.0)
(69.45128977516619 0.023670547589937672 0.0)
(69.45208374761528 0.02079710236825431 0.0)
(69.45254014576139 0.01812848469243285 0.0)
(69.45275076400051 0.015544919074265251 0.0)
(69.45271071754219 0.012857930463750698 0.0)
(69.4523109188806 0.0099481427190843 0.0)
(69.45139034322443 0.006829713101283711 0.0)
(69.44980936808612 0.0036944116851269585 0.0)
(69.44749718221716 0.0009964535903988275 0.0)
(69.33269037950292 0.03661502512353342 0.0)
(69.3198472363398 0.035020010229902025 0.0)
(69.29821576394883 0.03914477849293341 0.0)
(69.28316440062247 0.04289614574187159 0.0)
(69.26950016324072 0.046090053202100856 0.0)
(69.2571423235108 0.04860016753670586 0.0)
(69.24588541189287 0.05050413382662316 0.0)
(69.23548584775422 0.05195597478594046 0.0)
(69.22592617251435 0.052848894720685706 0.0)
(69.21676129328578 0.05311553848906474 0.0)
(69.20767909414175 0.05284897384200582 0.0)
(69.19842579046157 0.05242996751865897 0.0)
(69.18895871300927 0.051957036680414584 0.0)
(69.1790841219265 0.0512907486373899 0.0)
(69.16840197901374 0.050261167922788716 0.0)
(69.15645707870542 0.049260842433660544 0.0)
(69.1427846645346 0.048559372746897186 0.0)
(69.12723517866584 0.04861179351460525 0.0)
(69.11005466919639 0.04890074534066273 0.0)
(69.0907596391805 0.049365139026462605 0.0)
(69.06927274274926 0.049964606922447655 0.0)
(69.04493685462525 0.05064359766631468 0.0)
(69.01671183848794 0.05151143054687962 0.0)
(68.98282407186858 0.052928891535652896 0.0)
(68.94180193722534 0.0549490208118591 0.0)
(68.87337909183984 0.05772886674834323 0.0)
(68.84778281338134 0.054769576590704076 0.0)
(68.7735713634349 0.05822718168958014 0.0)
(68.70076008504184 0.06775909677039983 0.0)
(68.61920300270747 0.09162973711290266 0.0)
(68.53876931099629 0.14016235127462107 0.0)
(68.47302325856985 0.22262754705244855 0.0)
(68.43624918551669 0.3454038590318849 0.0)
(68.43316158083654 0.5079858971346161 0.0)
(68.45875156764046 0.7069275650451133 0.0)
(68.50176680687225 0.9365252722975048 0.0)
(68.54981011346308 1.1903152359305489 0.0)
(68.59494305461067 1.4591129585079061 0.0)
(68.63220643041664 1.7334531858612907 0.0)
(68.65969935140475 2.002784911500427 0.0)
(68.67914031376392 2.2569416068082155 0.0)
(68.69361330299434 2.485556200422858 0.0)
(68.70713304251234 2.6802785701351897 0.0)
(68.72520196921631 2.83439068145286 0.0)
(68.75332501808155 2.940362910426966 0.0)
(68.7952158338926 2.9949492148264976 0.0)
(68.85503893293523 2.9936830320484966 0.0)
(68.93473423203295 2.9319328002683753 0.0)
(69.03288110999058 2.809117439215931 0.0)
(69.14825995927724 2.6207845465528177 0.0)
(69.27474280350502 2.366914700842415 0.0)
(69.40538052652357 2.049214218849299 0.0)
(69.53301638778376 1.6692554755590874 0.0)
(69.65002888388233 1.2364112981242843 0.0)
(69.75372974293218 0.7633258580263846 0.0)
(69.97062713369915 0.27630005791908047 0.0)
(68.11189772788227 -0.22932615068347853 0.0)
(63.033015107576944 -0.6742020787457867 0.0)
(56.51954333957837 -0.9766204069574187 0.0)
(46.20145723809134 -1.0581514304441288 0.0)
(29.04787752628818 -0.49926886276781396 0.0)
(69.34883368364785 0.03957492471948599 0.0)
(69.36703737973593 0.04147798103851834 0.0)
(69.38451397460533 0.04229134781633294 0.0)
(69.40054012426137 0.04210548349621617 0.0)
(69.41454367898264 0.040963315531047574 0.0)
(69.4261943132393 0.03892768575583847 0.0)
(69.43545494175144 0.036225809204699366 0.0)
(69.44250082692255 0.03321090189345519 0.0)
(69.44761103950916 0.030154127509231285 0.0)
(69.45106978633775 0.02716724953914542 0.0)
(69.45322865858805 0.02429357078463662 0.0)
(69.45447705251583 0.021605043603521074 0.0)
(69.45516308204584 0.019155654556440683 0.0)
(69.455485912497 0.016911034397389342 0.0)
(69.45554051765842 0.014747117377373076 0.0)
(69.455380768866 0.012501487568944826 0.0)
(69.45499221088845 0.010038123797888671 0.0)
(69.45422893769012 0.007288397322514118 0.0)
(69.45284883877733 0.004289698583692052 0.0)
(69.4506254384237 0.0012743911479302288 0.0)
(69.35086639438127 0.0351916229947366 0.0)
(69.33660489651055 0.034522847314333444 0.0)
(69.31455038955491 0.039377537056132866 0.0)
(69.29804698913263 0.043871084147455615 0.0)
(69.28274334234489 0.04790630448506374 0.0)
(69.26875826288742 0.05130436404316228 0.0)
(69.25600737905089 0.05395636088129377 0.0)
(69.24423389650394 0.05596704417835368 0.0)
(69.23333543274106 0.0574398090853062 0.0)
(69.22308321560244 0.05831652408186266 0.0)
(69.2130650978414 0.05857895930418625 0.0)
(69.20313370174752 0.05831876196859366 0.0)
(69.1929501038647 0.05791714017850725 0.0)
(69.18249551529007 0.0573697463314139 0.0)
(69.17134770825929 0.05667076012011246 0.0)
(69.15918896142436 0.05580448731804977 0.0)
(69.14536881028506 0.05511087403614335 0.0)
(69.1296790643994 0.05497018248095225 0.0)
(69.11224931250588 0.05527071998947937 0.0)
(69.09273696430743 0.05589184270529902 0.0)
(69.07105877714974 0.056665512606740596 0.0)
(69.04653117038288 0.05760105634698064 0.0)
(69.01817745288415 0.05863370568638314 0.0)
(68.98420380916991 0.06022843731878338 0.0)
(68.9430955911149 0.06254526959650915 0.0)
(68.87468474334476 0.06569000306463917 0.0)
(68.84903959842616 0.06242756787662175 0.0)
(68.77488000699366 0.0664374392281735 0.0)
(68.7018172866131 0.07627098181034275 0.0)
(68.61872436934188 0.09980581055113602 0.0)
(68.53406283708823 0.14711712646408254 0.0)
(68.46055038304769 0.22760401818632706 0.0)
(68.4129695088498 0.34812284591623277 0.0)
(68.3982996065348 0.5087640631827768 0.0)
(68.41437521943807 0.7065009296805247 0.0)
(68.45167820013553 0.9353144375963082 0.0)
(68.49805632817933 1.188707737567911 0.0)
(68.54505418549861 1.4573321030591315 0.0)
(68.58680780138806 1.7315447671834459 0.0)
(68.62050487871275 2.0008561667996485 0.0)
(68.64722185527833 2.255052822946364 0.0)
(68.66946939666514 2.48375304624055 0.0)
(68.69081249804354 2.678652313842303 0.0)
(68.7165006336128 2.832922967252065 0.0)
(68.75177286158417 2.9391162174688463 0.0)
(68.8002104382486 2.9939337945112885 0.0)
(68.86594421953932 2.9928067898971835 0.0)
(68.95084489373387 2.9312659777681307 0.0)
(69.05352678928472 2.8086104453755736 0.0)
(69.17286443574626 2.620287067186104 0.0)
(69.30276523817629 2.3665459465845786 0.0)
(69.43650803632272 2.0488659573787116 0.0)
(69.56729625391989 1.668953326695611 0.0)
(69.68821120285865 1.2359267576932211 0.0)
(69.79808978769915 0.7626447730611768 0.0)
(70.04563970552103 0.2762868603253732 0.0)
(69.12707141513812 -0.23243553340497836 0.0)
(66.01294539525695 -0.7094036493642091 0.0)
(62.07435531099567 -1.086569580667267 0.0)
(55.94942032165334 -1.3086446147116995 0.0)
(45.81545344094934 -1.2887816806765542 0.0)
(28.851097306552926 -0.575900694427401 0.0)
(69.36763257393427 0.03702597483198451 0.0)
(69.3854338049701 0.03786501459228331 0.0)
(69.40181772362665 0.03775589245720511 0.0)
(69.416173311582 0.036731478033726714 0.0)
(69.42814057317639 0.0348694210637954 0.0)
(69.43766816350781 0.03239816709862273 0.0)
(69.4449265679485 0.029644138887626695 0.0)
(69.45019365262863 0.026846697478456687 0.0)
(69.45373954144227 0.024116228934460516 0.0)
(69.45591462280396 0.02152615818925255 0.0)
(69.45712913090546 0.019169415601946575 0.0)
(69.45776149415288 0.01707811084246671 0.0)
(69.45800005794305 0.015176487271492355 0.0)
(69.45792024623506 0.013341836585017077 0.0)
(69.45762009511277 0.011469003944975211 0.0)
(69.45721339929143 0.009456333915502154 0.0)
(69.45664524673242 0.007176111824068926 0.0)
(69.45561810667007 0.004514533995732702 0.0)
(69.45372512921976 0.0014842551813258244 0.0)
(69.36943637904596 0.03276699208655138 0.0)
(69.35425493871053 0.03304730843188396 0.0)
(69.33220679326128 0.03867658406867858 0.0)
(69.31459873337603 0.04399954797797669 0.0)
(69.29788459069539 0.04889664670465261 0.0)
(69.282297825459 0.053250149243167205 0.0)
(69.26795041004195 0.05688250583923667 0.0)
(69.25471411444421 0.05971502004181502 0.0)
(69.24240788172698 0.06185344009545814 0.0)
(69.23089619145274 0.06337444644899941 0.0)
(69.21976120597466 0.06431179847807811 0.0)
(69.20892754390466 0.0645578645991834 0.0)
(69.19796420198237 0.06438400257068448 0.0)
(69.18679927892195 0.06392634545341797 0.0)
(69.17506233381985 0.06341130251053068 0.0)
(69.1625242385376 0.06275724956204395 0.0)
(69.14850729960449 0.062196576795104305 0.0)
(69.1326447898348 0.06203137187377444 0.0)
(69.1150058824402 0.06229231357152111 0.0)
(69.0952305982009 0.06307668047354745 0.0)
(69.07333042718392 0.06401515348221562 0.0)
(69.04857240978113 0.06525912515767193 0.0)
(69.0200500584269 0.06655057814699625 0.0)
(68.98598927795577 0.06837176301655214 0.0)
(68.94479578605625 0.0710600247557452 0.0)
(68.87643859693921 0.07463469144404948 0.0)
(68.85075856871634 0.07102841687207298 0.0)
(68.7767339851619 0.07564296226012633 0.0)
(68.70363313707642 0.08588218170460045 0.0)
(68.61948422297252 0.10918579143733506 0.0)
(68.53140159569682 0.15532413568145817 0.0)
(68.45109763372301 0.23375638909106006 0.0)
(68.39343125164594 0.3517678774137689 0.0)
(68.3672105483247 0.5100929854365271 0.0)
(68.37303077557068 0.7062528055844676 0.0)
(68.40342459920139 0.9340162677670133 0.0)
(68.44689694072657 1.1869005955808745 0.0)
(68.49475948268277 1.4552633075445993 0.0)
(68.54036636900594 1.7293240061230353 0.0)
(68.57997670262758 1.9986164940444846 0.0)
(68.61396860826395 2.25283749217722 0.0)
(68.64421123960997 2.4816263251124253 0.0)
(68.67375229646098 2.6766799262764867 0.0)
(68.70750477858981 2.8311510093065286 0.0)
(68.75042732924 2.9375651905237063 0.0)
(68.80592375251284 2.992607222967945 0.0)
(68.87803623169025 2.9917448648622447 0.0)
(68.96861626789264 2.9303701552948636 0.0)
(69.07625554663674 2.807866791927566 0.0)
(69.19991193871952 2.619736492596486 0.0)
(69.33358891019465 2.3660282219091937 0.0)
(69.47075814543211 2.0484161538820165 0.0)
(69.60503070395669 1.6685097594261749 0.0)
(69.7302462296922 1.2354359280742528 0.0)
(69.84685301095173 0.761663426382042 0.0)
(70.12747541339051 0.27621259111710417 0.0)
(69.65373583097706 -0.2336157964711565 0.0)
(67.68911272680376 -0.7285485890470473 0.0)
(65.27192737121102 -1.1492794202764345 0.0)
(61.598769554117396 -1.4597743870607283 0.0)
(55.58474358441396 -1.5993594576018881 0.0)
(45.54839761999606 -1.4813475311340598 0.0)
(28.712848643936926 -0.6370957380069886 0.0)
(69.386141324151 0.03358832755679811 0.0)
(69.40279546500773 0.03352257063329563 0.0)
(69.41742461271868 0.03259499686796901 0.0)
(69.42964742846789 0.030890773692861983 0.0)
(69.439387606662 0.02863080335713174 0.0)
(69.44679845636081 0.02611278692664788 0.0)
(69.45216621486662 0.02354942157762536 0.0)
(69.45577615105513 0.021048439899641096 0.0)
(69.45797937240171 0.01870327528214011 0.0)
(69.4591783889325 0.01662082059396678 0.0)
(69.45976922190873 0.01482117605592374 0.0)
(69.45996130929062 0.013202268640958695 0.0)
(69.45982541703252 0.011646347297590946 0.0)
(69.45945247608734 0.010097907873659091 0.0)
(69.45901852282117 0.008494146384171349 0.0)
(69.4585760024473 0.006669153964052427 0.0)
(69.45787004000368 0.004396327744514642 0.0)
(69.45641029847441 0.001561467137696004 0.0)
(69.38767020882999 0.029560364830207603 0.0)
(69.37225864441804 0.030642213025828778 0.0)
(69.35075793009712 0.03689276873584023 0.0)
(69.33244690547752 0.04307269426130654 0.0)
(69.31468435146478 0.04890438111771253 0.0)
(69.29773609099284 0.054245401304082744 0.0)
(69.28183189182825 0.05895560855603013 0.0)
(69.26705073465469 0.0628642176981815 0.0)
(69.25328161374888 0.06592006257672914 0.0)
(69.24039979626265 0.06820656291875721 0.0)
(69.22804344927431 0.06986553533428691 0.0)
(69.21607440918525 0.07085879052971274 0.0)
(69.20422735309232 0.07119832192142539 0.0)
(69.19218992319472 0.07105789365348882 0.0)
(69.17977694572394 0.07064782296279222 0.0)
(69.16665530578624 0.07018628838828737 0.0)
(69.1523502738173 0.06975853762058483 0.0)
(69.13624477849277 0.06971913589391658 0.0)
(69.11840660518932 0.07000545164181736 0.0)
(69.09836505175225 0.0709402433992322 0.0)
(69.07618922308131 0.07209380306040801 0.0)
(69.05118107254474 0.07363023929007276 0.0)
(69.02242813994222 0.07530815386109059 0.0)
(68.98827729732022 0.07740139196890233 0.0)
(68.94699822430833 0.08055815172674581 0.0)
(68.87873968026051 0.08464991416563801 0.0)
(68.85303664998554 0.08065139296505802 0.0)
(68.77922622374483 0.08592993112783079 0.0)
(68.70628226104486 0.09665933775169248 0.0)
(68.62152025779702 0.11985750902589441 0.0)
(68.53078574741039 0.16489587083194215 0.0)
(68.4446843828074 0.2412365448973227 0.0)
(68.37778955837157 0.35649870211052026 0.0)
(68.34029170738545 0.5121235227126522 0.0)
(68.33534812729958 0.7062938877935656 0.0)
(68.35775650491172 0.9326424407278264 0.0)
(68.39706913819896 1.1847793367278299 0.0)
(68.4446913816308 1.4528192053503297 0.0)
(68.49336321153743 1.7267001763601173 0.0)
(68.53845358383785 1.9959745125375934 0.0)
(68.57961059424647 2.2502499746645652 0.0)
(68.61798671003291 2.479120984242266 0.0)
(68.65603622502402 2.67436149953937 0.0)
(68.69829741623998 2.8290030684707257 0.0)
(68.74935636922055 2.9356931952782115 0.0)
(68.81243367282497 2.9909711491836117 0.0)
(68.89144802969948 2.9903250905659435 0.0)
(68.98817394372571 2.929249859369509 0.0)
(69.10122135459004 2.8068991883941115 0.0)
(69.22961019278873 2.6189727169105272 0.0)
(69.36742729264067 2.3654035425053146 0.0)
(69.508372133309 2.047846935500446 0.0)
(69.6464888157328 1.667942501350861 0.0)
(69.77641495775298 1.2347610664717195 0.0)
(69.90029856782675 0.7605088651326075 0.0)
(70.21597512206344 0.2759413182007975 0.0)
(69.94922716641574 -0.2340257004493122 0.0)
(68.64079016950491 -0.7386755792938874 0.0)
(67.12276069829308 -1.1850672035596441 0.0)
(64.88555776102976 -1.5471404996693365 0.0)
(61.28110710452521 -1.7865694539411443 0.0)
(55.3233590972753 -1.8422570085335295 0.0)
(45.35383015932471 -1.6351432824528447 0.0)
(28.615223602828596 -0.6825250688504123 0.0)
(69.40353123824616 0.02951828868054974 0.0)
(69.41836807987086 0.028677302954572374 0.0)
(69.43079257882505 0.027123593532384537 0.0)
(69.44069989087242 0.025063378409510655 0.0)
(69.44821583330065 0.022765707108486282 0.0)
(69.45363384731931 0.020422913443303936 0.0)
(69.45727430732781 0.01813931769259124 0.0)
(69.45949899729764 0.016014862853945763 0.0)
(69.46068239272797 0.014159868481885782 0.0)
(69.46121739027241 0.012594295296639748 0.0)
(69.46136636421785 0.011212988673853827 0.0)
(69.46124538144288 0.009906549300267289 0.0)
(69.46091533859588 0.008645125502046738 0.0)
(69.46050573246573 0.0073881368865566606 0.0)
(69.46010627027584 0.005950598156202723 0.0)
(69.45957459386106 0.004046526840443163 0.0)
(69.45849745204329 0.0015053005685875965 0.0)
(69.40474546967197 0.02581065191206254 0.0)
(69.38989715619961 0.02750927093547975 0.0)
(69.36963639624172 0.03408217738159976 0.0)
(69.35113934421545 0.04095240229785434 0.0)
(69.33274699728084 0.047726123305087985 0.0)
(69.314815254507 0.05411197634811176 0.0)
(69.29760778503338 0.05994244117925069 0.0)
(69.28133608267495 0.06505651979001151 0.0)
(69.26606458340436 0.06929517632258905 0.0)
(69.2517401302296 0.0726098876382258 0.0)
(69.23809168298354 0.0751191043758481 0.0)
(69.22485848701574 0.07696083332348527 0.0)
(69.21196844095113 0.07807329074790018 0.0)
(69.19893526366351 0.07857267274109966 0.0)
(69.18571438316962 0.07848267257989056 0.0)
(69.17185685501369 0.07822959477755526 0.0)
(69.15710385359965 0.0779041912609459 0.0)
(69.14066402180859 0.0780079179335322 0.0)
(69.12257025670343 0.07841865383537044 0.0)
(69.10228144782036 0.0794951742333572 0.0)
(69.07976351066962 0.0809558006871373 0.0)
(69.0544946474862 0.08275556485577076 0.0)
(69.02544256819235 0.08493590530769023 0.0)
(68.99118563153326 0.08736839305713268 0.0)
(68.94982660559158 0.09108442066929323 0.0)
(68.88171321158157 0.09581578534946328 0.0)
(68.85599781528377 0.0913733948661513 0.0)
(68.78247617234777 0.09738497943936326 0.0)
(68.70986589834811 0.10867785913252534 0.0)
(68.6248970935379 0.13187335059482252 0.0)
(68.53224064502689 0.17590534827310042 0.0)
(68.44133588640015 0.2501742017674538 0.0)
(68.36617435154365 0.362510036785134 0.0)
(68.31789320860051 0.5150497312209144 0.0)
(68.30192498523641 0.7067433180089061 0.0)
(68.3154354568191 0.9312417247722424 0.0)
(68.34936819901071 1.1823285647238089 0.0)
(68.39556182196938 1.4498757821090087 0.0)
(68.44637925542162 1.7235277888020726 0.0)
(68.49636954938254 1.9928178116181432 0.0)
(68.54444173155781 2.247183037952428 0.0)
(68.59099123992955 2.4761747121895135 0.0)
(68.63780818320879 2.671611894246056 0.0)
(68.68897016765538 2.8264547222244705 0.0)
(68.74865555420189 2.933414568873988 0.0)
(68.81983256292956 2.9889773342114916 0.0)
(68.90626924389821 2.988613611661441 0.0)
(69.00966133603815 2.927813322739594 0.0)
(69.12858375718935 2.805727181627664 0.0)
(69.26214898771653 2.6179668946331915 0.0)
(69.404507134972 2.3645737554978994 0.0)
(69.549602775777 2.0471268539572556 0.0)
(69.69193994884594 1.6672399701650893 0.0)
(69.82701414090235 1.2339245495165676 0.0)
(69.95867856115481 0.7589704750697027 0.0)
(70.31093593464121 0.2755372167780981 0.0)
(70.13775697462103 -0.23394366557454438 0.0)
(69.19055205808097 -0.7438857270778557 0.0)
(68.20255042375324 -1.205457268113362 0.0)
(66.80646958089123 -1.5977975567940321 0.0)
(64.61361983648673 -1.895565104780088 0.0)
(61.043490665072994 -2.059640625945269 0.0)
(55.12703576038372 -2.0363061344159563 0.0)
(45.213116454815435 -1.7493359704140135 0.0)
(28.54981683222583 -0.71220340592762 0.0)
(69.41906845876683 0.02505067566670535 0.0)
(69.43164751141146 0.02364305780209828 0.0)
(69.4416850115576 0.021774975711875533 0.0)
(69.4492758314406 0.019687559123396595 0.0)
(69.45471267447589 0.017557769914930348 0.0)
(69.45835555618783 0.015486677147397427 0.0)
(69.46058957588629 0.013570374823248462 0.0)
(69.46175948629433 0.011912659307121952 0.0)
(69.4622336879465 0.010539853819237544 0.0)
(69.46232682187078 0.009361751513076342 0.0)
(69.46223620047421 0.008278367949287765 0.0)
(69.46201335313332 0.007260750371332655 0.0)
(69.46168729286555 0.006273860863041418 0.0)
(69.46130297113966 0.005139597643363653 0.0)
(69.46082790993609 0.00356851340117691 0.0)
(69.4600270960048 0.001363321796909133 0.0)
(69.419959555689 0.021750807691369223 0.0)
(69.40637528062996 0.023883574545807914 0.0)
(69.38809109434355 0.030466257736289165 0.0)
(69.37010125334497 0.037705532986868864 0.0)
(69.35159736572503 0.04523800800721327 0.0)
(69.33311653224702 0.0526530532342513 0.0)
(69.31499989684434 0.05964366536980906 0.0)
(69.29750130340479 0.06601635931333684 0.0)
(69.28081482902435 0.07159371578231541 0.0)
(69.2650285450896 0.07621653089152627 0.0)
(69.25002441782019 0.07985440233977312 0.0)
(69.2354930815301 0.08267128219055295 0.0)
(69.22140279089278 0.08472629000576917 0.0)
(69.20731125602332 0.08610383952687092 0.0)
(69.1930966885236 0.08673968063770796 0.0)
(69.17842966411432 0.08688958381734738 0.0)
(69.16301302758909 0.08679614259295974 0.0)
(69.14615522555661 0.08697727402888712 0.0)
(69.12767607547482 0.08757005466870017 0.0)
(69.10714165729439 0.0887680802327234 0.0)
(69.08422193671609 0.09060740789819724 0.0)
(69.05866260962978 0.09270087853706976 0.0)
(69.029263944674 0.09543951632869163 0.0)
(68.99485544214569 0.09833709542891986 0.0)
(68.95343601749741 0.10266506793827056 0.0)
(68.88551414640152 0.10819627513608701 0.0)
(68.85979511404967 0.10325219990036796 0.0)
(68.78663403968476 0.11008190259727652 0.0)
(68.71451498658335 0.12201648683256472 0.0)
(68.62970974107402 0.1453004396385754 0.0)
(68.5358182399358 0.18840701108084132 0.0)
(68.44109022089546 0.26063595239090837 0.0)
(68.35869712422969 0.36993488394937 0.0)
(68.3003208669873 0.5190697666251259 0.0)
(68.27331432724178 0.7078089574455969 0.0)
(68.27721289058654 0.9299109488669832 0.0)
(68.30462708056781 1.1795147101237133 0.0)
(68.34816613413551 1.4463262878471568 0.0)
(68.4000866003303 1.7196568727865185 0.0)
(68.45424754214247 1.9889689717225152 0.0)
(68.50884600673561 2.2434962728410643 0.0)
(68.56348621479131 2.4726748366905076 0.0)
(68.6192344273056 2.6683765139035285 0.0)
(68.679645714617 2.8234505962269956 0.0)
(68.74841736388058 2.9307138031936057 0.0)
(68.8282222514921 2.986565970369952 0.0)
(68.92262136516612 2.986513721816709 0.0)
(69.03321069713118 2.9260224152900975 0.0)
(69.15851721668291 2.8042036084850124 0.0)
(69.29771413876392 2.616743079812861 0.0)
(69.44504793834875 2.363520055784997 0.0)
(69.59469608246583 2.046198377666881 0.0)
(69.74165284309011 1.666343438153826 0.0)
(69.88231120307017 1.2328361457809716 0.0)
(70.02223152176894 0.7571025060334967 0.0)
(70.41202154010251 0.27498799390998413 0.0)
(70.27897456089337 -0.23361860837231513 0.0)
(69.51856401409648 -0.7461052026423619 0.0)
(68.84061075932132 -1.2169911200042591 0.0)
(67.93628855139048 -1.6271115143822372 0.0)
(66.57051965861426 -1.9591910021206138 0.0)
(64.40053270897377 -2.186721356368217 0.0)
(60.85872211838717 -2.2777919821973875 0.0)
(54.98164067875657 -2.1803632868637095 0.0)
(45.11821878620091 -1.8237979536161784 0.0)
(28.510415638201216 -0.7271817945934421 0.0)
(69.43227477415086 0.020484745410186637 0.0)
(69.44241150589731 0.01880203597188605 0.0)
(69.45005858568825 0.01691688749725046 0.0)
(69.4554997309909 0.014993459441579916 0.0)
(69.45912748058306 0.013130169554177475 0.0)
(69.46135867569501 0.011414026213351683 0.0)
(69.46252167634563 0.00993568532423007 0.0)
(69.46295008057437 0.008728246301468021 0.0)
(69.4629843643916 0.007724861427178032 0.0)
(69.46289989101454 0.006835538786253083 0.0)
(69.46277051197424 0.00601672301798324 0.0)
(69.4625431393225 0.005227753201042104 0.0)
(69.46218730636674 0.004318473440508918 0.0)
(69.46173465335991 0.0030392040125974463 0.0)
(69.46112473792094 0.0011829757631970578 0.0)
(69.43286073677797 0.017657885049063408 0.0)
(69.42102704342513 0.02000306266043235 0.0)
(69.40529644475288 0.026318432996479155 0.0)
(69.38858923036086 0.033574878598729166 0.0)
(69.37065218128272 0.04152101776757172 0.0)
(69.35214248185082 0.049762204906349757 0.0)
(69.33356622390356 0.057870864866367104 0.0)
(69.31524655376033 0.06552313004336163 0.0)
(69.29742479938686 0.07250081677990575 0.0)
(69.2802972473217 0.07860744506282775 0.0)
(69.26392462874564 0.08368123864722134 0.0)
(69.24809900896614 0.08774208534365463 0.0)
(69.23272637495766 0.09091427044096453 0.0)
(69.21752831427489 0.09332181967630412 0.0)
(69.20218055397575 0.0950068794704722 0.0)
(69.1866211789552 0.09592435575405804 0.0)
(69.1703610769828 0.0963901863785404 0.0)
(69.1529821496052 0.09673754056715489 0.0)
(69.13397301578314 0.09753770330577123 0.0)
(69.1131354736412 0.0988331331104966 0.0)
(69.08977632167058 0.10103791660648734 0.0)
(69.06385550267595 0.10352094706095655 0.0)
(69.03409886704338 0.10681276471479376 0.0)
(68.99946119604193 0.11036235574922455 0.0)
(68.9580119710623 0.11532533790544414 0.0)
(68.89033237370147 0.1218286086035944 0.0)
(68.86461223747294 0.11632257931291164 0.0)
(68.79188700157505 0.12406778310837908 0.0)
(68.72039600427225 0.13674341532396894 0.0)
(68.63608617263749 0.16019702293718538 0.0)
(68.54159726822267 0.20244170432559475 0.0)
(68.44399807559991 0.27266579161740334 0.0)
(68.35545765176423 0.3788510470641964 0.0)
(68.28784064090229 0.5243319162311939 0.0)
(68.25002281095861 0.7096624051542355 0.0)
(68.24381540401282 0.9288254182723128 0.0)
(68.26369655500636 1.1764010982277622 0.0)
(68.3033535565761 1.442099479039847 0.0)
(68.35524574995216 1.7149027761550832 0.0)
(68.41270942808535 1.9842200595980608 0.0)
(68.47329046533729 2.2389820269936385 0.0)
(68.53580848982291 2.4684481225674197 0.0)
(68.60054968727428 2.6645167117795348 0.0)
(68.67048384855259 2.8198918404968403 0.0)
(68.74876118452246 2.9275137650862466 0.0)
(68.8377040299184 2.9836969332185466 0.0)
(68.94061386666296 2.983979053640916 0.0)
(69.05894718158125 2.9238700936531656 0.0)
(69.19117060744546 2.802327777639781 0.0)
(69.3364996092368 2.6151530793130275 0.0)
(69.48926478968056 2.36216236257293 0.0)
(69.64389224490111 2.044999686387683 0.0)
(69.795889041222 1.6652103603320079 0.0)
(69.94257319682761 1.2315291541190718 0.0)
(70.09114973588842 0.7547660817452717 0.0)
(70.51873300095505 0.2742139395968212 0.0)
(70.40117618373203 -0.23311794235334846 0.0)
(69.72565726780539 -0.7466736849637469 0.0)
(69.22603182792047 -1.223292431776081 0.0)
(68.60755321981459 -1.6440951470557328 0.0)
(67.72563021613162 -1.9962925164656602 0.0)
(66.37692097589438 -2.261206192351985 0.0)
(64.22887373511638 -2.419313742379373 0.0)
(60.718127502702934 -2.439759474221818 0.0)
(54.88178533371082 -2.274379310500558 0.0)
(45.06264098182095 -1.8614843005905823 0.0)
(28.495752398257252 -0.727715891348554 0.0)
(69.44293793629926 0.016152903628503325 0.0)
(69.4506285085509 0.014461881565597736 0.0)
(69.45606959256615 0.012736856914973144 0.0)
(69.45967439788892 0.011073715166457533 0.0)
(69.46189276046398 0.009549232410056879 0.0)
(69.46305374525097 0.008238079476176288 0.0)
(69.46345920749333 0.0071769230006959225 0.0)
(69.46344681111437 0.006322759925060625 0.0)
(69.46334093414404 0.005596934714392392 0.0)
(69.4632542548644 0.004938019221989267 0.0)
(69.4631002069428 0.004294836477499004 0.0)
(69.4627902442503 0.0035521417395683974 0.0)
(69.46237459594975 0.0025193171640163184 0.0)
(69.4619045240182 0.000995885643768174 0.0)
(69.44324889820732 0.013818300945353737 0.0)
(69.43342816059416 0.016135226133575594 0.0)
(69.42056364252733 0.02192222393439097 0.0)
(69.40578643848292 0.028873295970303345 0.0)
(69.38917378210587 0.03684109672731934 0.0)
(69.37129950159104 0.04553778836236712 0.0)
(69.35278658238119 0.05453835767928318 0.0)
(69.33410816522256 0.0633985002589948 0.0)
(69.31556725979242 0.07177718120593486 0.0)
(69.29739937795644 0.07943092388320604 0.0)
(69.2797876687368 0.08614011836341195 0.0)
(69.26271035354927 0.09176406794604013 0.0)
(69.24606832017629 0.09633256994815628 0.0)
(69.22972265421338 0.09996559760234357 0.0)
(69.21321797791063 0.10286315933072257 0.0)
(69.19662824238921 0.10491702702033731 0.0)
(69.17944666305087 0.10632571303698582 0.0)
(69.16137513702017 0.10723063566566862 0.0)
(69.14175912224508 0.10833696762436003 0.0)
(69.12047753063918 0.10980397460028844 0.0)
(69.09667539970658 0.11226734473975562 0.0)
(69.0702815502562 0.11524157615844273 0.0)
(69.04017798420337 0.11905509963184001 0.0)
(69.00522549628559 0.12345091408013105 0.0)
(68.96376739340961 0.12910425395514816 0.0)
(68.8963993228988 0.13671877324827317 0.0)
(68.87066112551094 0.13060541800241549 0.0)
(68.79846001354335 0.13933464233324636 0.0)
(68.72771323919288 0.1528999229425866 0.0)
(68.64419039387082 0.17662940112403896 0.0)
(68.54968562510548 0.2180734030695892 0.0)
(68.45012706507536 0.2862882814742435 0.0)
(68.3565484013954 0.3892712615219244 0.0)
(68.2806815484641 0.5308990970462313 0.0)
(68.23250716731488 0.7124581686080307 0.0)
(68.21593096686597 0.9281637666889571 0.0)
(68.22742500728536 1.1731108658172014 0.0)
(68.26201304456343 1.4372013530749694 0.0)
(68.3126850455961 1.7091459764037173 0.0)
(68.37246284660758 1.9783367360064912 0.0)
(68.43833567223781 2.2333879291916405 0.0)
(68.50836934819634 2.4632589375929927 0.0)
(68.58204319002836 2.6598463315939616 0.0)
(68.66168269513129 2.815644187689745 0.0)
(68.74982743851893 2.923723112407488 0.0)
(68.84839593286969 2.980280885064777 0.0)
(68.96035763543107 2.980939067538694 0.0)
(69.08700338944276 2.921225393626554 0.0)
(69.22669006553643 2.8000323826307927 0.0)
(69.37866857301034 2.613222998403626 0.0)
(69.53735518071726 2.360505435998137 0.0)
(69.69741478196785 2.0435177058641827 0.0)
(69.85489055134613 1.663764440271277 0.0)
(70.0080302959624 1.229839127087687 0.0)
(70.16557894554828 0.7519100813100676 0.0)
(70.63047069815153 0.27334945453629605 0.0)
(70.51742030662888 -0.2323947496528544 0.0)
(69.86829519223097 -0.7460509637721806 0.0)
(69.4678727702625 -1.2266852123007583 0.0)
(69.01324654851646 -1.6537385977607806 0.0)
(68.4130261655424 -2.017977955393816 0.0)
(67.54548232616227 -2.304854382946515 0.0)
(66.21574250233454 -2.5025506168056633 0.0)
(64.09466748985358 -2.5921131832825184 0.0)
(60.61940444780681 -2.5454317920595155 0.0)
(54.822450753301645 -2.321927438414853 0.0)
(45.04521312126993 -1.862595609319772 0.0)
(28.503686932317482 -0.714695497912791 0.0)
(69.45103763496712 0.012311984477371469 0.0)
(69.45647877797876 0.010775504075898432 0.0)
(69.46005975912 0.009301685022686149 0.0)
(69.46225881397935 0.007957926234511048 0.0)
(69.46341842110223 0.006803113138693644 0.0)
(69.46381910274411 0.005873455995079116 0.0)
(69.46377870105343 0.005145778395600869 0.0)
(69.46363888199078 0.004554080919165088 0.0)
(69.46354969135685 0.004024058872566637 0.0)
(69.46343184271147 0.0034945454084219793 0.0)
(69.4631718470294 0.002880951885920857 0.0)
(69.4628123122005 0.002050132847634657 0.0)
(69.46245061769231 0.000820860917038396 0.0)
(69.45111368221357 0.010445988703108445 0.0)
(69.44339379012611 0.01254109834153471 0.0)
(69.4334587572966 0.017582497440693783 0.0)
(69.42100926556031 0.02393186615093028 0.0)
(69.40635499418616 0.031551909457358945 0.0)
(69.38985398104033 0.04027099484563895 0.0)
(69.37205465300971 0.049765290668475494 0.0)
(69.35354306830018 0.0595806722572473 0.0)
(69.33475707423545 0.06925667384051859 0.0)
(69.3159798993388 0.07843449099805978 0.0)
(69.29743669113266 0.08684223842853497 0.0)
(69.27925819109028 0.09424836517305606 0.0)
(69.26144171705688 0.10053015530390068 0.0)
(69.24395158766573 0.10570012856227816 0.0)
(69.22636203030666 0.10997449732453195 0.0)
(69.20863618823195 0.11341886829369985 0.0)
(69.19051789156416 0.11608502145695047 0.0)
(69.17156191786376 0.11807790133425339 0.0)
(69.1513137207536 0.11979299426395387 0.0)
(69.12941248297048 0.12169680793736862 0.0)
(69.10518054905263 0.12435393548713088 0.0)
(69.07819857708401 0.1278710997123655 0.0)
(69.04774643765249 0.13218377105876933 0.0)
(69.01242572253764 0.13754489831326824 0.0)
(68.97094478464572 0.1440353503305088 0.0)
(68.90399261996068 0.15284542391462436 0.0)
(68.87818252237722 0.1461107764944158 0.0)
(68.80661178113382 0.15583812149546952 0.0)
(68.73671080974255 0.1704491077178405 0.0)
(68.65422891251286 0.194606529821113 0.0)
(68.5602292352307 0.2353675314890216 0.0)
(68.45956581940344 0.30155727807031846 0.0)
(68.36205378022441 0.40121780845021193 0.0)
(68.27903495183394 0.5387633058831174 0.0)
(68.22116993305785 0.7162057377920866 0.0)
(68.19420300144604 0.9280449304761889 0.0)
(68.19664446834251 1.1698037058425748 0.0)
(68.22505573648013 1.4317117612591592 0.0)
(68.27328570141795 1.7023391471249882 0.0)
(68.3342889989437 1.9711383882862967 0.0)
(68.40461955348611 2.226430984401105 0.0)
(68.48166161898402 2.456810566167134 0.0)
(68.5640717115009 2.6540976329923716 0.0)
(68.65348598144098 2.810503401953577 0.0)
(68.75178631398259 2.9191771247770784 0.0)
(68.86041477716991 2.9762427164156398 0.0)
(68.98195428427691 2.977340744189053 0.0)
(69.11747903461185 2.918087999850972 0.0)
(69.2652055992193 2.7972413387817396 0.0)
(69.42438176326462 2.6108164323509966 0.0)
(69.58950016111321 2.3584102868071772 0.0)
(69.755464116037 2.0416631254307447 0.0)
(69.9188670972517 1.6619857232465034 0.0)
(70.07888039057478 1.2277686847055964 0.0)
(70.2456067609829 0.748422034340171 0.0)
(70.74644443201042 0.2721414099828561 0.0)
(70.63344741971876 -0.23159579241956027 0.0)
(69.97792320203479 -0.7446594009175834 0.0)
(69.62943257590668 -1.228236144885147 0.0)
(69.26584549386169 -1.6592495219159042 0.0)
(68.82769738627374 -2.030454775172632 0.0)
(68.24097674862098 -2.3304166440338285 0.0)
(67.39126031884302 -2.5513397338267634 0.0)
(66.08661949471683 -2.681713981627807 0.0)
(63.99824673196937 -2.704911704321338 0.0)
(60.559282318783055 -2.5989277910911035 0.0)
(54.8030028389694 -2.323359808029153 0.0)
(45.06296180783755 -1.8300819209852557 0.0)
(28.533969162198385 -0.6894699794507684 0.0)
(69.45677011974468 0.009086442321167544 0.0)
(69.46033023787675 0.007788792070270543 0.0)
(69.46250746634321 0.006612501491131584 0.0)
(69.463663566193 0.005602575035858667 0.0)
(69.46406900120468 0.004791746892269305 0.0)
(69.46401702104923 0.004171153896894532 0.0)
(69.46384476315167 0.0036877018303048004 0.0)
(69.46372910948821 0.0032618235179526947 0.0)
(69.46361839872563 0.002825993052318898 0.0)
(69.46340088748798 0.0023180030982940187 0.0)
(69.46310298503856 0.001650200657941623 0.0)
(69.46282567915632 0.000667238437428607 0.0)
(69.45665693638118 0.0076419468725755675 0.0)
(69.45092245174158 0.009409968845110096 0.0)
(69.4438014536273 0.013582692574199683 0.0)
(69.4338337857535 0.019094950956462017 0.0)
(69.42152051799575 0.02603415640485185 0.0)
(69.40700987379644 0.034357965683502426 0.0)
(69.39063983612459 0.04387064145375897 0.0)
(69.37293023108046 0.054213252988141 0.0)
(69.35442722622348 0.06490415605202367 0.0)
(69.33553065715851 0.07546751724942148 0.0)
(69.31650018643744 0.08552483388753714 0.0)
(69.29752977201676 0.0947784297576471 0.0)
(69.27873428589767 0.10299362987395994 0.0)
(69.2601825027561 0.1100352917592151 0.0)
(69.24161180834268 0.1159766765807294 0.0)
(69.22278611861344 0.12101440592348499 0.0)
(69.20371714749636 0.12518421825867967 0.0)
(69.18379436752068 0.12866669924121193 0.0)
(69.16283800131508 0.13149040975715637 0.0)
(69.14022297516047 0.13424440765694637 0.0)
(69.1155257245656 0.13730236725951886 0.0)
(69.08791418649416 0.1413815026651718 0.0)
(69.0570599200779 0.1462375491336747 0.0)
(69.02138272114482 0.15254907031244339 0.0)
(68.97982485800024 0.16009824038438977 0.0)
(68.9134326161461 0.17015800828420855 0.0)
(68.88745590398676 0.1628301832707251 0.0)
(68.8166266328885 0.17352058144832483 0.0)
(68.7476701611755 0.1892817591706925 0.0)
(68.66644957112075 0.21404561865249597 0.0)
(68.57341663378008 0.25431870992540173 0.0)
(68.47243146949158 0.31854067012791737 0.0)
(68.37205640075949 0.4147379900929482 0.0)
(68.28305465072545 0.5479030854839629 0.0)
(68.21635497722487 0.720860561704855 0.0)
(68.17921698811219 0.9284416400606063 0.0)
(68.17215833959925 1.166524743713871 0.0)
(68.1933965475651 1.4257403407476044 0.0)
(68.23796542123598 1.6945056089942054 0.0)
(68.29902718997744 1.9625225443365573 0.0)
(68.37285473890347 2.2178772697029574 0.0)
(68.45624888576846 2.4487784601819893 0.0)
(68.54705597182218 2.6469406672682334 0.0)
(68.64619356641212 2.8041725221226153 0.0)
(68.75483416695651 2.913673383255573 0.0)
(68.87390450629172 2.971382442025207 0.0)
(69.00550901711034 2.973052707554068 0.0)
(69.15047458690624 2.9143318231179998 0.0)
(69.3068172221615 2.7939255442768673 0.0)
(69.47375412637211 2.6079479148620845 0.0)
(69.64584644360357 2.3558605931039627 0.0)
(69.81821142824187 2.039363961541111 0.0)
(69.98798756561236 1.659768915740294 0.0)
(70.15526539677293 1.225195905624874 0.0)
(70.33121111065729 0.7442169943282658 0.0)
(70.86577000386853 0.2707550846854233 0.0)
(70.75140304238977 -0.23047031822668188 0.0)
(70.07151594920455 -0.7425561503858215 0.0)
(69.7474151744173 -1.2286788374469426 0.0)
(69.43161718801568 -1.6622101161096419 0.0)
(69.08388133273148 -2.0377134106083905 0.0)
(68.65945069033998 -2.3452651696814684 0.0)
(68.09041356181669 -2.580069034206007 0.0)
(67.26510683682143 -2.7343871462466858 0.0)
(65.99186094758899 -2.798621310186119 0.0)
(63.9379137396255 -2.761896693026313 0.0)
(60.537770526490924 -2.600664451726852 0.0)
(54.8205276850462 -2.2823139512875326 0.0)
(45.11412098482848 -1.7665075426570898 0.0)
(28.58769472441814 -0.6525346291031192 0.0)
(69.46051955504238 0.006505977931778186 0.0)
(69.4626756209902 0.005482432307753381 0.0)
(69.46382570491775 0.004604992758440043 0.0)
(69.464238612224 0.0039013230472679625 0.0)
(69.46418573266034 0.003371792815811355 0.0)
(69.46398913126593 0.002975216318721914 0.0)
(69.46384100377125 0.0026333037079717555 0.0)
(69.46372140296405 0.0022765817593919987 0.0)
(69.46353441988484 0.0018576917408569893 0.0)
(69.46329151778293 0.001320845097673106 0.0)
(69.46307803030773 0.0005377098867186598 0.0)
(69.46026454171145 0.005423841838474653 0.0)
(69.4562138474187 0.006828855919238608 0.0)
(69.45160145605024 0.01012269243028568 0.0)
(69.44409711517015 0.0146692351277038 0.0)
(69.43425978325918 0.020673765957055168 0.0)
(69.42210366419906 0.028231133877396394 0.0)
(69.40775945764412 0.03729499268787049 0.0)
(69.39154220319482 0.04764606946092335 0.0)
(69.37394018156753 0.05889157867805467 0.0)
(69.35545621255822 0.07052450095773168 0.0)
(69.33644735838291 0.08205432680283334 0.0)
(69.31713834785545 0.09308267486933451 0.0)
(69.29769933292192 0.10329200895743898 0.0)
(69.27828747323684 0.11242934775319653 0.0)
(69.25885332787695 0.12037654639526216 0.0)
(69.23909228589011 0.12726865467294193 0.0)
(69.21908612477041 0.13319382188425324 0.0)
(69.198272260698 0.1383870935393178 0.0)
(69.1764786575239 0.14282802832709005 0.0)
(69.15318104378592 0.1468792494177092 0.0)
(69.12791044987222 0.15087302071711778 0.0)
(69.09975045914358 0.15562998370476325 0.0)
(69.06838961404551 0.161222110512212 0.0)
(69.03243372887741 0.1683796976158053 0.0)
(68.99073168415549 0.17719167236698674 0.0)
(68.92506717404092 0.18855892198115676 0.0)
(68.8988118585949 0.18068744755609178 0.0)
(68.8288127173645 0.19235166565479447 0.0)
(68.76090165817291 0.20926078548780466 0.0)
(68.68112977772373 0.23476841104230894 0.0)
(68.58947432042935 0.27478981928868595 0.0)
(68.48887868878009 0.3372296582844487 0.0)
(68.38664779974118 0.42993944435125075 0.0)
(68.29285814335628 0.558373564580684 0.0)
(68.21833524067883 0.7263301314921665 0.0)
(68.17148729958032 0.9292298545351968 0.0)
(68.15472321179422 1.1631998523675822 0.0)
(68.16794503077327 1.4192853907146086 0.0)
(68.20766262557298 1.6857163125766754 0.0)
(68.26756077473264 1.9524611750784377 0.0)
(68.34380401376784 2.2075764149943446 0.0)
(68.43275477598543 2.438877937638844 0.0)
(68.53147727345754 2.6380131687721846 0.0)
(68.64015019330459 2.7962956148700417 0.0)
(68.75921073218717 2.9068773217771327 0.0)
(68.88900960032969 2.9654956809759447 0.0)
(69.03112184342649 2.967904413887948 0.0)
(69.18606209725479 2.9098618818424913 0.0)
(69.35160454079444 2.7899350271240304 0.0)
(69.52687826622424 2.6044742710263633 0.0)
(69.7064974316853 2.3527759151014527 0.0)
(69.88577172602082 2.036574712813578 0.0)
(70.06237793687055 1.657040571449814 0.0)
(70.23724742809331 1.222068985068789 0.0)
(70.42231800246736 0.7391881767178871 0.0)
(70.98741702100426 0.26899137522531097 0.0)
(70.87176910495815 -0.22918366146289762 0.0)
(70.15774707258592 -0.7397901980069905 0.0)
(69.84135457937325 -1.2283044152185871 0.0)
(69.54984441728038 -1.6636603164679193 0.0)
(69.24946041175644 -2.041777471467004 0.0)
(68.9160877185388 -2.353961635525296 0.0)
(68.50983748172844 -2.5967821213287374 0.0)
(67.96518261822283 -2.765457610412932 0.0)
(67.17074991921929 -2.8538854340192974 0.0)
(65.93089319406232 -2.8578032798560273 0.0)
(63.91421591932985 -2.76365470879761 0.0)
(60.55224656933885 -2.554468115209456 0.0)
(54.87245646764564 -2.202243162284491 0.0)
(45.19870480769946 -1.6739021548938073 0.0)
(28.666218114977728 -0.6058869215153804 0.0)
(69.4627892359536 0.004537781726781549 0.0)
(69.46393172780934 0.0037798357318780565 0.0)
(69.46435128479825 0.0031722084348500992 0.0)
(69.46430277234059 0.002720572189256733 0.0)
(69.46409069430895 0.0023939089471839187 0.0)
(69.46391369948675 0.0021194192718016927 0.0)
(69.46377929320779 0.0018294176825632378 0.0)
(69.46361163962325 0.001486163874451571 0.0)
(69.46341173867593 0.0010545807661579113 0.0)
(69.4632447598803 0.0004311403213335461 0.0)
(69.46243784704279 0.0037509168746786012 0.0)
(69.45964433121468 0.004807417512397498 0.0)
(69.4570713923179 0.007291903231551545 0.0)
(69.45182348371459 0.010864830024248902 0.0)
(69.44443011998338 0.01580136542840647 0.0)
(69.43474160582642 0.022319980127724983 0.0)
(69.42276555546047 0.030524619074875723 0.0)
(69.40861284494544 0.04036634177604759 0.0)
(69.39257300776121 0.051603177534465444 0.0)
(69.37509986992255 0.06381028631780512 0.0)
(69.35664862195127 0.07645798726853789 0.0)
(69.33752599495823 0.0890427900967174 0.0)
(69.31791939719396 0.10114900223491866 0.0)
(69.29800811052681 0.11243369519012676 0.0)
(69.27790670401282 0.12262611756697056 0.0)
(69.25742765530732 0.13167263041913524 0.0)
(69.23658702225927 0.13964767100881154 0.0)
(69.21504461388109 0.14674794073760164 0.0)
(69.19237752781522 0.15314953019987412 0.0)
(69.16845854065491 0.15891485993482646 0.0)
(69.14254036313582 0.16446447224097552 0.0)
(69.1139617698407 0.17026916111211846 0.0)
(69.08203741426732 0.1769502030076364 0.0)
(69.04589473098957 0.1849673566804834 0.0)
(69.00402802143437 0.19514671714376333 0.0)
(68.93924795743962 0.2078982915370716 0.0)
(68.91262842959856 0.1994909079244636 0.0)
(68.84351062191284 0.21226480737366546 0.0)
(68.77674055929086 0.2302719656571364 0.0)
(68.69857017101167 0.25657276036429927 0.0)
(68.60865142712635 0.29651832144587703 0.0)
(68.50909887286082 0.35741317708707143 0.0)
(68.40594208940071 0.4468321630663946 0.0)
(68.30853932333493 0.5702976584225452 0.0)
(68.22731168728144 0.7326733527552556 0.0)
(68.17143081324485 0.9302744061158814 0.0)
(68.14502140063783 1.1595788451336673 0.0)
(68.14958560515592 1.4121672910879377 0.0)
(68.18333524333032 1.675913077728897 0.0)
(68.2408099609838 1.9409621161764736 0.0)
(68.31827594891703 2.195463944373449 0.0)
(68.41184741494166 2.426916035890764 0.0)
(68.51785925472524 2.6269915550668386 0.0)
(68.63574246200025 2.7864819468755635 0.0)
(68.76517360386141 2.8984355519547726 0.0)
(68.90590264926017 2.9582289061892832 0.0)
(69.05888589096018 2.9616591274330584 0.0)
(69.22429739425472 2.9044796561065636 0.0)
(69.39960069798745 2.7851885107834335 0.0)
(69.58379247699179 2.600312235672592 0.0)
(69.77150569199446 2.3490699147075187 0.0)
(69.95820395331059 2.0331550012022523 0.0)
(70.14207993017354 1.6537323433330458 0.0)
(70.32482152094683 1.2182743768574187 0.0)
(70.51869719694483 0.733246611683236 0.0)
(71.11029797046452 0.2668125968509425 0.0)
(70.99413198050651 -0.2275359936954698 0.0)
(70.2423858899498 -0.7363095520057166 0.0)
(69.91946560336555 -1.2273402463894953 0.0)
(69.64083767171383 -1.6641267240662148 0.0)
(69.36539057371 -2.04397459019569 0.0)
(69.07967359467463 -2.3589201377119053 0.0)
(68.76521494453968 -2.6066580966927857 0.0)
(68.38377172164407 -2.78359474182267 0.0)
(67.86998271684381 -2.886466210130553 0.0)
(67.10846874784512 -2.91433355854551 0.0)
(65.90473078311001 -2.8596958514948834 0.0)
(63.92474050985309 -2.714467061452593 0.0)
(60.59960714714308 -2.464382959243564 0.0)
(54.9579342855116 -2.0853054139020912 0.0)
(45.31604667818034 -1.556715405744611 0.0)
(28.773432974754442 -0.5510867413211489 0.0)
(69.46400060023637 0.0030994275776343575 0.0)
(69.46442481999605 0.0025771883104825375 0.0)
(69.46438236756028 0.002192478315192028 0.0)
(69.46416176193816 0.0019224674310358817 0.0)
(69.46396273177164 0.001701950814493347 0.0)
(69.4638133322746 0.0014675641227235576 0.0)
(69.46365661113789 0.0011880374690662655 0.0)
(69.46348756149501 0.000841205517458153 0.0)
(69.46335335268209 0.0003447119032234423 0.0)
(69.4635951444353 0.0025395968498417867 0.0)
(69.46170253450401 0.0032982914472037867 0.0)
(69.46060553132246 0.005094556194398854 0.0)
(69.45722990588239 0.007772968763119469 0.0)
(69.45207194679931 0.011636716678615964 0.0)
(69.44480399336129 0.01697959848068214 0.0)
(69.4352846511072 0.0240344097784602 0.0)
(69.4235137091696 0.03291620218994457 0.0)
(69.40958006851253 0.043575106998900694 0.0)
(69.39374545133074 0.05574769092210029 0.0)
(69.37642622713948 0.06897944636288864 0.0)
(69.3580248194057 0.08272175026341848 0.0)
(69.33879293307795 0.09646166890676564 0.0)
(69.31889221625434 0.10976539235875775 0.0)
(69.29848252551298 0.12225675533820263 0.0)
(69.27755383010526 0.13368608629765283 0.0)
(69.25609497186848 0.14400194410125736 0.0)
(69.23399945797499 0.15328836484247454 0.0)
(69.21063108879441 0.16185870770874014 0.0)
(69.18610857989178 0.169707518065982 0.0)
(69.15962631115232 0.17725560612586438 0.0)
(69.13068174021129 0.1847072107924947 0.0)
(69.09831714722424 0.19289647997531797 0.0)
(69.06202691224107 0.20212891919499862 0.0)
(69.0200985307196 0.2137190476834607 0.0)
(68.95630996508723 0.22799739118690204 0.0)
(68.92929885739065 0.21894327758770732 0.0)
(68.86109551108174 0.23305276502052236 0.0)
(68.79554679300345 0.2521737111164284 0.0)
(68.71909665313459 0.27929208195985844 0.0)
(68.63120166911064 0.3192099112261717 0.0)
(68.53329794086032 0.37871485247426845 0.0)
(68.43007482520358 0.4651747590895582 0.0)
(68.3301836277746 0.5837022968969445 0.0)
(68.24342362232206 0.7400321910002794 0.0)
(68.17935751569841 0.9316001065636075 0.0)
(68.14362467947888 1.155475078099181 0.0)
(68.13914303646189 1.4040266048598669 0.0)
(68.16593292938562 1.664820514629827 0.0)
(68.21972795152494 1.9278912393233287 0.0)
(68.29712128464449 2.1814784121400543 0.0)
(68.39422772750265 2.4127855490275354 0.0)
(68.50675526489245 2.613635607949765 0.0)
(68.6333801641064 2.77437402735532 0.0)
(68.7730103654252 2.8879089474882154 0.0)
(68.92475034516755 2.949219305122308 0.0)
(69.08889101160342 2.953967079334786 0.0)
(69.26520677773163 2.8979450937227855 0.0)
(69.45080677384516 2.7794709006470986 0.0)
(69.64447987364696 2.5953605766227903 0.0)
(69.84085409443281 2.3445911594626434 0.0)
(70.03549384560154 2.0290973990219365 0.0)
(70.22705503988577 1.6497150981285387 0.0)
(70.41785996169475 1.2136874774259543 0.0)
(70.6200148929128 0.7263948655096698 0.0)
(71.23322696978408 0.2642595039674184 0.0)
(71.11760743937845 -0.22549128633699633 0.0)
(70.33164225062968 -0.7320797427089366 0.0)
(69.99036206537475 -1.2257808867944353 0.0)
(69.71104382760673 -1.6638068577035356 0.0)
(69.45266495637044 -2.0449639469372753 0.0)
(69.19225591255854 -2.361724250249706 0.0)
(68.92586198352876 -2.6122911211179978 0.0)
(68.63683750733202 -2.794278264375002 0.0)
(68.28659432985087 -2.905550173860039 0.0)
(67.80564200505238 -2.9476974012521606 0.0)
(67.07956636237753 -2.916280986386393 0.0)
(65.91120380291302 -2.808641956512558 0.0)
(63.96611769437866 -2.6184513751306664 0.0)
(60.67809083944567 -2.332955463969677 0.0)
(55.07466127758834 -1.937490161483998 0.0)
(45.46853733818174 -1.418802794253218 0.0)
(28.915391007207813 -0.49006585952851706 0.0)
(69.4644721731688 0.0020926384600086045 0.0)
(69.46443557765504 0.001765537685856693 0.0)
(69.46421104748102 0.0015418015574470238 0.0)
(69.46399662151921 0.0013644387678093885 0.0)
(69.46383452213446 0.0011758175107273255 0.0)
(69.46368324169522 0.0009493654847320291 0.0)
(69.46353507152374 0.0006708289472494664 0.0)
(69.46342337392123 0.00027518515947997014 0.0)
(69.4640438548899 0.0016985851216165027 0.0)
(69.46279617895266 0.002214808699543187 0.0)
(69.46271686529116 0.00346928129537645 0.0)
(69.46071029902484 0.005392017898836876 0.0)
(69.45740661347905 0.008272171304326023 0.0)
(69.45234913340835 0.012438592496558452 0.0)
(69.44522267458392 0.018204254875551343 0.0)
(69.43589490116597 0.025817632019431172 0.0)
(69.42435643979469 0.035407171653810424 0.0)
(69.41067230159891 0.046924086923732 0.0)
(69.39507433158262 0.060085096590113685 0.0)
(69.37793822456628 0.07440917824215865 0.0)
(69.35960927297981 0.08933384760879942 0.0)
(69.34028480468287 0.10434029636879846 0.0)
(69.32009163611765 0.11897128469606902 0.0)
(69.29910368717775 0.13283520449833483 0.0)
(69.27735649922367 0.14569525991603738 0.0)
(69.2549120917406 0.1574733731617625 0.0)
(69.23117142065978 0.1684191775688557 0.0)
(69.20611837998732 0.17866191402662546 0.0)
(69.17928922407587 0.18847793233164042 0.0)
(69.14997901317733 0.19816018064553112 0.0)
(69.1174524217915 0.20826754307661696 0.0)
(69.08103542095202 0.21934702306446657 0.0)
(69.0392936627271 0.2325103396701288 0.0)
(68.97657374699773 0.2486037873562804 0.0)
(68.94918008422054 0.23872841819301033 0.0)
(68.88194987200484 0.25433218867229557 0.0)
(68.81768697414576 0.2746722011443655 0.0)
(68.74306203166189 0.3027123284653815 0.0)
(68.65738491765262 0.3426585595883645 0.0)
(68.56166662730341 0.4007422957673332 0.0)
(68.45918433218705 0.4844708480867473 0.0)
(68.35786795615215 0.5983227794684958 0.0)
(68.26677156287543 0.7484544741965831 0.0)
(68.19547613984362 0.9333825422275696 0.0)
(68.15096453754761 1.1508640648191562 0.0)
(68.13733105517684 1.394549342560715 0.0)
(68.1563672585992 1.6519779623637136 0.0)
(68.20528792688788 1.9128644323316937 0.0)
(68.2812357444487 2.1654175824245034 0.0)
(68.38063784796805 2.3963738257490887 0.0)
(68.49873739929532 2.5977938360476065 0.0)
(68.63348183754363 2.7596972894922276 0.0)
(68.78300151386844 2.8749318581124537 0.0)
(68.94572861976638 2.9379948400971303 0.0)
(69.12120652021909 2.944437888064969 0.0)
(69.30878834720811 2.8899101112398946 0.0)
(69.50516788141564 2.7725182772476944 0.0)
(69.70886032890323 2.5893738633023795 0.0)
(69.91444955835581 2.3392576061617825 0.0)
(70.1175305048454 2.0241906020159797 0.0)
(70.31716046032831 1.6448970842139488 0.0)
(70.51612301681408 1.2082548731851135 0.0)
(70.725792776762 0.7183900432031504 0.0)
(71.35500451851327 0.2612808766297939 0.0)
(71.24100163535611 -0.22309237835295384 0.0)
(70.42724894090799 -0.7270171668768759 0.0)
(70.06806675631405 -1.2237965320469335 0.0)
(69.76988283644798 -1.6629055623819915 0.0)
(69.51613130769465 -2.0450103636546424 0.0)
(69.2754115419055 -2.3630953782778246 0.0)
(69.03452020238744 -2.615584603125018 0.0)
(68.7939652222984 -2.8004613032092065 0.0)
(68.53668730841905 -2.9167885713968302 0.0)
(68.2194998269468 -2.967241717428917 0.0)
(67.77369410822499 -2.949645553651718 0.0)
(67.0820523984203 -2.864167620919338 0.0)
(65.94671452747654 -2.7090641533342206 0.0)
(64.03588660053167 -2.4783580295870067 0.0)
(60.78412030463412 -2.166776105756436 0.0)
(55.22308146893746 -1.7636534310976337 0.0)
(45.661379035083044 -1.2653121383080421 0.0)
(29.1010407616324 -0.4253291209511108 0.0)
(69.46447066580033 0.0014210534540951899 0.0)
(69.46424488979555 0.001235379389532056 0.0)
(69.46402034166678 0.0010925397482652933 0.0)
(69.46384840349826 0.0009411854764312407 0.0)
(69.46369935538127 0.0007584549261260391 0.0)
(69.46356474854974 0.0005349454229665374 0.0)
(69.46346821777776 0.0002195010862839689 0.0)
(69.46403525863421 0.00114344494755248 0.0)
(69.46321898143603 0.001468036107475866 0.0)
(69.4638342720396 0.0023115319013655615 0.0)
(69.462778815841 0.003645884739598554 0.0)
(69.46082680701485 0.0056997756670146395 0.0)
(69.45760282666025 0.008789565145627017 0.0)
(69.45265755795609 0.013270546938485667 0.0)
(69.44569054608039 0.019475438225797604 0.0)
(69.43657896849511 0.02766991905279273 0.0)
(69.42530296521323 0.03799847127735378 0.0)
(69.41190210967257 0.05041570375600928 0.0)
(69.3965764724306 0.06462055818791085 0.0)
(69.37965787840268 0.08010957738459523 0.0)
(69.3614312636541 0.09631259673585187 0.0)
(69.34203455942765 0.11270604626369768 0.0)
(69.32152254045056 0.1288161107364929 0.0)
(69.29994619635823 0.1442459339714891 0.0)
(69.27745523848596 0.15872664472308826 0.0)
(69.25370569459281 0.17228943845667563 0.0)
(69.22838861990577 0.18516895217222706 0.0)
(69.20146251326044 0.19750618526788766 0.0)
(69.17192521561853 0.2097871585922715 0.0)
(69.13947411893838 0.22223124833950808 0.0)
(69.10308503330525 0.23571143968438157 0.0)
(69.0618189021161 0.2508760918449951 0.0)
(69.00036409380793 0.26919127230083195 0.0)
(68.97254369355481 0.25855224228645074 0.0)
(68.90642884881692 0.2756267150127074 0.0)
(68.84348891249064 0.29729022564986424 0.0)
(68.77082412718319 0.3264157748834405 0.0)
(68.68748444632917 0.3666027905681367 0.0)
(68.59437061040643 0.4232592688868285 0.0)
(68.49338451581923 0.5042021895565062 0.0)
(68.39163402801032 0.6136025230581125 0.0)
(68.2974210134164 0.7576119470151801 0.0)
(68.2199200914816 0.9356927756477826 0.0)
(68.16733384273415 1.145951279262921 0.0)
(68.1447062427087 1.38366347343598 0.0)
(68.15543890194755 1.6369685680562176 0.0)
(68.19843793162194 1.8952997888094563 0.0)
(68.27155694929594 2.1467909370787983 0.0)
(68.37186904103389 2.3774111066111114 0.0)
(68.49440990348624 2.579302656722171 0.0)
(68.6364698079895 2.7422586654544356 0.0)
(68.79541759107312 2.8591900239098162 0.0)
(68.9689753779347 2.9241853278518435 0.0)
(69.15587329328245 2.9326261422071753 0.0)
(69.35499360989698 2.879969495572028 0.0)
(69.56256963193223 2.7640222830482646 0.0)
(69.77677361752988 2.582121722691141 0.0)
(69.99210435277507 2.3328399129691295 0.0)
(70.20409947701314 2.01832711897398 0.0)
(70.41212813296576 1.6391548231064834 0.0)
(70.61921832226994 1.2017609094445705 0.0)
(70.83540325732255 0.7093408052692546 0.0)
(71.47443173204601 0.2577181584362383 0.0)
(71.36316366304808 -0.22028796184674218 0.0)
(70.52593187227878 -0.7210216112977459 0.0)
(70.15447848666332 -1.2213185178792743 0.0)
(69.83670308655216 -1.661648148498982 0.0)
(69.56462763660306 -2.0443670380120658 0.0)
(69.3327410426739 -2.3633984232558674 0.0)
(69.11321674588186 -2.6172441909293 0.0)
(68.8983564285747 -2.8040691319955218 0.0)
(68.68999154151703 -2.9232891142313484 0.0)
(68.46617965273028 -2.9787671730754117 0.0)
(68.1841451992854 -2.9692790614762954 0.0)
(67.77227375998154 -2.896859053616986 0.0)
(67.11221817254926 -2.762461711737374 0.0)
(66.00833737140374 -2.5637114531687084 0.0)
(64.12951045610102 -2.3011858205964875 0.0)
(60.91621376971502 -1.9713708330082467 0.0)
(55.40617352648637 -1.5701505371810678 0.0)
(45.903342990816064 -1.102374816251168 0.0)
(29.345090560727535 -0.3592700501613062 0.0)
(69.4642679176102 0.00098924061464083 0.0)
(69.46403700080667 0.0008740625001248997 0.0)
(69.46385785457024 0.0007528321580933371 0.0)
(69.46370930533492 0.0006058013653181017 0.0)
(69.46358327939268 0.00042659236529900865 0.0)
(69.4634968166684 0.00017500664079099612 0.0)
(69.46382914101092 0.0007918055240928111 0.0)
(69.46320627236541 0.0009797662125092146 0.0)
(69.46426345584855 0.0015188952367745179 0.0)
(69.46386673814449 0.0024111445786787794 0.0)
(69.46284729594619 0.0038280195590225663 0.0)
(69.46095579735352 0.006017761849220108 0.0)
(69.45781992075658 0.009325102560793663 0.0)
(69.45299999676232 0.01413249836663128 0.0)
(69.44621244057929 0.020792977023447706 0.0)
(69.43734411540527 0.02959119563471073 0.0)
(69.42636350152472 0.04069061516404397 0.0)
(69.41328368242716 0.05405187729816688 0.0)
(69.3982712425107 0.0693587805170942 0.0)
(69.3816106638037 0.08609069289775122 0.0)
(69.36352182053433 0.10367523196624298 0.0)
(69.3440651138384 0.12159086069563338 0.0)
(69.32323811714396 0.13935790219173555 0.0)
(69.30116049561104 0.15654802432526407 0.0)
(69.2777643065914 0.1729192400770063 0.0)
(69.2526282768782 0.18861243547118087 0.0)
(69.2258742905455 0.20374166585093506 0.0)
(69.19650338794595 0.21881062068542087 0.0)
(69.16425640528456 0.2340190280861801 0.0)
(69.12825374971827 0.25018219084772164 0.0)
(69.08766490372318 0.2679265516403199 0.0)
(69.0279557727661 0.288811352180343 0.0)
(68.99955112340255 0.277975581632042 0.0)
(68.93483801201853 0.29642797232173873 0.0)
(68.87319738289736 0.31951558054724577 0.0)
(68.80268059277525 0.34973563111650163 0.0)
(68.72179148079313 0.3905077361845509 0.0)
(68.63156022519654 0.44601764145984574 0.0)
(68.5327554616576 0.524015053864013 0.0)
(68.43145647873969 0.6290043483482342 0.0)
(68.33536616827847 0.7668411564581565 0.0)
(68.25276095900604 0.9381767712510659 0.0)
(68.19290959193462 1.140829005432801 0.0)
(68.16166109382294 1.3715476544841674 0.0)
(68.16378551559988 1.6196641823548723 0.0)
(68.20002589012715 1.874670245004633 0.0)
(68.26901527514886 2.1248982300686174 0.0)
(68.3687636197086 2.3553271023213793 0.0)
(68.4944261732376 2.557816797065918 0.0)
(68.64277825043997 2.7218566322692044 0.0)
(68.81050551966676 2.8404643452390625 0.0)
(68.9945974391581 2.907445149452004 0.0)
(69.19287997196176 2.9181069521183898 0.0)
(69.40371441930999 2.8676909020120345 0.0)
(69.62283081867305 2.7535402216254243 0.0)
(69.84797267140044 2.573275900889252 0.0)
(70.07352193232951 2.3250582332203384 0.0)
(70.29486138175969 2.0112988471896167 0.0)
(70.51155195265007 1.632317404262711 0.0)
(70.72660892921009 1.1941550532879133 0.0)
(70.94806490024274 0.6990922542674609 0.0)
(71.59034271975626 0.25365351075855935 0.0)
(71.48294372499916 -0.2169227854399025 0.0)
(70.62780153623677 -0.7140862390490452 0.0)
(70.24099192881582 -1.2182299047191891 0.0)
(69.91434392499666 -1.6601078108795153 0.0)
(69.62130526773247 -2.0434063562202094 0.0)
(69.37224967603504 -2.3628909325713976 0.0)
(69.16466361379727 -2.6177545487022362 0.0)
(68.97232448663095 -2.8059742765856175 0.0)
(68.78994699796232 -2.9271473539766375 0.0)
(68.61546725765876 -2.9854467286553823 0.0)
(68.42708095622471 -2.980758252813514 0.0)
(68.17879274363503 -2.9161461045120327 0.0)
(67.79760163380605 -2.793852598412064 0.0)
(67.16679382985137 -2.6140386878596793 0.0)
(66.09083132208775 -2.3799862327232115 0.0)
(64.24398955354702 -2.092816698255738 0.0)
(61.07489878065876 -1.753820011840711 0.0)
(55.629893877510305 -1.3648729952240286 0.0)
(46.21070305220602 -0.9359925953648107 0.0)
(29.6681446450349 -0.29442213975654 0.0)
(69.46404868269026 0.0006988337031409396 0.0)
(69.46386443600016 0.0006018364269461608 0.0)
(69.4637155738519 0.0004837667237529064 0.0)
(69.46359484496976 0.0003401815920152011 0.0)
(69.46351502015294 0.00013949504425204092 0.0)
(69.4636068039617 0.0005584752854878234 0.0)
(69.46300336562882 0.0006748395404485342 0.0)
(69.46424556048272 0.0010051355144084769 0.0)
(69.46428001736204 0.0015711023994012857 0.0)
(69.4639019416189 0.0025135808346690735 0.0)
(69.46292279039443 0.004015577747776188 0.0)
(69.4610980091771 0.00634584665306055 0.0)
(69.45805937935796 0.009878621955844666 0.0)
(69.453379491841 0.01502414807102533 0.0)
(69.44679363545382 0.02215638640495082 0.0)
(69.43819824180459 0.03158096606976128 0.0)
(69.42754929391934 0.043483561834652754 0.0)
(69.41483298839337 0.05783384945629054 0.0)
(69.40018068160377 0.07430404741126281 0.0)
(69.38382558228146 0.09236160607809746 0.0)
(69.36591298886474 0.11144093059706407 0.0)
(69.34642629808286 0.1310330413342968 0.0)
(69.32536481527973 0.1506452877118291 0.0)
(69.30276191826142 0.16982563325492697 0.0)
(69.2783123962033 0.1884376498153556 0.0)
(69.25207984967815 0.20655461433851915 0.0)
(69.22340976489143 0.22454457182786855 0.0)
(69.19160677769675 0.24284170072517047 0.0)
(69.15641482502255 0.2618831359285364 0.0)
(69.11668633832109 0.28264610257530165 0.0)
(69.05938252561481 0.30630557579595 0.0)
(69.03026844469275 0.29612647212361304 0.0)
(68.96735588302528 0.31611639095445004 0.0)
(68.90698825570017 0.3408252772855469 0.0)
(68.8387857362906 0.372003597465824 0.0)
(68.76053708617292 0.4135096511331666 0.0)
(68.67335892600003 0.4684296741677219 0.0)
(68.57734554952097 0.5435951722854984 0.0)
(68.47724956727967 0.6441923265246599 0.0)
(68.38047808534031 0.7755431838348197 0.0)
(68.29397752557891 0.9400687475517375 0.0)
(68.22776808604485 1.1351503063378467 0.0)
(68.18845198086049 1.3582794714081856 0.0)
(68.18186365679817 1.600222588140539 0.0)
(68.21072546867276 1.8507818419316795 0.0)
(68.27445549526254 2.0990786372143897 0.0)
(68.37216821890144 2.3293261419462334 0.0)
(68.49949164601058 2.532679230138353 0.0)
(68.65288562640632 2.6980826008030228 0.0)
(68.82850818616087 2.8185094891409155 0.0)
(69.02264927649982 2.887530530910547 0.0)
(69.23214865774186 2.900541885137813 0.0)
(69.4547649658851 2.852637714616611 0.0)
(69.68567603684804 2.740650859309622 0.0)
(69.92210897949646 2.562430095857293 0.0)
(70.15828978120201 2.3156287858578133 0.0)
(70.3893394455487 2.0028628583584207 0.0)
(70.61486776166005 1.6241480670843524 0.0)
(70.83758210529219 1.1853073123695446 0.0)
(71.06284502858898 0.6876659814474744 0.0)
(71.70164437179872 0.2490204066170075 0.0)
(71.59916810843 -0.21308944379423406 0.0)
(70.73414283586453 -0.7059755834153988 0.0)
(70.32889828414609 -1.2143925143525718 0.0)
(69.98983693075685 -1.6580448448212413 0.0)
(69.69069688344496 -2.0422630604275622 0.0)
(69.419681110842 -2.3621059877939623 0.0)
(69.19610583453061 -2.6173429930760266 0.0)
(69.01798540581196 -2.8066282629123 0.0)
(68.85904123655874 -2.9292545533356056 0.0)
(68.71091165076393 -2.9894178614003026 0.0)
(68.57221497857276 -2.9875059569508906 0.0)
(68.41771495359572 -2.927360548021376 0.0)
(68.19962191895536 -2.8123662887973078 0.0)
(67.84619111352775 -2.6435472808832583 0.0)
(67.24012849825151 -2.426329677371185 0.0)
(66.1900989749363 -2.1639541569210685 0.0)
(64.37777617736583 -1.8610194812716598 0.0)
(61.263017096064786 -1.523066600348112 0.0)
(55.90688815503424 -1.1552819030826673 0.0)
(46.607684961707264 -0.772724395415364 0.0)
(30.103516735558312 -0.23321932957341887 0.0)
(69.46386906861687 0.00048091450934721006 0.0)
(69.46371958326407 0.0003862313700978717 0.0)
(69.4636020768033 0.00027125965616215 0.0)
(69.46352658102035 0.0001111693077579693 0.0)
(69.46342578509795 0.0003841534370743251 0.0)
(69.46278442090603 0.0004752054035002994 0.0)
(69.46403133116762 0.000688576687213395 0.0)
(69.4642565743538 0.001031038406868878 0.0)
(69.46429727089239 0.0016246332499060122 0.0)
(69.46394020407223 0.002618759130735324 0.0)
(69.46300579254721 0.00420841345140386 0.0)
(69.46125422522861 0.006683835128124138 0.0)
(69.45832280275694 0.010449818378273334 0.0)
(69.45379936111632 0.015944950030624596 0.0)
(69.44743981535609 0.023564810878382608 0.0)
(69.43914981649624 0.03363821593173135 0.0)
(69.42887254611831 0.04637655482845783 0.0)
(69.41656760873657 0.061762174494062363 0.0)
(69.40232967952541 0.07945934857368932 0.0)
(69.38633508293368 0.09893162314349642 0.0)
(69.36865183853294 0.11963111657889104 0.0)
(69.34921390386656 0.1410667413957487 0.0)
(69.32797248067462 0.16272772994374457 0.0)
(69.30473931291282 0.1842048664652678 0.0)
(69.2794877690866 0.20537358075049922 0.0)
(69.25200146181643 0.22639174610621643 0.0)
(69.22118505461243 0.24787840401813557 0.0)
(69.18716863155673 0.2700690335357299 0.0)
(69.14868803742783 0.29403827573857233 0.0)
(69.09429979259708 0.32067959090704296 0.0)
(69.0646556551656 0.31175075503361704 0.0)
(69.00389115092943 0.33380408689774005 0.0)
(68.94499432656778 0.3604245420058563 0.0)
(68.87911885311763 0.3927011050548425 0.0)
(68.80381706446002 0.43473340799849103 0.0)
(68.71980627956549 0.48951492412816594 0.0)
(68.6271400442678 0.5622710056441 0.0)
(68.52890291038086 0.6588281308342175 0.0)
(68.43248849562659 0.7834617556970281 0.0)
(68.34340200359435 0.9406612657630538 0.0)
(68.27184700290144 1.1281381704484494 0.0)
(68.22521445780501 1.3434501799440914 0.0)
(68.20998299669179 1.5787121745772057 0.0)
(68.23101224920062 1.8237706303233265 0.0)
(68.2885517420978 2.069044835052114 0.0)
(68.38285111067253 2.2986680964292705 0.0)
(68.51032540605728 2.502992582668137 0.0)
(68.66731511582546 2.6702219815461103 0.0)
(68.84969646323681 2.7928596043874596 0.0)
(69.0531582751519 2.8641591306585523 0.0)
(69.2735273353739 2.879664207365168 0.0)
(69.50785776387333 2.8344821937457914 0.0)
(69.75072092932926 2.724955968824029 0.0)
(69.99871040044286 2.5491639078392145 0.0)
(70.24585822775903 2.30417877398849 0.0)
(70.48690164612147 1.9927014079873746 0.0)
(70.7213489307432 1.6145066890318094 0.0)
(70.95124654074603 1.1749888345897501 0.0)
(71.17867827279207 0.6751688960871643 0.0)
(71.8073335932145 0.24377303982546908 0.0)
(71.71073602299657 -0.2087364962625827 0.0)
(70.84432054909745 -0.6968078328661699 0.0)
(70.42229182993908 -1.2097191933371216 0.0)
(70.06440044990411 -1.6553363747848562 0.0)
(69.7565052432225 -2.04064389399392 0.0)
(69.48113575977106 -2.361167964671736 0.0)
(69.23499730391839 -2.616629060780159 0.0)
(69.04199731301064 -2.8062582969965666 0.0)
(68.8990196702113 -2.9299522303391807 0.0)
(68.77505593335599 -2.9916113990294044 0.0)
(68.66311660369529 -2.991501985703895 0.0)
(68.55863687031334 -2.9340183881446698 0.0)
(68.4342167721632 -2.8231751234311404 0.0)
(68.24300615903392 -2.6609402808862024 0.0)
(67.91210518628962 -2.4535221756660843 0.0)
(67.32733652317 -2.205608639861231 0.0)
(66.30317612600837 -1.9234297202197912 0.0)
(64.53114973002435 -1.615077196925495 0.0)
(61.488576160232775 -1.2877110802447456 0.0)
(56.25665843121817 -0.949862913088002 0.0)
(47.13327243188446 -0.6179160801328426 0.0)
(30.69269181100304 -0.17765755287067547 0.0)
(69.46372217592715 0.0003082955630290384 0.0)
(69.46360660171474 0.00021628201875547708 0.0)
(69.46353392444152 8.858224694749597e-5 0.0)
(69.46328009849631 0.00024603622248402663 0.0)
(69.46260643718158 0.00032675089829059013 0.0)
(69.46379966953396 0.00048406481773889594 0.0)
(69.46404091016855 0.0007024851632059352 0.0)
(69.46426786248837 0.001057477104772677 0.0)
(69.46431538470355 0.0016794569763717295 0.0)
(69.46398187708009 0.0027265742532480227 0.0)
(69.46309684787862 0.00440634372956783 0.0)
(69.46142527731062 0.00703145250198305 0.0)
(69.4586119391654 0.01103822549848444 0.0)
(69.45426318333897 0.01689406863978882 0.0)
(69.44815699652172 0.0250169540578836 0.0)
(69.44020773492005 0.035761299211582276 0.0)
(69.43034615942072 0.0493681149926315 0.0)
(69.41850658145624 0.06583593746316733 0.0)
(69.40474533134751 0.0848268449422277 0.0)
(69.38917866683818 0.10580937756154173 0.0)
(69.371806501524 0.12826412619616984 0.0)
(69.3525044503848 0.15171920895032054 0.0)
(69.33106487861501 0.17568056894946546 0.0)
(69.30736142525006 0.19977394621864486 0.0)
(69.28145478093906 0.22386188798364906 0.0)
(69.2523248681391 0.24845491748481385 0.0)
(69.21987735591092 0.27396558208102323 0.0)
(69.18328300930764 0.3011940625840386 0.0)
(69.13212937941995 0.3311135275348703 0.0)
(69.10243420828377 0.3237162753217554 0.0)
(69.04406621514242 0.34834964966739873 0.0)
(68.98716643272108 0.37711981367822983 0.0)
(68.92354558486959 0.4111330084853677 0.0)
(68.85153810862194 0.4535440765854764 0.0)
(68.77081216974406 0.5082735476618689 0.0)
(68.68196575438839 0.5790052537269368 0.0)
(68.58627240288743 0.6720756325011932 0.0)
(68.49102878283834 0.7904163322474924 0.0)
(68.40069509738771 0.9396528866494918 0.0)
(68.32488575936566 1.1191184059449804 0.0)
(68.27190871089226 1.3262193029994378 0.0)
(68.24833436579904 1.5546575031372407 0.0)
(68.2612037670895 1.7936972509575995 0.0)
(68.31178104538644 2.0348600082800594 0.0)
(68.4014114627818 2.2629960508716422 0.0)
(68.52757030257222 2.4679284176641674 0.0)
(68.68660900706094 2.637305464231085 0.0)
(68.87437466340555 2.7627511127178437 0.0)
(69.08615693552717 2.8368335595179457 0.0)
(69.31681311694774 2.8551440546417997 0.0)
(69.56261033372228 2.812929047570728 0.0)
(69.81745985776767 2.706085393378806 0.0)
(70.0771695176574 2.5331175477361767 0.0)
(70.33552753859635 2.2902820941035027 0.0)
(70.58676253454925 1.980521650222303 0.0)
(70.83008235857052 1.6030716478240357 0.0)
(71.06654334650283 1.1631135942977868 0.0)
(71.29436509587877 0.661492367972568 0.0)
(71.90652399385606 0.2379970198174751 0.0)
(71.81663680024245 -0.2038391299445951 0.0)
(70.95754435684152 -0.6864348278956549 0.0)
(70.52092948855673 -1.204177210288344 0.0)
(70.1442966474509 -1.6519907662345648 0.0)
(69.81934506257625 -2.0383925521334163 0.0)
(69.53797946871458 -2.3598160370495287 0.0)
(69.28867674591183 -2.615892344016465 0.0)
(69.07291229820899 -2.8055984252392734 0.0)
(68.91612463329254 -2.9296704242807534 0.0)
(68.80942867171595 -2.9923497999062234 0.0)
(68.72227949444292 -2.993687222490317 0.0)
(68.645034500527 -2.937922828319005 0.0)
(68.57086172721188 -2.8295403249928834 0.0)
(68.4729070631653 -2.6711387785607843 0.0)
(68.30284883223132 -2.4694906394603016 0.0)
(67.98994641701317 -2.230091066231722 0.0)
(67.42439365265061 -1.9600455510856631 0.0)
(66.4282635796649 -1.6684747158257376 0.0)
(64.70824696826467 -1.3641963973167341 0.0)
(61.76497511634874 -1.0570031313691577 0.0)
(56.710534081865255 -0.7554598364028249 0.0)
(47.84002952838509 -0.4767402312669269 0.0)
(31.49367167981376 -0.1291624529891175 0.0)
(69.46360943250919 0.00017242668451433326 0.0)
(69.46353858503448 7.057437686065305e-5 0.0)
(69.46316954280734 0.00013744507330549255 0.0)
(69.46246456122776 0.0002090976430928981 0.0)
(69.46361054407792 0.0003327215559750464 0.0)
(69.4638068524618 0.0004929636912940522 0.0)
(69.46405107174955 0.0007165660633758592 0.0)
(69.46427949463641 0.0010844538840619887 0.0)
(69.46433455148939 0.0017355305156137623 0.0)
(69.46402738241024 0.0028368977592294438 0.0)
(69.46319654986488 0.004609141786894231 0.0)
(69.46161208292764 0.007388337536251957 0.0)
(69.45892869769044 0.011643189475428561 0.0)
(69.45477475980506 0.01787032960594037 0.0)
(69.44895140011072 0.026511004909417112 0.0)
(69.44138111195807 0.03794795730668654 0.0)
(69.43198346613892 0.052455436956968415 0.0)
(69.42066965843956 0.07005304364814972 0.0)
(69.40745715101868 0.09040678836517835 0.0)
(69.39240283082547 0.11300037854465522 0.0)
(69.37543805640988 0.1373514953460012 0.0)
(69.3563237908019 0.1630255937624207 0.0)
(69.3347965031848 0.1895727028687616 0.0)
(69.3109081050095 0.21658739225984255 0.0)
(69.28405629076234 0.2441648358118125 0.0)
(69.25371169803962 0.2728835324700576 0.0)
(69.21966713436338 0.30332997940153933 0.0)
(69.1722397085188 0.3366965086600996 0.0)
(69.1429516548934 0.3313107114242658 0.0)
(69.08737974348975 0.35864231596889706 0.0)
(69.03302522920445 0.38969507184870233 0.0)
(68.97185987484764 0.4260333537694839 0.0)
(68.90335861151824 0.46929955322624134 0.0)
(68.82617701991147 0.523911586985188 0.0)
(68.74141705309972 0.5928568199748404 0.0)
(68.64908610706932 0.6826333110013435 0.0)
(68.55566045855485 0.7956825848125746 0.0)
(68.46536625006785 0.9368804850418645 0.0)
(68.38642009165929 1.1078571985376617 0.0)
(68.32822327414348 1.305943245263427 0.0)
(68.29693951478535 1.5271220647445165 0.0)
(68.30148749167886 1.7600758698525216 0.0)
(68.34446842002572 1.9965089999518688 0.0)
(68.42825661309098 2.2223219601988644 0.0)
(68.55169897862942 2.427061487131565 0.0)
(68.7112338713897 2.598446596360351 0.0)
(68.90285933348795 2.7271621416822405 0.0)
(69.1216949701451 2.804764057946821 0.0)
(69.36178161318234 2.826460248857855 0.0)
(69.61856107995926 2.7876369674853843 0.0)
(69.88526111067148 2.6837543963341717 0.0)
(70.1567350484658 2.5139125678857934 0.0)
(70.42643681247297 2.2736456688744426 0.0)
(70.68795160546469 1.9659265256304064 0.0)
(70.93998511203534 1.5895873956963602 0.0)
(71.18223332398127 1.1495306160791214 0.0)
(71.40861727126175 0.6468375055820875 0.0)
(71.99846081183385 0.23159951892741143 0.0)
(71.91597684785556 -0.1985081940152601 0.0)
(71.07287113962713 -0.6748894750235549 0.0)
(70.62441647550202 -1.1975543518226135 0.0)
(70.22948204553907 -1.6479200793827167 0.0)
(69.887018150672 -2.0355776411156556 0.0)
(69.59016965651121 -2.357789335303706 0.0)
(69.33691857379624 -2.614668880630768 0.0)
(69.1189464147423 -2.804964374848008 0.0)
(68.93958846673273 -2.929089738569204 0.0)
(68.82007260286169 -2.9921071182921666 0.0)
(68.75112554801815 -2.9945073273997513 0.0)
(68.6992278248842 -2.9400974415034438 0.0)
(68.65277223826838 -2.8332760256153096 0.0)
(68.60516631596859 -2.6770686890708895 0.0)
(68.52761840947969 -2.4788486592487646 0.0)
(68.37341008939633 -2.2443836090701206 0.0)
(68.07502839471002 -1.981453978829382 0.0)
(67.52817736121217 -1.6996660820524927 0.0)
(66.56667437292894 -1.4083913302832098 0.0)
(64.91720312160344 -1.1183602467805212 0.0)
(62.1140844916687 -0.8387990371771303 0.0)
(57.3107865638869 -0.578543771602095 0.0)
(48.80019659089957 -0.352876489608869 0.0)
(32.57703574237064 -0.08841837783621175 0.0)
(69.46354153907502 5.6219153483437024e-5 0.0)
(69.46310301693556 4.4777023799349754e-5 0.0)
(69.46235784754329 0.00011667929391694108 0.0)
(69.46346058896225 0.0002127549610571089 0.0)
(69.46361408432237 0.0003386985395464729 0.0)
(69.46381470589502 0.0005018911559780988 0.0)
(69.46406185516919 0.0007308220795503096 0.0)
(69.46429154127775 0.0011119672628184946 0.0)
(69.4643550264632 0.0017927981654228223 0.0)
(69.4640771997833 0.002949573497461815 0.0)
(69.46330556827054 0.004816535631360147 0.0)
(69.461815666702 0.007754030232855467 0.0)
(69.4592751501417 0.012263838475704539 0.0)
(69.45533803600655 0.018872171216016496 0.0)
(69.44982933676197 0.028044668811139498 0.0)
(69.44267903057697 0.040194893819090485 0.0)
(69.43379776410669 0.05563466757103279 0.0)
(69.42307701761676 0.0744093824046408 0.0)
(69.41049616817097 0.09619653137696106 0.0)
(69.39605113616025 0.12050529040300724 0.0)
(69.37958269615726 0.14690378586578767 0.0)
(69.36076171906285 0.17502525626658416 0.0)
(69.33943405796639 0.2044281566491348 0.0)
(69.31531134506159 0.23478741780918672 0.0)
(69.28768281471059 0.26643930229046775 0.0)
(69.25666912864926 0.29991082949333353 0.0)
(69.21379677983958 0.33649625263538413 0.0)
(69.18525101906081 0.33393980249200617 0.0)
(69.13322498749304 0.3638602800043283 0.0)
(69.08169840591513 0.39731391519417336 0.0)
(69.02362583432738 0.43592215476416174 0.0)
(68.95867624008977 0.480888990232717 0.0)
(68.88554482374266 0.5355875555969226 0.0)
(68.80491580911263 0.603206500883024 0.0)
(68.71681647202446 0.6894067414805981 0.0)
(68.62584146159327 0.7979486368061325 0.0)
(68.53676726615102 0.9316851791547184 0.0)
(68.4558470472149 1.0941927587936144 0.0)
(68.3935388905031 1.2825777866325359 0.0)
(68.35553675382133 1.4953775327059313 0.0)
(68.35186578766478 1.721987505472527 0.0)
(68.3868168817933 1.9534315504459199 0.0)
(68.46365965443574 2.1765632673680866 0.0)
(68.58299415267648 2.3803514211516386 0.0)
(68.74149589980658 2.5531525771654717 0.0)
(68.93538920933477 2.685173185235523 0.0)
(69.1598226128987 2.76690964633514 0.0)
(69.40820703137663 2.792816993281526 0.0)
(69.67520119456714 2.758073887425835 0.0)
(69.9533883026985 2.6576232936514366 0.0)
(70.23650657535266 2.4912824031379657 0.0)
(70.51755965100328 2.2539298446306013 0.0)
(70.78932976823572 1.9486812174975159 0.0)
(71.04979160846494 1.5738266708386917 0.0)
(71.29692601179678 1.13408031146624 0.0)
(71.52006417662008 0.6312214873005206 0.0)
(72.08253415780887 0.2247329133172961 0.0)
(72.00799489177489 -0.19267272713702166 0.0)
(71.18922371240444 -0.662291984618448 0.0)
(70.73221147166048 -1.1898100523816715 0.0)
(70.31981208960417 -1.6430316969278083 0.0)
(69.95957400356546 -2.0321240632783595 0.0)
(69.64658275460339 -2.3552159857973543 0.0)
(69.379106733965 -2.6128290981193287 0.0)
(69.15880645224397 -2.8038559150010114 0.0)
(68.97815231428832 -2.9285383006741266 0.0)
(68.83655408725794 -2.991547178795872 0.0)
(68.75573480020506 -2.9942720588452736 0.0)
(68.72270933993973 -2.940889624988409 0.0)
(68.70201817290808 -2.835372509172436 0.0)
(68.68258788068584 -2.6806012245701063 0.0)
(68.65532176924827 -2.4843070343876636 0.0)
(68.59237407435077 -2.2527608247394744 0.0)
(68.44955785257164 -1.9938926321282942 0.0)
(68.16330631003042 -1.717778095308805 0.0)
(67.63798057827316 -1.4339975694298555 0.0)
(66.72273491072694 -1.153581377341602 0.0)
(65.17203607607792 -0.8860096293654964 0.0)
(62.56492493683541 -0.640424530913301 0.0)
(58.11250298704832 -0.4240452621612772 0.0)
(50.10566647388273 -0.2478473117779377 0.0)
(33.98862987648915 -0.05618174992209449 0.0)
(69.46229376683397 3.798071511750219e-5 0.0)
(69.46334893471715 0.00011859367692869377 0.0)
(69.46346174231459 0.0002164214140182201 0.0)
(69.46361799839448 0.0003446679172365812 0.0)
(69.46382326520924 0.0005108365871222758 0.0)
(69.46407327910883 0.0007452551491254908 0.0)
(69.4643041092903 0.0011400116578019585 0.0)
(69.46437711157952 0.0018511879272109328 0.0)
(69.46413188616785 0.0030644166490977564 0.0)
(69.46342466049822 0.0050282028626720664 0.0)
(69.46203717749202 0.008127956233904957 0.0)
(69.45965350039587 0.01289905278522549 0.0)
(69.45595707524595 0.019897672593453354 0.0)
(69.45079697126197 0.029614874724356664 0.0)
(69.4441103490188 0.042498038447022074 0.0)
(69.43580219949574 0.058900334521749705 0.0)
(69.42574898513524 0.0788984715155859 0.0)
(69.41389264513107 0.10219012921222805 0.0)
(69.40015962564478 0.12832134046301802 0.0)
(69.38430284039318 0.15693473250582154 0.0)
(69.36601515982913 0.18772894276909746 0.0)
(69.34503382126756 0.22029385292226225 0.0)
(69.32069608842588 0.25452444276186703 0.0)
(69.29305124849361 0.29073010474527194 0.0)
(69.25553684089859 0.3300023188570913 0.0)
(69.22823450809858 0.33089962254253047 0.0)
(69.18061993988036 0.3633987538840841 0.0)
(69.13224943576068 0.39937279726158875 0.0)
(69.07793297149931 0.4399108840260886 0.0)
(69.0167331929162 0.4868738747502848 0.0)
(68.94819527043468 0.5421691665810395 0.0)
(68.87185493869424 0.6092164063758425 0.0)
(68.78861436013473 0.69193908810364 0.0)
(68.70088015946747 0.7959823702494727 0.0)
(68.6140181131903 0.9229318195025282 0.0)
(68.53245145238833 1.0773492975323877 0.0)
(68.46700933387638 1.2562250516912161 0.0)
(68.42351533339456 1.4593652928040088 0.0)
(68.41204024440933 1.6787592457854408 0.0)
(68.4388349538913 1.9046787611427027 0.0)
(68.50780739305657 2.1250739166693426 0.0)
(68.62160924596753 2.3276797604750605 0.0)
(68.77752495632109 2.501302900661599 0.0)
(68.97205096797181 2.6362517525434654 0.0)
(69.20051052742582 2.722342009485254 0.0)
(69.45584728703095 2.75318261842841 0.0)
(69.73200034344917 2.7234445084294148 0.0)
(70.02103431258436 2.627169735900412 0.0)
(70.31546797028612 2.4648810992026466 0.0)
(70.6077089099863 2.230898350304009 0.0)
(70.88958762032344 1.9284835919703691 0.0)
(71.15806869508346 1.5555908791610782 0.0)
(71.40909543008783 1.1167449468386321 0.0)
(71.62730541976758 0.614870612934902 0.0)
(72.15827001780373 0.21739325528743741 0.0)
(72.09207573421986 -0.18649714819084245 0.0)
(71.30538956524512 -0.6485418689034629 0.0)
(70.8435974025762 -1.1808303423118296 0.0)
(70.41502206969338 -1.6372147725044603 0.0)
(70.03699741483534 -2.0280265139125477 0.0)
(69.70730758629895 -2.3521005994283297 0.0)
(69.42486371114106 -2.6104046018724936 0.0)
(69.1914611579917 -2.8020905511614385 0.0)
(69.00985087225934 -2.927546608271821 0.0)
(68.86782568935068 -2.9910671299751534 0.0)
(68.76570033502118 -2.9937648352631987 0.0)
(68.7217310644485 -2.9407006510199216 0.0)
(68.72027599842646 -2.836121203793237 0.0)
(68.72690873343035 -2.682554435231412 0.0)
(68.72826056902109 -2.487522870555808 0.0)
(68.71521556246049 -2.2576601005208214 0.0)
(68.66174406114598 -2.001215532729561 0.0)
(68.52662982129323 -1.7283168918528684 0.0)
(68.25272316380175 -1.4488431663686825 0.0)
(67.75550529071675 -1.1737921855555455 0.0)
(66.90476553410365 -0.9128461998030555 0.0)
(65.49105402854063 -0.6748514197987397 0.0)
(63.153058760751165 -0.4673936903395928 0.0)
(59.18044995037338 -0.29404366999996495 0.0)
(51.822889241858526 -0.16282448380610734 0.0)
(35.69026042028035 -0.03238573637629226 0.0)
(69.4632822527344 3.8572588972345235e-5 0.0)
(69.46334971255472 0.0001205199611214108 0.0)
(69.46346297955313 0.00022008937684354823 0.0)
(69.46362231612703 0.0003506151501249875 0.0)
(69.46383253696685 0.0005197881272473032 0.0)
(69.46408537453179 0.0007598665008370306 0.0)
(69.46431732436052 0.0011685748606985167 0.0)
(69.46440117155647 0.0019106100280693536 0.0)
(69.46419207585781 0.0031812102370793512 0.0)
(69.46355467988803 0.005243762985723128 0.0)
(69.46227787818214 0.008509410908918774 0.0)
(69.46006613200038 0.01354748754264912 0.0)
(69.45663583655664 0.02094435332295313 0.0)
(69.45186028056341 0.03121799374396811 0.0)
(69.44568366665061 0.04485215880292337 0.0)
(69.43800993993808 0.06224521889738122 0.0)
(69.42870629410926 0.08351149930955125 0.0)
(69.41767693672642 0.10837804728925343 0.0)
(69.40477758061353 0.13644568003031898 0.0)
(69.38972853607976 0.16744375071669118 0.0)
(69.37220266432466 0.20113520434836119 0.0)
(69.35160801398553 0.23726322509430836 0.0)
(69.32769595246589 0.27579865299970135 0.0)
(69.29591762055028 0.3172815955100258 0.0)
(69.27067911738303 0.3217481870064825 0.0)
(69.2280897767297 0.3567597241688651 0.0)
(69.18370321194783 0.395187320403905 0.0)
(69.13346946904687 0.43772128672772415 0.0)
(69.07664889531341 0.486248733557193 0.0)
(69.01296310843117 0.5425367178020193 0.0)
(68.94153429732852 0.6094706919278301 0.0)
(68.86337802387042 0.6897939755642335 0.0)
(68.7799019839704 0.7891025065559656 0.0)
(68.695979002749 0.9097051047743745 0.0)
(68.61530093386214 1.0560578737048476 0.0)
(68.5476650860883 1.226304138612505 0.0)
(68.4999571055962 1.419277434849153 0.0)
(68.48136618454969 1.6303821450866542 0.0)
(68.5001830052609 1.8496593016451939 0.0)
(68.56072931355098 2.0668218913197873 0.0)
(68.66762740206569 2.2683922731817394 0.0)
(68.81934340985165 2.4426907287912436 0.0)
(69.01277017486312 2.5802292834089466 0.0)
(69.2435832066314 2.670516193962475 0.0)
(69.50438019920253 2.7066534844559347 0.0)
(69.78839928429565 2.6827491677969557 0.0)
(70.0873490065403 2.591649336469392 0.0)
(70.39251485629671 2.4342057973143487 0.0)
(70.6955699428513 2.204258869877558 0.0)
(70.98725977963801 1.905162990063425 0.0)
(71.26323822722856 1.534744086782941 0.0)
(71.51711661878224 1.0975222863459615 0.0)
(71.7289404200528 0.5979906123857993 0.0)
(72.2253217641234 0.20976620546212052 0.0)
(72.16774194217663 -0.1799681995098771 0.0)
(71.42006671843244 -0.6338368236201563 0.0)
(70.95767588200933 -1.1704053957508518 0.0)
(70.51469700632856 -1.6302999510732303 0.0)
(70.11917899691605 -2.023089548325648 0.0)
(69.77239628176821 -2.3483614248852107 0.0)
(69.4742849458993 -2.6075106663785066 0.0)
(69.2270091281905 -2.799787352533705 0.0)
(69.03338830366197 -2.9258773799418196 0.0)
(68.89158607457699 -2.9901038185200037 0.0)
(68.7899037843735 -2.993335733927802 0.0)
(68.72569153946735 -2.940240274926079 0.0)
(68.71417071940174 -2.835947301405363 0.0)
(68.74010445588823 -2.6832528795442943 0.0)
(68.76768214331659 -2.4892987489337957 0.0)
(68.783550005862 -2.260506370977081 0.0)
(68.77927965192244 -2.0054221259163256 0.0)
(68.730749993774 -1.7344342527891068 0.0)
(68.60173217028819 -1.4574489091753924 0.0)
(68.34321630671536 -1.185521405445827 0.0)
(67.88525064079616 -0.9281256144363553 0.0)
(67.12361928152428 -0.6942810288261022 0.0)
(65.89514236836861 -0.4910742362814948 0.0)
(63.91517278333341 -0.32228937162333443 0.0)
(60.54575737530593 -0.19014520690831163 0.0)
(53.92044219395514 -0.09739199706251879 0.0)
(37.4970551922116 -0.015935102950672745 0.0)
(69.46328337539117 3.91693102647122e-5 0.0)
(69.46335049358 0.0001224563446862968 0.0)
(69.46346432438679 0.00022375092852229404 0.0)
(69.46362704085611 0.00035652414345422543 0.0)
(69.46384253017496 0.000528732958932966 0.0)
(69.46409816513778 0.0007746552556399285 0.0)
(69.46433134603839 0.0011976368560507244 0.0)
(69.4644276306471 0.0019709538092143636 0.0)
(69.46425847715528 0.003299700056409755 0.0)
(69.46369655820271 0.005462768969035468 0.0)
(69.46253923133759 0.008897576978053854 0.0)
(69.46051540830936 0.014207439411275138 0.0)
(69.45737822339593 0.022009337652500655 0.0)
(69.45302496147806 0.03284957094481543 0.0)
(69.44740756195274 0.047250802573011993 0.0)
(69.44043492852735 0.06566045730266523 0.0)
(69.43197181814888 0.08823653631409632 0.0)
(69.42188743314287 0.11474871629775711 0.0)
(69.40998852014572 0.14486761300749615 0.0)
(69.39597705057963 0.17841146890110235 0.0)
(69.37933892487935 0.2152723913794766 0.0)
(69.35954920388293 0.2553451522066662 0.0)
(69.33351545977416 0.2986375301764043 0.0)
(69.31119433414656 0.3066515838000594 0.0)
(69.27402200418298 0.3437672249631174 0.0)
(69.23465601856232 0.38423630158621835 0.0)
(69.18889341351742 0.4289656037284896 0.0)
(69.13719886127807 0.478760682321989 0.0)
(69.07855655853248 0.5360005309417317 0.0)
(69.01282247126082 0.6027103831373931 0.0)
(68.93993417801664 0.6818014738769694 0.0)
(68.86172629674861 0.7768287753675032 0.0)
(68.78138733993565 0.8915509667488245 0.0)
(68.70307868707313 1.0295255496156939 0.0)
(68.63441277750408 1.1915756776188702 0.0)
(68.58369537902924 1.374776124804872 0.0)
(68.55893146360381 1.577016521711265 0.0)
(68.5701085096445 1.788559163345552 0.0)
(68.62212633362587 2.001170647825784 0.0)
(68.72100175136545 2.2014896701561515 0.0)
(68.86691872820464 2.376620585837006 0.0)
(69.05739935437755 2.516823919792418 0.0)
(69.2887216624537 2.6112418262602852 0.0)
(69.55335271831464 2.6526956815418634 0.0)
(69.84376113625284 2.635137830923857 0.0)
(70.15143848053994 2.550178052261687 0.0)
(70.46648616876729 2.398565797756081 0.0)
(70.77973804702569 2.1735841931075943 0.0)
(71.08076825838019 1.8784812230203245 0.0)
(71.36360695725216 1.5112491421124365 0.0)
(71.61930247623697 1.076484670829051 0.0)
(71.82359977363622 0.5808263620002001 0.0)
(72.2834642946188 0.2020666664395353 0.0)
(72.23464628268275 -0.1732397084858972 0.0)
(71.53187212287799 -0.6181669383559548 0.0)
(71.0733810386324 -1.158481444107901 0.0)
(70.61827307127214 -1.6220669644578187 0.0)
(70.20589712663237 -2.0172076492057083 0.0)
(69.84183012100017 -2.3438557608272723 0.0)
(69.52746274040048 -2.604006275959005 0.0)
(69.26555649543747 -2.796983930951558 0.0)
(69.05914176127114 -2.923722441013404 0.0)
(68.90638916600325 -2.9885153028096036 0.0)
(68.80595758171556 -2.9924704507218562 0.0)
(68.74310862858125 -2.9398532374575734 0.0)
(68.71264259688854 -2.8355243984541936 0.0)
(68.72936828148056 -2.683115815806771 0.0)
(68.77602285249601 -2.4899246064455336 0.0)
(68.81801735097632 -2.2620686231448404 0.0)
(68.84276442257486 -2.0079057468129577 0.0)
(68.84220594938971 -1.738023181255708 0.0)
(68.79584300525524 -1.4624556690041735 0.0)
(68.6736579514993 -1.1922027518540252 0.0)
(68.43684003945891 -0.9367557623018345 0.0)
(68.0332459268165 -0.705150058720892 0.0)
(67.3906844223016 -0.5042309603454699 0.0)
(66.40193801882522 -0.3374585726951764 0.0)
(64.85439690485937 -0.20710817724108982 0.0)
(62.146060129677 -0.1117657809493052 0.0)
(56.18145207401071 -0.0499989593627049 0.0)
(39.019214490265 -0.00615080350394401 0.0)
(69.46328452084147 3.977081134582249e-5 0.0)
(69.46335129850146 0.00012440112257064174 0.0)
(69.46346577844511 0.0002273972637160029 0.0)
(69.46363218074194 0.00036237754132148535 0.0)
(69.46385323572221 0.0005376566410500009 0.0)
(69.46411168078549 0.0007896179489424938 0.0)
(69.46434636484808 0.0012271675426680374 0.0)
(69.46445696703944 0.0020320836924951854 0.0)
(69.46433184379462 0.0034195891290634594 0.0)
(69.46385139386763 0.005684719425086493 0.0)
(69.46282270901568 0.009291438036236454 0.0)
(69.46100379706607 0.014876962416276144 0.0)
(69.45818792077272 0.02308917334913864 0.0)
(69.4542965553152 0.03450429421564441 0.0)
(69.44929119155812 0.049686371795150744 0.0)
(69.44309313832969 0.06913473437007286 0.0)
(69.43557352934651 0.09305916634717977 0.0)
(69.426577789867 0.12128505630647003 0.0)
(69.41588078844258 0.15356189552638472 0.0)
(69.40309144371261 0.1898245080134965 0.0)
(69.38761256861918 0.23014516415036848 0.0)
(69.36721464043804 0.27446845363027467 0.0)
(69.34835973313993 0.2861375408970419 0.0)
(69.3170459431824 0.32477420539209656 0.0)
(69.28326837337106 0.3666711409471557 0.0)
(69.24289536364853 0.41313391393808335 0.0)
(69.19671975652975 0.4643611265190851 0.0)
(69.14377664071877 0.5222708511504485 0.0)
(69.08406954109519 0.5886357601449735 0.0)
(69.0171049009594 0.6665507682380221 0.0)
(68.94476522258151 0.7583784000309047 0.0)
(68.8689809856407 0.8678487021618402 0.0)
(68.79407692484777 0.9977870338170077 0.0)
(68.72593860813686 1.1511137993990073 0.0)
(68.673306715293 1.3250450154744358 0.0)
(68.64362414694592 1.5182441953149084 0.0)
(68.64755648675325 1.72177131131599 0.0)
(68.69127082350681 1.9283183646363669 0.0)
(68.78140271201133 2.126374961308988 0.0)
(68.92009319478768 2.3021421792923404 0.0)
(69.1057831723953 2.445280878913678 0.0)
(69.33555296500974 2.5442243132430202 0.0)
(69.60219703489011 2.59107270012537 0.0)
(69.89734352172246 2.580100990855593 0.0)
(70.21234121618636 2.502015233202866 0.0)
(70.5361823496277 2.3571952226944632 0.0)
(70.85875360666718 2.1383179553557645 0.0)
(71.16846035766338 1.8481068504324398 0.0)
(71.45741873050783 1.4850233413954448 0.0)
(71.71394833734368 1.0538152706070534 0.0)
(71.90999591981073 0.5636666676035369 0.0)
(72.33257199697918 0.1944334861637036 0.0)
(72.29256670002329 -0.16648239351867236 0.0)
(71.63939212524907 -0.6017059170393255 0.0)
(71.1894657549903 -1.14485178163164 0.0)
(70.72501922425388 -1.6123942057248741 0.0)
(70.29681319987326 -2.0101937123314304 0.0)
(69.91551454153304 -2.3385144061487138 0.0)
(69.58443456290557 -2.5998130386778278 0.0)
(69.30720293052711 -2.7936528105619556 0.0)
(69.08721683517612 -2.9210735572813875 0.0)
(68.9227530287343 -2.986409934875049 0.0)
(68.81243732081334 -2.9909629801156665 0.0)
(68.75176869406957 -2.9390591762240166 0.0)
(68.72357338736549 -2.8351633542192127 0.0)
(68.72291678980034 -2.6827403700025 0.0)
(68.76123345163761 -2.4898048018570638 0.0)
(68.82166651679779 -2.262627139801946 0.0)
(68.87213187813443 -2.009239534171783 0.0)
(68.90040098388334 -1.7400767398337773 0.0)
(68.9000459284086 -1.4652993026876218 0.0)
(68.85509441448325 -1.1961044497185287 0.0)
(68.74290167358758 -0.9416958195088767 0.0)
(68.53666680606419 -0.7111343894640553 0.0)
(68.20526513689175 -0.5113950820633216 0.0)
(67.71278975006925 -0.3454495164572373 0.0)
(67.00128771044739 -0.21567896591985078 0.0)
(65.90067634096313 -0.120813804678606 0.0)
(63.777040369569036 -0.05649638051405354 0.0)
(58.12524435778847 -0.020049543484434933 0.0)
(39.9402257206596 -0.0015135773974344457 0.0)
(69.46328570831186 4.0377112868672955e-5 0.0)
(69.46335212760118 0.00012635235629100143 0.0)
(69.46346735313878 0.00023101890468405254 0.0)
(69.46363772871157 0.00036815642679730975 0.0)
(69.46386463861394 0.0005465431664477305 0.0)
(69.46412595400959 0.0008047473281533599 0.0)
(69.4643625987795 0.001257123857955775 0.0)
(69.46448968377359 0.0020938349986694984 0.0)
(69.4644130573315 0.0035405449928334054 0.0)
(69.46402025129208 0.005909003033068781 0.0)
(69.46312996472258 0.009689854968852503 0.0)
(69.46153368112391 0.01555374934018372 0.0)
(69.45906842181675 0.02417982113361051 0.0)
(69.45568078698271 0.03617604980888871 0.0)
(69.45134494941651 0.052149453250826906 0.0)
(69.44600376633747 0.07265459500850366 0.0)
(69.43954608084297 0.09796074954465672 0.0)
(69.43180634382965 0.12796045684022456 0.0)
(69.42250719280706 0.162497618283493 0.0)
(69.41115859064604 0.20166780357667408 0.0)
(69.39618540649931 0.24567503098996735 0.0)
(69.38099688291018 0.26083008457207457 0.0)
(69.35597880235113 0.30046011525361016 0.0)
(69.32788216533756 0.3432523210358897 0.0)
(69.2938847374337 0.3904367094133269 0.0)
(69.25349799900718 0.44287939284362926 0.0)
(69.20714699410965 0.5012406764887276 0.0)
(69.15359359060038 0.567437775686035 0.0)
(69.09343606087951 0.6436117037254532 0.0)
(69.0272708729093 0.732870742229975 0.0)
(68.95728429815755 0.8375932635851077 0.0)
(68.88646315799018 0.9607550498061025 0.0)
(68.82057913718953 1.1048719670947331 0.0)
(68.76712699474018 1.2695834050847692 0.0)
(68.73402991390019 1.4533260167745268 0.0)
(68.73132542556061 1.6490559444574802 0.0)
(68.76707651835905 1.8487725303515508 0.0)
(68.84813374870508 2.0432416170711694 0.0)
(68.9784355168178 2.2187784264754984 0.0)
(69.15768896993853 2.3646463514406966 0.0)
(69.38372661237929 2.4687450338175934 0.0)
(69.65031607039425 2.5214597121667603 0.0)
(69.94833177243123 2.51740706711785 0.0)
(70.26901752247248 2.446750483904264 0.0)
(70.60035827879773 2.3094711106124115 0.0)
(70.93113375743073 2.097851422488079 0.0)
(71.24866186668194 1.8136735592194848 0.0)
(71.54290310456186 1.4559792335985802 0.0)
(71.7993878124833 1.029585329196053 0.0)
(71.9869342860421 0.5468402654987126 0.0)
(72.37259036175736 0.1871113893855596 0.0)
(72.34138451851061 -0.1598075440606127 0.0)
(71.74121498058577 -0.5845927907564615 0.0)
(71.30453176164173 -1.1294221624945209 0.0)
(70.83402031578835 -1.6009041318011772 0.0)
(70.39144745015182 -2.001806351673501 0.0)
(69.99325923840912 -2.3321225261864 0.0)
(69.64518227489293 -2.594837078448099 0.0)
(69.35202725792314 -2.7896474044408306 0.0)
(69.11771289798051 -2.9179321984915805 0.0)
(68.94075855896102 -2.9838679891036413 0.0)
(68.81983421077904 -2.988970969269496 0.0)
(68.75039105563185 -2.937638209759217 0.0)
(68.72517727435427 -2.8344045716419557 0.0)
(68.72769593403216 -2.6824099695702546 0.0)
(68.75048535491706 -2.48947682977851 0.0)
(68.8034030312016 -2.2625109739508003 0.0)
(68.87128687269346 -2.0096786692843116 0.0)
(68.92446039145925 -1.7411459472387438 0.0)
(68.95223418215971 -1.4669180760416396 0.0)
(68.950403234196 -1.1982439050528622 0.0)
(68.90799146670088 -0.9446287013799876 0.0)
(68.81070294178154 -0.7146827734468444 0.0)
(68.64529606788747 -0.5153303525964622 0.0)
(68.40272359904866 -0.3497110771060071 0.0)
(68.076360658185 -0.22004443012047245 0.0)
(67.63322837990552 -0.12512406909486476 0.0)
(66.89882485455409 -0.060660754715976435 0.0)
(65.1011341251744 -0.022512556814978116 0.0)
(59.34209135433865 -0.005102717987237888 0.0)
(40.279541538080395 -0.00010746137677087908 0.0)
(69.46328693623609 4.098821376875847e-5 0.0)
(69.46335299271908 0.0001283079828224697 0.0)
(69.4634690505064 0.00023460554051906487 0.0)
(69.46364367493132 0.00037384057213095287 0.0)
(69.4638767137304 0.0005553745929745692 0.0)
(69.46414101705527 0.0008200307608093958 0.0)
(69.46438026859613 0.001287446815691276 0.0)
(69.46452639389655 0.002156017796293376 0.0)
(69.4645029172679 0.00366216462259435 0.0)
(69.46420434726987 0.006134946351855924 0.0)
(69.46346263578145 0.010091487338650378 0.0)
(69.46210735083667 0.016235132276640706 0.0)
(69.46002319301924 0.025276708963985567 0.0)
(69.45718378879043 0.03785743344902814 0.0)
(69.45358106704134 0.05462902085324611 0.0)
(69.44918926432679 0.07620344404864844 0.0)
(69.44392638378808 0.10291658489926846 0.0)
(69.43761764292599 0.13474071934954832 0.0)
(69.42991865154525 0.17164237989207642 0.0)
(69.41991860816596 0.21387892873233225 0.0)
(69.40835264936001 0.2317137554240799 0.0)
(69.38970098072616 0.27163052333564636 0.0)
(69.3673684834112 0.31483579066482414 0.0)
(69.34007033891248 0.3619845255281691 0.0)
(69.3060925165289 0.4146227910093733 0.0)
(69.26671226227413 0.473090924902141 0.0)
(69.21999407883384 0.5390412017951909 0.0)
(69.16701657430455 0.6135473754134989 0.0)
(69.10769396446585 0.6999678133051106 0.0)
(69.04432419296239 0.8002200331754541 0.0)
(68.97854761372659 0.9175170550448781 0.0)
(68.9162539022407 1.053105859479526 0.0)
(68.863377027035 1.2084373098262593 0.0)
(68.82828622833266 1.3821926751352347 0.0)
(68.8200668648159 1.5697245013687084 0.0)
(68.84822518912544 1.7625956867842851 0.0)
(68.92020255265219 1.9525517624063478 0.0)
(69.04118792825113 2.126830762785638 0.0)
(69.21263931765648 2.27451788640056 0.0)
(69.43288279855017 2.383906286236382 0.0)
(69.69714272588851 2.443194968473412 0.0)
(69.99593671948588 2.446686154306857 0.0)
(70.32039639924487 2.384214155447675 0.0)
(70.65773768070173 2.2550720872788967 0.0)
(70.99539606851619 2.051757831921693 0.0)
(71.31971855181914 1.774803373814304 0.0)
(71.61833298613725 1.4239760175331002 0.0)
(71.87405127183256 1.0039640830534693 0.0)
(72.05335423572862 0.5305584033354968 0.0)
(72.40351277556063 0.18020962354983838 0.0)
(72.38105510837778 -0.15348769167663603 0.0)
(71.83596092568129 -0.5670288543137567 0.0)
(71.41704872733806 -1.112065925278661 0.0)
(70.94419395472737 -1.587392719255093 0.0)
(70.48916756061408 -1.9917160348988512 0.0)
(70.07476617934891 -2.3244109072548462 0.0)
(69.70962447139502 -2.5888411093981403 0.0)
(69.40006148183518 -2.784891285008038 0.0)
(69.15072976486537 -2.9141754305783114 0.0)
(68.96051650456967 -2.9808196161486644 0.0)
(68.82822138350825 -2.986560911933675 0.0)
(68.74931407691443 -2.9357757022154547 0.0)
(68.71644599003876 -2.8330597836705027 0.0)
(68.72261317968233 -2.681725507552281 0.0)
(68.74950259819876 -2.489167336825697 0.0)
(68.7889639346791 -2.2622453987009856 0.0)
(68.85015365464538 -2.0095977859263114 0.0)
(68.919251348884 -1.7415364586683983 0.0)
(68.97053535329853 -1.4678229458258802 0.0)
(68.99546962497962 -1.199542821091237 0.0)
(68.99203424063846 -0.9462175114275712 0.0)
(68.95463665218718 -0.7165845947318281 0.0)
(68.87794811209879 -0.5174736124029933 0.0)
(68.76177255998066 -0.35196984894201594 0.0)
(68.61335295417533 -0.22226484616263134 0.0)
(68.4374631374814 -0.12719426154041139 0.0)
(68.19621918309626 -0.06235335051418352 0.0)
(67.65866030076114 -0.02413087243266497 0.0)
(65.90791131029705 -0.005831625564355645 0.0)
(59.82678218366985 -0.00040342959180122057 0.0)
(40.22541567488574 -1.765332422925435e-6 0.0)
(69.46328821407216 4.1604121675622286e-5 0.0)
(69.46335389847299 0.00013026570812768592 0.0)
(69.46347087637058 0.0002381462250735405 0.0)
(69.46365000294247 0.000379408456529095 0.0)
(69.46388942245828 0.0005641304833274119 0.0)
(69.4641568793063 0.0008354485761868666 0.0)
(69.46439968932557 0.0013180634697177545 0.0)
(69.46456761560103 0.00221839513223378 0.0)
(69.46460233295741 0.0037840040986853556 0.0)
(69.46440484409311 0.006361761577147011 0.0)
(69.4638223281206 0.010494793289418337 0.0)
(69.46272708991667 0.016918130579573684 0.0)
(69.46105564274706 0.0263744141692893 0.0)
(69.45881249176853 0.039539916201531265 0.0)
(69.4560134341165 0.057111785839700724 0.0)
(69.45267314822297 0.07976072636342373 0.0)
(69.4487461718642 0.10789603618216595 0.0)
(69.44404805285342 0.14158720711661288 0.0)
(69.43830201064094 0.1809428076094363 0.0)
(69.43013433720668 0.2003375794283984 0.0)
(69.41739201280758 0.23944658602670274 0.0)
(69.40089383595978 0.2822878097807771 0.0)
(69.3800459592938 0.329006755240987 0.0)
(69.35315148893082 0.3807912241677089 0.0)
(69.32067063785234 0.43860318181298086 0.0)
(69.28174186166474 0.5035660168490863 0.0)
(69.23594529747723 0.5768014892723207 0.0)
(69.18445684967563 0.6600724184499642 0.0)
(69.12796739905178 0.756060570849368 0.0)
(69.06860090434049 0.8673222398703679 0.0)
(69.01069545219316 0.9956109981356814 0.0)
(68.96016145877094 1.1416739034379486 0.0)
(68.92420356355157 1.3055400117291511 0.0)
(68.91211423073605 1.4836875075193867 0.0)
(68.93321555021262 1.6695490026061592 0.0)
(68.99640095121438 1.8544112892250795 0.0)
(69.10738432875978 2.0268108253123955 0.0)
(69.26983710634299 2.1753267627740853 0.0)
(69.48253339793885 2.289296442135381 0.0)
(69.7421081497341 2.3555881885010557 0.0)
(70.03946582508527 2.3672806573198684 0.0)
(70.36546715553968 2.314138581899015 0.0)
(70.70707027383264 2.1938592555005227 0.0)
(71.05009087645398 1.9998721620645326 0.0)
(71.38003789062492 1.7313355116084042 0.0)
(71.68208562466918 1.388952655229375 0.0)
(71.93650921574928 0.977021397767739 0.0)
(72.10833171007084 0.5150783076653607 0.0)
(72.4253488209865 0.17380781566061232 0.0)
(72.41158198884965 -0.14772962097800013 0.0)
(71.92233231273806 -0.5493385158303156 0.0)
(71.5253847456198 -1.0927260614610612 0.0)
(71.05427499229727 -1.5715475292494467 0.0)
(70.58919019225952 -1.9795908283585468 0.0)
(70.15962335534707 -2.3150942119972315 0.0)
(69.7776004606773 -2.5816001337770333 0.0)
(69.45130552185091 -2.7791741052725127 0.0)
(69.18633858521373 -2.9097126136263207 0.0)
(68.98212821432814 -2.9772131858180453 0.0)
(68.83770006204436 -2.9836921223384856 0.0)
(68.7486060579991 -2.9335084819871518 0.0)
(68.70744342680511 -2.8312988766603198 0.0)
(68.7070823886181 -2.6804898974362237 0.0)
(68.73819030107538 -2.4885318077046317 0.0)
(68.78256872423212 -2.261955897028731 0.0)
(68.83267486685604 -2.009370135921462 0.0)
(68.89589427429244 -1.741401805728717 0.0)
(68.96104378548563 -1.4680342861145932 0.0)
(69.007407322423 -1.2000676746618955 0.0)
(69.02840877995207 -0.9470471428636105 0.0)
(69.0242869114584 -0.7175016636808028 0.0)
(68.99497126182115 -0.5186068774324138 0.0)
(68.94282211781905 -0.3531356626626932 0.0)
(68.87667671127507 -0.22336694286386438 0.0)
(68.80829249139168 -0.12817408202783762 0.0)
(68.73722472388093 -0.06337418532396577 0.0)
(68.59955497651147 -0.024636229307636315 0.0)
(68.10911094175627 -0.006338852094536861 0.0)
(66.24815734553594 -0.000545516605810927 0.0)
(59.83238029659031 -1.6708025333594028e-5 0.0)
(40.259256591920604 -6.1802416047250884e-6 0.0)
(69.46328954348685 4.222481066092103e-5 0.0)
(69.46335485562089 0.00013222309027675504 0.0)
(69.46347283722666 0.00024162943503792968 0.0)
(69.46365668666597 0.00038483721826840066 0.0)
(69.46390269039728 0.0005727873719009752 0.0)
(69.46417362143357 0.0008509755503796249 0.0)
(69.46442107611571 0.0013488731756307517 0.0)
(69.46461397566235 0.0022807012408828024 0.0)
(69.4647121168448 0.0039055461044077574 0.0)
(69.46462283243643 0.006588544340269085 0.0)
(69.46421066736269 0.01089806056181939 0.0)
(69.46339500555862 0.01759925495589822 0.0)
(69.46216942900847 0.027466816719036582 0.0)
(69.46057452272817 0.04121342205294137 0.0)
(69.4586564892498 0.05958175773758364 0.0)
(69.456476742459 0.08330180112467657 0.0)
(69.45403156275506 0.11286356251792885 0.0)
(69.45162136236462 0.14845129904445836 0.0)
(69.44646081401812 0.1684160464280766 0.0)
(69.4388310845434 0.20556238877155178 0.0)
(69.42786747175438 0.2468969931072953 0.0)
(69.41308120807754 0.2925303684929288 0.0)
(69.39335758489675 0.34289409351506667 0.0)
(69.36787721515564 0.3991437915323632 0.0)
(69.3370044216114 0.46214160927818465 0.0)
(69.29881394922519 0.5335976914717819 0.0)
(69.25556541659238 0.6139035855545452 0.0)
(69.20652914228404 0.7057120908962669 0.0)
(69.15446939780725 0.8107560587680085 0.0)
(69.10190603892389 0.9320203162546657 0.0)
(69.0552242673236 1.0692867024105537 0.0)
(69.01965974197775 1.2237864533115481 0.0)
(69.00532463302197 1.3918640254119123 0.0)
(69.02038371148463 1.5698336563901871 0.0)
(69.07524382272345 1.748895582284639 0.0)
(69.17597835521522 1.9188469579820406 0.0)
(69.32827452081519 2.0677691132556246 0.0)
(69.53199225314061 2.1852498430176786 0.0)
(69.78457216884695 2.2584550517194963 0.0)
(70.07828381088757 2.2785873095083935 0.0)
(70.40335935179537 2.2360069928726336 0.0)
(70.74721272769828 2.1256084108645124 0.0)
(71.09387769458826 1.9421439906592253 0.0)
(71.42814410367973 1.683355388584473 0.0)
(71.73269202279803 1.3509801671869703 0.0)
(71.98552515614215 0.9489630549020373 0.0)
(72.15109787976363 0.5006274070780236 0.0)
(72.43810379551373 0.1678802551027821 0.0)
(72.43298080089298 -0.1427365244142097 0.0)
(71.99912501385121 -0.5320076355869819 0.0)
(71.62784338572011 -1.0714184422830568 0.0)
(71.16283276694097 -1.5531548451163015 0.0)
(70.69055142954188 -1.9649688779828467 0.0)
(70.24728488789779 -2.303777091034785 0.0)
(69.84886459778629 -2.5727835036765923 0.0)
(69.50570397713246 -2.7722335168825416 0.0)
(69.22459430055402 -2.9043496552698604 0.0)
(69.00569855080916 -2.972919425449544 0.0)
(68.84838827658922 -2.9802743836732666 0.0)
(68.74835954392223 -2.930819927326407 0.0)
(68.69822800315377 -2.8291652899681 0.0)
(68.69075707100063 -2.6788733231751247 0.0)
(68.71651185803135 -2.4874004524813533 0.0)
(68.76546618012647 -2.261374234304909 0.0)
(68.82120619262045 -2.009096365742488 0.0)
(68.87594697060501 -1.7412634916238374 0.0)
(68.93605474666033 -1.4679326635484409 0.0)
(68.99375902753067 -1.2001915746474934 0.0)
(69.03323314372356 -0.9472140920512587 0.0)
(69.05000777757557 -0.7180939705527382 0.0)
(69.04663410202708 -0.5190158069431381 0.0)
(69.02699865965933 -0.3536883735226971 0.0)
(68.99877900561717 -0.22386741655075498 0.0)
(68.97280577652307 -0.12860088784898843 0.0)
(68.9576315916171 -0.06374373650803943 0.0)
(68.94124082556314 -0.02517686506923641 0.0)
(68.83554139613382 -0.006597137981685228 0.0)
(68.3131598846445 -0.0006749767904992315 0.0)
(66.28855252977407 -4.84022392971747e-5 0.0)
(59.86840642283446 -2.8673998507443905e-5 0.0)
(40.29687247801219 -6.436193985228318e-6 0.0)
(69.46329093157884 4.2850237208018e-5 0.0)
(69.46335587820317 0.00013417753346044774 0.0)
(69.46347493792476 0.0002450430952356164 0.0)
(69.4636636686724 0.0003901026932510529 0.0)
(69.46391650115181 0.000581320438099817 0.0)
(69.46419120823253 0.0008665721453950132 0.0)
(69.46444475933762 0.001379758414859034 0.0)
(69.46466601637735 0.002342622301059315 0.0)
(69.46483297712243 0.004026199387218224 0.0)
(69.46485937147833 0.006814291071389786 0.0)
(69.46462905055483 0.011299281656351395 0.0)
(69.46411327431849 0.018274632997229256 0.0)
(69.46336841724059 0.028546848773553127 0.0)
(69.46247775296061 0.04286606914466672 0.0)
(69.46152359216183 0.06202012729208785 0.0)
(69.46061789209286 0.08679805751277664 0.0)
(69.46053502983881 0.11777751589922678 0.0)
(69.45780002798705 0.13738240128721996 0.0)
(69.45435561047007 0.17171056001744037 0.0)
(69.44822436804579 0.21044010560296963 0.0)
(69.43898120087975 0.25388586596444024 0.0)
(69.42585842890385 0.3022431744685 0.0)
(69.40754378459307 0.35623352168803907 0.0)
(69.38430976134364 0.4165840222256655 0.0)
(69.35442533599928 0.4849948256707677 0.0)
(69.31911525227403 0.562248380824132 0.0)
(69.27855229403073 0.6496946850346464 0.0)
(69.23390127882463 0.7490811682231366 0.0)
(69.18813449450091 0.8627669177734486 0.0)
(69.14605552312922 0.9917054955545598 0.0)
(69.11270677439937 1.1368208126469264 0.0)
(69.09723285221382 1.2953413098065778 0.0)
(69.10791058145615 1.4642832183190824 0.0)
(69.15492755753432 1.636775145791324 0.0)
(69.24578992652276 1.803061374414185 0.0)
(69.38689556520644 1.9522398309220217 0.0)
(69.58041251928759 2.0724113488125866 0.0)
(69.82384658314096 2.1521915082993734 0.0)
(70.11172502759088 2.1805957333000774 0.0)
(70.43336872983227 2.149342994931545 0.0)
(70.77719132871871 2.049972069910636 0.0)
(71.12561497538202 1.8784305530263865 0.0)
(71.46273346920077 1.630980300070253 0.0)
(71.76889371415967 1.3102233147083302 0.0)
(72.0200921778388 0.9200811239033672 0.0)
(72.18104180214644 0.48739635489049976 0.0)
(72.44175699187569 0.16245392462299743 0.0)
(72.44525432131536 -0.13852296441456588 0.0)
(72.06527213397887 -0.5154987693423909 0.0)
(71.72270406081992 -1.0483240894235097 0.0)
(71.26828679629949 -1.5320941236400263 0.0)
(70.79211834883564 -1.947548012744305 0.0)
(70.33705798984509 -2.289987089555787 0.0)
(69.923072436558 -2.5619710195092855 0.0)
(69.56314347393453 -2.7637554089312517 0.0)
(69.265522841897 -2.897848728689952 0.0)
(69.03132723571922 -2.967770381473718 0.0)
(68.86040294541634 -2.9762313980030983 0.0)
(68.74869420980185 -2.927630676968553 0.0)
(68.68889153564542 -2.8266332544062838 0.0)
(68.67369081607586 -2.6769137518950483 0.0)
(68.69357617538003 -2.485921052502813 0.0)
(68.73829118922936 -2.260366905734306 0.0)
(68.7987902364537 -2.008558381001949 0.0)
(68.85971804913336 -1.7409510921057658 0.0)
(68.91402601466133 -1.467780915588096 0.0)
(68.96760488921362 -1.2001136498969096 0.0)
(69.01550825712785 -0.947440145225659 0.0)
(69.04691525940908 -0.7181305329242488 0.0)
(69.0596608062717 -0.5192427918038011 0.0)
(69.05728358275783 -0.3537525136644588 0.0)
(69.04662214602303 -0.22402711826719016 0.0)
(69.036792032416 -0.12872894671339352 0.0)
(69.0381273168653 -0.06387430818633934 0.0)
(69.05559523015074 -0.025330601711571848 0.0)
(69.06317543905615 -0.006746564586831121 0.0)
(68.95446675782458 -0.0007838749596799221 0.0)
(68.36087523059363 -9.386031833763547e-5 0.0)
(66.31811822022158 -5.059675553195413e-5 0.0)
(59.90540941395355 -2.93225385111458e-5 0.0)
(40.33522206576742 -6.4980064116960145e-6 0.0)
(69.46329238791144 4.348032345220307e-5 0.0)
(69.46335698142201 0.00013612625072880033 0.0)
(69.46347716064933 0.00024837466789704593 0.0)
(69.4636709533363 0.0003951810210435955 0.0)
(69.46393071238857 0.0005896981962570085 0.0)
(69.46420970873557 0.0008821915452982883 0.0)
(69.46447100783394 0.001410572711500813 0.0)
(69.46472420800346 0.0024037974014869904 0.0)
(69.46496556855796 0.0041453110260270655 0.0)
(69.46511521005674 0.007037819746573358 0.0)
(69.46507883471295 0.011696238109087076 0.0)
(69.46488407181602 0.0189398643569499 0.0)
(69.46465659422942 0.029606354206648797 0.0)
(69.46452956425965 0.04448409650201297 0.0)
(69.46462583282907 0.06440516665164563 0.0)
(69.4659843336021 0.09021662651748134 0.0)
(69.46493344819189 0.1084508175604408 0.0)
(69.46464770810304 0.139282434178054 0.0)
(69.4624409920102 0.17465638219372676 0.0)
(69.45798413199778 0.21486812195178268 0.0)
(69.45056859199983 0.2602705934083129 0.0)
(69.43906744597365 0.3113133968213848 0.0)
(69.4229825235227 0.3685445638847026 0.0)
(69.40150701810403 0.4330137034620288 0.0)
(69.37402024196935 0.5063400733118516 0.0)
(69.34230048008608 0.5890061586246309 0.0)
(69.30532531701489 0.6830669151913797 0.0)
(69.267335276474 0.7892145684083958 0.0)
(69.23058697494419 0.9098656882971169 0.0)
(69.20114065794948 1.045198215692017 0.0)
(69.18558751459038 1.1946163374245518 0.0)
(69.19367077397482 1.3539947627860736 0.0)
(69.23357018069329 1.519311299100979 0.0)
(69.31530542639102 1.6804187116734592 0.0)
(69.4446688014078 1.8290753789620815 0.0)
(69.62684054099034 1.9513861342198924 0.0)
(69.85931115408722 2.0373020181015926 0.0)
(70.13907710481902 2.0739695049342757 0.0)
(70.45493463836016 2.054069332959002 0.0)
(70.79621700268481 1.9668169664532122 0.0)
(71.1444218484579 1.808488906362559 0.0)
(71.48274982294231 1.5742703048515017 0.0)
(71.7897059423721 1.2667731801232704 0.0)
(72.03945634574266 0.8907113401458305 0.0)
(72.19770320746227 0.4755072445376029 0.0)
(72.43624588311317 0.15758556613061978 0.0)
(72.4483698910088 -0.1349726092283027 0.0)
(72.11985183327711 -0.5002788425625125 0.0)
(71.80827714841254 -1.0235868551930545 0.0)
(71.36893142743986 -1.5084149834545768 0.0)
(70.89258234653087 -1.9270047353664184 0.0)
(70.42808902583984 -2.273371714945947 0.0)
(69.999757891098 -2.5487191714612627 0.0)
(69.62344596207663 -2.753280908064731 0.0)
(69.30912312258756 -2.88985834235388 0.0)
(69.05910736638654 -2.9615317915215393 0.0)
(68.87388824540805 -2.971361923882436 0.0)
(68.74975102648553 -2.9238459683593256 0.0)
(68.67955722075644 -2.8236445906740575 0.0)
(68.65596771758112 -2.674609063799367 0.0)
(68.66942859678663 -2.4841426534842803 0.0)
(68.70946435592073 -2.2590493951306323 0.0)
(68.76684426499216 -2.007704538246891 0.0)
(68.83247279315103 -1.7404503367979032 0.0)
(68.89323839001753 -1.4675368197254475 0.0)
(68.94374548104777 -1.1999345072515224 0.0)
(68.9884871421285 -0.9471352434751352 0.0)
(69.02523540546426 -0.7181849149794541 0.0)
(69.04811794262505 -0.5193262481438916 0.0)
(69.05613505339362 -0.3536951029926219 0.0)
(69.05421974093818 -0.22365203757820246 0.0)
(69.0503451950846 -0.12851085154833264 0.0)
(69.05529392175748 -0.06387183718770749 0.0)
(69.08046288954179 -0.025398238353607175 0.0)
(69.12001551943835 -0.006849775859088983 0.0)
(69.13638175734411 -0.0008874801257489842 0.0)
(68.99796150900046 -0.00015142043158820006 0.0)
(68.3867708656261 -7.59868861629624e-5 0.0)
(66.34285878844965 -5.0105606030038716e-5 0.0)
(59.94266464066526 -2.927384698925176e-5 0.0)
(40.37417521237652 -6.699470537958162e-6 0.0)
(69.46329392226025 4.411492594569956e-5 0.0)
(69.46335816083558 0.0001380662472541165 0.0)
(69.46347955767344 0.00025161224792053796 0.0)
(69.46367842503189 0.00040004555733220504 0.0)
(69.46394527563982 0.0005978880158628315 0.0)
(69.46422912974027 0.0008977717273508098 0.0)
(69.46450005930748 0.0014411409884175794 0.0)
(69.4647890206739 0.002463827808140543 0.0)
(69.46511022277411 0.004262121295967971 0.0)
(69.46539095153636 0.007257823636343709 0.0)
(69.46556119690743 0.012086409946857652 0.0)
(69.46570959578976 0.019589942564687123 0.0)
(69.46603786240313 0.03063605493129615 0.0)
(69.46673608813224 0.04605177026449217 0.0)
(69.46891619120431 0.06671214951348729 0.0)
(69.46885637867456 0.08272157826744023 0.0)
(69.47064437611458 0.1094169923639499 0.0)
(69.47131289362754 0.1408646230596563 0.0)
(69.4706988627581 0.17718509104653785 0.0)
(69.46801332138618 0.21872441112232388 0.0)
(69.46239181047385 0.2659621250778097 0.0)
(69.45291158717079 0.3194215406646656 0.0)
(69.4391543129275 0.3796174888648715 0.0)
(69.41973217499896 0.44804545962776227 0.0)
(69.39626752268128 0.5254031174844066 0.0)
(69.36774695189013 0.613495283550418 0.0)
(69.3373911790049 0.7127650431869256 0.0)
(69.30734496986929 0.8248853870230834 0.0)
(69.28246439951019 0.9506128215306627 0.0)
(69.26862104830484 1.0902106225576684 0.0)
(69.27519458499843 1.2401792086470056 0.0)
(69.3094900074539 1.3975038569496918 0.0)
(69.38263260697956 1.5527099269729576 0.0)
(69.50055854549994 1.6991617193413666 0.0)
(69.67023636611877 1.8230170832427595 0.0)
(69.8904552008258 1.91420813649482 0.0)
(70.1596959185611 1.9595167946873564 0.0)
(70.467627481304 1.9505878784956083 0.0)
(70.80372104691227 1.8764369813994723 0.0)
(71.14970082241122 1.7322937890120953 0.0)
(71.48744870889514 1.513208363297282 0.0)
(71.79444570345095 1.2206346751510029 0.0)
(72.04311792020843 0.8610589011157769 0.0)
(72.20077207686492 0.46475613506257957 0.0)
(72.42144658800073 0.15345141099819384 0.0)
(72.44225172523876 -0.13185408938510923 0.0)
(72.16211008422525 -0.4865415399704315 0.0)
(71.88296869876046 -0.9974954810594294 0.0)
(71.46298619296122 -1.482164274982116 0.0)
(70.99046672469552 -1.903250612529234 0.0)
(70.51935335928339 -2.253546023353776 0.0)
(70.07831848978466 -2.5326487138767035 0.0)
(69.68634083815547 -2.74036450179958 0.0)
(69.35534914569035 -2.87996083288845 0.0)
(69.08912921145517 -2.9538553567984307 0.0)
(68.88898898100906 -2.965460843753331 0.0)
(68.7517009259346 -2.9192969210903255 0.0)
(68.6703856791354 -2.820096307670757 0.0)
(68.6377323778385 -2.671869913067321 0.0)
(68.64416579820268 -2.482043346772575 0.0)
(68.67902986846313 -2.2574779068927557 0.0)
(68.73290730044687 -2.006530754912472 0.0)
(68.79648230256771 -1.7397331773694305 0.0)
(68.86159452063379 -1.4670330814494121 0.0)
(68.91849487658942 -1.199696207075966 0.0)
(68.96268374352323 -0.9471230929177578 0.0)
(68.99732068981206 -0.717788261729184 0.0)
(69.02273739943553 -0.5191439596155213 0.0)
(69.03619384814591 -0.3536749140103109 0.0)
(69.03915061958676 -0.22379267120586413 0.0)
(69.03770746182573 -0.12831382220291657 0.0)
(69.04264089967975 -0.06356228771265499 0.0)
(69.06839418238195 -0.025419922148647873 0.0)
(69.11659462976517 -0.006937039195259532 0.0)
(69.17102923543096 -0.0009980938663845943 0.0)
(69.17393457949996 -0.00022269190845617017 0.0)
(69.02257604275208 -0.00010603023818177851 0.0)
(68.40376699344309 -7.240519911085752e-5 0.0)
(66.36673418435271 -4.915730096220135e-5 0.0)
(59.98007897931447 -2.9837137945394686e-5 0.0)
(40.413671131603344 -6.634063241806384e-6 0.0)
(69.46329552370283 4.475380618819868e-5 0.0)
(69.46335948463215 0.00013999484637064943 0.0)
(69.46348207112948 0.0002547426761706055 0.0)
(69.46368606595874 0.0004046712147100913 0.0)
(69.46396007436732 0.0006058513815811798 0.0)
(69.464249455965 0.0009132353958546093 0.0)
(69.46453221017734 0.001471264855603799 0.0)
(69.46486067909456 0.002522252935824367 0.0)
(69.465267125137 0.004375801943488042 0.0)
(69.46568687799042 0.007472817414387958 0.0)
(69.46607713673069 0.01246692514621517 0.0)
(69.46659206384167 0.020219231451794353 0.0)
(69.46751570941757 0.031625484838430154 0.0)
(69.47006706143313 0.04755139654275774 0.0)
(69.47052264474846 0.06094523291793872 0.0)
(69.47345310014094 0.08311482203989788 0.0)
(69.47589379062816 0.11011501186706121 0.0)
(69.47801436847503 0.14208151572968983 0.0)
(69.47903233783326 0.17921304536780933 0.0)
(69.47814287616873 0.2219198449795316 0.0)
(69.47441078555684 0.27078851051430586 0.0)
(69.46730310213022 0.3263042727978887 0.0)
(69.4557477317272 0.3893340425175349 0.0)
(69.43990474577454 0.4608836548037898 0.0)
(69.42011854565763 0.5421555390401799 0.0)
(69.39710666242608 0.6345338862666323 0.0)
(69.37474085689033 0.7381000547134989 0.0)
(69.35477686170945 0.8547186741334201 0.0)
(69.34449555526729 0.9836893274285408 0.0)
(69.35027198778211 1.1242009091693668 0.0)
(69.38096199128597 1.2724045015631618 0.0)
(69.44589463266902 1.421589857775244 0.0)
(69.55335803894678 1.5640442496962035 0.0)
(69.70959769149084 1.6886713597712002 0.0)
(69.91675503564815 1.7837540355127237 0.0)
(70.17316952575555 1.8378704321276156 0.0)
(70.47114097018532 1.8395414549852782 0.0)
(70.79943493851489 1.7793667163806361 0.0)
(71.1411223057542 1.6502171665457548 0.0)
(71.47645556297299 1.4478585597756009 0.0)
(71.78275423903717 1.1718955070058272 0.0)
(72.03084066214008 0.831117139897361 0.0)
(72.19007365687887 0.4546637122627471 0.0)
(72.39714690765514 0.15009885179754592 0.0)
(72.42678032872413 -0.12914990444778315 0.0)
(72.19145832567818 -0.47410093630280403 0.0)
(71.94533731629859 -0.9702117260320684 0.0)
(71.54865064620618 -1.4533125303653793 0.0)
(71.08416946619339 -1.8762501039088788 0.0)
(70.60965406313237 -2.2302769735212844 0.0)
(70.15800140232291 -2.5133871560817598 0.0)
(69.75144775045106 -2.7245878700783734 0.0)
(69.40409670814445 -2.8677013531205082 0.0)
(69.12146293014474 -2.944350369508477 0.0)
(68.90587798837089 -2.9581755139157333 0.0)
(68.75474096579056 -2.9137774014959277 0.0)
(68.66157599168505 -2.81584966953963 0.0)
(68.61915211662132 -2.668635815816319 0.0)
(68.61793646875984 -2.479562706994626 0.0)
(68.6471008871989 -2.2556201783280896 0.0)
(68.69707217629487 -2.005146845914932 0.0)
(68.75828448853291 -1.7387479988813337 0.0)
(68.82224529229607 -1.4663568610416549 0.0)
(68.88295754456564 -1.1992500823133738 0.0)
(68.93301477442058 -0.946656802198406 0.0)
(68.96905146449211 -0.7177478421436974 0.0)
(68.99351251525984 -0.518630495200769 0.0)
(69.00739346506553 -0.35339353859164113 0.0)
(69.01192964525649 -0.22350666617040796 0.0)
(69.01138267223833 -0.12826344740835993 0.0)
(69.01566561580425 -0.06363983123742555 0.0)
(69.04054353205589 -0.025415970067393285 0.0)
(69.09101458393539 -0.007024993054420972 0.0)
(69.15815304884113 -0.001125684884627358 0.0)
(69.20438634926475 -0.0003114888452001791 0.0)
(69.19882939719274 -0.00014404358943340142 0.0)
(69.03645381506234 -9.741333691004252e-5 0.0)
(68.41884342943924 -6.95460593184932e-5 0.0)
(66.39015483951526 -4.928286512928678e-5 0.0)
(60.01751974687384 -2.941396658527669e-5 0.0)
(40.45401439817765 -7.091477631310035e-6 0.0)
(69.46329725246471 4.539677177902966e-5 0.0)
(69.46336091417164 0.0001419085400179524 0.0)
(69.46348474891597 0.00025775438619699047 0.0)
(69.46369379601572 0.0004090318611764461 0.0)
(69.46397496717648 0.0006135444891915044 0.0)
(69.46427074988951 0.0009284927611964515 0.0)
(69.46456759121128 0.0015007079910843734 0.0)
(69.4649393604396 0.002578577200412025 0.0)
(69.46543614649816 0.004485431216543611 0.0)
(69.46600293324816 0.007681110325258405 0.0)
(69.46662750000901 0.012834536944938328 0.0)
(69.4675335996796 0.020821401529239024 0.0)
(69.47004661700113 0.03256301266165486 0.0)
(69.47066983509889 0.043293270191461786 0.0)
(69.47410314128662 0.061016463944562775 0.0)
(69.47741827924072 0.08329937768058081 0.0)
(69.48110766856787 0.1105164864548376 0.0)
(69.48466894657194 0.14288367907174243 0.0)
(69.48734455771314 0.1806705557782109 0.0)
(69.48825164543587 0.22435460910849575 0.0)
(69.48666102185689 0.2745550448084187 0.0)
(69.48194639182182 0.3318682353800218 0.0)
(69.47334256735932 0.39719485919506614 0.0)
(69.46159011460368 0.4713517644223329 0.0)
(69.4462181994265 0.5560349968847497 0.0)
(69.4311675510725 0.651187717858012 0.0)
(69.41714245990113 0.7585905706242322 0.0)
(69.41102918275048 0.8772627575525577 0.0)
(69.41751449676175 1.0075636920333377 0.0)
(69.44585298157725 1.1459791137573316 0.0)
(69.5037449654018 1.2882032996345278 0.0)
(69.60149016662263 1.4256690412613495 0.0)
(69.74419763158684 1.5498302523828444 0.0)
(69.93752463479025 1.6476487986777462 0.0)
(70.17940933571482 1.709755620705263 0.0)
(70.4652864320386 1.7218145305703485 0.0)
(70.78346080057221 1.6760892744120772 0.0)
(71.118629186397 1.5628432625642643 0.0)
(71.44982284484001 1.3784040121923398 0.0)
(71.75459776988974 1.1208871219341536 0.0)
(72.00264686859306 0.8007230181247285 0.0)
(72.16552974072081 0.44460977807655483 0.0)
(72.36303104080099 0.14746335161531823 0.0)
(72.40178637267255 -0.12707463793319906 0.0)
(72.20745346674975 -0.4625616578129003 0.0)
(71.99416194532623 -0.9419484105215805 0.0)
(71.62418058278415 -1.4215608025065865 0.0)
(71.17201294022995 -1.8459116363792085 0.0)
(70.69765512260737 -2.2033392837064376 0.0)
(70.23789349957939 -2.490714989579219 0.0)
(69.81826006418767 -2.7055879331534296 0.0)
(69.45518384159294 -2.8526153933128007 0.0)
(69.15615017726533 -2.9325691155968117 0.0)
(68.924721785248 -2.949147097605006 0.0)
(68.75911110216657 -2.906951526702972 0.0)
(68.65337250146288 -2.8106978283422897 0.0)
(68.60046281208574 -2.66476213471746 0.0)
(68.59093727588714 -2.4766306493037944 0.0)
(68.61383757638313 -2.2534330492553583 0.0)
(68.65945059323003 -2.0035300082859124 0.0)
(68.71796984290732 -1.7375145615928704 0.0)
(68.78057061080823 -1.4655796398665752 0.0)
(68.84096647946248 -1.1985635444715241 0.0)
(68.89412817501909 -0.9463957564360413 0.0)
(68.93506341514171 -0.7171931869644225 0.0)
(68.96208339525785 -0.5185234693049875 0.0)
(68.97608198522634 -0.3528897354189909 0.0)
(68.98013027471286 -0.2231449359077385 0.0)
(68.97906275599543 -0.12794748978251846 0.0)
(68.9824492933969 -0.06345138552365667 0.0)
(69.00635992402908 -0.025399675709728994 0.0)
(69.05733675411075 -0.007124908848743224 0.0)
(69.12974091460136 -0.0012786527259685703 0.0)
(69.18940263026134 -0.00042296771140987416 0.0)
(69.23076923269984 -0.00019367377018724322 0.0)
(69.21229888193066 -0.0001286382148088264 0.0)
(69.04771502548522 -9.146666379904874e-5 0.0)
(68.43294081801065 -6.846747106573631e-5 0.0)
(66.41300953657927 -4.824463299975137e-5 0.0)
(60.055491474334985 -3.093452949601291e-5 0.0)
(40.49510737992669 -7.17430121347805e-6 0.0)
(69.4632990607284 4.6043268816582756e-5 0.0)
(69.46336251846321 0.00014380445119191332 0.0)
(69.46348758528475 0.0002606358298161714 0.0)
(69.46370151572988 0.0004131013792813816 0.0)
(69.46398989071034 0.0006209206340056496 0.0)
(69.46429294079147 0.0009434314595730649 0.0)
(69.46460637995189 0.0015292120238220063 0.0)
(69.4650250441785 0.0026322602615291182 0.0)
(69.46561683630851 0.004589988281556051 0.0)
(69.46633874857686 0.007880797396343538 0.0)
(69.46721292979186 0.01318556677446419 0.0)
(69.46946454206456 0.021389414919292648 0.0)
(69.46991126352054 0.029557192750438464 0.0)
(69.47337945023973 0.04320532012866813 0.0)
(69.47698756857878 0.06093499562445128 0.0)
(69.48132733606326 0.08326026205059478 0.0)
(69.48622817648246 0.11059545459505811 0.0)
(69.4912236078117 0.1432285509451587 0.0)
(69.49554206892712 0.1814908843689054 0.0)
(69.49834272162786 0.22592260152675386 0.0)
(69.49905950074285 0.2771451683917528 0.0)
(69.49695589024948 0.3358824131055277 0.0)
(69.49216665268467 0.4028986301859182 0.0)
(69.48452875116712 0.47934851227485553 0.0)
(69.47603925986009 0.565968261112525 0.0)
(69.46879279269596 0.6636722565924286 0.0)
(69.46669846455767 0.7726169128217147 0.0)
(69.47575121752205 0.8920360188869012 0.0)
(69.50221623345745 1.020620705437374 0.0)
(69.55512285643204 1.1541025811811738 0.0)
(69.64331180843867 1.2860822368413871 0.0)
(69.7735197664025 1.4079134143689482 0.0)
(69.95202119816805 1.5079684497759411 0.0)
(70.17857029359749 1.5763257473726082 0.0)
(70.45006908795699 1.5987369548423618 0.0)
(70.7562331696428 1.5671187509807545 0.0)
(71.08248763817114 1.470743455747408 0.0)
(71.40801195947616 1.305027668476455 0.0)
(71.71026835347193 1.0680436642722442 0.0)
(71.95882792598641 0.7696065359511309 0.0)
(72.12713055490077 0.43429457911158986 0.0)
(72.3187033094517 0.145240824697654 0.0)
(72.36702715674875 -0.12604173966624016 0.0)
(72.20977458746627 -0.451546237386811 0.0)
(72.02847417861783 -0.912945483861628 0.0)
(71.68795428976267 -1.3864605381419566 0.0)
(71.25231953181525 -1.8119563522207118 0.0)
(70.78193090457296 -2.1724069085622393 0.0)
(70.31695652766987 -2.4643559638413817 0.0)
(69.88613656010834 -2.6831373598997637 0.0)
(69.50832400794532 -2.8343543042017307 0.0)
(69.19317921146894 -2.9180832425174734 0.0)
(68.94569524923172 -2.937912037159906 0.0)
(68.76506812926236 -2.898469021121483 0.0)
(68.646074612271 -2.804346185901985 0.0)
(68.5819542846838 -2.660060002402797 0.0)
(68.56343095069282 -2.4731261025076368 0.0)
(68.57946923240968 -2.2508622327057894 0.0)
(68.62022738361543 -2.001597818339138 0.0)
(68.67569167735181 -1.7360831077716194 0.0)
(68.7366870373836 -1.4645177944912093 0.0)
(68.7966576841015 -1.1978145286627124 0.0)
(68.8502057291285 -0.9456458023547422 0.0)
(68.89351948090084 -0.7169242098047025 0.0)
(68.92428748752192 -0.5179573637113039 0.0)
(68.94109089523614 -0.3524874494955633 0.0)
(68.94622160698027 -0.2227188378268131 0.0)
(68.94505837757906 -0.12758068437175063 0.0)
(68.94774038554907 -0.06323397574110419 0.0)
(68.97076386148451 -0.02519306850741854 0.0)
(69.02154401839572 -0.00724647665356213 0.0)
(69.0966183640997 -0.0014644747378761707 0.0)
(69.16030531470355 -0.0005630095060060834 0.0)
(69.21827369105307 -0.00025907820147747125 0.0)
(69.24522132350833 -0.00016965019394543217 0.0)
(69.22277459563419 -0.00011829556878064731 0.0)
(69.057591007507 -8.834985828041838e-5 0.0)
(68.4460048049468 -6.623570440000952e-5 0.0)
(66.43591340878504 -4.956888052691974e-5 0.0)
(60.093818796088236 -3.120825860577256e-5 0.0)
(40.53709430860791 -7.503396002082146e-6 0.0)
(69.46330100630097 4.66928150367982e-5 0.0)
(69.46336431501128 0.00014567931794942594 0.0)
(69.4634905625029 0.0002633762268305118 0.0)
(69.46370920795084 0.00041685592226037294 0.0)
(69.4640046557426 0.0006279238454404486 0.0)
(69.46431604541924 0.0009579255093207221 0.0)
(69.46464866342498 0.0015564904985676396 0.0)
(69.46511751684571 0.0026827200429014168 0.0)
(69.46580846038265 0.0046883608014061905 0.0)
(69.46669362576131 0.00806972936919597 0.0)
(69.46873571953259 0.013515871229410895 0.0)
(69.46882932597624 0.019368304647582053 0.0)
(69.47192973046933 0.029417487156626235 0.0)
(69.47538919901449 0.04301033973336593 0.0)
(69.47981786619852 0.06069304072275178 0.0)
(69.48514136356702 0.08298428389657694 0.0)
(69.49122398213353 0.11032952909236657 0.0)
(69.49762607562296 0.1430726596441716 0.0)
(69.50360313182408 0.18162145653973072 0.0)
(69.50843866557472 0.2265290503136852 0.0)
(69.51155986956675 0.2784321254396955 0.0)
(69.51266837344957 0.3381388468766863 0.0)
(69.51193140843205 0.40637963472072963 0.0)
(69.50977913642993 0.48417215606020875 0.0)
(69.50894948480749 0.5720722679719149 0.0)
(69.5112700286292 0.6710163957497083 0.0)
(69.52347781495789 0.7796409758950212 0.0)
(69.549156529832 0.8980875238798522 0.0)
(69.59855417498933 1.0218115131862877 0.0)
(69.67788828981793 1.1472063562845427 0.0)
(69.79675728741323 1.2649213608652106 0.0)
(69.95988187990676 1.3663717819125414 0.0)
(70.17076804182962 1.4392516304921164 0.0)
(70.42588519216429 1.4717934108730188 0.0)
(70.71838458787298 1.4534668964403998 0.0)
(71.0333781087993 1.3744372844894046 0.0)
(71.351789612268 1.228010066817067 0.0)
(71.650415519012 1.0134149615414996 0.0)
(71.89993038278931 0.7374172343715496 0.0)
(72.074920087782 0.42374196772204 0.0)
(72.26374834839154 0.14302627557191522 0.0)
(72.32215274037564 -0.12604870073427987 0.0)
(72.19822196225726 -0.4411126711382687 0.0)
(72.04754870233327 -0.8835134583296264 0.0)
(71.73852219641702 -1.3477653202349638 0.0)
(71.32346052183803 -1.7737596910644151 0.0)
(70.86102234012385 -2.136991174564275 0.0)
(70.39406688939283 -2.433830375774579 0.0)
(69.95432474581773 -2.6570022245654226 0.0)
(69.56313026552783 -2.8126261994186725 0.0)
(69.23246927390686 -2.9005508222911414 0.0)
(68.96893403789979 -2.9241132958063596 0.0)
(68.77289748967682 -2.8878990262335305 0.0)
(68.64002478870502 -2.796448686237631 0.0)
(68.56398239442602 -2.654267068555098 0.0)
(68.53575510990318 -2.468870759849757 0.0)
(68.54429318409893 -2.2477911410369935 0.0)
(68.57968010126068 -1.9994114089890511 0.0)
(68.63168154597281 -1.7344836069998353 0.0)
(68.69079678098144 -1.463299941086232 0.0)
(68.75020380017993 -1.1969518798054748 0.0)
(68.80414172796546 -0.9449687594367957 0.0)
(68.8484204211187 -0.7161568640704018 0.0)
(68.88116915825081 -0.5174425303556043 0.0)
(68.90074651716577 -0.3520923707000201 0.0)
(68.90855602364996 -0.22195093697683407 0.0)
(68.90934972097975 -0.1271731586067893 0.0)
(68.9130667943289 -0.06300085543579043 0.0)
(68.93617049291714 -0.025378003120963402 0.0)
(68.98658800511653 -0.007188766847043876 0.0)
(69.06299244657752 -0.0016901578180570844 0.0)
(69.12715658924184 -0.0007378447010656629 0.0)
(69.1924237652702 -0.00034505015795476793 0.0)
(69.23443936601441 -0.00022420754416969997 0.0)
(69.25646041346077 -0.00015339092090579627 0.0)
(69.2315488838342 -0.00011219066334824541 0.0)
(69.06606610828787 -8.414384724473105e-5 0.0)
(68.45879820784297 -6.64832950196099e-5 0.0)
(66.45865566053784 -4.982008616990643e-5 0.0)
(60.13270507355803 -3.216066640325034e-5 0.0)
(40.57999139605934 -7.5429379671194736e-6 0.0)
(69.46330309362473 4.7344623738886556e-5 0.0)
(69.46336631047649 0.0001475297478397931 0.0)
(69.46349375013963 0.0002659670644579871 0.0)
(69.46371673616488 0.00042027025361837656 0.0)
(69.46401917039789 0.0006344951595792612 0.0)
(69.46434004074577 0.0009718301376260966 0.0)
(69.46469444790623 0.0015822305391422673 0.0)
(69.46521641134075 0.0027293443116719694 0.0)
(69.46601000254601 0.0047793412898099056 0.0)
(69.46794221366028 0.008245497259114531 0.0)
(69.4677811643869 0.012210969410722892 0.0)
(69.4703418587621 0.019238016544253285 0.0)
(69.4732605897412 0.02920663336576338 0.0)
(69.47735310708893 0.04270415346952207 0.0)
(69.48256515935347 0.06028345476263862 0.0)
(69.48883748213827 0.08245970660620182 0.0)
(69.49606390005479 0.10969274939105193 0.0)
(69.50385935988777 0.1423885988408119 0.0)
(69.5115578780698 0.1810069819059779 0.0)
(69.51851784578805 0.22607634293829412 0.0)
(69.52433982181272 0.2783430717108251 0.0)
(69.52911007993367 0.33849644445462435 0.0)
(69.53295314917538 0.4073556583851036 0.0)
(69.53763713605925 0.485667887768001 0.0)
(69.54492651209212 0.5741342634746135 0.0)
(69.55982754034983 0.6722469561225991 0.0)
(69.58632389503582 0.7798540458410242 0.0)
(69.63256721903753 0.8938251675006943 0.0)
(69.70494439845234 1.0109734466304114 0.0)
(69.8128218621927 1.1235855871061367 0.0)
(69.96129520194818 1.2243089971953218 0.0)
(70.1559017824588 1.300585651070458 0.0)
(70.39362373001501 1.3421865556769668 0.0)
(70.67065544901084 1.3365966952700388 0.0)
(70.9724551993999 1.2746243342846426 0.0)
(71.2821159064932 1.1479625100338828 0.0)
(71.57605653908365 0.9565922273411592 0.0)
(71.82667257437055 0.7037274701686104 0.0)
(72.00903996618251 0.41282755712065955 0.0)
(72.19779791732914 0.14046913044620984 0.0)
(72.26669255430424 -0.1263656371910104 0.0)
(72.1727263503094 -0.4315739692258965 0.0)
(72.05086382844061 -0.8538831141687904 0.0)
(71.77463599452962 -1.3058667143395386 0.0)
(71.38388030661446 -1.7306439505213602 0.0)
(70.93348149687371 -2.096469631945352 0.0)
(70.46806478597124 -2.398341717547735 0.0)
(70.02200564135825 -2.6267595534424855 0.0)
(69.61913186441429 -2.787130295272796 0.0)
(69.27386262412011 -2.8797007351777064 0.0)
(68.99454188510585 -2.907420399529184 0.0)
(68.78287661550615 -2.8748869261295247 0.0)
(68.6356053392767 -2.7866310255584645 0.0)
(68.54696450670743 -2.647071109782764 0.0)
(68.5083201778725 -2.4636330235612025 0.0)
(68.50869318581569 -2.24407357263325 0.0)
(68.5381297813642 -1.9967413700554897 0.0)
(68.58623659135047 -1.7326724594489307 0.0)
(68.64316965979074 -1.4620436162966228 0.0)
(68.70185336808544 -1.1959656032987376 0.0)
(68.75617508435676 -0.944285499915113 0.0)
(68.8015616667002 -0.7155130859945186 0.0)
(68.83593383511129 -0.5168133868269252 0.0)
(68.85761883282198 -0.351281433236218 0.0)
(68.8680428415051 -0.22169772117682557 0.0)
(68.87172769388943 -0.12643580770398832 0.0)
(68.87811077691966 -0.0627676493210114 0.0)
(68.90284562118508 -0.025399176468289486 0.0)
(68.95355316681785 -0.0075941233983201776 0.0)
(69.0307273653719 -0.0019625214898666846 0.0)
(69.09359387118367 -0.0009538551777677053 0.0)
(69.16298110666983 -0.00045701989632699214 0.0)
(69.21071465222687 -0.0002964532904792554 0.0)
(69.24719133896892 -0.00020017631216470412 0.0)
(69.26573509483107 -0.00014315517914857676 0.0)
(69.23859550821162 -0.00010514928518695225 0.0)
(69.07407378548103 -8.251583459287797e-5 0.0)
(68.47107357351487 -6.63261604784657e-5 0.0)
(66.48146076528296 -5.0201198091149545e-5 0.0)
(60.17216120509563 -3.230835679717562e-5 0.0)
(40.623814824529504 -8.097933268245019e-6 0.0)
(69.4633053140378 4.7997633747535036e-5 0.0)
(69.46336859834203 0.00014935287470138581 0.0)
(69.46349710319559 0.0002683998003104801 0.0)
(69.4637240649107 0.00042332254265117764 0.0)
(69.46403331949942 0.0006405692411640569 0.0)
(69.46436487951752 0.00098498130848138 0.0)
(69.46474369311083 0.0016060995424414723 0.0)
(69.46532120035066 0.002771495972980062 0.0)
(69.4670687114269 0.004861632706841758 0.0)
(69.46679134832002 0.007424012943150736 0.0)
(69.46894448232993 0.012106079902968846 0.0)
(69.47118212105795 0.019063628658745266 0.0)
(69.47455675378788 0.028922486694485314 0.0)
(69.47924981380409 0.0422830040580495 0.0)
(69.48521069274467 0.05969981806037767 0.0)
(69.49239178507574 0.08167141677228583 0.0)
(69.50073839572609 0.10866984897258627 0.0)
(69.50994182945861 0.14114817608168573 0.0)
(69.51941335181665 0.17957595043058083 0.0)
(69.5286597877116 0.22455615990099556 0.0)
(69.53755000081155 0.27675419511443977 0.0)
(69.54630760838909 0.33683337397491625 0.0)
(69.55576571804411 0.40571308628328445 0.0)
(69.56775276378492 0.4838036270143274 0.0)
(69.58525372747593 0.5713676399258942 0.0)
(69.61317332330395 0.6678385420329724 0.0)
(69.65678380828955 0.7718002675477609 0.0)
(69.72389964202227 0.8795978093172891 0.0)
(69.82122775673389 0.9863022392021826 0.0)
(69.95640172110623 1.0839172849995502 0.0)
(70.13407652046673 1.1624885121262742 0.0)
(70.3543145027864 1.2111230200191825 0.0)
(70.61402162469513 1.217855291242564 0.0)
(70.90122270954151 1.1721722227489475 0.0)
(71.20018086745168 1.0657548914342796 0.0)
(71.48851123710395 0.8972139677684999 0.0)
(71.73984256119485 0.6682929579218211 0.0)
(71.92982272886768 0.4007077457680061 0.0)
(72.12053371380753 0.13741122053690008 0.0)
(72.20015055912916 -0.12596662685261353 0.0)
(72.13336281943974 -0.4229574534918848 0.0)
(72.0381000842936 -0.8240046423995733 0.0)
(71.79528741636906 -1.2617314049819806 0.0)
(71.43209044295332 -1.6822728832180782 0.0)
(70.99787313620286 -2.050357212898153 0.0)
(70.53777734453362 -2.356902555266518 0.0)
(70.0883367893115 -2.591654235357201 0.0)
(69.67581243020466 -2.7574068548201396 0.0)
(69.31714979162382 -2.855193091714562 0.0)
(69.0225709206012 -2.8875996622201083 0.0)
(68.79527363781038 -2.859126486585274 0.0)
(68.63322091249972 -2.774550852025169 0.0)
(68.53137599997746 -2.638139413540896 0.0)
(68.48161554992242 -2.4571346598754515 0.0)
(68.4731352718575 -2.2395059623763585 0.0)
(68.49602344391397 -1.993557993026417 0.0)
(68.53973972066798 -1.7303875039246708 0.0)
(68.59415350746595 -1.4605183075430312 0.0)
(68.65193206133915 -1.1948506139813004 0.0)
(68.70661783769859 -0.9433648947971562 0.0)
(68.75326206653779 -0.7149902231771212 0.0)
(68.789586212878 -0.5160629426916185 0.0)
(68.81373189081394 -0.350906734250981 0.0)
(68.8271117715701 -0.22100192279978992 0.0)
(68.83421262856207 -0.12630409662829672 0.0)
(68.8440872123166 -0.06223747093545466 0.0)
(68.87133565579802 -0.025464317199288027 0.0)
(68.92281835386376 -0.007842642730673935 0.0)
(69.00052542880111 -0.0022886657628165604 0.0)
(69.06117202985776 -0.001217548360586866 0.0)
(69.13330602499622 -0.0006009810509275034 0.0)
(69.18363172652616 -0.0003910148153875005 0.0)
(69.22534497664736 -0.00026233474591788716 0.0)
(69.25773323725292 -0.00018438914261834124 0.0)
(69.27296608862589 -0.00013226680871197417 0.0)
(69.24503251939373 -0.00010073523104926067 0.0)
(69.08132815462635 -8.144693235869348e-5 0.0)
(68.48309555307092 -6.51469973224431e-5 0.0)
(66.50433603665046 -5.0405590999475794e-5 0.0)
(60.21219959703209 -3.419291257163061e-5 0.0)
(40.66856734571611 -8.186174807895362e-6 0.0)
(69.46330774288808 4.865066586401972e-5 0.0)
(69.46337115672108 0.0001511448690882968 0.0)
(69.46350067798664 0.0002706689210022265 0.0)
(69.46373114004348 0.0004259925729519821 0.0)
(69.4640469849191 0.000646074034758824 0.0)
(69.46439052601589 0.0009971982895581148 0.0)
(69.46479629020699 0.001627748077729107 0.0)
(69.46625566843922 0.002808523323699841 0.0)
(69.46580937530014 0.004356269917305305 0.0)
(69.46771750433712 0.00733804021929098 0.0)
(69.46945385816467 0.01197534089624667 0.0)
(69.4719975608822 0.01884393486266218 0.0)
(69.4758036108292 0.02856318111775561 0.0)
(69.48106496161697 0.041743645420663035 0.0)
(69.48773504723636 0.058933363711985036 0.0)
(69.49579695821424 0.08061085004121456 0.0)
(69.50526001673693 0.10724623621333326 0.0)
(69.5158824155348 0.13930651600507804 0.0)
(69.52723128357184 0.17733807260540638 0.0)
(69.53898248792139 0.2219030947101398 0.0)
(69.55124017773774 0.2735669831186459 0.0)
(69.56458293315252 0.3331996107547227 0.0)
(69.580351844006 0.401311296197167 0.0)
(69.60064240523614 0.4783029677551337 0.0)
(69.62962577691542 0.5638890530195396 0.0)
(69.67165165982139 0.6571821632074697 0.0)
(69.73401776032983 0.7552892165404901 0.0)
(69.82229844347214 0.8547318567016922 0.0)
(69.944925729317 0.947871913092984 0.0)
(70.10605015369785 1.0269318490947617 0.0)
(70.30867618590966 1.080525386831913 0.0)
(70.54991060294742 1.0982768979906632 0.0)
(70.82122622924494 1.0680458215136959 0.0)
(71.10759037833793 0.9818994466047061 0.0)
(71.38924060978513 0.8355464173707808 0.0)
(71.64032170553746 0.6311203989109396 0.0)
(71.83782439763341 0.3861565365126761 0.0)
(72.03164274351461 0.1338430463802104 0.0)
(72.1221983661457 -0.12453519034840263 0.0)
(72.08029220464776 -0.4143444820159451 0.0)
(72.00922599150799 -0.7936606620164282 0.0)
(71.7997525054272 -1.2161104035971313 0.0)
(71.46671482385207 -1.6289912898286103 0.0)
(71.05275577278421 -1.9984393961322982 0.0)
(70.6019878933966 -2.308752085252952 0.0)
(70.15245521904635 -2.550601674167242 0.0)
(69.73264517989332 -2.7227330675518573 0.0)
(69.36210335011684 -2.8264863066806463 0.0)
(69.05304963676305 -2.8643625741753826 0.0)
(68.81033616850505 -2.8403977444269195 0.0)
(68.63328694721093 -2.7599324870492685 0.0)
(68.51773367936204 -2.6271793836580564 0.0)
(68.45619878848052 -2.449084264437147 0.0)
(68.43817727193549 -2.2338549688572544 0.0)
(68.45387798483037 -1.9896707187657963 0.0)
(68.49268740590716 -1.7277569623024576 0.0)
(68.54419488380329 -1.4586280653906658 0.0)
(68.60085600785325 -1.1935892174163827 0.0)
(68.65586520503746 -0.9424355907081077 0.0)
(68.70390549772063 -0.7140619779888534 0.0)
(68.7425184826767 -0.5154821967352387 0.0)
(68.76967660991853 -0.35007162836333205 0.0)
(68.78674614924756 -0.22048237239280616 0.0)
(68.79812590409995 -0.12589866891134938 0.0)
(68.81237801888172 -0.062397115673653046 0.0)
(68.84282943876585 -0.025424601038531145 0.0)
(68.89531504397743 -0.008159553476855617 0.0)
(68.9731489144376 -0.0026766942046032947 0.0)
(69.03083114543057 -0.0015358172099342446 0.0)
(69.10480983883491 -0.0007834503253896801 0.0)
(69.15642356803936 -0.0005130107655249129 0.0)
(69.20032266379472 -0.00034392690175913333 0.0)
(69.23751685068515 -0.00023921324678478345 0.0)
(69.26591264371332 -0.00016842820079760257 0.0)
(69.27945845324646 -0.0001239453711281238 0.0)
(69.25052767201981 -9.827648243143556e-5 0.0)
(69.08814670035541 -7.77247115800655e-5 0.0)
(68.49487342155373 -6.509312618325918e-5 0.0)
(66.52729315064661 -5.2231448161551966e-5 0.0)
(60.252768288361004 -3.458502733270028e-5 0.0)
(40.71422825898823 -8.610504118952433e-6 0.0)
(69.4633103375587 4.930187718370864e-5 0.0)
(69.46337406138562 0.00015290243097628556 0.0)
(69.46350451029029 0.0002727707511066844 0.0)
(69.46373790826163 0.00042826188112805966 0.0)
(69.46406008544292 0.0006509322904224656 0.0)
(69.46441693171164 0.0010082838961121001 0.0)
(69.46566022155112 0.0016468155738620172 0.0)
(69.46494524320826 0.0025064037877585202 0.0)
(69.46657952061149 0.00428712502057187 0.0)
(69.46801134822375 0.007237468718085698 0.0)
(69.46994411064507 0.011818056903684407 0.0)
(69.47277931491918 0.018577946404812203 0.0)
(69.47699250450596 0.028127418972984375 0.0)
(69.48278507052154 0.04108167121690347 0.0)
(69.4901325275878 0.05798011814254064 0.0)
(69.49906238814579 0.07927020972119496 0.0)
(69.50963335224623 0.10539482079392133 0.0)
(69.52173809464479 0.13687897250956574 0.0)
(69.53509115735008 0.1742655620126053 0.0)
(69.54956158697843 0.21804236417449296 0.0)
(69.56558880540956 0.26890063696333266 0.0)
(69.58409435097529 0.3274418792594894 0.0)
(69.60679356535157 0.3941293446216273 0.0)
(69.63658064317484 0.46913840397679296 0.0)
(69.67758550225128 0.5515869522043503 0.0)
(69.73548895848643 0.6397597133253242 0.0)
(69.81627160615909 0.7306040736027234 0.0)
(69.92689129246357 0.8183428255590749 0.0)
(70.07273957718479 0.8958080394303358 0.0)
(70.25738143697238 0.9527237381968297 0.0)
(70.47998087822806 0.9791710381541643 0.0)
(70.73394140855856 0.9633083319853442 0.0)
(71.00637860459435 0.8964018422780171 0.0)
(71.27972124360649 0.7722316996510051 0.0)
(71.52927959241954 0.5921452255574456 0.0)
(71.73368637874 0.36873455869616556 0.0)
(71.93090628376261 0.12965047781111666 0.0)
(72.03276244001842 -0.12269614791067338 0.0)
(72.01366944515404 -0.4042863080216245 0.0)
(71.96461112526146 -0.7626407852061174 0.0)
(71.78764743270841 -1.1687142785819848 0.0)
(71.48664489488364 -1.5716196545775196 0.0)
(71.09671314696453 -1.940714817386689 0.0)
(70.65941147721396 -2.2537841319995335 0.0)
(70.2134299959803 -2.502541138914525 0.0)
(69.78908876555562 -2.682131716288055 0.0)
(69.40850157220594 -2.7927611741364524 0.0)
(69.0860172033915 -2.837178227891236 0.0)
(68.82831257291959 -2.818446911853564 0.0)
(68.63622829159947 -2.742551413934 0.0)
(68.5065870060702 -2.613961312286235 0.0)
(68.43268688037168 -2.4392343960694154 0.0)
(68.40444952822885 -2.2268709364157835 0.0)
(68.41230855934829 -1.984858371362629 0.0)
(68.44564885310217 -1.7245777729924165 0.0)
(68.49383345160949 -1.4565351409040033 0.0)
(68.5491181433322 -1.192036652440605 0.0)
(68.60438371270874 -0.9413666036841489 0.0)
(68.65394931974491 -0.7132848058353508 0.0)
(68.69518004419744 -0.5147736111824243 0.0)
(68.72588515242214 -0.34957669697271 0.0)
(68.74736644596943 -0.219962215369792 0.0)
(68.76386805784215 -0.12542375597842823 0.0)
(68.78334867316195 -0.062320779579793435 0.0)
(68.81767417128229 -0.025818499760270303 0.0)
(68.87147733716786 -0.008561103189383811 0.0)
(68.94919753250294 -0.003135736207996097 0.0)
(69.00341527999609 -0.0019161068385035373 0.0)
(69.07841597862165 -0.0010114535463761085 0.0)
(69.13047419238035 -0.0006680280774476597 0.0)
(69.17526430275099 -0.0004494237970022484 0.0)
(69.21429358049085 -0.0003112463794424674 0.0)
(69.24700003488483 -0.00021668763723715103 0.0)
(69.27322392405303 -0.00015476913904712017 0.0)
(69.2848286900344 -0.00011958562310572145 0.0)
(69.25546177024331 -9.089377049171454e-5 0.0)
(69.09454429096945 -7.695413235675008e-5 0.0)
(68.5064243650213 -6.593219436809915e-5 0.0)
(66.55023903616386 -5.293210487565887e-5 0.0)
(60.29384425856178 -3.598284613438762e-5 0.0)
(40.761167241398795 -9.307894804299372e-6 0.0)
(69.46331314964615 4.994918337696654e-5 0.0)
(69.46337736252616 0.00015462188827720298 0.0)
(69.46350863100837 0.0002747034248224576 0.0)
(69.46374435563246 0.0004301149835573912 0.0)
(69.46407255658607 0.000655061470930138 0.0)
(69.46524217016383 0.0010180267224900114 0.0)
(69.46432691143544 0.001467156287318056 0.0)
(69.465619812131 0.002458097769831973 0.0)
(69.46674071131977 0.004210209182141447 0.0)
(69.46829028887896 0.007122064728047339 0.0)
(69.47041081744241 0.011633674867100896 0.0)
(69.47352367082456 0.018265132929095887 0.0)
(69.47811567348924 0.027613289895927505 0.0)
(69.48440747395173 0.04029608782352142 0.0)
(69.4924110817732 0.05683647540940346 0.0)
(69.5021911448793 0.07763306981551274 0.0)
(69.51390587438912 0.10313235352281387 0.0)
(69.52757098525532 0.13385436059526223 0.0)
(69.54305347237329 0.1703156166863791 0.0)
(69.56054747309462 0.21309021651718385 0.0)
(69.5807157075204 0.2626691730111413 0.0)
(69.60491106531043 0.3195676144626202 0.0)
(69.63530387215968 0.38425783599474 0.0)
(69.67521757181642 0.4561907587290301 0.0)
(69.72929223079663 0.534231120498506 0.0)
(69.80325867663767 0.6158455006135406 0.0)
(69.90300922553759 0.6969027423504208 0.0)
(70.03463822934609 0.7710655592976162 0.0)
(70.20160415404847 0.8295693910732506 0.0)
(70.40560590991275 0.862490269680609 0.0)
(70.6410752812707 0.8591452330925269 0.0)
(70.89858286032505 0.80960764062152 0.0)
(71.16159286237922 0.7075394483582941 0.0)
(71.40828140477961 0.5510182572429793 0.0)
(71.61803328308183 0.349136006756807 0.0)
(71.81849465430258 0.12449641485786948 0.0)
(71.93183972107336 -0.12082462010761642 0.0)
(71.93369454824304 -0.39210231220052877 0.0)
(71.90494691889472 -0.7309135270956296 0.0)
(71.75896042873676 -1.1184565109434865 0.0)
(71.49120117673218 -1.510710705353182 0.0)
(71.12847984236464 -1.8770439649358923 0.0)
(70.70874453910317 -2.1923951789784772 0.0)
(70.27021252759698 -2.4468967443583978 0.0)
(69.84452507682624 -2.634683973640725 0.0)
(69.45611024653955 -2.752999831922227 0.0)
(69.1215337707475 -2.8051950515074284 0.0)
(68.8494823085971 -2.7928053630456136 0.0)
(68.64248838041303 -2.7221491084206537 0.0)
(68.49851170904687 -2.5982989217820123 0.0)
(68.41174500224434 -2.427410447388122 0.0)
(68.37266022420255 -2.2183545680143957 0.0)
(68.3720234412724 -1.9790136353819678 0.0)
(68.3992926029061 -1.7206249590906635 0.0)
(68.44369252600964 -1.4540479083691957 0.0)
(68.49730635775937 -1.1904124824873834 0.0)
(68.552726709028 -0.9402858256523408 0.0)
(68.60390826374852 -0.7124265389478788 0.0)
(68.64804912218862 -0.5140376886439579 0.0)
(68.68279263236062 -0.3490670240432266 0.0)
(68.70933069329975 -0.2195714003121264 0.0)
(68.73166727862642 -0.12522259613667386 0.0)
(68.75704750321694 -0.062364105072403496 0.0)
(68.79576221193898 -0.026159520362343584 0.0)
(68.85118159986496 -0.009064631785281057 0.0)
(68.9287117699337 -0.003675634734505926 0.0)
(68.97931055046922 -0.0023662736770479077 0.0)
(69.05470764299402 -0.0012923684490913736 0.0)
(69.10658852883512 -0.0008620351449371911 0.0)
(69.15148734392602 -0.000583673872938493 0.0)
(69.19110641186722 -0.000404441306209739 0.0)
(69.22524298105317 -0.00028035245563407896 0.0)
(69.25547823479573 -0.0001958628710259277 0.0)
(69.27922438841473 -0.00014791523558852702 0.0)
(69.28952492738641 -0.0001071840217265309 0.0)
(69.25985573781928 -8.90170290414447e-5 0.0)
(69.10054584224874 -7.599747564597513e-5 0.0)
(68.51762473895893 -6.670302503912641e-5 0.0)
(66.57315931435784 -5.4176939117134614e-5 0.0)
(60.3359889089815 -3.867399071731264e-5 0.0)
(40.809153779881306 -9.648718753629442e-6 0.0)
(69.46331620178674 5.0589902167378895e-5 0.0)
(69.46338109802774 0.0001562989326751541 0.0)
(69.46351310007367 0.00027646747131517143 0.0)
(69.4637504865826 0.00043153932870546377 0.0)
(69.4648746485538 0.0006583749547551448 0.0)
(69.46389740739961 0.0009050247367314042 0.0)
(69.46494671825923 0.0014375327390085122 0.0)
(69.46570639964536 0.0024059281532597845 0.0)
(69.46689229518881 0.004125582784463948 0.0)
(69.46855211259829 0.006991630148179042 0.0)
(69.47085253729459 0.011421834094351371 0.0)
(69.4742262811617 0.017904441868665903 0.0)
(69.47917290858507 0.02702100701646527 0.0)
(69.48593977034533 0.039386072374309626 0.0)
(69.49457422656187 0.05549315789846736 0.0)
(69.505221259568 0.07571427015681119 0.0)
(69.51812726977927 0.10045486224138604 0.0)
(69.53342526347623 0.1302108748598066 0.0)
(69.55125261181654 0.16558875046988483 0.0)
(69.57201453745942 0.20700835589454397 0.0)
(69.59671474395374 0.254883086426426 0.0)
(69.62713062336391 0.30974503251645186 0.0)
(69.66574795545736 0.3715337606400349 0.0)
(69.7164341161859 0.43953323894152213 0.0)
(69.78400509018145 0.5118205191930725 0.0)
(69.87407533851108 0.585116974766045 0.0)
(69.99228429443649 0.6545146229925658 0.0)
(70.14267450672381 0.7125355998845957 0.0)
(70.32796227640117 0.750147752394698 0.0)
(70.54463392691194 0.7568876473274933 0.0)
(70.78589584806618 0.7228019342390102 0.0)
(71.03690304646689 0.6413258078101077 0.0)
(71.27900438728642 0.507529860265945 0.0)
(71.49175910317238 0.32797015872764373 0.0)
(71.69512046986875 0.11820141401767767 0.0)
(71.81936017816912 -0.1180708782284592 0.0)
(71.84084235471727 -0.3783644337370633 0.0)
(71.83093208878093 -0.6982118016262981 0.0)
(71.71407831822755 -1.065123547252997 0.0)
(71.48012216778051 -1.4458956088214625 0.0)
(71.14712427177614 -1.807216485680243 0.0)
(70.74879825566238 -2.124663299255843 0.0)
(70.32167840179125 -2.383770942059915 0.0)
(69.89820215913812 -2.579733214263795 0.0)
(69.5046071580649 -2.70638716851359 0.0)
(69.15965508230362 -2.7673093495654206 0.0)
(68.87415523553656 -2.7627259014733614 0.0)
(68.65255649762396 -2.6982754761835177 0.0)
(68.49412452016585 -2.5799431085946063 0.0)
(68.39407970046803 -2.413478246130946 0.0)
(68.34356858655651 -2.2081664716626808 0.0)
(68.3337854695148 -1.97185139791129 0.0)
(68.35438471992973 -1.715998879845614 0.0)
(68.39448910386557 -1.4510179072357228 0.0)
(68.44608256500273 -1.1885449099041523 0.0)
(68.50150145992399 -0.9390849615936007 0.0)
(68.55434369612222 -0.7116920780123116 0.0)
(68.60163869105591 -0.513460281348505 0.0)
(68.64084329981809 -0.34855951382688805 0.0)
(68.67297744799042 -0.21928442791069447 0.0)
(68.70169765318646 -0.12514020252509317 0.0)
(68.73344043356313 -0.062443182037847905 0.0)
(68.77687351298225 -0.026648498771639793 0.0)
(68.83413668235625 -0.009569650868706581 0.0)
(68.91148744731495 -0.004307210191809706 0.0)
(68.9585616988417 -0.002894702912771792 0.0)
(69.03392095988643 -0.0016338234881924998 0.0)
(69.08520561515769 -0.001101262011363828 0.0)
(69.12968478124571 -0.0007518171299871389 0.0)
(69.16918651334841 -0.0005230517348901825 0.0)
(69.20358164038986 -0.00036302070147146444 0.0)
(69.23504194120297 -0.00025005513313061445 0.0)
(69.26244815747026 -0.00018580502990668391 0.0)
(69.28443459883513 -0.00012879573881977553 0.0)
(69.29357595837558 -0.00010382740760394869 0.0)
(69.2637434530986 -8.539167078556975e-5 0.0)
(69.1060026611301 -7.64781541614705e-5 0.0)
(68.52846941821677 -6.692518945857983e-5 0.0)
(66.59669913026214 -5.787361294557398e-5 0.0)
(60.378817970138044 -3.9912934257213164e-5 0.0)
(40.8583577516714 -9.836141140670132e-6 0.0)
(69.46331950070594 5.1220606302244346e-5 0.0)
(69.46338532465569 0.00015792870083784592 0.0)
(69.46351798096828 0.0002780654852421174 0.0)
(69.46454041776362 0.000432525879960977 0.0)
(69.46352820265504 0.0005825164214049546 0.0)
(69.46448482868472 0.0008856575383087395 0.0)
(69.46499224519445 0.0014059827545544166 0.0)
(69.46578861711474 0.0023499918358178403 0.0)
(69.46703320406874 0.004033313554210921 0.0)
(69.46879654022709 0.006846050560674821 0.0)
(69.47126705043652 0.011181829214077347 0.0)
(69.47488815671673 0.017496123838637242 0.0)
(69.48017105103679 0.026350945883493612 0.0)
(69.48738543737527 0.03834697058464175 0.0)
(69.49665285737069 0.05396234467116941 0.0)
(69.50819165833185 0.07351367010610114 0.0)
(69.52233111335272 0.09735085562007378 0.0)
(69.53941064064253 0.12603242024964692 0.0)
(69.559746288748 0.16006777087067936 0.0)
(69.5840363848928 0.19982234344341723 0.0)
(69.61367273331506 0.24570484264010864 0.0)
(69.65064641373425 0.29786125863848606 0.0)
(69.69801496470039 0.3560987327368784 0.0)
(69.75974219732441 0.4191213282526319 0.0)
(69.8408789065201 0.4842779653796519 0.0)
(69.94665983506562 0.5476937239792731 0.0)
(70.08153963212563 0.6032759880043969 0.0)
(70.24848417757788 0.6435050399665966 0.0)
(70.44644815467471 0.6580041988555616 0.0)
(70.67003941583715 0.637535919498058 0.0)
(70.90790126450291 0.5739852279497453 0.0)
(71.14298956943264 0.4620603766098081 0.0)
(71.35646022947907 0.3046846485298709 0.0)
(71.56171537201021 0.11115694044723624 0.0)
(71.69562488398792 -0.11337851570469432 0.0)
(71.73589512021982 -0.36337128895694076 0.0)
(71.74317388064613 -0.6639710059980407 0.0)
(71.65377323188348 -1.0099136955232 0.0)
(71.45338316793436 -1.3764322739424173 0.0)
(71.15214516387452 -1.7313074269864177 0.0)
(70.77861726670145 -2.0497739693251487 0.0)
(70.36678086083278 -2.3134840022247074 0.0)
(69.94925027227366 -2.5169373409836893 0.0)
(69.55352137786777 -2.652535748820577 0.0)
(69.20034244879453 -2.7225848615891137 0.0)
(68.90264170993953 -2.7272145645494974 0.0)
(68.66695685015287 -2.670256375568329 0.0)
(68.49409322019903 -2.5584521310963 0.0)
(68.38044749915278 -2.3972477275637867 0.0)
(68.31799015149038 -2.196205182387366 0.0)
(68.29844686365885 -1.9634358821853455 0.0)
(68.31173561403465 -1.7102777503726105 0.0)
(68.34700889988345 -1.4474711100015798 0.0)
(68.39618434598772 -1.1863850570726584 0.0)
(68.45138723670497 -0.9379236320611197 0.0)
(68.50586930776879 -0.7109904162250532 0.0)
(68.55648501303847 -0.5129281109421235 0.0)
(68.6004763741376 -0.3484087300744274 0.0)
(68.63860347541105 -0.21913897194353807 0.0)
(68.6740727793789 -0.12530822561465535 0.0)
(68.71243141709495 -0.06288044407556444 0.0)
(68.76073479907632 -0.027317638480433306 0.0)
(68.81998661553513 -0.0104542360362787 0.0)
(68.8972134542382 -0.004920847683771526 0.0)
(68.94102056484188 -0.003510627581663599 0.0)
(69.01606742342493 -0.0020438175694977635 0.0)
(69.06650506517907 -0.001392203154193264 0.0)
(69.11022302349562 -0.0009592257558269229 0.0)
(69.14915047981022 -0.0006715712293240029 0.0)
(69.18317094132374 -0.00046855363564467033 0.0)
(69.21475056031449 -0.0003203930421125767 0.0)
(69.2431270104532 -0.00023594157783182328 0.0)
(69.26850295053049 -0.00015784335907666268 0.0)
(69.28889079544624 -0.00012356121914256624 0.0)
(69.29702479529638 -9.649451895054795e-5 0.0)
(69.26695227075089 -8.534738405174872e-5 0.0)
(69.11091725879159 -7.485380666992722e-5 0.0)
(68.53971992725678 -7.11647957295885e-5 0.0)
(66.62040367392163 -5.9392535086076254e-5 0.0)
(60.422552562573614 -4.061779955990568e-5 0.0)
(40.90865839056721 -1.0298387946598603e-5 0.0)
(69.46332306824735 5.1837096170318235e-5 0.0)
(69.46339009006823 0.00015950534516925334 0.0)
(69.46430496304994 0.00027950208548042476 0.0)
(69.4631994556961 0.0003816274422119502 0.0)
(69.4640972643712 0.0005679536651886824 0.0)
(69.46450519300696 0.0008653119992881968 0.0)
(69.4650361531497 0.001372521049995819 0.0)
(69.46586596367239 0.002290389542729191 0.0)
(69.46716359124714 0.0039334871643615 0.0)
(69.46902265794115 0.00668498117128756 0.0)
(69.47165588530405 0.010913705802750695 0.0)
(69.47551466043755 0.017040453622775686 0.0)
(69.48111241649683 0.025600725998006293 0.0)
(69.48876913171244 0.03718840526878166 0.0)
(69.49867707407894 0.05224572872562365 0.0)
(69.51112726424341 0.07102500806207411 0.0)
(69.52660472565648 0.09388611643931354 0.0)
(69.5455706876058 0.12131204709849558 0.0)
(69.56858997518195 0.153784078350951 0.0)
(69.59669805835527 0.1916715304583917 0.0)
(69.63148697127151 0.23507192199224816 0.0)
(69.67541247953041 0.28404730889199287 0.0)
(69.73169456290334 0.33795510467440854 0.0)
(69.80455069993673 0.39492263834458047 0.0)
(69.89887767971958 0.4517125938697226 0.0)
(70.01910758790059 0.5034219844030908 0.0)
(70.16864715862023 0.5438924919244258 0.0)
(70.34798791732338 0.5639359047190569 0.0)
(70.55316980122291 0.5548411510714665 0.0)
(70.77657043531494 0.5069201448540772 0.0)
(71.00206709586848 0.41535882217641 0.0)
(71.21416403681323 0.2787145051307682 0.0)
(71.41927453130434 0.10368220526506651 0.0)
(71.56179749176586 -0.10703600923549565 0.0)
(71.61963578099424 -0.34582655747978686 0.0)
(71.64265262468135 -0.6277956546243755 0.0)
(71.57902872448918 -0.9536843224102562 0.0)
(71.41119104334524 -1.3026309420228661 0.0)
(71.14333875937126 -1.6496948597116767 0.0)
(70.79749357743766 -1.9667972119932355 0.0)
(70.40468750829028 -2.2357593191976615 0.0)
(69.99681101091764 -2.4460449608359425 0.0)
(69.60225854501411 -2.591252128706825 0.0)
(69.24339842897831 -2.6705939675287875 0.0)
(68.93516171794387 -2.6853332444561397 0.0)
(68.68621285449896 -2.6372769756520937 0.0)
(68.49912528581052 -2.533146481175909 0.0)
(68.37165680505682 -2.3783621497787686 0.0)
(68.29679122026364 -2.182327998690673 0.0)
(68.26688458127428 -1.9535696442326602 0.0)
(68.27223593073712 -1.7037031438556451 0.0)
(68.30210006716815 -1.4432822142200383 0.0)
(68.34840237564941 -1.1838624285808235 0.0)
(68.40309481128378 -0.9365263777683324 0.0)
(68.45911806757734 -0.7104017223312966 0.0)
(68.51312274897342 -0.5126773871950057 0.0)
(68.56210193787749 -0.3483561054053152 0.0)
(68.60646277661402 -0.21952089882695913 0.0)
(68.64886050027636 -0.12572084261134575 0.0)
(68.69389070516993 -0.06353803104258993 0.0)
(68.74705438616671 -0.02800148289737463 0.0)
(68.80835451255516 -0.01138284202572419 0.0)
(68.8855257295853 -0.00589529458137999 0.0)
(68.92641643570775 -0.004224355563707669 0.0)
(69.0010017911324 -0.0025308782503586473 0.0)
(69.0504777354395 -0.001741701553277558 0.0)
(69.09324501291294 -0.0012115194423291623 0.0)
(69.13131533248084 -0.0008547010199226312 0.0)
(69.16457106168073 -0.000601028513278366 0.0)
(69.19569092286022 -0.00041012914803683135 0.0)
(69.22399815410321 -0.0003012097243114201 0.0)
(69.25016611039771 -0.00019651701006884198 0.0)
(69.27368833560776 -0.0001502858270873385 0.0)
(69.29264652559289 -0.0001112233652161252 0.0)
(69.29967489733616 -9.576643962631368e-5 0.0)
(69.26949127069095 -8.102287519822039e-5 0.0)
(69.11619215250845 -7.934938009852339e-5 0.0)
(68.55083953085364 -7.241292645946089e-5 0.0)
(66.64450714526373 -6.0346911698887034e-5 0.0)
(60.46697317157258 -4.257597975283078e-5 0.0)
(40.96002888855691 -1.1117983743794613e-5 0.0)
(69.46332691358349 5.2434216756493044e-5 0.0)
(69.46417869457618 0.00016102178694015975 0.0)
(69.4629678978624 0.00024736390633255714 0.0)
(69.46376123050983 0.00037155668858198846 0.0)
(69.46410432768269 0.0005530077917339248 0.0)
(69.46452445121925 0.0008439679327790636 0.0)
(69.46507815687265 0.0013371637867202705 0.0)
(69.46593858418868 0.002227222049664162 0.0)
(69.46728312286 0.0038260604383513297 0.0)
(69.46923206603964 0.0065084859665092455 0.0)
(69.47202293069034 0.010617445685430046 0.0)
(69.47610648360447 0.016535896463270857 0.0)
(69.48201497707579 0.024777095616275713 0.0)
(69.49011274485026 0.03591249788261682 0.0)
(69.50066488419974 0.050340473134837894 0.0)
(69.5140975037713 0.06829731495431815 0.0)
(69.53097850010273 0.0900585777070633 0.0)
(69.5519485598979 0.11607841850659838 0.0)
(69.57785641606371 0.14685327207588056 0.0)
(69.60991906418018 0.18251935758369714 0.0)
(69.65013347173718 0.22310413063303783 0.0)
(69.70112022886974 0.2683222488032354 0.0)
(69.76634393755687 0.31710193441902823 0.0)
(69.85007487160749 0.36702058813711996 0.0)
(69.95657415147451 0.4140189806888954 0.0)
(70.08965933219687 0.4528665856838783 0.0)
(70.25066642661388 0.4760821315862022 0.0)
(70.43744000149583 0.4755797376541843 0.0)
(70.644721214666 0.44159345114246856 0.0)
(70.8587417491954 0.36815925323315446 0.0)
(71.06669403808635 0.25101878863016536 0.0)
(71.26946986424464 0.09531463682950869 0.0)
(71.41941346561917 -0.09997272267961331 0.0)
(71.49288967753624 -0.3246221169809339 0.0)
(71.53096823849422 -0.5895267080161014 0.0)
(71.490888900064 -0.8954573636359284 0.0)
(71.3543020211429 -1.2260693302749177 0.0)
(71.12058758797802 -1.562648676117413 0.0)
(70.804948793812 -1.8760684867173296 0.0)
(70.43472996004775 -2.149534919324962 0.0)
(70.04018358358098 -2.3667921424229355 0.0)
(69.65021186776417 -2.521992761291064 0.0)
(69.28849433662704 -2.6113525933889976 0.0)
(68.97177825857615 -2.636457795558881 0.0)
(68.71075942456119 -2.598623936750225 0.0)
(68.5099191323971 -2.503255074637026 0.0)
(68.36855020168302 -2.356212104206921 0.0)
(68.28088200936833 -2.166271183779984 0.0)
(68.24003877697122 -1.9421881828861192 0.0)
(68.23680550703492 -1.6961264189649081 0.0)
(68.26065911896286 -1.4385201000947385 0.0)
(68.30356482730345 -1.1810597380249488 0.0)
(68.35737735674992 -0.9352491600283465 0.0)
(68.41474681886118 -0.7098794004537182 0.0)
(68.47208649825801 -0.5126560172335137 0.0)
(68.52610895658371 -0.3486280750141708 0.0)
(68.57677261169842 -0.21992575446650553 0.0)
(68.62608811442117 -0.12650872849495076 0.0)
(68.67766471016903 -0.06461184578874898 0.0)
(68.73554135443341 -0.02933768435288865 0.0)
(68.79887206108124 -0.012400615081752752 0.0)
(68.8760510428232 -0.006880596261860047 0.0)
(68.91441339886593 -0.005047479027104282 0.0)
(68.98847796042688 -0.0031042258252832276 0.0)
(69.0369773722227 -0.0021570626518525077 0.0)
(69.07872527260565 -0.0015146211062362824 0.0)
(69.1157944724916 -0.0010773596189728285 0.0)
(69.1480597666891 -0.0007647096191427597 0.0)
(69.17837417694409 -0.0005226900726112496 0.0)
(69.20608711811536 -0.00038468328743768767 0.0)
(69.23206597097341 -0.0002471462729646978 0.0)
(69.25621484099098 -0.00018613214232470778 0.0)
(69.27806883737158 -0.00013131086754064963 0.0)
(69.29548136199617 -0.00010969542277792904 0.0)
(69.3015417694045 -8.776138305675116e-5 0.0)
(69.27242041277896 -8.562294022255553e-5 0.0)
(69.1211956562985 -7.976783149908235e-5 0.0)
(68.56209683260283 -7.318212797965669e-5 0.0)
(66.6687411040586 -6.356895058492908e-5 0.0)
(60.511997424140986 -4.5967783123686276e-5 0.0)
(41.012401820307524 -1.1613140819856739e-5 0.0)
(69.4641187752641 5.300575079704023e-5 0.0)
(69.46283806452037 0.00014316209692430385 0.0)
(69.46352926959914 0.00024195468779014768 0.0)
(69.46376535081409 0.00036143145351360693 0.0)
(69.46411055092099 0.0005376778619666293 0.0)
(69.4645425662917 0.0008216043121363753 0.0)
(69.46511849814289 0.0012999318218421222 0.0)
(69.46600623135546 0.0021605131489287194 0.0)
(69.46739313935878 0.0037111749465671092 0.0)
(69.4694277584553 0.006316548492686818 0.0)
(69.47236791605292 0.010291953158849296 0.0)
(69.47667603990153 0.015986537846722677 0.0)
(69.48289305070492 0.023881725853422252 0.0)
(69.49142781679559 0.0345181893894371 0.0)
(69.50267001701387 0.048281544387856104 0.0)
(69.51712348226675 0.06533049629924091 0.0)
(69.53548459506348 0.08589162304209201 0.0)
(69.55860470506751 0.11042192236400508 0.0)
(69.58748136323713 0.1392534228772687 0.0)
(69.62369220310731 0.17246863727587117 0.0)
(69.66938745495715 0.20982664493313033 0.0)
(69.72743108871092 0.2507053913917914 0.0)
(69.8014095138723 0.29359172414455703 0.0)
(69.89518360232407 0.3353760836257296 0.0)
(70.01270630213742 0.3715445057248404 0.0)
(70.15596511162768 0.3958466502448281 0.0)
(70.32452110588532 0.4011232356802227 0.0)
(70.514428496936 0.3788457702273842 0.0)
(70.71558785978874 0.3212329754996055 0.0)
(70.91599988597184 0.22310715540774817 0.0)
(71.11484746741985 0.08574204800355101 0.0)
(71.2697775788373 -0.09226298650894507 0.0)
(71.35714714965417 -0.30083779307805647 0.0)
(71.40964013489935 -0.5487337635130208 0.0)
(71.39074195176407 -0.8341637382249317 0.0)
(71.28403196073951 -1.1475429746562817 0.0)
(71.08400411014995 -1.4705271024123594 0.0)
(70.80072403451479 -1.7790443196853096 0.0)
(70.45624150057061 -2.0540489160894646 0.0)
(70.07881069835632 -2.2788500292955223 0.0)
(69.69684459945509 -2.443774544600886 0.0)
(69.33528460732892 -2.544661296595543 0.0)
(69.01240886466199 -2.580342942594161 0.0)
(68.74088070137164 -2.553795620212294 0.0)
(68.52708420026369 -2.468192703950836 0.0)
(68.37195130325362 -2.3300775244027867 0.0)
(68.27119603418653 -2.1475712048724978 0.0)
(68.21887604911431 -1.9291000736910295 0.0)
(68.20640274778103 -1.687489011535488 0.0)
(68.22360122958892 -1.4332295721778718 0.0)
(68.26252229630036 -1.178070624417061 0.0)
(68.31499755784952 -0.9338998260441469 0.0)
(68.37339887599713 -0.709666793618773 0.0)
(68.43388319277462 -0.5129933180106069 0.0)
(68.49284479982137 -0.34940825761959005 0.0)
(68.54970665953137 -0.2209346666496403 0.0)
(68.60575009692693 -0.12769031781595547 0.0)
(68.66358814479871 -0.06579231134842053 0.0)
(68.72592173093608 -0.03076571671386734 0.0)
(68.79119892356513 -0.013828057779501428 0.0)
(68.86843647852545 -0.008015578314444771 0.0)
(68.9046542053898 -0.005993087733835574 0.0)
(68.97819707509181 -0.003773967851458135 0.0)
(69.02577099850846 -0.002646197018320089 0.0)
(69.06651705393028 -0.0018748528041332875 0.0)
(69.10254895949691 -0.0013447285156422393 0.0)
(69.13372578484508 -0.0009640520061794147 0.0)
(69.16304360449503 -0.0006616574063231492 0.0)
(69.18986258295578 -0.0004895953622113678 0.0)
(69.2151720556248 -0.0003122022680959144 0.0)
(69.23902119601559 -0.00023336280145028546 0.0)
(69.26135010721345 -0.00015849130290975156 0.0)
(69.28140134140652 -0.00012889564850535626 0.0)
(69.2974178868274 -9.682050651577036e-5 0.0)
(69.3038533297417 -9.237628385636659e-5 0.0)
(69.27500199973592 -8.474085020958689e-5 0.0)
(69.1262441804574 -7.982812709945285e-5 0.0)
(68.57317305301014 -7.754460685972035e-5 0.0)
(66.69299201218233 -6.894376754381475e-5 0.0)
(60.55750152747653 -4.810071536009264e-5 0.0)
(41.06598112277787 -1.2347133730947244e-5 0.0)
(69.4627683607468 4.7371365939797464e-5 0.0)
(69.46340106302809 0.00014092409991042922 0.0)
(69.46353471088925 0.0002365589521440265 0.0)
(69.46376935157151 0.00035126299518687906 0.0)
(69.46411613211971 0.000521963113582922 0.0)
(69.46455992765013 0.0007982075881552041 0.0)
(69.46515687126545 0.0012608009830519136 0.0)
(69.4660698266475 0.0020903689016720495 0.0)
(69.4674959201187 0.003588910812434878 0.0)
(69.46960927004477 0.006108571242509321 0.0)
(69.4726997753733 0.009939509251351016 0.0)
(69.47723148523832 0.015393194053911784 0.0)
(69.48375189624946 0.022914020475578705 0.0)
(69.49275392743158 0.03302933534748382 0.0)
(69.50470648212287 0.046069738666446494 0.0)
(69.5202287813342 0.062142401689330634 0.0)
(69.54017241450653 0.08145291859220244 0.0)
(69.56548720738289 0.10432932744287529 0.0)
(69.59746950963562 0.13106655203360876 0.0)
(69.63785210630486 0.1615462428788023 0.0)
(69.68900436832254 0.19526229061175304 0.0)
(69.75394652265997 0.23123955846571662 0.0)
(69.83602251814517 0.2674052513283678 0.0)
(69.93900134655283 0.30020091995115294 0.0)
(70.0653247409112 0.3242168168659287 0.0)
(70.21584887062681 0.3330905326391077 0.0)
(70.38792275211983 0.3195945312809747 0.0)
(70.57466511966219 0.2755617065039615 0.0)
(70.7648339406064 0.19536789954684028 0.0)
(70.95787647611941 0.0757403652009859 0.0)
(71.11473652766013 -0.08364550658196857 0.0)
(71.21446699789371 -0.27600599306942075 0.0)
(71.27977682150262 -0.5052183558692542 0.0)
(71.28055774439258 -0.7705311285518415 0.0)
(71.20172576050454 -1.0660668140222955 0.0)
(71.03442505409453 -1.3742560404053767 0.0)
(70.78473155024982 -1.6764797462837029 0.0)
(70.46863877510447 -1.9501988486292339 0.0)
(70.1120757594092 -2.1818147244462742 0.0)
(69.74166163194995 -2.3559651902348806 0.0)
(69.38345151406139 -2.469561554851213 0.0)
(69.05692535277232 -2.5168412069273622 0.0)
(68.77671530467404 -2.5023570971952283 0.0)
(68.55108253859389 -2.42770745618372 0.0)
(68.38258946490092 -2.299352197465884 0.0)
(68.26863276066824 -2.125697302678615 0.0)
(68.20436595813645 -1.913910601530364 0.0)
(68.18199319986684 -1.6777036886589118 0.0)
(68.19185034718438 -1.4273829122247157 0.0)
(68.2261309988491 -1.1748569765681227 0.0)
(68.27670241228708 -0.9326894279087009 0.0)
(68.33569388741797 -0.7097349012500476 0.0)
(68.39899207598613 -0.5137098534089556 0.0)
(68.46262408729905 -0.3506866769735668 0.0)
(68.5254024956807 -0.22241139491370737 0.0)
(68.58781505512646 -0.12932482656174044 0.0)
(68.65150050754472 -0.0677064534106328 0.0)
(68.71794912000507 -0.032451766234633084 0.0)
(68.78503426839227 -0.015399426874159343 0.0)
(68.86236295469675 -0.009319433433268767 0.0)
(68.89679036628763 -0.007075994790054519 0.0)
(68.96984524230243 -0.004551311239779515 0.0)
(69.01658193635785 -0.0032177918718662934 0.0)
(69.05639855409237 -0.0022990604865408726 0.0)
(69.09143200555943 -0.0016623365670024345 0.0)
(69.12151871778073 -0.0012037407718261802 0.0)
(69.14976624098591 -0.0008307760785660719 0.0)
(69.17553748906529 -0.0006193183178817813 0.0)
(69.1999141851471 -0.00039427710743663436 0.0)
(69.2230245825546 -0.00029437485740663205 0.0)
(69.24495342229481 -0.00019458091715735592 0.0)
(69.26530779763718 -0.00015512641295402217 0.0)
(69.28371640981841 -0.00010969110902523374 0.0)
(69.29985730821494 -0.00010136340541448298 0.0)
(69.30575817959493 -8.973219577219866e-5 0.0)
(69.27760718326397 -8.369302395643895e-5 0.0)
(69.1309639537142 -8.524498202380972e-5 0.0)
(68.58393119643927 -8.48386432107699e-5 0.0)
(66.71711305671946 -7.257311822231305e-5 0.0)
(60.60377686426844 -5.093239183472664e-5 0.0)
(41.12115389824089 -1.3792688006633574e-5 0.0)
(69.46333373454328 4.712034974561547e-5 0.0)
(69.46340640384255 0.0001386610914968478 0.0)
(69.46354050691566 0.00023117784579636605 0.0)
(69.46377345038736 0.0003410583156380669 0.0)
(69.46412149601485 0.0005058595771052992 0.0)
(69.46457635413864 0.000773740247574739 0.0)
(69.46519391825593 0.0012197940454496113 0.0)
(69.46613085190764 0.002016851025165178 0.0)
(69.46759068000627 0.0034590126248888607 0.0)
(69.46978332548339 0.00588581869135023 0.0)
(69.4730231793033 0.009560432396938535 0.0)
(69.47777389805535 0.014755366683933986 0.0)
(69.48461931777908 0.021889331136826114 0.0)
(69.49409872720068 0.03144665090598959 0.0)
(69.5067907785069 0.043717838100798524 0.0)
(69.52345365996995 0.0587821011259622 0.0)
(69.54500116471654 0.07673415719301412 0.0)
(69.57260516118252 0.09786286398364635 0.0)
(69.60770071986967 0.12231563697710413 0.0)
(69.65222341866826 0.14977318177122187 0.0)
(69.70870141008865 0.17944735472854267 0.0)
(69.78001991762741 0.20990986968754008 0.0)
(69.86956834203033 0.23869152307324404 0.0)
(69.97998322830185 0.2614321087208858 0.0)
(70.11290259873816 0.27247024699758376 0.0)
(70.26716240177934 0.2652281162049563 0.0)
(70.43796238747937 0.23235353506092316 0.0)
(70.61620109631055 0.16776509292807748 0.0)
(70.8006640284433 0.06606904357189365 0.0)
(70.95723893448567 -0.07456087721466623 0.0)
(71.06667395090545 -0.24993696319388767 0.0)
(71.14310680576631 -0.4599153394385849 0.0)
(71.16223020566085 -0.7056490448902368 0.0)
(71.10876459181357 -0.9812748372909693 0.0)
(70.97331661766626 -1.2747581220924786 0.0)
(70.75714286217554 -1.5680478749397635 0.0)
(70.47169734958374 -1.8397775128669271 0.0)
(70.13918727922308 -2.075589963033327 0.0)
(69.78410301728239 -2.2588834520183703 0.0)
(69.43258982938825 -2.3847697008157045 0.0)
(69.10520435198154 -2.4455308982293293 0.0)
(68.81831540747059 -2.4437357812907443 0.0)
(68.58223693037093 -2.3816325610159534 0.0)
(68.40104852306814 -2.2637518201672915 0.0)
(68.27399076124887 -2.10015329139683 0.0)
(68.19743887176774 -1.8962999561234433 0.0)
(68.16452877291697 -1.6663964321861409 0.0)
(68.16633187052916 -1.4210222503819048 0.0)
(68.19523622060214 -1.1716039509777811 0.0)
(68.24321940593497 -0.9316790133800029 0.0)
(68.30223988854486 -0.710318807483759 0.0)
(68.36786300872784 -0.5150216036734547 0.0)
(68.43571782498853 -0.35256734180162147 0.0)
(68.50395688077725 -0.2246642350251057 0.0)
(68.57223183842504 -0.131613551112182 0.0)
(68.64124593288396 -0.06983134935166131 0.0)
(68.71140150367465 -0.03461186510752084 0.0)
(68.7801208074918 -0.01724429657734864 0.0)
(68.85755293857571 -0.010813717059618594 0.0)
(68.89050246233326 -0.008312979862698062 0.0)
(68.96311944896003 -0.00544878530065371 0.0)
(69.00912303419312 -0.003881498158703291 0.0)
(69.04811169323017 -0.002794763674047613 0.0)
(69.0822316171707 -0.0020361689274380856 0.0)
(69.11129151123684 -0.0014887667643653521 0.0)
(69.13848202029165 -0.0010339937672230349 0.0)
(69.16316007634545 -0.0007773698221837963 0.0)
(69.18647817554688 -0.0004960692126805487 0.0)
(69.20861951152796 -0.00037167758529466516 0.0)
(69.22974713345779 -0.00024149174999159518 0.0)
(69.24957990118818 -0.00019022830051028844 0.0)
(69.26812735438094 -0.0001278156358040509 0.0)
(69.28658869800215 -0.00011403783822078099 0.0)
(69.30183074678183 -9.644666870195368e-5 0.0)
(69.30768575089839 -8.722837273475594e-5 0.0)
(69.27980211071632 -9.033240754344303e-5 0.0)
(69.1351964322457 -9.45955994657385e-5 0.0)
(68.59420379303242 -8.991280263307615e-5 0.0)
(66.74143315542729 -7.658337551116429e-5 0.0)
(60.65142867292736 -5.637679313385868e-5 0.0)
(41.17740422135343 -1.3409768026927273e-5 0.0)
(69.46333737696668 4.684681519735355e-5 0.0)
(69.46341207486692 0.00013636548354790183 0.0)
(69.46354681467682 0.00022580924895619883 0.0)
(69.463777984893 0.00033081970179603875 0.0)
(69.46412663052591 0.0004893478148057546 0.0)
(69.46459247788225 0.0007481906769090426 0.0)
(69.46523058826983 0.0011769086644631277 0.0)
(69.46618802521999 0.0019398206090905261 0.0)
(69.46768258347684 0.00332219268378533 0.0)
(69.46995307579546 0.005648496242580651 0.0)
(69.47333698394824 0.009154317951148312 0.0)
(69.47832268775618 0.01408237541891179 0.0)
(69.4854976476313 0.02080798721838513 0.0)
(69.49547208422008 0.029778687916423692 0.0)
(69.5089546943214 0.041259923574239944 0.0)
(69.52676626887012 0.055244335548427906 0.0)
(69.54998239765929 0.07178113230666491 0.0)
(69.57987290680997 0.09104059601624402 0.0)
(69.61805019899792 0.1130170394810849 0.0)
(69.66660757097515 0.1371771982194532 0.0)
(69.72800445115105 0.16237027329038717 0.0)
(69.80522451803299 0.1868257310258492 0.0)
(69.90087102872897 0.20737486474241396 0.0)
(70.01700331376966 0.21938028348251734 0.0)
(70.15370282956212 0.2167540421403345 0.0)
(70.30771573188257 0.19279239321174443 0.0)
(70.47255609301308 0.14120614071632134 0.0)
(70.64582811868824 0.05660124916928293 0.0)
(70.80016339707204 -0.06564736857576893 0.0)
(70.91571025006971 -0.22233368532553077 0.0)
(71.00217474943021 -0.4139185081847521 0.0)
(71.03719098986548 -0.6395658495684573 0.0)
(71.00713133044921 -0.8950034000071359 0.0)
(70.90193272092212 -1.1722286864208942 0.0)
(70.71873694807175 -1.4543405525997737 0.0)
(70.46547861765461 -1.7233173422190406 0.0)
(70.1595010262506 -1.9609726433483283 0.0)
(69.82345502697967 -2.153097044191754 0.0)
(69.4820940075475 -2.2899703995982157 0.0)
(69.15700607736132 -2.365562124249062 0.0)
(68.86567560643624 -2.3773295526201403 0.0)
(68.62076254883496 -2.3294166677349453 0.0)
(68.42777564351728 -2.2232327183908707 0.0)
(68.28792112976141 -2.0705906185024965 0.0)
(68.19891473625906 -1.875956468000702 0.0)
(68.15489419386046 -1.6532709973197601 0.0)
(68.14791503698582 -1.4137873314230174 0.0)
(68.17064278083421 -1.1683124982155375 0.0)
(68.21525001284806 -0.9311098418121163 0.0)
(68.27359468995719 -0.71144199354396 0.0)
(68.34088640583502 -0.5171780623860656 0.0)
(68.41235020632774 -0.3553224272107466 0.0)
(68.48543658637828 -0.22750529484462276 0.0)
(68.55894500919678 -0.1345836800399517 0.0)
(68.63268530861706 -0.07270445390094685 0.0)
(68.70609463733277 -0.03718439232947765 0.0)
(68.77624487679029 -0.019335465843543998 0.0)
(68.85377055505741 -0.012522662494333495 0.0)
(68.88550920430167 -0.009723050323931946 0.0)
(68.95774301766708 -0.006480472194300185 0.0)
(69.00311915870954 -0.004648127367294775 0.0)
(69.04139161650242 -0.003370318647949999 0.0)
(69.07470572675919 -0.0024727962068061236 0.0)
(69.10284008547708 -0.0018245249244888881 0.0)
(69.12904416087535 -0.0012755316825791478 0.0)
(69.15266195247793 -0.000967448470163479 0.0)
(69.17489567580166 -0.0006203904443535418 0.0)
(69.19596749525125 -0.00046787545628185575 0.0)
(69.21609355870316 -0.00030121938552075733 0.0)
(69.23504097254308 -0.00023613574157775098 0.0)
(69.25294960050431 -0.00015268173405050893 0.0)
(69.271551952126 -0.00013177656403416503 0.0)
(69.28893207265658 -0.00010625325020269895 0.0)
(69.30382739514383 -9.214032107739333e-5 0.0)
(69.30913848299747 -9.545199927765683e-5 0.0)
(69.28140590954119 -0.00010218904273468593 0.0)
(69.13875155451062 -0.00010110593855352476 0.0)
(68.60437856968454 -9.461676483498707e-5 0.0)
(66.76666111512424 -8.393225340012701e-5 0.0)
(60.69958927508502 -5.497629113352246e-5 0.0)
(41.23544386324255 -1.5224839090079132e-5 0.0)
(69.46334115819633 4.654630879576358e-5 0.0)
(69.46341813777669 0.00013402703632375888 0.0)
(69.4635538400802 0.00022044458728586223 0.0)
(69.46378298578723 0.0003205363806465019 0.0)
(69.46413216930725 0.00047242167405218765 0.0)
(69.46460906926808 0.0007215354831539182 0.0)
(69.46526541498069 0.0011320321329054595 0.0)
(69.46624524204505 0.0018596353977043515 0.0)
(69.46777352984282 0.0031785816305224305 0.0)
(69.47011633114543 0.005396362187374761 0.0)
(69.47365586300275 0.008726678750607893 0.0)
(69.47887670586474 0.013374309670774428 0.0)
(69.48639133178852 0.01967525119790979 0.0)
(69.49689780263624 0.028047959030938464 0.0)
(69.51117292266203 0.03869244750980013 0.0)
(69.53017878867686 0.051561605174644407 0.0)
(69.55505642087941 0.06660750824116086 0.0)
(69.58720321824828 0.08387424994315976 0.0)
(69.62837932747321 0.10319062364610926 0.0)
(69.6806596947185 0.12374742781958553 0.0)
(69.74662164800698 0.1441098250806892 0.0)
(69.82868558744272 0.1619119643330987 0.0)
(69.92910047397636 0.17368722203630083 0.0)
(70.0487706025761 0.1743146342933895 0.0)
(70.18588576087522 0.1575242871116898 0.0)
(70.33597764402145 0.11698347473817436 0.0)
(70.49645115540459 0.047365208639722295 0.0)
(70.64573367562032 -0.057061191914844246 0.0)
(70.76441926469913 -0.19450453109001076 0.0)
(70.85902787775612 -0.3674118370491268 0.0)
(70.90743167402599 -0.5726864369774839 0.0)
(70.89890812693142 -0.808789951317814 0.0)
(70.82141658409704 -1.0674917579472938 0.0)
(70.670729101138 -1.3371894784646294 0.0)
(70.45007875685654 -1.600489214846054 0.0)
(70.17287771264756 -1.839277643150191 0.0)
(69.85890081680628 -2.0385949220234854 0.0)
(69.53125012119206 -2.186150365212937 0.0)
(69.21177736028665 -2.276109936263336 0.0)
(68.91866306549194 -2.3028013064920474 0.0)
(68.6667470138525 -2.2700596328629197 0.0)
(68.46311457142238 -2.1776123871077187 0.0)
(68.31092307507379 -2.0367412543500034 0.0)
(68.20947208643162 -1.8527797427191834 0.0)
(68.15387530541479 -1.6381863914073513 0.0)
(68.13740374376917 -1.4055525760179859 0.0)
(68.15311181891165 -1.1648315232793038 0.0)
(68.19343563340259 -0.9307686068275309 0.0)
(68.25025628346783 -0.7133844811622294 0.0)
(68.31841324544548 -0.5200979761082563 0.0)
(68.39271230043512 -0.35891148965118314 0.0)
(68.46989116142171 -0.23143295968978514 0.0)
(68.5478965779306 -0.13828590656913264 0.0)
(68.62569068654764 -0.07610906859785962 0.0)
(68.70187040699238 -0.04025489208474792 0.0)
(68.77322622529267 -0.021847878556453565 0.0)
(68.85082073764912 -0.014473546722142475 0.0)
(68.8815703254068 -0.011327729936905501 0.0)
(68.95347314326233 -0.007662241437470864 0.0)
(68.9983203515561 -0.005529854628493613 0.0)
(69.03598636409976 -0.004035090762949717 0.0)
(69.06860853033737 -0.0029795139560262938 0.0)
(69.0959354445842 -0.002216930608276161 0.0)
(69.12125602936825 -0.0015599749816142948 0.0)
(69.14389660719411 -0.0011934982398796668 0.0)
(69.16509109610632 -0.0007701981513226213 0.0)
(69.1850854799854 -0.0005856721149537386 0.0)
(69.20413233848691 -0.00037583331463832413 0.0)
(69.22202428890606 -0.00029486182770223753 0.0)
(69.23896486392346 -0.00018584218371218124 0.0)
(69.25696474977204 -0.00015598080185114926 0.0)
(69.27438217882114 -0.0001204233149504199 0.0)
(69.29129522122034 -9.977400692917621e-5 0.0)
(69.30528457420351 -0.00010246539428743555 0.0)
(69.30991233170533 -0.00011051169609566155 0.0)
(69.28220340511898 -0.0001104315971930722 0.0)
(69.14208865766247 -0.00010617166061854873 0.0)
(68.61529414417276 -0.00010312118143439009 0.0)
(66.79176146334498 -8.224750067543857e-5 0.0)
(60.74938880095745 -6.122527740799562e-5 0.0)
(41.295134003020294 -1.6050484057236074e-5 0.0)
(69.46334514826748 4.6212673357471104e-5 0.0)
(69.46342479277665 0.00013163252844679613 0.0)
(69.46356158655104 0.00021506610285020942 0.0)
(69.46378894184504 0.0003101967720215278 0.0)
(69.46413881439315 0.00045506388148761854 0.0)
(69.46462484746289 0.0006936947412785504 0.0)
(69.46530139239272 0.0010853184911483443 0.0)
(69.4663032610219 0.001776324874846965 0.0)
(69.46786092589703 0.003028042961386097 0.0)
(69.47028509411265 0.005132574891886687 0.0)
(69.47397709659045 0.008277576545031024 0.0)
(69.4794373216974 0.012634326644759412 0.0)
(69.48731804896671 0.018505401186819287 0.0)
(69.49835539013453 0.02625190668250537 0.0)
(69.51345655334173 0.03603756921306704 0.0)
(69.53365001877103 0.04774378651344227 0.0)
(69.56016343847038 0.06122146015786785 0.0)
(69.5945023703848 0.07637768393545823 0.0)
(69.63843955999157 0.09282655932655391 0.0)
(69.69418502675775 0.10953822749619065 0.0)
(69.7639046694704 0.12459834957693003 0.0)
(69.84981538758042 0.13533369984781826 0.0)
(69.95330780041463 0.1377983050219419 0.0)
(70.07380107793203 0.1265866938627644 0.0)
(70.20838488931055 0.09557566268974267 0.0)
(70.35506352340182 0.0390032947136319 0.0)
(70.49642092857137 -0.04872093592039567 0.0)
(70.61577446314092 -0.1678342371924461 0.0)
(70.71538186701052 -0.3209149054678514 0.0)
(70.77562602734845 -0.5063501230572207 0.0)
(70.78564492205156 -0.7225871833881606 0.0)
(70.73370323008024 -0.9626224098091603 0.0)
(70.6140173545387 -1.2179867861410858 0.0)
(70.42589746686559 -1.47263805873245 0.0)
(70.17928895581616 -1.7111746936584757 0.0)
(69.88980536377193 -1.915604536486826 0.0)
(69.5793246441795 -2.0740963465492697 0.0)
(69.26869341977701 -2.1772052569030347 0.0)
(68.97686867089119 -2.2199877980335057 0.0)
(68.72006750783616 -2.2028025464339867 0.0)
(68.50726423669515 -2.126227050649705 0.0)
(68.34337519911072 -1.9983378117523118 0.0)
(68.22963518911646 -1.8265085401642034 0.0)
(68.16212252935246 -1.6211199875161557 0.0)
(68.13547979448408 -1.3961880803011337 0.0)
(68.14331103480681 -1.1612031418610236 0.0)
(68.17835755185351 -0.9309098917752103 0.0)
(68.23268309007351 -0.716050357278366 0.0)
(68.30075710029247 -0.5241082119450475 0.0)
(68.3769612759516 -0.36353563936158434 0.0)
(68.4573507655097 -0.2361896483477971 0.0)
(68.53902460664608 -0.1429818131953565 0.0)
(68.62015225159095 -0.08028058929619433 0.0)
(68.69860233661844 -0.04385334290481532 0.0)
(68.77092483753184 -0.02473610247106741 0.0)
(68.84854786516458 -0.016647811719381633 0.0)
(68.87848559708263 -0.013151372725639973 0.0)
(68.95010287771203 -0.009011991234351868 0.0)
(68.99450801537401 -0.006540424371288965 0.0)
(69.03166814600394 -0.004799633968090184 0.0)
(69.063707778231 -0.0035644886692225435 0.0)
(69.09034740163493 -0.002672544137645161 0.0)
(69.11490052552806 -0.0018923797558783515 0.0)
(69.13667385931771 -0.0014597906405356322 0.0)
(69.15691835867315 -0.0009486520501313647 0.0)
(69.17589160267845 -0.0007278986435860919 0.0)
(69.19386730423199 -0.0004674848965853656 0.0)
(69.21064989185362 -0.0003684854072931178 0.0)
(69.22648013155901 -0.00022890480925562761 0.0)
(69.24356708102154 -0.00018810122585365547 0.0)
(69.26031980517881 -0.00014023857230737453 0.0)
(69.27722427548824 -0.00011136554229230666 0.0)
(69.293051242642 -0.00011285816093196247 0.0)
(69.30597512440804 -0.0001216308124383413 0.0)
(69.30976563155811 -0.00012102275839327881 0.0)
(69.28273236941536 -0.00011573815309765496 0.0)
(69.14619373489607 -0.00011555322866611554 0.0)
(68.6257279654492 -0.00010084153084973127 0.0)
(66.81806678956147 -8.914385755754847e-5 0.0)
(60.800553515317205 -6.66197848255792e-5 0.0)
(41.35680981206278 -0.003163299580770374 0.0)
(69.4633495288876 4.5838965020011455e-5 0.0)
(69.46343201826716 0.00012916195279778046 0.0)
(69.46357040038812 0.00020965302063974723 0.0)
(69.4637964338462 0.0002997808843940415 0.0)
(69.46414551030439 0.0004372194439663825 0.0)
(69.46464228711991 0.000664734463749468 0.0)
(69.4653386463197 0.0010367442747717336 0.0)
(69.46635915705616 0.0016897692196090211 0.0)
(69.46795431503185 0.0028722238284890115 0.0)
(69.47045604048473 0.004857191884365374 0.0)
(69.47430088206234 0.0078089460183940395 0.0)
(69.48001812649719 0.011871292513437924 0.0)
(69.48826060740345 0.017296561472885393 0.0)
(69.49985397710249 0.024404798778237667 0.0)
(69.5157769558397 0.03330178521624749 0.0)
(69.53713922786011 0.0437962279425769 0.0)
(69.565241403546 0.0556323356762013 0.0)
(69.6015944688297 0.06854258743314605 0.0)
(69.6481056136191 0.08196169693741456 0.0)
(69.70670420021526 0.09449172419997827 0.0)
(69.77944786607812 0.10394741668911237 0.0)
(69.86791383022603 0.1072006784066392 0.0)
(69.97237119388355 0.09994486742614254 0.0)
(70.09128557252772 0.07679233295976971 0.0)
(70.22341078197933 0.03182358439882528 0.0)
(70.35492091591527 -0.0406636476927976 0.0)
(70.47209725906366 -0.1425398374751244 0.0)
(70.57378341845649 -0.2759422982233056 0.0)
(70.64377230865556 -0.44163766124023124 0.0)
(70.66926776653106 -0.6371320107764818 0.0)
(70.64087893017694 -0.8589799381674533 0.0)
(70.54955635938437 -1.0979142112288054 0.0)
(70.39372414644231 -1.34243946803252 0.0)
(70.17838086879445 -1.5772703871572837 0.0)
(69.91584278414551 -1.7854308952054363 0.0)
(69.62544607817013 -1.9535481478078558 0.0)
(69.32693934265279 -2.069758726915768 0.0)
(69.03951258582838 -2.128583088624185 0.0)
(68.78033919296618 -2.1277274867391585 0.0)
(68.560146038469 -2.068121244459084 0.0)
(68.38551397096619 -1.9550622497260735 0.0)
(68.25976579566147 -1.7966189877828285 0.0)
(68.18014613925521 -1.60209631383871 0.0)
(68.14269213599385 -1.3855520356588669 0.0)
(68.14179593958488 -1.1573227916165874 0.0)
(68.17052439339932 -0.9314374427277333 0.0)
(68.22127293361783 -0.7196326467141848 0.0)
(68.28818174847797 -0.5293141924316197 0.0)
(68.36523191797566 -0.36948155999382826 0.0)
(68.44783997732637 -0.24213460073495924 0.0)
(68.53227923114684 -0.14858543778546254 0.0)
(68.6159875711733 -0.0852550557254053 0.0)
(68.69619474116664 -0.04806205234455345 0.0)
(68.76923158809878 -0.028107894700182677 0.0)
(68.84682527562431 -0.01922760962377772 0.0)
(68.87609099058118 -0.015221509940636225 0.0)
(68.9474599043974 -0.010549892938055232 0.0)
(68.99149626914233 -0.0076953590430571 0.0)
(69.02823843253636 -0.00567587607464014 0.0)
(69.05979447393 -0.0042369090208618735 0.0)
(69.08585991330634 -0.003198699536989231 0.0)
(69.10976148148995 -0.0022783899648360067 0.0)
(69.13078688586076 -0.0017710210814654538 0.0)
(69.15019314655095 -0.0011591873656297256 0.0)
(69.16824029435372 -0.0008975651309468706 0.0)
(69.1852110530415 -0.0005784362548482083 0.0)
(69.20090980760075 -0.000459155752419131 0.0)
(69.2155977596194 -0.0002835221360625617 0.0)
(69.23164008119265 -0.0002296324243779997 0.0)
(69.24744544937629 -0.00016701963296435885 0.0)
(69.2636751091301 -0.0001281550353157931 0.0)
(69.27939007791677 -0.0001280031446146206 0.0)
(69.29395090042057 -0.00013721861889594083 0.0)
(69.30563097060305 -0.00013514973238889293 0.0)
(69.30931812250603 -0.0001265646429511896 0.0)
(69.28413645843551 -0.00012591412418398645 0.0)
(69.14963651137991 -0.0001120061466394244 0.0)
(68.6372567679423 -0.00010655334091250849 0.0)
(66.84522004765186 -0.00010277201643242817 0.0)
(60.85354959144632 -0.010175971729055693 0.0)
(66.8974782836144 -0.003364773201127427 0.0)
(69.46335436222384 4.541328856018627e-5 0.0)
(69.46344009300606 0.0001265932481370848 0.0)
(69.46358065000484 0.00020417616674201473 0.0)
(69.46380454630568 0.0002892390079238204 0.0)
(69.46415438655126 0.00041891289712223253 0.0)
(69.46466141159956 0.0006346321227561096 0.0)
(69.46537421685976 0.0009862094344693993 0.0)
(69.46642047783473 0.0016007537134759449 0.0)
(69.46805026828343 0.0027111252396732994 0.0)
(69.47062911691174 0.004571365964196277 0.0)
(69.47463831506688 0.007326203789812824 0.0)
(69.48060453782878 0.011084017849881693 0.0)
(69.4892265799568 0.01605765839603021 0.0)
(69.50137377799442 0.022510645437579 0.0)
(69.51810637546924 0.030488345051749126 0.0)
(69.5406052068584 0.03972473817402713 0.0)
(69.57016730593251 0.04983324544817078 0.0)
(69.60840286236655 0.06039369301997526 0.0)
(69.65702803876844 0.07054903028595881 0.0)
(69.71794359098897 0.07868286351171883 0.0)
(69.79274272277999 0.08222403540726311 0.0)
(69.88215095931916 0.07766521537501955 0.0)
(69.98568325303384 0.06057311894812193 0.0)
(70.10285317707246 0.02557480762587396 0.0)
(70.22325021079078 -0.033158676712933266 0.0)
(70.33550623498925 -0.11868629570506849 0.0)
(70.43696749460565 -0.23361741381926174 0.0)
(70.51345716614851 -0.3794026904852574 0.0)
(70.55222680346641 -0.554434881052421 0.0)
(70.54428157391358 -0.7570105617944863 0.0)
(70.47917252935898 -0.9789116759211101 0.0)
(70.35414070703868 -1.2114755720620347 0.0)
(70.17010568884196 -1.4397491662380733 0.0)
(69.93649807711527 -1.649546893671859 0.0)
(69.66868343936606 -1.8248411743367559 0.0)
(69.38568056594107 -1.9543558497869875 0.0)
(69.10559880971223 -2.0284818688764763 0.0)
(68.84689759274893 -2.045176336591138 0.0)
(68.62133612722344 -2.002781184886526 0.0)
(68.43732207576964 -1.9064793309216528 0.0)
(68.30005296448402 -1.762615694336751 0.0)
(68.20830152764447 -1.5806910662768114 0.0)
(68.15947730687364 -1.3737556126226447 0.0)
(68.14901466737743 -1.1531503637660512 0.0)
(68.1703564802833 -0.9324294237689982 0.0)
(68.21634643870303 -0.7240711482539809 0.0)
(68.2809042556376 -0.5357269927924995 0.0)
(68.35763490984972 -0.376687044698143 0.0)
(68.4413754938328 -0.2494087627864518 0.0)
(68.52762002935353 -0.15530810230674155 0.0)
(68.61313232825526 -0.0911235737958739 0.0)
(68.69456909523421 -0.0529080427102307 0.0)
(68.76805966954002 -0.03191673940546859 0.0)
(68.84555458688502 -0.022103681153628343 0.0)
(68.87425601621997 -0.017569234697982827 0.0)
(68.94540343587262 -0.012298642130816441 0.0)
(68.98913055122767 -0.009012164419525685 0.0)
(69.02552880887218 -0.00667731275880351 0.0)
(69.05668705406194 -0.005007141882474389 0.0)
(69.08227948963439 -0.0038036348854493525 0.0)
(69.10563727111374 -0.002724361978322473 0.0)
(69.1260316252772 -0.0021324125990031884 0.0)
(69.14471781970232 -0.0014056022075590508 0.0)
(69.1619525371209 -0.0010979269152678382 0.0)
(69.17801851789616 -0.0007111101726439271 0.0)
(69.19271150079923 -0.0005691180159769087 0.0)
(69.2062990027816 -0.00035139584191618684 0.0)
(69.22126926857136 -0.0002821061049218077 0.0)
(69.2360162712242 -0.0002021221103176757 0.0)
(69.25130976007516 -0.00015141565841298715 0.0)
(69.26628582966211 -0.00014927673872432214 0.0)
(69.2806100764283 -0.00015882763693759636 0.0)
(69.29370100011778 -0.0001546764579740389 0.0)
(69.30495493386344 -0.00014097098327954806 0.0)
(69.30987597209351 -0.00013752632922323178 0.0)
(69.28476155479525 -0.00012064320731517634 0.0)
(69.15426594668632 -0.00011533863512020865 0.0)
(68.64942906821302 -0.00013152821753610198 0.0)
(66.87376476853709 -0.01113179925156155 0.0)
(67.43737603367966 -0.011072374211768744 0.0)
(69.1964742672826 -0.0002522785457924931 0.0)
(69.46335986385544 4.492016844898992e-5 0.0)
(69.46344925613128 0.00012389853750373846 0.0)
(69.46359163337831 0.00019858598594067682 0.0)
(69.46381498387522 0.00027856080198691944 0.0)
(69.46416544331831 0.00040011966732405793 0.0)
(69.4646795228262 0.0006033201713240017 0.0)
(69.46541432505978 0.0009341033493116263 0.0)
(69.4664836676537 0.001509217245719405 0.0)
(69.46814818109519 0.00254529667572223 0.0)
(69.47081355207351 0.0042781772488824105 0.0)
(69.47497758058104 0.006828808289890912 0.0)
(69.48120342901656 0.010278137841369599 0.0)
(69.49020242447172 0.01479105750910572 0.0)
(69.50289637476206 0.02057123015831529 0.0)
(69.5204179759921 0.027600712881157206 0.0)
(69.54396209233529 0.035523799676665226 0.0)
(69.57489535595407 0.04383989800820827 0.0)
(69.6146758099329 0.051894047807249544 0.0)
(69.66502922869284 0.058639353485193384 0.0)
(69.72754155987438 0.06215088228254588 0.0)
(69.80317931402244 0.05952428955359179 0.0)
(69.89209333571392 0.047041562059364044 0.0)
(69.99440855025432 0.02014337395015113 0.0)
(70.10273387026648 -0.02655889432434651 0.0)
(70.20797177965642 -0.09688224354070678 0.0)
(70.30694780322169 -0.19435936622476782 0.0)
(70.38687022140783 -0.3207363018875799 0.0)
(70.43639733214903 -0.4759097607554354 0.0)
(70.44543979334445 -0.6581664412795574 0.0)
(70.40460296438397 -0.862749666819836 0.0)
(70.30780682978765 -1.080908013062221 0.0)
(70.15497776656152 -1.3012967964899635 0.0)
(69.95091888024363 -1.5092694612748614 0.0)
(69.7082588582131 -1.6899487550318066 0.0)
(69.44368796933861 -1.830924210374703 0.0)
(69.17416073320383 -1.9203058501724561 0.0)
(68.91875111717168 -1.9548270308172997 0.0)
(68.69017742378465 -1.9304832494913344 0.0)
(68.49841124592393 -1.8520011357793964 0.0)
(68.35046640267531 -1.7242268205234206 0.0)
(68.24674091017222 -1.5563609097884326 0.0)
(68.18614349385585 -1.3605563690584612 0.0)
(68.16528301936434 -1.1485507523401612 0.0)
(68.17817230120714 -0.9339661345842425 0.0)
(68.21817255756433 -0.7294465562993042 0.0)
(68.27911102122333 -0.5434373039811065 0.0)
(68.3542699432106 -0.3853024081657901 0.0)
(68.4379826931077 -0.25796985962297586 0.0)
(68.52502464517289 -0.16326688012436172 0.0)
(68.61154647707285 -0.09794601261941084 0.0)
(68.69367600723139 -0.05853210335303296 0.0)
(68.767352751194 -0.03620206371887773 0.0)
(68.84466522260229 -0.025368094189867046 0.0)
(68.87287839455716 -0.02022963701819391 0.0)
(68.94382046259162 -0.01428371674563582 0.0)
(68.98728463586068 -0.010510527940199266 0.0)
(69.02339945476638 -0.007819208243574818 0.0)
(69.05423183146674 -0.005886897637020543 0.0)
(69.07943863500195 -0.004496622073128361 0.0)
(69.10234809203217 -0.0032374962674734907 0.0)
(69.12221891732332 -0.0025498245905895317 0.0)
(69.14029904478612 -0.0016921554104417024 0.0)
(69.15683888950106 -0.0013325624604800012 0.0)
(69.17211542075822 -0.0008681547469205428 0.0)
(69.18591007908667 -0.0007007585025439108 0.0)
(69.19848642581539 -0.0004342995021488387 0.0)
(69.2124261667658 -0.0003470972765275682 0.0)
(69.22610236300912 -0.00024693058882881857 0.0)
(69.24036248458587 -0.00018244853503843287 0.0)
(69.25436422718741 -0.00017808789622247132 0.0)
(69.26786447821081 -0.0001880120592905156 0.0)
(69.28056808439634 -0.00018134813275353967 0.0)
(69.29308622261726 -0.0001608341284078852 0.0)
(69.30541566934197 -0.000152691932332179 0.0)
(69.30955219835683 -0.00013020879532498383 0.0)
(69.28674544525985 -0.00012034840190787038 0.0)
(69.15952008294649 -0.00015457333490744016 0.0)
(68.66291987390129 -0.01157143867192154 0.0)
(68.45028296249018 -0.012349629955993051 0.0)
(69.06953768968829 -0.001006802212420439 0.0)
(69.40014255497451 -2.0466694917365503e-5 0.0)
(69.46336622264113 4.4340932356544575e-5 0.0)
(69.46345908021421 0.0001210359589233789 0.0)
(69.46360456083573 0.00019285165511536103 0.0)
(69.46382766398399 0.00026770742506835584 0.0)
(69.46417637337447 0.00038078346556810554 0.0)
(69.4647019273706 0.0005710111464223162 0.0)
(69.4654554385786 0.0008803688520971336 0.0)
(69.4665475865929 0.0014153640042540558 0.0)
(69.46825578957518 0.002376300582841583 0.0)
(69.47099978226848 0.003977420553091479 0.0)
(69.47532489469462 0.006320286223606868 0.0)
(69.48180575792024 0.009455233528449658 0.0)
(69.49117646360594 0.013497793042103794 0.0)
(69.5044051043689 0.018588469795722175 0.0)
(69.52265253457153 0.024634632870770428 0.0)
(69.54718335750565 0.031203092727979703 0.0)
(69.57924469919244 0.037623648361747836 0.0)
(69.62030088664102 0.04307698773012499 0.0)
(69.67185678470904 0.04625493435085382 0.0)
(69.73505821498844 0.04495615732145204 0.0)
(69.81046173734693 0.03606389530357806 0.0)
(69.89855513255151 0.01565483535398954 0.0)
(69.99432152457048 -0.02095582256267456 0.0)
(70.09095279778546 -0.07773137252418029 0.0)
(70.18527697387995 -0.15876079165271487 0.0)
(70.26617510541514 -0.2666367212618317 0.0)
(70.32329767750939 -0.4022756574761486 0.0)
(70.34644668469981 -0.5644868030225173 0.0)
(70.32680229168255 -0.7506532943383425 0.0)
(70.25607763030064 -0.9529979524053059 0.0)
(70.13323531804664 -1.163415655171018 0.0)
(69.95877321362357 -1.3668099660818402 0.0)
(69.74321807960435 -1.5508099287903496 0.0)
(69.49952124985116 -1.7004059481405547 0.0)
(69.24404142939729 -1.804811185023651 0.0)
(68.99464628299013 -1.8563126681644433 0.0)
(68.76581936343254 -1.8514926439498052 0.0)
(68.56806302239686 -1.791195818772206 0.0)
(68.41069561942788 -1.681317968889456 0.0)
(68.29537803089727 -1.5285231312677503 0.0)
(68.22281766122829 -1.3456454285494202 0.0)
(68.19081323667707 -1.1433322145833675 0.0)
(68.19420890324722 -0.9358674806330923 0.0)
(68.22697453936706 -0.7358940016631724 0.0)
(68.28295304299975 -0.552473573241297 0.0)
(68.35523142782621 -0.39552867486350907 0.0)
(68.43769912955875 -0.26797759693770734 0.0)
(68.52449505444889 -0.17251467162296416 0.0)
(68.61121380242989 -0.10588330042625788 0.0)
(68.69349071188344 -0.06497217609063567 0.0)
(68.76707593754136 -0.0411836771813734 0.0)
(68.84410643095823 -0.029037792288346825 0.0)
(68.87187925090163 -0.02324229133767652 0.0)
(68.94262190081221 -0.016533656021651223 0.0)
(68.98585712997998 -0.012212498583294828 0.0)
(69.02173627772099 -0.009118803325182395 0.0)
(69.05230137815089 -0.006889406637182744 0.0)
(69.07719596329873 -0.005288096910379329 0.0)
(69.0997387654997 -0.003825975572018375 0.0)
(69.11918083378602 -0.003029865866886542 0.0)
(69.1367586382186 -0.0020236748832925303 0.0)
(69.1527155431526 -0.0016054576523109323 0.0)
(69.16731960482171 -0.0010525216394391764 0.0)
(69.1803351633404 -0.0008566630614495764 0.0)
(69.19201490652044 -0.0005341191973003486 0.0)
(69.20500948008758 -0.00042624608298529276 0.0)
(69.21766640721069 -0.00030286490094952437 0.0)
(69.23088895531704 -0.00022257512688994034 0.0)
(69.24383828879101 -0.00021587250311987384 0.0)
(69.2563059140755 -0.00022635989703225282 0.0)
(69.2680744874938 -0.0002169160515370234 0.0)
(69.28012715544678 -0.0001878920456395436 0.0)
(69.29373300972938 -0.00017320964097567194 0.0)
(69.30489213923065 -0.00014309697489120466 0.0)
(69.310780619669 -0.00012480187277668956 0.0)
(69.28939911333894 -0.00017781392044743935 0.0)
(69.16624313242374 -0.011674850344113936 0.0)
(69.0091071019774 -0.01298137909760266 0.0)
(69.1536477775476 -0.0014222944309589898 0.0)
(69.35829390205444 -0.00010294013413588869 0.0)
(69.42190234448363 -3.258234380242e-6 0.0)
(69.46337337354385 4.364516254694611e-5 0.0)
(69.46347035494922 0.00011797032530228193 0.0)
(69.46361931125873 0.00018692745339565908 0.0)
(69.46384067462552 0.0002566149660506793 0.0)
(69.46419164172373 0.0003610058612733942 0.0)
(69.46472549556401 0.0005376835330365895 0.0)
(69.46549635197218 0.0008251017022819552 0.0)
(69.46661877918164 0.0013199371510419916 0.0)
(69.46836480815371 0.0022039677239970488 0.0)
(69.47119325795416 0.0036711198049572554 0.0)
(69.47567439688387 0.005801810016625609 0.0)
(69.48240409018032 0.008616060092504426 0.0)
(69.4921385389506 0.012178866051326245 0.0)
(69.50585995590583 0.016559294313590246 0.0)
(69.52479656561665 0.021596120032358057 0.0)
(69.55013962887875 0.026741304202695434 0.0)
(69.58314462631036 0.03120539779743006 0.0)
(69.62510260950646 0.033953425728611514 0.0)
(69.67719826633757 0.03343276940480273 0.0)
(69.74030065080184 0.027246141992478125 0.0)
(69.81515782611027 0.012066830109288955 0.0)
(69.89848053782521 -0.016207692347244174 0.0)
(69.98542017362911 -0.06135853233857776 0.0)
(70.07327373415676 -0.12748304719600675 0.0)
(70.15286030514602 -0.21791637789743953 0.0)
(70.21462419084614 -0.33447189893279544 0.0)
(70.24906029347753 -0.477190269524244 0.0)
(70.24702579239145 -0.6441375808098669 0.0)
(70.20024442757133 -0.8300007208846139 0.0)
(70.10502609559423 -1.0276138989447177 0.0)
(69.96024717014063 -1.2247343728219122 0.0)
(69.77235295486898 -1.408749726219962 0.0)
(69.55200646347052 -1.565129255143872 0.0)
(69.31349656088742 -1.682448888807016 0.0)
(69.07326047219327 -1.7503907634962501 0.0)
(68.84699172821543 -1.7653143425123785 0.0)
(68.64541206089926 -1.724160228009482 0.0)
(68.48006784188901 -1.6333696236730233 0.0)
(68.35391705148831 -1.4970809992450964 0.0)
(68.26938530373755 -1.3284300003082883 0.0)
(68.22571099793635 -1.1373080794280543 0.0)
(68.21860203095012 -0.9379055704493178 0.0)
(68.24291591785446 -0.743374550302067 0.0)
(68.29255263593926 -0.5629105392585381 0.0)
(68.36060141959044 -0.407252559919498 0.0)
(68.44057233788354 -0.2796378710961796 0.0)
(68.52605304201683 -0.18310876868416187 0.0)
(68.61213859084444 -0.11496361103736638 0.0)
(68.6940150892599 -0.0723316931786369 0.0)
(68.76721390453227 -0.04679533460717987 0.0)
(68.84384410392697 -0.0332546828365786 0.0)
(68.87120068806382 -0.026651794297013667 0.0)
(68.94173911693653 -0.019080383973499482 0.0)
(68.98476791364419 -0.014142639635332247 0.0)
(69.02044763671284 -0.01059552295992494 0.0)
(69.05079176121993 -0.008029614114012514 0.0)
(69.07543451082537 -0.006189787540755359 0.0)
(69.0976785706065 -0.004499111178472751 0.0)
(69.11677294663926 -0.0035800117874089867 0.0)
(69.13393906152467 -0.0024056791653771265 0.0)
(69.14941402335667 -0.0019210951777604165 0.0)
(69.16345569442383 -0.0012675560355683286 0.0)
(69.17581074000513 -0.00103968642492291 0.0)
(69.18671712646726 -0.0006529069847125665 0.0)
(69.19887476792141 -0.0005212946821541618 0.0)
(69.21060363817814 -0.00037140159235310834 0.0)
(69.22284383604337 -0.0002731419479795215 0.0)
(69.23475040275626 -0.00026408567903489727 0.0)
(69.2461278640793 -0.00027549087235116665 0.0)
(69.25678067498082 -0.00026317007344281863 0.0)
(69.2678518407883 -0.0002238761115916299 0.0)
(69.28106262378009 -0.00020069896265330353 0.0)
(69.29329260244195 -0.00016119081378712386 0.0)
(69.30611246153576 -0.00013071422760671235 0.0)
(69.31273072169836 -0.00020549522053207907 0.0)
(69.2937623667183 -0.011689397635771268 0.0)
(69.23534895930226 -0.013177284658564582 0.0)
(69.25238203483298 -0.0016758524852579805 0.0)
(69.35093297598745 -0.00018768909502401033 0.0)
(69.40540551177655 -1.849274152454833e-5 0.0)
(69.42698117181469 -1.5067922042266506e-6 0.0)
(69.46338168633514 4.2802249060505084e-5 0.0)
(69.46348300747866 0.00011466280200065871 0.0)
(69.46363440566897 0.00018074848831990933 0.0)
(69.46385753890574 0.00024530946464565125 0.0)
(69.46420856547219 0.0003407674645226679 0.0)
(69.46474912914366 0.00050340091277781 0.0)
(69.4655426559459 0.0007686992182224825 0.0)
(69.46668978256616 0.0012227850843112378 0.0)
(69.46847994663358 0.0020292949549370193 0.0)
(69.47139016750076 0.00336000987065295 0.0)
(69.4760215430816 0.005274043297236863 0.0)
(69.4829928104029 0.007761363428850617 0.0)
(69.49306233777206 0.010832248202859418 0.0)
(69.507256186294 0.014487288948118607 0.0)
(69.52675893131027 0.018470239236138972 0.0)
(69.55278823092492 0.022151592678026022 0.0)
(69.58647330673402 0.024589352240402384 0.0)
(69.62885879845288 0.024544034176725942 0.0)
(69.68093095314877 0.020271263774311026 0.0)
(69.74366396167308 0.009172244676585293 0.0)
(69.8150890179329 -0.012258454871426657 0.0)
(69.89186890031925 -0.047584422952820886 0.0)
(69.97192873487718 -0.10069757975175732 0.0)
(70.04804705852531 -0.17516675299262138 0.0)
(70.11185441878939 -0.2735590078369971 0.0)
(70.15456821692635 -0.39710694305205463 0.0)
(70.16701349472802 -0.5448278060500632 0.0)
(70.14113480844125 -0.7133331702304793 0.0)
(70.07119074308419 -0.8963643235662698 0.0)
(69.95510985281028 -1.0848576461832529 0.0)
(69.7949720926171 -1.2658543410892673 0.0)
(69.59987551920764 -1.4269824106309015 0.0)
(69.38066238028387 -1.55439970941104 0.0)
(69.15302727308409 -1.6382526076881507 0.0)
(68.93199903231714 -1.6716486828268975 0.0)
(68.72939496973784 -1.651082134771003 0.0)
(68.55758557166052 -1.5796784987467156 0.0)
(68.42184789521194 -1.4619750403195493 0.0)
(68.32549483600748 -1.3083520146232668 0.0)
(68.26990672487086 -1.1302367635994321 0.0)
(68.25138710717121 -0.9397531823586417 0.0)
(68.26609212849252 -0.7517210794172084 0.0)
(68.30803432073495 -0.5747301128305179 0.0)
(68.37047050529854 -0.4206175367277279 0.0)
(68.44668130329828 -0.29287967506571755 0.0)
(68.52975054173152 -0.19518283651888907 0.0)
(68.61435755570974 -0.12533340156565664 0.0)
(68.69527297786969 -0.08060532881103473 0.0)
(68.76776637686065 -0.05313656980662164 0.0)
(68.84386192949079 -0.03798299314006154 0.0)
(68.87080413221504 -0.030508296287793224 0.0)
(68.94112096199771 -0.021959625247871924 0.0)
(68.98395492648336 -0.016328144538999126 0.0)
(69.01946105229928 -0.012271171476152462 0.0)
(69.04961946244583 -0.009324398061149994 0.0)
(69.07405906359654 -0.0072148430207573735 0.0)
(69.09605950016557 -0.005267494211915736 0.0)
(69.11487394034098 -0.0042087279086439645 0.0)
(69.13170522390746 -0.002844516332051248 0.0)
(69.14678595210658 -0.0022845490418283492 0.0)
(69.16036378823706 -0.0015170992831812378 0.0)
(69.17216860437843 -0.0012530293043130027 0.0)
(69.1824221340268 -0.0007929460679764953 0.0)
(69.19385849117296 -0.000634133861544478 0.0)
(69.20477027553119 -0.0004541099383823666 0.0)
(69.21611945884332 -0.000335540647079807 0.0)
(69.22704781009598 -0.0003242063834013321 0.0)
(69.2373604574999 -0.00033705296057987054 0.0)
(69.2468622554345 -0.0003219370351981574 0.0)
(69.25679053842397 -0.0002705473570458338 0.0)
(69.26910857101163 -0.0002367458176883979 0.0)
(69.28081084605071 -0.00018620029449574889 0.0)
(69.29477707239043 -0.0001394926638571404 0.0)
(69.30809342035344 -0.0002406396878125004 0.0)
(69.31665867048832 -0.011678829588918355 0.0)
(69.30632909225523 -0.013249749761179019 0.0)
(69.3101078970909 -0.0018083701553410234 0.0)
(69.35528830328076 -0.0002630541102479186 0.0)
(69.39703814575904 -3.942960086229534e-5 0.0)
(69.41636210636311 -8.261527292701045e-6 0.0)
(69.429849726608 -8.989787995941156e-7 0.0)
(69.46339118052491 4.178244233017222e-5 0.0)
(69.46349607399998 0.00011105951096867472 0.0)
(69.46365240577818 0.0001743036354203374 0.0)
(69.4638760285278 0.00023375546314729478 0.0)
(69.46422619148197 0.00032009123679331065 0.0)
(69.46477769486701 0.00046840935158537267 0.0)
(69.46558779141907 0.0007110974563002949 0.0)
(69.46676463337232 0.0011243667004851357 0.0)
(69.46859840262285 0.0018526053126856354 0.0)
(69.4715876224946 0.0030445359040571426 0.0)
(69.47636356328816 0.0047376570438719704 0.0)
(69.48355469752147 0.00689006532078088 0.0)
(69.49394812269557 0.009460033207014275 0.0)
(69.50853020333695 0.01236232489849438 0.0)
(69.52851648586011 0.015265434543239035 0.0)
(69.55504611465533 0.01743534781793071 0.0)
(69.58907291766904 0.017786262816112546 0.0)
(69.63149176902574 0.01491248302661661 0.0)
(69.68332380193573 0.006869374275637001 0.0)
(69.74361559262763 -0.009119102473441588 0.0)
(69.81026082123923 -0.036248715195244974 0.0)
(69.88177835673316 -0.07819187253792587 0.0)
(69.95269204114122 -0.13851064193096221 0.0)
(70.01610558237222 -0.22016871789623335 0.0)
(70.06414881415688 -0.3252139721891673 0.0)
(70.08813119574334 -0.45395887480500624 0.0)
(70.0797830288758 -0.6043314910459766 0.0)
(70.03274469694483 -0.7718444401625266 0.0)
(69.94314017785936 -0.9489633041501726 0.0)
(69.81083669774426 -1.1247434318178988 0.0)
(69.64159865492618 -1.2872585496362723 0.0)
(69.44410357038986 -1.4227743170626743 0.0)
(69.23186881482681 -1.5205558970122777 0.0)
(69.01911013811542 -1.5714413610523474 0.0)
(68.81841011928653 -1.5716260479184327 0.0)
(68.64211993888071 -1.5201210114035946 0.0)
(68.49830172040575 -1.422517014851992 0.0)
(68.3906620645072 -1.2852100782567037 0.0)
(68.32309272570448 -1.1215001664210333 0.0)
(68.29252872738817 -0.9412375320993523 0.0)
(68.29651561066102 -0.7605426584454723 0.0)
(68.32951602553537 -0.5878867495596554 0.0)
(68.38492971831725 -0.4354493717283391 0.0)
(68.45612096296512 -0.3079208777728458 0.0)
(68.535670173819 -0.20875705780158177 0.0)
(68.61793321868245 -0.13697505386230502 0.0)
(68.69730880193447 -0.09001963171878383 0.0)
(68.76876114101287 -0.06027487676684518 0.0)
(68.84416411731614 -0.04329012934044719 0.0)
(68.8706674524635 -0.034867788770503505 0.0)
(68.94073145696632 -0.02521147866377803 0.0)
(68.98337140039752 -0.01879892424690842 0.0)
(69.0187202451831 -0.014170086424969565 0.0)
(69.04871832622185 -0.010792816526828201 0.0)
(69.07299324004126 -0.008377962957272056 0.0)
(69.09479366998528 -0.006143149087417826 0.0)
(69.11338383860509 -0.004925599637456139 0.0)
(69.12994389992653 -0.0033475283395821166 0.0)
(69.14470444344998 -0.002701585178645482 0.0)
(69.15790358180809 -0.0018056072386684143 0.0)
(69.16925617936795 -0.0015003235665350903 0.0)
(69.17896772907838 -0.0009568265320779858 0.0)
(69.18979527003711 -0.000766857849945342 0.0)
(69.20000624890565 -0.0005526978580182049 0.0)
(69.21057300275619 -0.00041124237051250265 0.0)
(69.22062005452497 -0.00039775643930990484 0.0)
(69.22994391634765 -0.0004127311390597932 0.0)
(69.23833793720937 -0.00039507911854297926 0.0)
(69.24710181096773 -0.00032969729998193236 0.0)
(69.25836989177218 -0.00028294872799469647 0.0)
(69.26908396250424 -0.00021980761578007567 0.0)
(69.2826499059565 -0.00015230875976064188 0.0)
(69.29704280209215 -0.0002856430873764613 0.0)
(69.3123247091821 -0.011657055112937981 0.0)
(69.3184425839921 -0.01329135752063934 0.0)
(69.33072801513862 -0.0018953273138179782 0.0)
(69.35887560324318 -0.00032345681008264795 0.0)
(69.38982973897251 -6.500514791776887e-5 0.0)
(69.41039357903237 -1.7615164172105997e-5 0.0)
(69.42164326599645 -4.976136187730229e-6 0.0)
(69.43205616501292 -5.985393761912244e-7 0.0)
(69.46340155782399 4.054247842196785e-5 0.0)
(69.46351118065166 0.00010713696402363005 0.0)
(69.46367157036882 0.00016755606281049473 0.0)
(69.46389529622368 0.00022193855483996618 0.0)
(69.46424863309218 0.0002991131431849905 0.0)
(69.46480555036135 0.0004327126575280687 0.0)
(69.465635281653 0.0006525669473625964 0.0)
(69.46684108786955 0.0010248125199850148 0.0)
(69.46871800766152 0.0016740665909877406 0.0)
(69.47178432957554 0.0027251221518437402 0.0)
(69.47668904202098 0.004192241899685185 0.0)
(69.48409282164992 0.006003574112251628 0.0)
(69.49475155473587 0.008055636600767604 0.0)
(69.50967159801323 0.010189591655873288 0.0)
(69.5300142356048 0.0119820196574724 0.0)
(69.55680369294672 0.012598526955849263 0.0)
(69.59089591071982 0.010837133791374165 0.0)
(69.63317907765956 0.005121396251393784 0.0)
(69.6833089651378 -0.006674309304534698 0.0)
(69.7401604331409 -0.027180834690992615 0.0)
(69.80285954599425 -0.059695596173041814 0.0)
(69.86740145689396 -0.10770203463467504 0.0)
(69.92832099114989 -0.17434928193582064 0.0)
(69.97893416214039 -0.26216299870543824 0.0)
(70.01137781545707 -0.37246187344264875 0.0)
(70.01741436470515 -0.5044655640919914 0.0)
(69.99039968967801 -0.6554811443191615 0.0)
(69.92486992339938 -0.8192868339379755 0.0)
(69.81945771465745 -0.9874170170287512 0.0)
(69.67614418207846 -1.1480573437520256 0.0)
(69.5022681441162 -1.2893216236106333 0.0)
(69.30771505282445 -1.3983272328772458 0.0)
(69.10648433194261 -1.4658928083798666 0.0)
(68.91041468947256 -1.4856156666078113 0.0)
(68.73235863864242 -1.4549772585333238 0.0)
(68.58201557523087 -1.377773365516677 0.0)
(68.46428213957276 -1.2588202005520894 0.0)
(68.38474148633377 -1.1103313507917647 0.0)
(68.34189448044728 -0.9421744418430557 0.0)
(68.3341228465104 -0.769390369364429 0.0)
(68.35707384731367 -0.6022236552683484 0.0)
(68.40409488518198 -0.4517110845350289 0.0)
(68.46900932007202 -0.3245685676855013 0.0)
(68.54393607132093 -0.22399109500460368 0.0)
(68.62295816285153 -0.1499827269525385 0.0)
(68.70019672064488 -0.10053493487244707 0.0)
(68.77024810539352 -0.0682867350170837 0.0)
(68.84476522436667 -0.04929914996772537 0.0)
(68.87078220381908 -0.03979170648938793 0.0)
(68.94054815255879 -0.028881191926398476 0.0)
(68.98298365113531 -0.021587716535595387 0.0)
(69.01818257175857 -0.016319205926205723 0.0)
(69.0480368370797 -0.012456380010868903 0.0)
(69.07217662915875 -0.009695536998287138 0.0)
(69.09381054348778 -0.0071396795945690705 0.0)
(69.11222150459348 -0.005741468391115752 0.0)
(69.12856192980882 -0.00392324834155851 0.0)
(69.14306334901755 -0.003178771596464087 0.0)
(69.15595541095907 -0.002138287816267031 0.0)
(69.16694008424693 -0.0017857275465342046 0.0)
(69.17620752170602 -0.0011475336564042145 0.0)
(69.18652922089574 -0.0009218257199222769 0.0)
(69.19615127384955 -0.0006690663327788208 0.0)
(69.20604792338041 -0.0005018420831565544 0.0)
(69.2153250083248 -0.0004863317694425618 0.0)
(69.2237648913229 -0.0005042692276805358 0.0)
(69.23114105291766 -0.0004845054123227636 0.0)
(69.23879350568268 -0.0004031479020157943 0.0)
(69.24898794906156 -0.00034092711565848467 0.0)
(69.25858195795226 -0.0002637067468273599 0.0)
(69.27129831248756 -0.00017027085522730324 0.0)
(69.28527141563436 -0.0003426245574877277 0.0)
(69.3018269698673 -0.011625667975824771 0.0)
(69.31152620793537 -0.01332595776772173 0.0)
(69.33016487125798 -0.0019741847372959 0.0)
(69.35670753500116 -0.000378075937926646 0.0)
(69.38253571466505 -9.341251802170047e-5 0.0)
(69.4035813409729 -3.0663904942945355e-5 0.0)
(69.41701168269495 -1.0720913950116784e-5 0.0)
(69.42555219385481 -3.2959513210474167e-6 0.0)
(69.43385649745424 -3.889283821187571e-7 0.0)
(69.46341337945044 3.9055154787327925e-5 0.0)
(69.46352716780409 0.00010287057829227134 0.0)
(69.46369119542783 0.00016047861123304799 0.0)
(69.46391857327805 0.00020992084988467367 0.0)
(69.46427108951346 0.0002778439784515144 0.0)
(69.46483581027358 0.0003965036372841315 0.0)
(69.46568342579894 0.0005932242925356023 0.0)
(69.46691746494075 0.0009241808971365089 0.0)
(69.4688382438074 0.0014938454226196699 0.0)
(69.47197244990649 0.0024016115413665593 0.0)
(69.47700268445884 0.003638824712476645 0.0)
(69.48457616175858 0.0050979975076898805 0.0)
(69.49546990030414 0.006622163058203307 0.0)
(69.51064444898907 0.007968831130612006 0.0)
(69.5311777453274 0.008623427814425466 0.0)
(69.55803486905803 0.007667958208423356 0.0)
(69.59205864674304 0.0037818584941543805 0.0)
(69.63318371043339 -0.004764739399221628 0.0)
(69.68088623844461 -0.020066158438791518 0.0)
(69.73483664733702 -0.04486746964761028 0.0)
(69.79232008374254 -0.08237415921360572 0.0)
(69.84917115804735 -0.13579988000699872 0.0)
(69.89993787888072 -0.2079841933083191 0.0)
(69.9378079176336 -0.3008849279986578 0.0)
(69.9550916141577 -0.41485057010569487 0.0)
(69.94492436785337 -0.5486210044132638 0.0)
(69.90104259070098 -0.6977969803528589 0.0)
(69.82051450363086 -0.8556419643085592 0.0)
(69.70300903888501 -1.0118816516051574 0.0)
(69.55336304760252 -1.1554687445692116 0.0)
(69.37890295608987 -1.2734249818501546 0.0)
(69.19183891614476 -1.3556016088232912 0.0)
(69.00344420747916 -1.3938227924829867 0.0)
(68.82647928131307 -1.3840900941490204 0.0)
(68.67158547554654 -1.3274883762338603 0.0)
(68.54537733064721 -1.228504885788535 0.0)
(68.45423485386486 -1.0962038477804907 0.0)
(68.39914579894374 -0.9419186722450019 0.0)
(68.37883465379231 -0.7780515487873287 0.0)
(68.3907132727224 -0.6173083708358866 0.0)
(68.42811958083809 -0.4693319751642937 0.0)
(68.48547306869783 -0.3427480375947119 0.0)
(68.55470668549002 -0.24088724176753928 0.0)
(68.62956246729381 -0.16441089873061185 0.0)
(68.70403916293421 -0.11232574626443069 0.0)
(68.77229898870898 -0.07729909541100281 0.0)
(68.84569836400573 -0.055995361992087996 0.0)
(68.87115585013218 -0.045345361834337655 0.0)
(68.94056113904875 -0.0330200856546591 0.0)
(68.98276945419808 -0.024730345622182903 0.0)
(69.01781693011957 -0.01874798940238958 0.0)
(69.04753578390437 -0.01433932550269501 0.0)
(69.0715622497035 -0.01118580977604687 0.0)
(69.09305423095125 -0.00827239654448628 0.0)
(69.11132200856295 -0.006668568490114302 0.0)
(69.12748379949784 -0.004581641693007995 0.0)
(69.14177542862843 -0.003723600884922603 0.0)
(69.15441935337142 -0.0025212628573189296 0.0)
(69.16510687631657 -0.002114034878057891 0.0)
(69.1740140198889 -0.0013685532651763596 0.0)
(69.18392027489372 -0.0011017297851964023 0.0)
(69.19305524896674 -0.0008053709950371358 0.0)
(69.20238889254597 -0.0006091114195083906 0.0)
(69.21100912745547 -0.000591640282749897 0.0)
(69.21868147850688 -0.000613501979371016 0.0)
(69.22515495248908 -0.0005921967579448603 0.0)
(69.23179237035497 -0.0004927635060941564 0.0)
(69.24096031827182 -0.0004123256159264088 0.0)
(69.2494303030855 -0.00031960417419168833 0.0)
(69.26116170052607 -0.00019448608185465268 0.0)
(69.27427694743315 -0.00041356589760660944 0.0)
(69.2906710059347 -0.011583498681304866 0.0)
(69.29958613631398 -0.013357595666362767 0.0)
(69.32022185939695 -0.0020597262768413467 0.0)
(69.34893135085817 -0.0004356616529292227 0.0)
(69.37398790188914 -0.00012567878004426196 0.0)
(69.39582539755715 -4.7608626454472846e-5 0.0)
(69.41142580728683 -1.900738817125303e-5 0.0)
(69.42185578679236 -7.035889977703452e-6 0.0)
(69.42875855459121 -2.1834796110414277e-6 0.0)
(69.43527547000392 -2.491180359692121e-7 0.0)
(69.46342621487328 3.730455409013226e-5 0.0)
(69.46354353267367 9.823924594152995e-5 0.0)
(69.46371360542969 0.00015309961889558286 0.0)
(69.46394192991679 0.00019769871485467437 0.0)
(69.46429623257393 0.0002564024369265717 0.0)
(69.46486719407997 0.0003599058480908984 0.0)
(69.46573094202354 0.0005331575021788866 0.0)
(69.46699368941263 0.0008225442926298534 0.0)
(69.46895316628286 0.0013118005633629946 0.0)
(69.472157031906 0.002074598247864029 0.0)
(69.47728207156165 0.003075324612984786 0.0)
(69.485006371728 0.0041753632093676635 0.0)
(69.4960797657487 0.005159201784584642 0.0)
(69.51139831118287 0.005701732201265626 0.0)
(69.53199483273038 0.005206893853077506 0.0)
(69.55881630115205 0.002669502804698344 0.0)
(69.59205940866522 -0.0033369679623206265 0.0)
(69.63150307397653 -0.014555924923843713 0.0)
(69.67712205146843 -0.033207632932260096 0.0)
(69.72725005248635 -0.0620302426872405 0.0)
(69.7789348967296 -0.1040684182437154 0.0)
(69.82791772851252 -0.16233254755453883 0.0)
(69.86850345885408 -0.23924510537811358 0.0)
(69.89386336567384 -0.3359974546023957 0.0)
(69.89730036849559 -0.45245479513864467 0.0)
(69.8722360765809 -0.5859783077389893 0.0)
(69.81429782127152 -0.731430029234752 0.0)
(69.72166828642092 -0.8806898093181426 0.0)
(69.59619789375868 -1.023237954400761 0.0)
(69.44367604117085 -1.147528377700124 0.0)
(69.27294758585793 -1.2415421068814658 0.0)
(69.09545573973834 -1.2971587329287753 0.0)
(68.92230712620123 -1.3072893247468353 0.0)
(68.76549735794435 -1.2718397938744637 0.0)
(68.63253375849057 -1.1933209658079311 0.0)
(68.53088051942125 -1.078821164096929 0.0)
(68.46369513901658 -0.9394820937940889 0.0)
(68.43054717632803 -0.7862084350020925 0.0)
(68.43035982530657 -0.6325802166302792 0.0)
(68.45715486454668 -0.48821426931221606 0.0)
(68.50566140918548 -0.36225929664937334 0.0)
(68.56816731073584 -0.2594336713546524 0.0)
(68.63792259923326 -0.1803254117936804 0.0)
(68.70896238623142 -0.12533865570776453 0.0)
(68.77500938595396 -0.08740077854466405 0.0)
(68.84701637387305 -0.06352021612258546 0.0)
(68.87180955711054 -0.0515952174407115 0.0)
(68.94077266479499 -0.03768627585614943 0.0)
(68.9827170286229 -0.028266388860304165 0.0)
(69.017602123708 -0.021488140175688925 0.0)
(69.04718637068308 -0.016468824712601676 0.0)
(69.07111438023425 -0.012869101674173723 0.0)
(69.0924810933874 -0.009558412757824628 0.0)
(69.11063408554854 -0.007720653100861468 0.0)
(69.12664913950933 -0.005334398166163834 0.0)
(69.14076998658794 -0.004344631316718263 0.0)
(69.15321338122222 -0.0029617563475248664 0.0)
(69.1636620328737 -0.00249080256012104 0.0)
(69.17227910915415 -0.0016240006003084733 0.0)
(69.181846802562 -0.0013096734020043759 0.0)
(69.19058391752114 -0.0009640913611259147 0.0)
(69.19945130372201 -0.0007350587881223217 0.0)
(69.2075213657512 -0.0007155437980988214 0.0)
(69.2145424494105 -0.0007423904465447734 0.0)
(69.22023719528491 -0.0007202401257577937 0.0)
(69.22597853384096 -0.0006004743644049555 0.0)
(69.23420824520079 -0.0004988264163800771 0.0)
(69.24161687381725 -0.00038921727751511714 0.0)
(69.25234926661369 -0.00022607910134226123 0.0)
(69.26446881438392 -0.0005003394560389648 0.0)
(69.28028246356416 -0.01152882524768155 0.0)
(69.28704898973812 -0.013385064260231259 0.0)
(69.30705247984041 -0.0021564637117876986 0.0)
(69.33750180789148 -0.0005017013666873398 0.0)
(69.36368114670121 -0.00016373678910041155 0.0)
(69.38695731011723 -6.927830008597496e-5 0.0)
(69.40478175619909 -3.025428322951892e-5 0.0)
(69.4173310094314 -1.2452451639909828e-5 0.0)
(69.42583482904861 -4.736788602285126e-6 0.0)
(69.43131006083046 -1.4085037666580957e-6 0.0)
(69.43646560282954 -1.7440232079955617e-7 0.0)
(69.46343981539843 3.5271815123291044e-5 0.0)
(69.46356170781985 9.32619464752829e-5 0.0)
(69.46373582025745 0.00014542236937201296 0.0)
(69.46396745462272 0.00018533585701196366 0.0)
(69.46432296682256 0.0002348783322785681 0.0)
(69.4648987138699 0.00032303047791266753 0.0)
(69.4657780851966 0.00047247545148597174 0.0)
(69.46706507358302 0.000719827331287516 0.0)
(69.46906777078672 0.0011281851176697907 0.0)
(69.47232112700448 0.0017429681315518043 0.0)
(69.47753144559614 0.0025030922067325254 0.0)
(69.48536880207405 0.0032355404407352407 0.0)
(69.49654714665598 0.0036676224592805703 0.0)
(69.51192907210775 0.003398812979613352 0.0)
(69.53251550134566 0.0017486968034409027 0.0)
(69.55881162783322 -0.0023681998679881064 0.0)
(69.59089723135295 -0.010397023133664637 0.0)
(69.62887009847528 -0.024185086379382634 0.0)
(69.67174645820951 -0.04600200655948644 0.0)
(69.71759250001989 -0.0785240587042287 0.0)
(69.76331097309824 -0.12468131253844206 0.0)
(69.80434633690459 -0.18719111866216195 0.0)
(69.83484449517518 -0.2678982816313689 0.0)
(69.84864189510772 -0.3675791789079891 0.0)
(69.8392041237929 -0.48497153289407374 0.0)
(69.80133616744513 -0.6166029616961041 0.0)
(69.73179423487757 -0.7562719784750125 0.0)
(69.63018626156203 -0.8949062050527374 0.0)
(69.50023480929009 -1.0220777237543108 0.0)
(69.3480584352872 -1.125393983444081 0.0)
(69.18401941385955 -1.1961156063027596 0.0)
(69.0178171497591 -1.2251057612158607 0.0)
(68.86180264912612 -1.210579656182342 0.0)
(68.72423838942315 -1.1528585507848614 0.0)
(68.61365763165794 -1.0575394501824353 0.0)
(68.53485261146095 -0.9340726747954881 0.0)
(68.48898293464826 -0.7932666573865719 0.0)
(68.47595411330917 -0.6475270120466775 0.0)
(68.49129922992542 -0.5079492248510632 0.0)
(68.52978534359534 -0.38301888856832145 0.0)
(68.58451267706646 -0.2794675039670384 0.0)
(68.64826181680952 -0.19782523434609145 0.0)
(68.7151206577553 -0.1396676257259726 0.0)
(68.77850112584892 -0.09866668419474389 0.0)
(68.84879575024326 -0.07190055931956439 0.0)
(68.87277929038781 -0.05860654164542984 0.0)
(68.94119714651958 -0.04294435033495784 0.0)
(68.98282470985656 -0.03224056386997167 0.0)
(69.01752566867337 -0.02457318165600712 0.0)
(69.04696874224699 -0.018874980077475224 0.0)
(69.07080682165486 -0.014768124836732458 0.0)
(69.09205768653982 -0.011016701381591783 0.0)
(69.11011787754269 -0.008913080938273006 0.0)
(69.12601034140177 -0.006195277892599785 0.0)
(69.13999046212734 -0.005051653970283951 0.0)
(69.15227105520448 -0.003468309439264495 0.0)
(69.16252809616724 -0.0029225032262015977 0.0)
(69.17091293085485 -0.0019187824466515855 0.0)
(69.18020584190204 -0.0015492615403375608 0.0)
(69.18862108697604 -0.0011481095843489167 0.0)
(69.19710631587384 -0.0008819980228834385 0.0)
(69.20472187800158 -0.0008601008982009754 0.0)
(69.21120026807888 -0.0008930569879483626 0.0)
(69.21623793131621 -0.0008708645261244113 0.0)
(69.22120892159691 -0.0007283077976482416 0.0)
(69.2286099633572 -0.0006021685344416667 0.0)
(69.23505739723805 -0.00047428294707104856 0.0)
(69.24483977320779 -0.00026620345160033906 0.0)
(69.25594097194772 -0.0006046959013590664 0.0)
(69.27103974142217 -0.011459858909923158 0.0)
(69.27526632363428 -0.013405872726059562 0.0)
(69.29334699012823 -0.002264880326867937 0.0)
(69.32429838976493 -0.0005788150786879235 0.0)
(69.35175571447805 -0.00020945591264544857 0.0)
(69.37686017518564 -9.674869882515222e-5 0.0)
(69.39699334138618 -4.527732078543174e-5 0.0)
(69.41185740602863 -1.991103496835861e-5 0.0)
(69.42222627190847 -8.477850551589445e-6 0.0)
(69.42901741338582 -3.0689503782234494e-6 0.0)
(69.43347128462277 -9.743876924130334e-7 0.0)
(69.43738687830722 -1.012974904617795e-7 0.0)
(69.46345459526307 3.2969106732313636e-5 0.0)
(69.46357970293222 8.79574900987265e-5 0.0)
(69.46375926989847 0.0001374909179394398 0.0)
(69.46399417209527 0.0001728912219389467 0.0)
(69.46435049262085 0.00021335890529943202 0.0)
(69.46493078042445 0.00028600604128659095 0.0)
(69.46582116326721 0.00041121418592585503 0.0)
(69.46713647586341 0.0006161751396345422 0.0)
(69.46916849066412 0.000942370593431713 0.0)
(69.47246993056507 0.001407457723864411 0.0)
(69.47774162043741 0.0019222006502760396 0.0)
(69.48564066816682 0.002279178268555538 0.0)
(69.4968727370764 0.0021537916132070597 0.0)
(69.51226865367174 0.0010698615434613736 0.0)
(69.53251555072531 -0.0017323290599235586 0.0)
(69.55802136029186 -0.007367680304196866 0.0)
(69.58907260731881 -0.01735225772490625 0.0)
(69.62510568663026 -0.03358913933837881 0.0)
(69.6648837573307 -0.05835302118686627 0.0)
(69.70630390413577 -0.09428944200435765 0.0)
(69.74595713591061 -0.144145453005528 0.0)
(69.77904372218737 -0.21021354400354408 0.0)
(69.80012738082746 -0.29402179597584416 0.0)
(69.80303516283428 -0.39542508639571056 0.0)
(69.78229600426268 -0.5124175357276008 0.0)
(69.73356234367162 -0.6404793033732343 0.0)
(69.65483478345382 -0.7724616016964722 0.0)
(69.5473938291151 -0.8989878309825202 0.0)
(69.4154760306103 -1.008729956001322 0.0)
(69.26688625845462 -1.0915886852384058 0.0)
(69.11091294472638 -1.1381873994479161 0.0)
(68.9583041689211 -1.1434487371508602 0.0)
(68.81892073418308 -1.1070027435832523 0.0)
(68.70116298400265 -1.0313992505099083 0.0)
(68.6118928048327 -0.9252376697760695 0.0)
(68.55361291258602 -0.7981251436478547 0.0)
(68.5274538255397 -0.6617608889829006 0.0)
(68.53055437077899 -0.5278796982860688 0.0)
(68.55809940930871 -0.4049176190009112 0.0)
(68.60395031429911 -0.30077543930925 0.0)
(68.66083740972614 -0.21691730100305912 0.0)
(68.7227135439992 -0.15532941008114062 0.0)
(68.78292369141853 -0.11118300498905317 0.0)
(68.85114103905875 -0.08128995033298746 0.0)
(68.87411763755486 -0.0664453420112211 0.0)
(68.94186131611461 -0.04886276631633204 0.0)
(68.98310130955772 -0.03670492087756637 0.0)
(69.01758311910656 -0.028038179478183625 0.0)
(69.04687085912632 -0.021590380848150004 0.0)
(69.07062157975686 -0.016908411245204733 0.0)
(69.09175909862832 -0.012668142293486971 0.0)
(69.10974297086258 -0.010262814836409867 0.0)
(69.1255304687686 -0.007180493840825701 0.0)
(69.13939214993698 -0.0058558995770590155 0.0)
(69.15153920212565 -0.004051015662149563 0.0)
(69.16164242940508 -0.0034167068577337827 0.0)
(69.16984202151679 -0.0022588029968542683 0.0)
(69.1789118737779 -0.001824710167327006 0.0)
(69.18706864280357 -0.0013608007565853787 0.0)
(69.19524269460565 -0.0010526283010847204 0.0)
(69.20248650800914 -0.0010276103983990377 0.0)
(69.20851909222841 -0.0010678148813099456 0.0)
(69.21301216483096 -0.0010464739628494922 0.0)
(69.21733484631227 -0.0008784187781408758 0.0)
(69.2240231332444 -0.0007241708515950156 0.0)
(69.22962777873363 -0.0005765755666589133 0.0)
(69.23854462107798 -0.00031605807322594346 0.0)
(69.24866437922488 -0.0007282475529529354 0.0)
(69.26302188154439 -0.011374873195702248 0.0)
(69.26467451522602 -0.013417287748966394 0.0)
(69.28022104016284 -0.002383962027412864 0.0)
(69.31060536976833 -0.000667799286925618 0.0)
(69.33870809508441 -0.0002641344692573601 0.0)
(69.36555709694596 -0.00013118251057389981 0.0)
(69.3880041970547 -6.502710497361637e-5 0.0)
(69.40532463926948 -3.0051354846039292e-5 0.0)
(69.41781424679917 -1.3683836379647791e-5 0.0)
(69.42616861519328 -5.516295257069767e-6 0.0)
(69.43172837217219 -2.0928768561269294e-6 0.0)
(69.43515617015608 -5.792856990719836e-7 0.0)
(69.43810121321312 -6.20772696082152e-8 0.0)
(69.46346971845345 3.0422058456788056e-5 0.0)
(69.46359835751821 8.236941302967991e-5 0.0)
(69.46378318280088 0.0001293581536213652 0.0)
(69.4640214057701 0.00016042463450258957 0.0)
(69.4643791447204 0.00019194152128908552 0.0)
(69.4649604619965 0.00024892040629584785 0.0)
(69.46586487695316 0.00034953624534147756 0.0)
(69.4671967690434 0.0005112853326203646 0.0)
(69.46926069738463 0.0007546710834632595 0.0)
(69.47259720554955 0.0010680799488219943 0.0)
(69.47789706826309 0.0013331389240260991 0.0)
(69.48582588208394 0.0013102713535160196 0.0)
(69.49707738251816 0.0006236188340203406 0.0)
(69.51226735307236 -0.0012731917351584518 0.0)
(69.5319948049978 -0.005188908408710369 0.0)
(69.55678271857812 -0.012298559608531632 0.0)
(69.58646905940574 -0.024161475792809226 0.0)
(69.62028887298291 -0.042704137378911794 0.0)
(69.65685013920944 -0.07022508048905797 0.0)
(69.69374738055491 -0.1092872331202355 0.0)
(69.72728061378899 -0.1623492185534162 0.0)
(69.75288695006137 -0.2314739364168783 0.0)
(69.76498656356382 -0.31746414600824496 0.0)
(69.75818604686187 -0.41955569631426926 0.0)
(69.72758063464734 -0.5347556179814691 0.0)
(69.66993513302853 -0.6576801349071117 0.0)
(69.58451747602575 -0.7804583376487603 0.0)
(69.4735539117284 -0.8930849133952263 0.0)
(69.34235018538173 -0.9851233809395068 0.0)
(69.19918685155818 -1.0469269338483485 0.0)
(69.05301320316339 -1.0708336166650794 0.0)
(68.91457345306917 -1.0552848326012205 0.0)
(68.79195169124792 -0.9998749787404377 0.0)
(68.69380004792771 -0.9121534197875123 0.0)
(68.62380716801665 -0.7999151194051942 0.0)
(68.5846709336413 -0.6745836651539614 0.0)
(68.5749222191883 -0.547311918111451 0.0)
(68.59081719279354 -0.427541928897567 0.0)
(68.62674196273441 -0.3231598197703362 0.0)
(68.67591156164669 -0.23749319909303235 0.0)
(68.7319965797997 -0.17241840535622335 0.0)
(68.7884449228204 -0.12495461860937518 0.0)
(68.85418228900556 -0.09179781787779326 0.0)
(68.87589808957765 -0.07518889328858364 0.0)
(68.94280435656871 -0.055508518637442175 0.0)
(68.98356707507301 -0.04172102980441136 0.0)
(69.01777802789181 -0.03192032787872766 0.0)
(69.04688768006125 -0.024648961865409318 0.0)
(69.07054792398378 -0.019318776822200755 0.0)
(69.09156768535966 -0.014535632150075042 0.0)
(69.10948674876747 -0.011788260689753933 0.0)
(69.125181471042 -0.008309076110943616 0.0)
(69.13894021261643 -0.0067703038436482035 0.0)
(69.15097572743564 -0.00472176332273812 0.0)
(69.16095498779522 -0.003982291714054053 0.0)
(69.1690071258918 -0.002651225684855084 0.0)
(69.1778949465233 -0.0021409809127057723 0.0)
(69.18584524221889 -0.0016061376044797444 0.0)
(69.19376662715415 -0.0012501290513626132 0.0)
(69.20070828737713 -0.001220656191183391 0.0)
(69.20637877507369 -0.0012691893447869802 0.0)
(69.21042716277739 -0.0012496706946028122 0.0)
(69.214213574672 -0.0010531152426818146 0.0)
(69.22030150112516 -0.0008667506234545691 0.0)
(69.2251857346869 -0.000697929721639588 0.0)
(69.23333883121454 -0.00037690826926145527 0.0)
(69.24254751297809 -0.0008724569700043213 0.0)
(69.25619350323393 -0.01127227339144237 0.0)
(69.25541117693962 -0.013416660648675747 0.0)
(69.26816863434371 -0.0025121468283307623 0.0)
(69.29721232739765 -0.0007684232047741042 0.0)
(69.32512938205363 -0.0003283657565277428 0.0)
(69.35324198518451 -0.00017362331212570742 0.0)
(69.37782787552254 -9.054633479598889e-5 0.0)
(69.39765304203019 -4.36371935117247e-5 0.0)
(69.41248235056096 -2.0855574892340638e-5 0.0)
(69.42265656943208 -8.948563519298966e-6 0.0)
(69.42955059410356 -3.7386213113907736e-6 0.0)
(69.43385053333887 -1.271542548813835e-6 0.0)
(69.43647025948687 -3.543574595721308e-7 0.0)
(69.43866524096696 -4.0264694422972995e-8 0.0)
(69.46348533538193 2.7668066632315686e-5 0.0)
(69.46361710016632 7.655960993378154e-5 0.0)
(69.46380696179153 0.00012108416114768455 0.0)
(69.46404933911283 0.00014800585908971206 0.0)
(69.4644065480778 0.00017070003176172067 0.0)
(69.46499201844799 0.0002119316502295505 0.0)
(69.46590001852464 0.0002873694687392233 0.0)
(69.46725137450481 0.00040534146980919766 0.0)
(69.46933994394277 0.0005650404637551153 0.0)
(69.47269180596302 0.0007250580385773794 0.0)
(69.4780031585163 0.0007382735811822723 0.0)
(69.48593889808632 0.00033251365177192364 0.0)
(69.49706129997028 -0.0009153354979492649 0.0)
(69.51192421504767 -0.0036025156989752368 0.0)
(69.53117694302321 -0.008602390995638212 0.0)
(69.55501955686691 -0.0171347569838793 0.0)
(69.5831345780408 -0.030782637791171772 0.0)
(69.61464511028608 -0.05150912211647602 0.0)
(69.64790218212363 -0.08159697085956992 0.0)
(69.68019788151321 -0.12344220497437669 0.0)
(69.70793379521217 -0.17935902272134135 0.0)
(69.72631695776386 -0.2508611482976412 0.0)
(69.73029350540942 -0.3382479249791284 0.0)
(69.71482965207596 -0.43991500386582266 0.0)
(69.67587957002746 -0.5520394402019856 0.0)
(69.61127751550808 -0.6684208951124859 0.0)
(69.5211792856113 -0.7804108541578647 0.0)
(69.4088437474112 -0.8783881741924096 0.0)
(69.2804599310383 -0.9521993798309096 0.0)
(69.14392236362185 -0.9932595562966509 0.0)
(69.00898896068848 -0.9973342104828281 0.0)
(68.88450027988098 -0.9626675012211263 0.0)
(68.77921041483027 -0.8938160240389782 0.0)
(68.69891217005721 -0.7979625509867216 0.0)
(68.64717371186612 -0.6848993916772449 0.0)
(68.62443247682516 -0.5657445865734881 0.0)
(68.62804315133948 -0.4502028755041179 0.0)
(68.65321367210066 -0.34644711918731624 0.0)
(68.69374414172192 -0.259277287594028 0.0)
(68.74327434671355 -0.1910019019397556 0.0)
(68.79526740164056 -0.13999852760603815 0.0)
(68.8580767937953 -0.10352570459179336 0.0)
(68.8782237538495 -0.08494269468333701 0.0)
(68.9440786151228 -0.0629421656569832 0.0)
(68.98425481593448 -0.047359734368833194 0.0)
(69.01812281793444 -0.03626147727334885 0.0)
(69.04702060217676 -0.02808416077801948 0.0)
(69.07058176749554 -0.022031499463332143 0.0)
(69.09147221352664 -0.016644405564162166 0.0)
(69.10933302588751 -0.013508871604006328 0.0)
(69.12494271208206 -0.009603094102391305 0.0)
(69.13860799867685 -0.007809855369056375 0.0)
(69.1505477022764 -0.005494463785355878 0.0)
(69.16042623613139 -0.004629675203188736 0.0)
(69.1683610574273 -0.0031047996642368132 0.0)
(69.17709852765623 -0.0025039512709109464 0.0)
(69.18488443315292 -0.0018888102825179425 0.0)
(69.19260034256841 -0.001478274650537997 0.0)
(69.19929706711159 -0.001442155780733948 0.0)
(69.2046760643929 -0.0014999267037395265 0.0)
(69.20836604678567 -0.001483263855230937 0.0)
(69.21171519223216 -0.001254871230063117 0.0)
(69.21730568683584 -0.00103193321489257 0.0)
(69.22158667337891 -0.0008402597125820484 0.0)
(69.22908158545101 -0.0004501074769362787 0.0)
(69.23746588516815 -0.0010386275145132715 0.0)
(69.2504623935785 -0.011150643966224972 0.0)
(69.24748220971838 -0.013401593501204736 0.0)
(69.25742108915404 -0.002647738192898824 0.0)
(69.28460912062073 -0.0008799170763231287 0.0)
(69.31157079898982 -0.0004020951446394961 0.0)
(69.34024365598907 -0.00022481783268182243 0.0)
(69.36656911818686 -0.0001228846576385359 0.0)
(69.3888080125112 -6.153796796481846e-5 0.0)
(69.40612720592104 -3.0616821336702304e-5 0.0)
(69.41836857609218 -1.3722252102085745e-5 0.0)
(69.426847159002 -6.0619093391161295e-6 0.0)
(69.43221162464327 -2.3014830877508634e-6 0.0)
(69.43551133483878 -7.752960077091833e-7 0.0)
(69.43751299451147 -2.2947766905316477e-7 0.0)
(69.43907109853406 -2.280073085589248e-8 0.0)
(69.46350107425478 2.4768390687822504e-5 0.0)
(69.46363543503104 7.059875580821874e-5 0.0)
(69.46383067369882 0.00011273890167602612 0.0)
(69.46407600715689 0.00013569059826899294 0.0)
(69.46443623366626 0.00014974816774490301 0.0)
(69.46501771414937 0.00017505845901050513 0.0)
(69.46593185293173 0.00022489016950971477 0.0)
(69.4672970794433 0.0002983563376294463 0.0)
(69.46939768564864 0.0003735323347332998 0.0)
(69.472759166957 0.0003795749774626217 0.0)
(69.47807001625802 0.00013976239634606928 0.0)
(69.48591296542172 -0.0006493300069986393 0.0)
(69.49682416871853 -0.0024469223917898664 0.0)
(69.51138712729397 -0.005907038166595728 0.0)
(69.53001116158768 -0.011956960664157898 0.0)
(69.55275776600365 -0.021849523490734105 0.0)
(69.5792276732985 -0.037203969859409936 0.0)
(69.60835355899741 -0.05999342702614381 0.0)
(69.63822018091147 -0.0924188924358036 0.0)
(69.66613505680702 -0.1368115943032585 0.0)
(69.68821491147546 -0.1950963928373467 0.0)
(69.69998394699282 -0.2683931239501383 0.0)
(69.69658770283822 -0.35631978231339584 0.0)
(69.67359168586158 -0.45651753996091876 0.0)
(69.6278476735603 -0.5643743746050038 0.0)
(69.55786362576325 -0.6727328307960307 0.0)
(69.46496238710353 -0.7731327016442718 0.0)
(69.35307475036235 -0.8555908128463043 0.0)
(69.2287915635165 -0.9112149664709612 0.0)
(69.10023537907317 -0.9334100437020046 0.0)
(68.97684382103485 -0.9191694000840415 0.0)
(68.86675608910183 -0.869614080287808 0.0)
(68.77794131619557 -0.791348713064986 0.0)
(68.71444665850676 -0.6917764049720975 0.0)
(68.67897726769301 -0.5823666815463775 0.0)
(68.66986307456035 -0.47213638536146285 0.0)
(68.68366150625273 -0.3702757732397769 0.0)
(68.71463859619125 -0.28202402585716463 0.0)
(68.75686237107335 -0.2110327910369088 0.0)
(68.80365237308852 -0.15637890101113058 0.0)
(68.86300090444558 -0.11651437699248633 0.0)
(68.88123309707328 -0.09584604918609062 0.0)
(68.94575283515314 -0.07122183528917549 0.0)
(68.98521041522187 -0.053695135420662676 0.0)
(69.01864077441833 -0.04111313631672099 0.0)
(69.04727731926408 -0.03192720359787267 0.0)
(69.07072519974082 -0.025081510050142516 0.0)
(69.09146747007725 -0.01902270669819448 0.0)
(69.10927094316155 -0.015444519075259058 0.0)
(69.12479975690741 -0.011087504588309241 0.0)
(69.13837569430241 -0.008992039838971474 0.0)
(69.15022972893092 -0.006385244445567496 0.0)
(69.16002533274295 -0.005371034977794857 0.0)
(69.16786672573215 -0.0036302508701836524 0.0)
(69.17647742766579 -0.002920633392320975 0.0)
(69.18413254113297 -0.002214361218191682 0.0)
(69.19168023167599 -0.0017415722159194328 0.0)
(69.19817806464187 -0.0016954172316528586 0.0)
(69.20332407269842 -0.0017629883222714119 0.0)
(69.2067287435711 -0.0017502570878515633 0.0)
(69.20972582365829 -0.001486322515339846 0.0)
(69.21490946172632 -0.0012218475146339501 0.0)
(69.21869382554887 -0.0010055712786572525 0.0)
(69.22563112120179 -0.000537111489552752 0.0)
(69.23328144972825 -0.0012278921154761434 0.0)
(69.2457071996895 -0.01100877841204205 0.0)
(69.2408182068438 -0.013370034691367721 0.0)
(69.24806502865069 -0.002789145132052605 0.0)
(69.27310167500761 -0.00100129687806009 0.0)
(69.2984978391065 -0.0004847551377014851 0.0)
(69.32696969976261 -0.000285106617866894 0.0)
(69.35444319562214 -0.00016298518990838723 0.0)
(69.37882860241184 -8.46834718071679e-5 0.0)
(69.39867720709174 -4.371553721150447e-5 0.0)
(69.41319484671132 -2.029501829974182e-5 0.0)
(69.42351825433352 -9.319447307356143e-6 0.0)
(69.43016543417035 -3.7632576628745924e-6 0.0)
(69.43430308827507 -1.402283752848873e-6 0.0)
(69.43683302589852 -5.006708082412447e-7 0.0)
(69.43826594763166 -1.3173439153152326e-7 0.0)
(69.43937062957691 -1.3366319292322147e-8 0.0)
(69.463516576054 2.1793215643834776e-5 0.0)
(69.46365331147676 6.456714379098019e-5 0.0)
(69.46385275644334 0.00010438383550880149 0.0)
(69.46410418230461 0.0001235602312534034 0.0)
(69.46446175728293 0.00012910446009579594 0.0)
(69.46504237806882 0.00013844136243582484 0.0)
(69.465958088044 0.00016218391034725758 0.0)
(69.46732730544356 0.00019039188926948115 0.0)
(69.46943923762434 0.0001806811908084203 0.0)
(69.4728062326811 3.269181597235871e-5 0.0)
(69.4780518843252 -0.00045966203948586483 0.0)
(69.48574862488933 -0.0016261634886965695 0.0)
(69.49646510412997 -0.003964433214435232 0.0)
(69.51062263494592 -0.008177105282321606 0.0)
(69.52850864807746 -0.015235980258008309 0.0)
(69.5501060210209 -0.02643689865463883 0.0)
(69.57487092525648 -0.04342087898952704 0.0)
(69.60152945668182 -0.06812455697475786 0.0)
(69.62815368877935 -0.10273822825587732 0.0)
(69.65175337818246 -0.1493417262116397 0.0)
(69.66859865320825 -0.2095757564722215 0.0)
(69.67427958517506 -0.28402597519264444 0.0)
(69.66432961787555 -0.371668740574784 0.0)
(69.6349996814248 -0.46941397692307335 0.0)
(69.58365983516092 -0.57168093026154 0.0)
(69.50988886246664 -0.6712302691289473 0.0)
(69.41564644323348 -0.7589262313553199 0.0)
(69.30558829383023 -0.825766807186205 0.0)
(69.1864288422117 -0.8641111554857965 0.0)
(69.06683481474985 -0.8689365217326928 0.0)
(68.9550160965837 -0.8391454074591558 0.0)
(68.85955462231361 -0.7789419105055195 0.0)
(68.7859440016862 -0.6945089626399331 0.0)
(68.73818890430815 -0.5960625739778403 0.0)
(68.71639885913802 -0.4927473176079731 0.0)
(68.71826473620095 -0.39385637291193887 0.0)
(68.73896917823217 -0.30550519293115697 0.0)
(68.7730555747607 -0.2322316120983297 0.0)
(68.81392093666557 -0.17419572234930375 0.0)
(68.86915570957592 -0.13075857643347674 0.0)
(68.88509929249278 -0.10803972783024013 0.0)
(68.94792040738082 -0.0804239659667458 0.0)
(68.9864923114484 -0.06079296758310237 0.0)
(69.01936885039412 -0.04654179131212652 0.0)
(69.04767259550164 -0.0362077935267246 0.0)
(69.07098599236424 -0.028503660337046505 0.0)
(69.0915543308275 -0.021702701970036008 0.0)
(69.1092941882463 -0.017614842098436438 0.0)
(69.12474332975623 -0.012789284673242784 0.0)
(69.13822928345591 -0.010337334735388098 0.0)
(69.15000261039695 -0.007412600000610754 0.0)
(69.15972856831264 -0.00622046152920084 0.0)
(69.16749544251134 -0.004240713492852098 0.0)
(69.17599590689312 -0.0033994607566400297 0.0)
(69.18354663617411 -0.0025893322738593685 0.0)
(69.19095478087407 -0.002045423308580123 0.0)
(69.19728997651308 -0.001984211100191383 0.0)
(69.20225075724794 -0.0020615270923124646 0.0)
(69.20543132884565 -0.0020538073020193418 0.0)
(69.20814836253662 -0.0017502381714608317 0.0)
(69.21300257663196 -0.0014387024902428659 0.0)
(69.21638402617894 -0.001195958850053732 0.0)
(69.22285407539512 -0.0006394789850494144 0.0)
(69.22985653706357 -0.0014411930958619838 0.0)
(69.24179540645197 -0.010845713900660876 0.0)
(69.2353049803287 -0.013320321911853214 0.0)
(69.24008891777257 -0.0029350288670722167 0.0)
(69.26286214378446 -0.001131618827870501 0.0)
(69.28627502865675 -0.0005754388094323848 0.0)
(69.31384608137404 -0.0003543958268533553 0.0)
(69.34176005169957 -0.00021157080047228062 0.0)
(69.3678400849008 -0.00011399028354061929 0.0)
(69.39010996198878 -6.1007774475329694e-5 0.0)
(69.40704058486743 -2.923647330388501e-5 0.0)
(69.41945978920901 -1.3849048759018687e-5 0.0)
(69.42762786182669 -5.8265015976071284e-6 0.0)
(69.43278742694946 -2.2958572553941375e-6 0.0)
(69.43597361261362 -9.050099710858076e-7 0.0)
(69.43778938134955 -2.91082771485054e-7 0.0)
(69.43882330637018 -7.718983992068486e-8 0.0)
(69.43958768260485 -8.031045323720632e-9 0.0)
(69.46353161516319 1.8819679629523578e-5 0.0)
(69.4636696413748 5.854224376715816e-5 0.0)
(69.46387525520065 9.609950176064512e-5 0.0)
(69.46412860668626 0.00011162688670141878 0.0)
(69.46448715652987 0.00010884448360952866 0.0)
(69.46506421300127 0.00010216145534756507 0.0)
(69.46597357585992 9.934969306234128e-5 0.0)
(69.46734735678066 8.175226334852098e-5 0.0)
(69.46946939910428 -1.3022082753433163e-5 0.0)
(69.47280022817725 -0.00031428105925153214 0.0)
(69.47794922706996 -0.0010553770748790252 0.0)
(69.48551350345639 -0.0025941074299812928 0.0)
(69.4959628970627 -0.005461804073243044 0.0)
(69.50963383364534 -0.01040217054479443 0.0)
(69.52674274524098 -0.018436605442728782 0.0)
(69.54714620504129 -0.030895729339311246 0.0)
(69.5701354806341 -0.04941276570794365 0.0)
(69.59442581245032 -0.07594005520748558 0.0)
(69.6178260647786 -0.11251893016376772 0.0)
(69.63739450717787 -0.1610451729765808 0.0)
(69.64936238729241 -0.22276321576200056 0.0)
(69.6495364392495 -0.29773992610489347 0.0)
(69.63392507768873 -0.3843058360500331 0.0)
(69.59916715285999 -0.47847989136036273 0.0)
(69.54349766066424 -0.5743839512062017 0.0)
(69.46715520966215 -0.6639888749460315 0.0)
(69.37278489026856 -0.7386035427695353 0.0)
(69.26553234384777 -0.7902735134938891 0.0)
(69.15255856071632 -0.812262218914142 0.0)
(69.04213402196316 -0.8018351604433398 0.0)
(68.94240536233858 -0.7600370235469058 0.0)
(68.86074766411261 -0.6921136142859079 0.0)
(68.80162388374318 -0.6058775853239126 0.0)
(68.76760843996462 -0.5111948294872023 0.0)
(68.75717192734929 -0.4164477553646068 0.0)
(68.76708375909811 -0.3292509272419309 0.0)
(68.79217646565196 -0.2542605246120139 0.0)
(68.82641670300346 -0.19339787794978017 0.0)
(68.87679660238703 -0.1462770497987944 0.0)
(68.8900178657262 -0.12160192086902685 0.0)
(68.95071125162613 -0.09066825595059014 0.0)
(68.98817183770718 -0.0687039156133879 0.0)
(69.02035982411591 -0.05262786170462301 0.0)
(69.04823083938857 -0.04096036884386302 0.0)
(69.07137701630354 -0.03232785522244141 0.0)
(69.09174018954478 -0.024720791941253345 0.0)
(69.1094006736304 -0.020039152941105712 0.0)
(69.12476837507704 -0.014735483299313613 0.0)
(69.13815975934148 -0.0118695500525469 0.0)
(69.14985232073658 -0.008597524452523942 0.0)
(69.15951806214107 -0.00719395120284772 0.0)
(69.16722549293475 -0.0049521317118384435 0.0)
(69.17562607666633 -0.003950666984430022 0.0)
(69.18309267127107 -0.0030214225538270265 0.0)
(69.19038260675255 -0.002396302549230512 0.0)
(69.1965829477048 -0.0023128671842827142 0.0)
(69.20139701953516 -0.0023988452046152645 0.0)
(69.2044044672561 -0.002397145401763138 0.0)
(69.20690171021896 -0.0020494601015868686 0.0)
(69.21149126026013 -0.0016847416949584714 0.0)
(69.21455021324091 -0.0014135832739087307 0.0)
(69.22063069423737 -0.0007588522078000913 0.0)
(69.2270624871746 -0.0016792541664471554 0.0)
(69.23859608332714 -0.01066073395350548 0.0)
(69.23080566774405 -0.01325121417872505 0.0)
(69.23341317444718 -0.003084367353064785 0.0)
(69.2539544630537 -0.001270180894426386 0.0)
(69.27515874737948 -0.0006730956959625452 0.0)
(69.30126672238107 -0.00043221005601599803 0.0)
(69.32889493285478 -0.0002690615686068377 0.0)
(69.3560655508091 -0.00015026834630535102 0.0)
(69.38047502612123 -8.341842101637527e-5 0.0)
(69.39984290376422 -4.122922730687683e-5 0.0)
(69.4145715643423 -2.0084314408867833e-5 0.0)
(69.42450700879719 -8.718933283524674e-6 0.0)
(69.43089666043294 -3.563638061890067e-6 0.0)
(69.43489133534199 -1.4833728004184163e-6 0.0)
(69.43718552633224 -5.301449674623827e-7 0.0)
(69.43849855707926 -1.703513293896791e-7 0.0)
(69.4392281595766 -4.607706407351898e-8 0.0)
(69.43973435833249 -4.207290982449338e-9 0.0)
(69.46354561607733 1.5924622927702044e-5 0.0)
(69.46368562721439 5.261259373043304e-5 0.0)
(69.46389412448788 8.791644291696252e-5 0.0)
(69.46415247302103 9.993162163573062e-5 0.0)
(69.46451090881179 8.900171115690012e-5 0.0)
(69.46507894189479 6.627754452150197e-5 0.0)
(69.46598336810631 3.659313981893355e-5 0.0)
(69.467360661288 -2.727659500340668e-5 0.0)
(69.46946405222623 -0.0002070236515478265 0.0)
(69.47274112646994 -0.0006593717360543357 0.0)
(69.47780855052002 -0.001645527547913749 0.0)
(69.48519392956129 -0.0035495127856370163 0.0)
(69.49531696945407 -0.006932221725768129 0.0)
(69.50847079258793 -0.012580591982051121 0.0)
(69.52476748444096 -0.02155904094051584 0.0)
(69.54391964448229 -0.03521336869946001 0.0)
(69.5652023549069 -0.055208538254644425 0.0)
(69.5871190431079 -0.0834161216198969 0.0)
(69.60748167878438 -0.12177148457922359 0.0)
(69.62325124798122 -0.1718963279237286 0.0)
(69.63074327206516 -0.2346382825265628 0.0)
(69.62605572509322 -0.30952297730383055 0.0)
(69.6054496499341 -0.39409664850522624 0.0)
(69.56623959458217 -0.48398727304455297 0.0)
(69.50722001130403 -0.5724471322519562 0.0)
(69.42929538234128 -0.6515197550741576 0.0)
(69.33575913513351 -0.7132208271602153 0.0)
(69.2321966151472 -0.7499916363952172 0.0)
(69.1260311498069 -0.7574398008215926 0.0)
(69.02508776884785 -0.7342115444168709 0.0)
(68.93751731791147 -0.6834479614114943 0.0)
(68.86878199243412 -0.6111117288946046 0.0)
(68.82313766141115 -0.5263708910021435 0.0)
(68.80056866274549 -0.4374245202476249 0.0)
(68.7991919431323 -0.35252264675195844 0.0)
(68.81463088849917 -0.2768409613098334 0.0)
(68.84145614115708 -0.21364881870606747 0.0)
(68.88624691781419 -0.16314941543128117 0.0)
(68.89620052559692 -0.13652321761820937 0.0)
(68.95429698368426 -0.10210443117699837 0.0)
(68.99033970854208 -0.07748026109735215 0.0)
(69.02168162976933 -0.05945103295442947 0.0)
(69.04899105353722 -0.04623626521839447 0.0)
(69.07191611698606 -0.036574665353608725 0.0)
(69.09203934760366 -0.028115334829305925 0.0)
(69.10959294232937 -0.022737748101421467 0.0)
(69.1248731758304 -0.016950133153201964 0.0)
(69.13816250111475 -0.013615486439793791 0.0)
(69.14976928468117 -0.009963671759429074 0.0)
(69.15938068619047 -0.00830913841534293 0.0)
(69.16704096401656 -0.0057834819956362644 0.0)
(69.17534659821978 -0.004586781357165169 0.0)
(69.18274388624998 -0.0035196616192781755 0.0)
(69.18993067077281 -0.0028019339280897027 0.0)
(69.19601666749844 -0.002686407091572568 0.0)
(69.20071469202031 -0.00277833751044404 0.0)
(69.20359152370517 -0.00278344738125832 0.0)
(69.20591919333617 -0.002386801693828379 0.0)
(69.21029734240192 -0.0019621735197498124 0.0)
(69.21310173745705 -0.0016606221586674052 0.0)
(69.21885696181964 -0.0008969135699610333 0.0)
(69.22478439260472 -0.0019425440932483587 0.0)
(69.23598765014064 -0.010453379823204859 0.0)
(69.22717768717926 -0.013161875251223983 0.0)
(69.22791572700994 -0.0032364575440021748 0.0)
(69.24635681300899 -0.0014166603230485622 0.0)
(69.26529710178839 -0.000776725111275792 0.0)
(69.28955504340102 -0.000517813380384769 0.0)
(69.316240911278 -0.0003355492319444151 0.0)
(69.34381046100007 -0.00019412808258560606 0.0)
(69.36990628341222 -0.00011187849512928986 0.0)
(69.39158946159169 -5.705432486512358e-5 0.0)
(69.40876920480744 -2.8565032000307476e-5 0.0)
(69.42070790055554 -1.27401905473756e-5 0.0)
(69.42855422428167 -5.352297174397776e-6 0.0)
(69.43353460897342 -2.307695940812769e-6 0.0)
(69.4364226505915 -8.730513744346331e-7 0.0)
(69.43808622142838 -3.102270405069508e-7 0.0)
(69.43901441758216 -1.0096313989523411e-7 0.0)
(69.4395022302105 -2.440224912076083e-8 0.0)
(69.43983481920908 -2.304290214525457e-9 0.0)
(69.46355876748727 1.3190663803819984e-5 0.0)
(69.46369861209365 4.683535251050837e-5 0.0)
(69.46391172473236 7.987651210304281e-5 0.0)
(69.46417448187808 8.84821062880062e-5 0.0)
(69.46452935434299 6.95656937839366e-5 0.0)
(69.465091067797 3.088812248902108e-5 0.0)
(69.46598987571943 -2.589907382379289e-5 0.0)
(69.4673494391534 -0.00013643350094499522 0.0)
(69.46942311746362 -0.0004006118454959221 0.0)
(69.47266159390668 -0.001001915911166207 0.0)
(69.47762028244583 -0.0022282272309071243 0.0)
(69.48478703872328 -0.004488231561169481 0.0)
(69.49456192499599 -0.008374499404931417 0.0)
(69.50716962367008 -0.014712520285125073 0.0)
(69.52260532383141 -0.024595261514082208 0.0)
(69.54055451615983 -0.03941142986380668 0.0)
(69.56011734881876 -0.06079331055966488 0.0)
(69.57978332933348 -0.09056154978571258 0.0)
(69.59725385761266 -0.13047668565299952 0.0)
(69.60949200400573 -0.1818762082132322 0.0)
(69.61296112368548 -0.24517853906387263 0.0)
(69.60388199019057 -0.319244968659327 0.0)
(69.5790257972418 -0.4012137731360538 0.0)
(69.53610002020066 -0.4858217801897369 0.0)
(69.47454695506535 -0.5661768506387783 0.0)
(69.39586340690563 -0.6346049782493584 0.0)
(69.30395344895214 -0.6832798810299833 0.0)
(69.20481941743239 -0.7064689945190086 0.0)
(69.10581506256464 -0.7011346657187318 0.0)
(69.01484744174837 -0.6677608446011125 0.0)
(68.93876752878678 -0.6107922132312019 0.0)
(68.88251896766981 -0.5373429750955661 0.0)
(68.84844525257157 -0.45601934153512164 0.0)
(68.83545061483146 -0.3745468441764893 0.0)
(68.8407927995546 -0.29953573520463794 0.0)
(68.85936009903101 -0.2345750653088155 0.0)
(68.89785990080303 -0.18129140211856276 0.0)
(68.90390372280318 -0.15277260687217847 0.0)
(68.95887766788148 -0.1148358877767018 0.0)
(68.99312199780881 -0.08721444761274368 0.0)
(69.02341428665748 -0.06706845665848724 0.0)
(69.05001261656523 -0.05211289645702162 0.0)
(69.07262814715682 -0.041258516858275716 0.0)
(69.0924727001389 -0.03191953800854498 0.0)
(69.10987948398692 -0.025734871446414422 0.0)
(69.12505872027545 -0.01945091033277214 0.0)
(69.13823662077098 -0.01560296256220948 0.0)
(69.14974800332523 -0.011537500437370214 0.0)
(69.15930720951438 -0.009584737745586526 0.0)
(69.16693076637625 -0.006756551940898076 0.0)
(69.1751416973634 -0.005323240861329932 0.0)
(69.18247947484772 -0.004094624441738897 0.0)
(69.18957275358842 -0.0032714263697734337 0.0)
(69.19555866970266 -0.0031107222383011546 0.0)
(69.20016466385913 -0.0032034338196367126 0.0)
(69.20294659204991 -0.003215644912528204 0.0)
(69.20514670412511 -0.0027648945510030457 0.0)
(69.20935663359779 -0.002273078990612341 0.0)
(69.21196340063506 -0.0019391808153780745 0.0)
(69.21744469987401 -0.0010553202712746332 0.0)
(69.22292297771662 -0.002231234903196574 0.0)
(69.23386203978018 -0.010223452762358093 0.0)
(69.22428393223157 -0.013051871281393759 0.0)
(69.22345415048203 -0.003390861757989768 0.0)
(69.23998555341426 -0.0015711863785007564 0.0)
(69.25673948813139 -0.0008855377117830003 0.0)
(69.27894092820817 -0.0006103709213553467 0.0)
(69.30416332945641 -0.00041084070585208716 0.0)
(69.33143575858323 -0.000245913930396895 0.0)
(69.35862709317098 -0.00014724652411688598 0.0)
(69.38233734685996 -7.755678417927645e-5 0.0)
(69.40199990589608 -3.99385320081862e-5 0.0)
(69.41614032864919 -1.8274979605010694e-5 0.0)
(69.42567699256263 -7.858497446909492e-6 0.0)
(69.4318435394169 -3.4773297826829864e-6 0.0)
(69.43546247647062 -1.3635005720376437e-6 0.0)
(69.4375639414479 -5.113036328498104e-7 0.0)
(69.43874257393576 -1.8323463354179452e-7 0.0)
(69.43936400505784 -5.402370658813453e-8 0.0)
(69.43969022582091 -1.3237771148990255e-8 0.0)
(69.43990241511247 -1.2127661099419867e-9 0.0)
(69.46356994324105 1.0677933378357615e-5 0.0)
(69.46370998442906 4.125804666401303e-5 0.0)
(69.46392704067169 7.19970780275108e-5 0.0)
(69.46419161846217 7.723912934596383e-5 0.0)
(69.46454622967657 5.054136714499621e-5 0.0)
(69.46510197066421 -3.940330665527711e-6 0.0)
(69.46597990332774 -8.802877830823568e-5 0.0)
(69.4673138969192 -0.00024549859681946573 0.0)
(69.46937055021861 -0.0005936028084347969 0.0)
(69.4725545360176 -0.0013410537923495805 0.0)
(69.47737971343285 -0.0028012647683763165 0.0)
(69.4843165351605 -0.005409653892046307 0.0)
(69.49372214601172 -0.009788611751967581 0.0)
(69.50574159050737 -0.016792438619803604 0.0)
(69.52034707087984 -0.027560424267273568 0.0)
(69.53707666937328 -0.04348086206859075 0.0)
(69.55500305875337 -0.06617458473851837 0.0)
(69.57251001523976 -0.09736267827665213 0.0)
(69.58726226122641 -0.13861845089085317 0.0)
(69.59627707058772 -0.19095986760606207 0.0)
(69.59603700596375 -0.25426668035841754 0.0)
(69.5831231995538 -0.3270143142093741 0.0)
(69.55454200511757 -0.405498554599383 0.0)
(69.50855638816519 -0.4841636839940771 0.0)
(69.44512592500867 -0.5560929723202087 0.0)
(69.36638830760289 -0.6135317879011378 0.0)
(69.2767940485808 -0.649955856581306 0.0)
(69.18262007610183 -0.6609049110523618 0.0)
(69.09126626878638 -0.6447256318836457 0.0)
(69.010232102873 -0.6038438521664454 0.0)
(68.94521049788356 -0.543326451443953 0.0)
(68.90042280812611 -0.47117513910666065 0.0)
(68.87604115905145 -0.3947679718968065 0.0)
(68.87086799144137 -0.3216050560087456 0.0)
(68.88053438440032 -0.25586115686855726 0.0)
(68.91195455908593 -0.20039192532011296 0.0)
(68.91346116660624 -0.17034647391075658 0.0)
(68.96466316068103 -0.12885011776914979 0.0)
(68.99669425454938 -0.09804751574428328 0.0)
(69.02565213180499 -0.07551621514864783 0.0)
(69.05137686857458 -0.05868253878730233 0.0)
(69.07355145167045 -0.04640581639838732 0.0)
(69.09306651839883 -0.03615102821093517 0.0)
(69.11027658452687 -0.02906114308060488 0.0)
(69.12532888865779 -0.022247957084801078 0.0)
(69.13838408563132 -0.01785618097987458 0.0)
(69.14978697794734 -0.013347965818319252 0.0)
(69.15929174022716 -0.011039870713090781 0.0)
(69.16688776000744 -0.007894909585354385 0.0)
(69.17500046371185 -0.006179023807172859 0.0)
(69.18228354277936 -0.004758755049735484 0.0)
(69.18928817256607 -0.0038153116206130233 0.0)
(69.19518291928748 -0.003592794399799242 0.0)
(69.199715220099 -0.0036775713301528605 0.0)
(69.20243267252808 -0.003696167970715871 0.0)
(69.20454078873163 -0.0031859727088383912 0.0)
(69.20861707267888 -0.0026193009895673397 0.0)
(69.21107382159363 -0.0022511452629888013 0.0)
(69.21632050867193 -0.0012356283543321707 0.0)
(69.22139461563113 -0.0025451520326417814 0.0)
(69.2321262392409 -0.00997103397214601 0.0)
(69.22199941971334 -0.012921152086155172 0.0)
(69.2198820249863 -0.003547336966933219 0.0)
(69.23471946821965 -0.0017343472033258802 0.0)
(69.24945471901387 -0.0009990699403321496 0.0)
(69.26955364375131 -0.0007091137891912479 0.0)
(69.29296117078007 -0.0004945620090064729 0.0)
(69.31931496712873 -0.00030568824727191993 0.0)
(69.34693605725568 -0.0001902312472051207 0.0)
(69.37222519381194 -0.00010359145191472811 0.0)
(69.39426011089405 -5.494692887233126e-5 0.0)
(69.41073032025501 -2.580258235348697e-5 0.0)
(69.42217982805766 -1.13406879743024e-5 0.0)
(69.42975070856137 -5.127728285885262e-6 0.0)
(69.43425965387384 -2.0624553100602376e-6 0.0)
(69.4369044213614 -7.996960412070276e-7 0.0)
(69.43839751445994 -3.017107399566823e-7 0.0)
(69.43918796697618 -9.862742752821932e-8 0.0)
(69.43960401304459 -2.9016715415897538e-8 0.0)
(69.43981687227046 -7.001091587783094e-9 0.0)
(69.43994408718324 -5.716612215167788e-10 0.0)
(69.46357941141528 8.424931360502502e-6 0.0)
(69.46371906818555 3.5915076854579115e-5 0.0)
(69.46393776306434 6.425068686638403e-5 0.0)
(69.46420682613781 6.616984822410332e-5 0.0)
(69.46456202761368 3.189439124815746e-5 0.0)
(69.46510169746607 -3.826554328581413e-5 0.0)
(69.46595374538559 -0.00014980659188863852 0.0)
(69.46727217723195 -0.00035442511485176374 0.0)
(69.46930139425396 -0.0007855538769573391 0.0)
(69.47241441370704 -0.0016756879034019636 0.0)
(69.47710282825523 -0.003364529478161628 0.0)
(69.48379804531118 -0.006313881231175465 0.0)
(69.49280184984362 -0.011170831233241653 0.0)
(69.50425148429667 -0.018830248289147273 0.0)
(69.51800635879825 -0.03044863973410156 0.0)
(69.53357154721986 -0.04742766496727166 0.0)
(69.54992104828206 -0.07134356502295759 0.0)
(69.5653839096696 -0.10380747467099484 0.0)
(69.57762410060627 -0.14617371665431167 0.0)
(69.58361207223072 -0.19904679832897548 0.0)
(69.58006543024797 -0.2619682643673393 0.0)
(69.56367514627712 -0.33266264740862195 0.0)
(69.53186274158791 -0.4070398202066432 0.0)
(69.48333834532946 -0.4793411377561959 0.0)
(69.4185868263739 -0.5423286552995057 0.0)
(69.3404414620117 -0.5891573315961074 0.0)
(69.25372296390603 -0.6142354407657252 0.0)
(69.16503841252116 -0.6143096197993521 0.0)
(69.08169811476445 -0.5895960710654559 0.0)
(69.01027446390576 -0.5433984595731253 0.0)
(68.9559543885909 -0.48188907556463695 0.0)
(68.92094351319506 -0.4124679998512911 0.0)
(68.9049836939824 -0.34233711542137285 0.0)
(68.90535661812946 -0.27710531927797183 0.0)
(68.92883214553657 -0.22003746606846 0.0)
(68.92524818794007 -0.18915443819609232 0.0)
(68.97188799800284 -0.1440630259269035 0.0)
(69.00126942088843 -0.1100912633443193 0.0)
(69.02852136678209 -0.08485556877564694 0.0)
(69.05318040510195 -0.06601774956672564 0.0)
(69.07474807488927 -0.05208112890681745 0.0)
(69.09385235251764 -0.04080925184299774 0.0)
(69.11080922422076 -0.03274993714888732 0.0)
(69.12569235517587 -0.0253480145798482 0.0)
(69.13860864050747 -0.02038869095446586 0.0)
(69.14988872135899 -0.015424466140939314 0.0)
(69.15933160437304 -0.012693749369656972 0.0)
(69.16690791819411 -0.00922173238225099 0.0)
(69.17491635451238 -0.007176989368892169 0.0)
(69.18214437274649 -0.005526910702166501 0.0)
(69.18906074689176 -0.00444542705337737 0.0)
(69.19486867521115 -0.0041409249711206655 0.0)
(69.19934068230137 -0.004204251082542877 0.0)
(69.20202005906793 -0.004226626545831466 0.0)
(69.20406689264001 -0.003651585136141454 0.0)
(69.20803685188336 -0.003002323163807754 0.0)
(69.21038360967152 -0.0025979503721589273 0.0)
(69.2154241111252 -0.0014392331804453904 0.0)
(69.2201302981771 -0.0028837007287165354 0.0)
(69.23070214526564 -0.009696556997365508 0.0)
(69.22021439924544 -0.012770024305913813 0.0)
(69.21705993597358 -0.003705766321852964 0.0)
(69.23041996054951 -0.0019071500243343271 0.0)
(69.24335471171635 -0.001117243708130357 0.0)
(69.26142902452855 -0.0008134786942204266 0.0)
(69.2828436755661 -0.0005862964039868673 0.0)
(69.30779176426694 -0.0003732752513453196 0.0)
(69.33517914992932 -0.00024133805847440353 0.0)
(69.361474604043 -0.0001359562933116577 0.0)
(69.38561197456157 -7.439655644689793e-5 0.0)
(69.40443478459818 -3.589882747286786e-5 0.0)
(69.41798308466252 -1.613020103826183e-5 0.0)
(69.42718338724275 -7.4406466922184895e-6 0.0)
(69.43276172416766 -3.0540928113588493e-6 0.0)
(69.43607480718264 -1.2121269477119825e-6 0.0)
(69.43796061025152 -4.720118193864549e-7 0.0)
(69.43896413000581 -1.629480938680476e-7 0.0)
(69.43949409474523 -5.270395717563755e-8 0.0)
(69.43976581433111 -1.5415899100595107e-8 0.0)
(69.4398950181802 -3.333505389367757e-9 0.0)
(69.43996998722014 -2.820097243120789e-10 0.0)
(69.4635867582548 6.461564317255149e-6 0.0)
(69.46372430179807 3.0795982364424445e-5 0.0)
(69.46394611052928 5.660616803526062e-5 0.0)
(69.46422008237357 5.5205403150521665e-5 0.0)
(69.46456931187754 1.3459218761224802e-5 0.0)
(69.46509033984084 -7.225442297706755e-5 0.0)
(69.46592513068225 -0.0002112774968784979 0.0)
(69.46722119891183 -0.0004629438426668466 0.0)
(69.4692102339223 -0.0009758542518699239 0.0)
(69.47225231425567 -0.0020058652077444864 0.0)
(69.47679920322408 -0.003918285633390299 0.0)
(69.48323101144035 -0.007198728247538594 0.0)
(69.49184679483798 -0.012527423715342392 0.0)
(69.50270546924585 -0.02082184633329375 0.0)
(69.51564287454188 -0.03326415678936073 0.0)
(69.53008042207061 -0.05124652966905063 0.0)
(69.54493057996831 -0.076292356846575 0.0)
(69.55848903272263 -0.10987721576631708 0.0)
(69.56833543052069 -0.15306052152488475 0.0)
(69.57157821335683 -0.20617472176542756 0.0)
(69.5649543823262 -0.26812480851157994 0.0)
(69.54543344779904 -0.33621448031981566 0.0)
(69.51079509620433 -0.406048091837261 0.0)
(69.46012943070869 -0.47137561949051454 0.0)
(69.39463839824093 -0.5255163145050925 0.0)
(69.31758722814902 -0.5622205750221192 0.0)
(69.23434122240157 -0.5768984184480005 0.0)
(69.15162606886443 -0.567892031020485 0.0)
(69.07634500015904 -0.5366238546171357 0.0)
(69.01437649961714 -0.4873036728041546 0.0)
(68.96973322364784 -0.4266022042218161 0.0)
(68.94326067451527 -0.36116670198752654 0.0)
(68.93400915501553 -0.2976911970370431 0.0)
(68.94885367365177 -0.2399069105233533 0.0)
(68.93959446008631 -0.20888983706984587 0.0)
(68.98085290686717 -0.16041375056511595 0.0)
(69.00706366798043 -0.12332779716032981 0.0)
(69.0322022618882 -0.09520962834112981 0.0)
(69.05552874597582 -0.07415443357606902 0.0)
(69.07630902967001 -0.05838993583631948 0.0)
(69.09487303864593 -0.04589853099363359 0.0)
(69.11150916362256 -0.03682418694723171 0.0)
(69.12616646776257 -0.028763753363343917 0.0)
(69.13891534023777 -0.023197933047709212 0.0)
(69.15005931309778 -0.017790836390969518 0.0)
(69.15942785499668 -0.014566189448821213 0.0)
(69.16698952656512 -0.010756611609906078 0.0)
(69.17488675681807 -0.00834321280908425 0.0)
(69.18205402279858 -0.00641723140244775 0.0)
(69.18887800252041 -0.005174641892135928 0.0)
(69.19459962611384 -0.004764879084333442 0.0)
(69.1990203636026 -0.00478725266973981 0.0)
(69.2016850118823 -0.004807468391120191 0.0)
(69.20369780368497 -0.004162235827326595 0.0)
(69.20758272070503 -0.0034231439496367755 0.0)
(69.20985353143412 -0.002980234118996599 0.0)
(69.21470655135568 -0.0016673667354036624 0.0)
(69.21907407326177 -0.0032457297739716014 0.0)
(69.22952548872841 -0.009400991393867764 0.0)
(69.21883503620387 -0.01259909646417551 0.0)
(69.2148617967006 -0.003866125786226755 0.0)
(69.22694622104338 -0.0020909424390487515 0.0)
(69.23831737849088 -0.001240387207027425 0.0)
(69.25452809625199 -0.0009231991296341754 0.0)
(69.27392287037353 -0.0006857274635696689 0.0)
(69.29714341541577 -0.0004483556594003375 0.0)
(69.32371012074796 -0.0003008587176325244 0.0)
(69.35037620723928 -0.00017532849733306436 0.0)
(69.3761938757816 -9.910995960950292e-5 0.0)
(69.39725771813339 -4.922632643621007e-5 0.0)
(69.4130232952611 -2.2639200761523973e-5 0.0)
(69.42406783268824 -1.065518957168227e-5 0.0)
(69.43090991687247 -4.453166217536905e-6 0.0)
(69.43503628800823 -1.799810861172978e-6 0.0)
(69.43740915801438 -7.162423960380454e-7 0.0)
(69.43868009214073 -2.5556600120596146e-7 0.0)
(69.43935413445308 -8.689878414267819e-8 0.0)
(69.43970065903538 -2.807584367996006e-8 0.0)
(69.43986570546377 -7.411731195860602e-9 0.0)
(69.43994362379595 -1.6459734290283933e-9 0.0)
(69.43998486796878 -1.3867700730763808e-10 0.0)
(69.46359126995964 4.773255464507013e-6 0.0)
(69.46372707970764 2.587358666262082e-5 0.0)
(69.46395179487538 4.900233693238709e-5 0.0)
(69.46422608008915 4.416121133225424e-5 0.0)
(69.46456797250792 -5.000448268680074e-6 0.0)
(69.4650780199576 -0.0001060250327315993 0.0)
(69.46589212927839 -0.0002723087148589298 0.0)
(69.46715595543658 -0.0005706727498831521 0.0)
(69.46910557607528 -0.0011644851125170335 0.0)
(69.47207440054387 -0.0023317892606484034 0.0)
(69.4764650241421 -0.00446141032207744 0.0)
(69.48264716088754 -0.008068229790203333 0.0)
(69.49085816575008 -0.013855703382231672 0.0)
(69.50114499778293 -0.0227698234429303 0.0)
(69.51328421855281 -0.03600343382447394 0.0)
(69.52664442369291 -0.05493249798578038 0.0)
(69.54009097557802 -0.08100735291359526 0.0)
(69.55181643808997 -0.11550916110167934 0.0)
(69.55946370806282 -0.159300273121506 0.0)
(69.56009652412219 -0.21220436576564228 0.0)
(69.55062106286502 -0.2727240141061456 0.0)
(69.5282645167722 -0.33780355423349684 0.0)
(69.49106326468508 -0.40246670610848845 0.0)
(69.43872321215318 -0.4607094502511997 0.0)
(69.3729386510149 -0.506183360258324 0.0)
(69.29754277979556 -0.5333226604036388 0.0)
(69.21833493245 -0.5389313681771045 0.0)
(69.1419047378432 -0.5225240186991756 0.0)
(69.07467786435762 -0.4865367682525136 0.0)
(69.02176062290285 -0.43608315062182196 0.0)
(68.98561122818262 -0.3773287819259515 0.0)
(68.9665540544452 -0.31691307020989407 0.0)
(68.9723534520461 -0.25967885226178794 0.0)
(68.95678691165311 -0.2291452497370235 0.0)
(68.99190570339087 -0.17781553644564255 0.0)
(69.01429781965392 -0.1376414648524441 0.0)
(69.03691695140382 -0.10669273922297445 0.0)
(69.05855142664458 -0.08314151583547924 0.0)
(69.07834314678892 -0.06543373983972908 0.0)
(69.09619706232981 -0.051474957102587614 0.0)
(69.11241168678211 -0.041286072202279374 0.0)
(69.1267807734619 -0.0325194995121191 0.0)
(69.13931268438212 -0.0262699316440284 0.0)
(69.1503068608475 -0.020454202517145026 0.0)
(69.15958632318291 -0.01667825809978317 0.0)
(69.16713269136778 -0.01251254660703784 0.0)
(69.17491233279154 -0.009704214593364877 0.0)
(69.1820082761027 -0.0074522085746313894 0.0)
(69.18873064718099 -0.006016594690619054 0.0)
(69.19436325179646 -0.005475768752438065 0.0)
(69.19873787234536 -0.005431068583854698 0.0)
(69.20140872325395 -0.005437707232805643 0.0)
(69.2034123396204 -0.004716968232657189 0.0)
(69.20722851571823 -0.0038821378379825717 0.0)
(69.20945284216107 -0.0033973659496926703 0.0)
(69.21412842643446 -0.0019211968652128894 0.0)
(69.21818135185819 -0.0036292635777885156 0.0)
(69.2285443022296 -0.009086219226355885 0.0)
(69.21778263373841 -0.012409162621490725 0.0)
(69.21317765266318 -0.004028517472119372 0.0)
(69.22416519106878 -0.0022873037745077215 0.0)
(69.23420593099502 -0.001369231114300643 0.0)
(69.24875968068224 -0.001038350468176759 0.0)
(69.26622263921942 -0.0007927559525769541 0.0)
(69.28755848102419 -0.000530591392688085 0.0)
(69.31284926149655 -0.000368910835842605 0.0)
(69.33926087573204 -0.0002222222294231868 0.0)
(69.36621978562937 -0.00012986750751089532 0.0)
(69.38926481861813 -6.65100253089989e-5 0.0)
(69.4072666118074 -3.136220208141776e-5 0.0)
(69.42033615230608 -1.5078398803581262e-5 0.0)
(69.42864128525727 -6.413634868016234e-6 0.0)
(69.43374412923973 -2.633443444062925e-6 0.0)
(69.43671589440075 -1.0654772169208025e-6 0.0)
(69.43832058883119 -3.886836001089943e-7 0.0)
(69.43917621468997 -1.3620455834773128e-7 0.0)
(69.4396176014638 -4.636835276545833e-8 0.0)
(69.43982827227974 -1.3571522549654599e-8 0.0)
(69.43992786405005 -3.662189243942163e-9 0.0)
(69.43997156600629 -8.029956415547705e-10 0.0)
(69.43999296419581 -6.051730187671797e-11 0.0)
(69.4635932962856 3.3212905218290226e-6 0.0)
(69.46372705846247 2.1097760652321852e-5 0.0)
(69.46395140966162 4.1287735163857504e-5 0.0)
(69.46422469203719 3.280868464680848e-5 0.0)
(69.46456523893988 -2.3625548892646136e-5 0.0)
(69.46506349123297 -0.00013956177595014711 0.0)
(69.46585009451293 -0.00033270895670254 0.0)
(69.4670833600646 -0.0006775462029999847 0.0)
(69.46899184623408 -0.0013514701116484553 0.0)
(69.4718755392056 -0.002652829538266406 0.0)
(69.47612287196158 -0.004996452636957576 0.0)
(69.48204409154141 -0.008920891516397255 0.0)
(69.48986340756821 -0.015157271511188111 0.0)
(69.4995879464437 -0.02467170827219682 0.0)
(69.51095908476773 -0.03866309439475828 0.0)
(69.52330550117455 -0.05847599166946161 0.0)
(69.53539107598841 -0.0854428123676218 0.0)
(69.54541960656312 -0.1207158532400028 0.0)
(69.55094136362744 -0.1647775546388682 0.0)
(69.54910257253184 -0.21710746095862685 0.0)
(69.53697199255649 -0.2758450486390047 0.0)
(69.51193497423816 -0.3373299999947229 0.0)
(69.47250643804976 -0.3965925727994352 0.0)
(69.4188721575362 -0.44772544495714456 0.0)
(69.35325894698767 -0.48476063708298306 0.0)
(69.28013757180645 -0.5032789881213698 0.0)
(69.20539348239639 -0.5010992569451811 0.0)
(69.13549019507003 -0.47887681802953624 0.0)
(69.07623312547288 -0.43999188562860037 0.0)
(69.0315742192722 -0.38971834057169524 0.0)
(69.0030236876424 -0.3340672733855505 0.0)
(68.99948915061866 -0.27876173627141654 0.0)
(68.97716109847259 -0.24957950454391858 0.0)
(69.00535035709768 -0.19601565028409754 0.0)
(69.02325133121238 -0.15295091896891308 0.0)
(69.04287781978445 -0.1192820076862543 0.0)
(69.06243273881162 -0.09310037383944747 0.0)
(69.08095902370675 -0.07326677140374345 0.0)
(69.09792840450694 -0.05766630962872005 0.0)
(69.1135598120757 -0.04614197700446672 0.0)
(69.12757486580149 -0.03664043669921086 0.0)
(69.1398191851449 -0.02960028743607053 0.0)
(69.15063932593951 -0.02339381931389321 0.0)
(69.15981828008985 -0.01904954554859545 0.0)
(69.16733979231248 -0.014495658380181416 0.0)
(69.17499590092412 -0.01128124783272411 0.0)
(69.1820067957706 -0.008659138073178127 0.0)
(69.18861243532538 -0.006985890283717977 0.0)
(69.19415034794082 -0.00628545722357365 0.0)
(69.19848076089994 -0.006141515602265406 0.0)
(69.20117661818121 -0.006114902625808934 0.0)
(69.20319425533528 -0.005312948880860224 0.0)
(69.20695397404394 -0.004378859870251624 0.0)
(69.20915779756847 -0.0038469002683726564 0.0)
(69.21365832975646 -0.002202044767350592 0.0)
(69.21741721559764 -0.004031023220376593 0.0)
(69.22771730720676 -0.00875567265578939 0.0)
(69.21699204559137 -0.01220098816353597 0.0)
(69.21191415280484 -0.004193297349005367 0.0)
(69.22195715039577 -0.002497910196972022 0.0)
(69.23088304550974 -0.0015048986248656481 0.0)
(69.24400239321947 -0.0011593554674108656 0.0)
(69.25969713628317 -0.000907580893301647 0.0)
(69.27913273232706 -0.0006197484206862158 0.0)
(69.30284953266343 -0.00044552177938567676 0.0)
(69.32846168767858 -0.0002769831757650047 0.0)
(69.35596447591776 -0.0001673522440581966 0.0)
(69.38059188324787 -8.849886812849835e-5 0.0)
(69.40072339831033 -4.2867678997666904e-5 0.0)
(69.41593594595406 -2.1093227510969224e-5 0.0)
(69.42589266331655 -9.138051593762868e-6 0.0)
(69.43214848116094 -3.809362196689994e-6 0.0)
(69.43584870069549 -1.5630438258004715e-6 0.0)
(69.43786705119356 -5.795634218347092e-7 0.0)
(69.43895051353229 -2.0719313407752184e-7 0.0)
(69.43951186414824 -7.277501360411588e-8 0.0)
(69.43978050975838 -2.2478240311000112e-8 0.0)
(69.43990772661047 -6.709247200967989e-9 0.0)
(69.4399636098291 -1.7723360489479219e-9 0.0)
(69.43998677558714 -3.461130019587205e-10 0.0)
(69.43999714061864 -2.1659387951897898e-11 0.0)
(69.46359259581875 2.048071501148125e-6 0.0)
(69.46372241008291 1.634455720490232e-5 0.0)
(69.46394491983745 3.3268340479021185e-5 0.0)
(69.46422098176723 2.1020456450884934e-5 0.0)
(69.46456042747623 -4.2453349566543025e-5 0.0)
(69.46504236137122 -0.00017281657461520067 0.0)
(69.4658045606633 -0.0003924504596121664 0.0)
(69.46700682440759 -0.0007835057936405589 0.0)
(69.46886378428205 -0.0015363682862525507 0.0)
(69.47167272909516 -0.0029704048310625064 0.0)
(69.47576820751355 -0.005522636798943623 0.0)
(69.48143930295028 -0.009757851915302132 0.0)
(69.48887331694343 -0.016430670102309447 0.0)
(69.49805361032415 -0.026525189575116216 0.0)
(69.50869720763059 -0.041236505736153894 0.0)
(69.52005273714593 -0.06184480391420126 0.0)
(69.53087276253976 -0.08960678573893807 0.0)
(69.5392411745013 -0.12540708754907007 0.0)
(69.54271874965613 -0.16946119921432187 0.0)
(69.53852721460689 -0.22092544547604173 0.0)
(69.52381226396479 -0.2773707006574946 0.0)
(69.49631564650008 -0.3349872019144887 0.0)
(69.45494428444647 -0.3886930901404086 0.0)
(69.40038567472119 -0.4327131167592724 0.0)
(69.33551968951787 -0.4619030602386467 0.0)
(69.26517443834292 -0.4727146576379755 0.0)
(69.19530034616938 -0.46404156924627626 0.0)
(69.13207449736875 -0.43757244188449324 0.0)
(69.08044042587363 -0.3972167843717816 0.0)
(69.04326796064625 -0.3482348948675024 0.0)
(69.03028293013249 -0.296343290230679 0.0)
(69.0010521025012 -0.269775034714349 0.0)
(69.02143575590661 -0.21462516990222255 0.0)
(69.03425951355275 -0.16918645518164163 0.0)
(69.05028104169612 -0.13284216850174424 0.0)
(69.06739829057224 -0.10415144434426267 0.0)
(69.08427819051111 -0.08194373740417758 0.0)
(69.10018795978623 -0.06461073272419814 0.0)
(69.11502394286919 -0.051471400739753016 0.0)
(69.12858925521256 -0.041134371562148435 0.0)
(69.14047142398974 -0.033219233122396594 0.0)
(69.15106517760591 -0.026565876860875 0.0)
(69.16013874278032 -0.021686912999901452 0.0)
(69.16761750880487 -0.016709569963506917 0.0)
(69.17514100186136 -0.01308290589336332 0.0)
(69.18205303938268 -0.01006795169680504 0.0)
(69.18852058171292 -0.008099373468320048 0.0)
(69.1939547024649 -0.0072054252329466235 0.0)
(69.19824046578424 -0.006926219885377218 0.0)
(69.2009780231145 -0.006835664201641752 0.0)
(69.20303137983949 -0.005945176908233234 0.0)
(69.20674380753516 -0.004911692933261107 0.0)
(69.20895036790428 -0.004324133774863805 0.0)
(69.21327155018308 -0.0025116555342758052 0.0)
(69.2167548424697 -0.004445711430993855 0.0)
(69.22701235197782 -0.008415227316472679 0.0)
(69.21640981613287 -0.01197497793941476 0.0)
(69.21099356880643 -0.004361307644555648 0.0)
(69.22021811957492 -0.0027243771580515827 0.0)
(69.22821998285399 -0.0016489021556688882 0.0)
(69.24012271461513 -0.0012869652880149374 0.0)
(69.25425299851163 -0.0010307413770372152 0.0)
(69.27187893438338 -0.0007157990937744865 0.0)
(69.2938784252241 -0.0005307331743573526 0.0)
(69.3182747216742 -0.00033982729930577196 0.0)
(69.3457356556062 -0.00021211405403988255 0.0)
(69.37144261215998 -0.00011591964646727908 0.0)
(69.39346078224227 -5.7777657235189435e-5 0.0)
(69.41084225941077 -2.9160996749810424e-5 0.0)
(69.42260688861197 -1.2886625541654703e-5 0.0)
(69.43019633870529 -5.456772013003805e-6 0.0)
(69.43477070732882 -2.2687300739046034e-6 0.0)
(69.43729722770624 -8.52465764649717e-7 0.0)
(69.43866495990837 -3.092075089712997e-7 0.0)
(69.43937748307955 -1.1085040947463407e-7 0.0)
(69.4397196335881 -3.534742922808876e-8 0.0)
(69.4398820132123 -1.1117596932093598e-8 0.0)
(69.43995343879259 -3.2333854410981254e-9 0.0)
(69.43998307239055 -7.543125318472592e-10 0.0)
(69.43999462432132 -1.2167212803237277e-10 0.0)
(69.43999908480713 -5.5179006755647185e-12 0.0)
(69.46358858684137 8.491764840229909e-7 0.0)
(69.46371316741102 1.1445398892000891e-5 0.0)
(69.46393566321625 2.4831158488663945e-5 0.0)
(69.46421475945577 8.758086514617756e-6 0.0)
(69.4645496084206 -6.150121894651191e-5 0.0)
(69.46501898118099 -0.00020580894395301388 0.0)
(69.46575803864333 -0.0004514983742122053 0.0)
(69.46692121207938 -0.0008882460763073873 0.0)
(69.4687350761563 -0.0017198408919589193 0.0)
(69.47146104354759 -0.003284023577114041 0.0)
(69.4754124525221 -0.0060407168673022715 0.0)
(69.48083829295476 -0.010578389956464854 0.0)
(69.48789961490888 -0.017674471713887824 0.0)
(69.49656230810005 -0.028325771114977458 0.0)
(69.5064888486148 -0.043701409787609655 0.0)
(69.51691957932283 -0.06504423033648396 0.0)
(69.52648865339971 -0.09343184242624561 0.0)
(69.53324198326607 -0.12955436729577927 0.0)
(69.53474241175927 -0.17336915059996622 0.0)
(69.5282105278374 -0.22354449602611265 0.0)
(69.51104172979431 -0.2774241274483783 0.0)
(69.4812619432843 -0.330943720350729 0.0)
(69.43822865279404 -0.37894852431116055 0.0)
(69.38321319973144 -0.41616328916221385 0.0)
(69.31963060364346 -0.43811631024819964 0.0)
(69.25252733659605 -0.4421909923117835 0.0)
(69.18790299858033 -0.42835040069490293 0.0)
(69.13130654066843 -0.3989733732343928 0.0)
(69.08679894428006 -0.35830743176908003 0.0)
(69.06468619786668 -0.31151079967245954 0.0)
(69.02863178326015 -0.2889852784335968 0.0)
(69.04045129614077 -0.23323561794534836 0.0)
(69.04760871337982 -0.18610073732372243 0.0)
(69.059384743164 -0.1472860970144089 0.0)
(69.07364187845266 -0.11625609141032339 0.0)
(69.08847975457161 -0.09159853097821007 0.0)
(69.10307775495377 -0.07237742566326051 0.0)
(69.11691886662926 -0.057460943593945366 0.0)
(69.12986400268021 -0.046014331927326776 0.0)
(69.14132267897013 -0.03718846350738638 0.0)
(69.15160235085403 -0.02994043026937443 0.0)
(69.16056145231057 -0.024567406801670483 0.0)
(69.16797958445812 -0.019160878288676412 0.0)
(69.1753513399956 -0.015101574353915556 0.0)
(69.18215311737069 -0.011703706172147266 0.0)
(69.1884567940278 -0.009378448318439172 0.0)
(69.19377304587007 -0.008245635026695742 0.0)
(69.1980124107402 -0.007794266579254695 0.0)
(69.2008062255283 -0.007596951212149588 0.0)
(69.20291501558047 -0.006606570398142527 0.0)
(69.20658700138553 -0.005477189967568043 0.0)
(69.20881711350954 -0.004822120966046638 0.0)
(69.21294908243681 -0.0028523214544440875 0.0)
(69.21617403326063 -0.004865221021456164 0.0)
(69.22640502047365 -0.008074152830203449 0.0)
(69.21599228884016 -0.011730795269329079 0.0)
(69.21035211502812 -0.00453417228260183 0.0)
(69.21886010348071 -0.002968093077582023 0.0)
(69.22610161717142 -0.0018031518096111913 0.0)
(69.23698799242915 -0.0014222304540778398 0.0)
(69.24977026498041 -0.0011631279657781017 0.0)
(69.26574556061101 -0.0008189911679889307 0.0)
(69.28601556946519 -0.000624705908028953 0.0)
(69.30892944667293 -0.0004109129002355384 0.0)
(69.33583767680967 -0.00026456837790089105 0.0)
(69.3620735659527 -0.00014943379319124153 0.0)
(69.38560913427355 -7.673621325138346e-5 0.0)
(69.40507015672462 -3.981543141431261e-5 0.0)
(69.41874143427177 -1.7984186106232678e-5 0.0)
(69.42783509201877 -7.745610431227297e-6 0.0)
(69.43344104808496 -3.263980644052032e-6 0.0)
(69.43658498778142 -1.2412017419103626e-6 0.0)
(69.43830489370164 -4.5545964681340475e-7 0.0)
(69.43920706853325 -1.6566888744939533e-7 0.0)
(69.4396421503926 -5.392474184408673e-8 0.0)
(69.43984920868061 -1.749180474369469e-8 0.0)
(69.43994044358321 -5.348088026060238e-9 0.0)
(69.43997833647582 -1.3667486109593474e-9 0.0)
(69.43999311804981 -2.602348747646765e-10 0.0)
(69.43999827910865 -3.0202003814000914e-11 0.0)
(69.4399997542157 5.738907078610045e-13 0.0)
(69.46358130410003 -4.037602612561688e-7 0.0)
(69.46370122118671 6.286134807590754e-6 0.0)
(69.46392387401022 1.5942192765791638e-5 0.0)
(69.46420287840718 -4.00213648871035e-6 0.0)
(69.46453627395212 -8.079007300102661e-5 0.0)
(69.46499517302463 -0.00023853616380974913 0.0)
(69.46570549744024 -0.0005096921795298831 0.0)
(69.46683779993708 -0.0009920590409504043 0.0)
(69.46860091920907 -0.0019014999917077169 0.0)
(69.47124850165848 -0.00359402002240379 0.0)
(69.47505822926955 -0.006550308434482934 0.0)
(69.4802479204734 -0.01138180008118121 0.0)
(69.48695532804048 -0.018885957795737866 0.0)
(69.4951052140792 -0.030058712203413527 0.0)
(69.50436074643387 -0.046061287540391016 0.0)
(69.51386822287239 -0.06802558284168954 0.0)
(69.52220868696644 -0.09689450858397063 0.0)
(69.52738186740554 -0.1331648768611949 0.0)
(69.52688060067531 -0.17640303172981572 0.0)
(69.51807427340007 -0.22503773700644486 0.0)
(69.4985386146289 -0.2761010391417296 0.0)
(69.46666375618554 -0.32530550822606524 0.0)
(69.4223211043883 -0.3677170123524731 0.0)
(69.36733618732958 -0.39847532237658256 0.0)
(69.30553026613724 -0.413876140859671 0.0)
(69.24216751846414 -0.41226081980472984 0.0)
(69.18298920772821 -0.3944279182551956 0.0)
(69.13283242157203 -0.36330618441534623 0.0)
(69.10245504881219 -0.32328048061994263 0.0)
(69.05988262036104 -0.3061795182007627 0.0)
(69.06270680427723 -0.25130812461667146 0.0)
(69.06351547617324 -0.2032316851645046 0.0)
(69.07052123830246 -0.16253039794363022 0.0)
(69.08132238788558 -0.12924187796320832 0.0)
(69.09378743263727 -0.10235125084467254 0.0)
(69.10669645609863 -0.08100873363732576 0.0)
(69.11937715058423 -0.064305880804233 0.0)
(69.13146540975404 -0.05138223923105436 0.0)
(69.14242555901875 -0.04156435862353699 0.0)
(69.15229362677316 -0.03355311893937138 0.0)
(69.16109551695112 -0.027639203839637364 0.0)
(69.16844635717796 -0.021854233284961 0.0)
(69.17563326385877 -0.017321658642743546 0.0)
(69.18231307725343 -0.013573627777103622 0.0)
(69.18842841856909 -0.010849989977503652 0.0)
(69.19360573053912 -0.009414909958323904 0.0)
(69.19779604136086 -0.008754092270952779 0.0)
(69.2006588825923 -0.008398115994611767 0.0)
(69.20283970811315 -0.007288858431693525 0.0)
(69.20647622420135 -0.006069018576634333 0.0)
(69.20874821501651 -0.005332600490472195 0.0)
(69.21267691940412 -0.003226544330817058 0.0)
(69.21565985426255 -0.005278252096913556 0.0)
(69.2258773870956 -0.007745629374395689 0.0)
(69.21570392555661 -0.011467163710221316 0.0)
(69.2099379239188 -0.004714528845357112 0.0)
(69.21781014451376 -0.0032300762707539736 0.0)
(69.22442843127384 -0.0019699715515801588 0.0)
(69.23447469287301 -0.0015664735311370051 0.0)
(69.24611920550589 -0.0013059745656820816 0.0)
(69.2606382481413 -0.0009298851574952047 0.0)
(69.27926369608035 -0.0007278055968887007 0.0)
(69.30057306110885 -0.0004904312683977222 0.0)
(69.32653680717311 -0.00032503090396032437 0.0)
(69.35276683897884 -0.00018961184870103703 0.0)
(69.37735878560406 -0.00010037182611873061 0.0)
(69.39868513516814 -5.364645790779085e-5 0.0)
(69.41427883432564 -2.4822780935138645e-5 0.0)
(69.42501803447261 -1.0894146155501778e-5 0.0)
(69.43181659970139 -4.6579911690073e-6 0.0)
(69.43570045681088 -1.7924046849705596e-6 0.0)
(69.43785279177513 -6.645066680537462e-7 0.0)
(69.43899155009868 -2.444442988540799e-7 0.0)
(69.43954370341605 -8.071041063655167e-8 0.0)
(69.43980740428402 -2.6701815993165662e-8 0.0)
(69.43992385179389 -8.407498324296871e-9 0.0)
(69.43997228258525 -2.2534688591915384e-9 0.0)
(69.4399911911248 -4.666222443985657e-10 0.0)
(69.43999779667111 -6.279144324508356e-11 0.0)
(69.43999953776883 2.0623146196061004e-12 0.0)
(69.43999990400894 2.7711329755855007e-13 0.0)
(69.46357139704119 -1.814923649888558e-6 0.0)
(69.46368697703114 8.254128874612319e-7 0.0)
(69.46390728702248 6.584391274396962e-6 0.0)
(69.46418818284965 -1.725826487446262e-5 0.0)
(69.46452179678077 -0.00010030570784751241 0.0)
(69.46496610017378 -0.0002709314371100314 0.0)
(69.46565622177144 -0.0005671826842701844 0.0)
(69.46675190693423 -0.001094672881188694 0.0)
(69.46846750788211 -0.002081420075831927 0.0)
(69.47103658230488 -0.0039000950289966732 0.0)
(69.47470976167305 -0.007051021169524011 0.0)
(69.47967627266155 -0.01216653589302365 0.0)
(69.48603189661345 -0.02005579870448485 0.0)
(69.49370278297266 -0.03172639867501684 0.0)
(69.50228308646308 -0.048282112258160925 0.0)
(69.51087675646096 -0.07077058254527686 0.0)
(69.51800434149227 -0.09999729256728525 0.0)
(69.52155225149882 -0.1361566112916492 0.0)
(69.51907114103142 -0.17860177636889346 0.0)
(69.50801568991847 -0.22545754577413596 0.0)
(69.48621501168118 -0.2734562580613243 0.0)
(69.45249833879559 -0.31832293371200815 0.0)
(69.40722335344834 -0.3552897792646185 0.0)
(69.35276159826991 -0.3800378624721777 0.0)
(69.29324281660398 -0.3896450192474037 0.0)
(69.23402209732852 -0.3833386040777995 0.0)
(69.18032288431559 -0.3625762792287168 0.0)
(69.14301229736968 -0.3306987409367472 0.0)
(69.09465149478885 -0.32029052608715236 0.0)
(69.08835928595302 -0.2679901569399242 0.0)
(69.08224886997158 -0.220028590038636 0.0)
(69.08397352823889 -0.17823977604435018 0.0)
(69.09068691423552 -0.14296857255014692 0.0)
(69.10038062520158 -0.11410761923640482 0.0)
(69.11121370827408 -0.09060798343667463 0.0)
(69.12249716476074 -0.07207236619156047 0.0)
(69.13351714619806 -0.05746038065842043 0.0)
(69.14382262587385 -0.04639617934654168 0.0)
(69.15320892312471 -0.03750909665499207 0.0)
(69.16175550256702 -0.03087220037593056 0.0)
(69.16903657408521 -0.024771902665385204 0.0)
(69.176001696936 -0.019738657102371288 0.0)
(69.18253620876587 -0.015657249145638374 0.0)
(69.18844811223994 -0.012539924446818724 0.0)
(69.19345881229002 -0.010724513993406397 0.0)
(69.1975946925252 -0.00980956204899408 0.0)
(69.20053849731627 -0.009242727614361486 0.0)
(69.2028035829633 -0.007984834865731665 0.0)
(69.20640718967373 -0.006676770729404855 0.0)
(69.20873664588079 -0.005848040025729578 0.0)
(69.21244556005612 -0.003636018347288621 0.0)
(69.21520140710274 -0.005671146847754626 0.0)
(69.22541687165155 -0.007446061856449237 0.0)
(69.21551593121367 -0.011182311708421329 0.0)
(69.20970899170918 -0.004905960995670963 0.0)
(69.21700871614715 -0.0035109191848917993 0.0)
(69.22311663033722 -0.0021521047593028773 0.0)
(69.2324727537411 -0.0017212742673502054 0.0)
(69.24317227251868 -0.0014608398257928807 0.0)
(69.25643948006348 -0.0010493683146461676 0.0)
(69.27356711569121 -0.0008406612185489416 0.0)
(69.29327034870961 -0.0005786947778844929 0.0)
(69.31803494420461 -0.0003937830863316863 0.0)
(69.34379729026736 -0.00023693390509167982 0.0)
(69.3689444587366 -0.00012926399121160798 0.0)
(69.3918079295393 -7.12742839113354e-5 0.0)
(69.40923741595344 -3.385759855486779e-5 0.0)
(69.42171181594499 -1.5174906676189291e-5 0.0)
(69.4298550727347 -6.594331660954352e-6 0.0)
(69.43461070545086 -2.5695662564284203e-6 0.0)
(69.43728814022707 -9.621945313574797e-7 0.0)
(69.43871993418453 -3.573772611968584e-7 0.0)
(69.43941889969462 -1.1927350067487424e-7 0.0)
(69.4397542071103 -3.9996842192823444e-8 0.0)
(69.43990268722712 -1.2831140447977279e-8 0.0)
(69.43996454837196 -3.536860047871328e-9 0.0)
(69.43998872697316 -7.65512752440627e-10 0.0)
(69.43999717934973 -1.1076567042317103e-10 0.0)
(69.43999940813372 1.7615868942973896e-12 0.0)
(69.43999981945403 1.2278425742643331e-12 0.0)
(69.43999989785056 -1.3235502344709483e-13 0.0)
(69.46355917199456 -3.4417112404533898e-6 0.0)
(69.46366910387943 -4.9590852399752695e-6 0.0)
(69.46388817492769 -3.2306616268484502e-6 0.0)
(69.4641718419949 -3.09704781811285e-5 0.0)
(69.4645019764565 -0.00012000763060440277 0.0)
(69.46493945517287 -0.00030306745193286046 0.0)
(69.46560556586613 -0.0006238229634597782 0.0)
(69.46666834216127 -0.0011960861309110575 0.0)
(69.46833561863723 -0.0022593325797197906 0.0)
(69.4708283673674 -0.00420192134767166 0.0)
(69.47437247913048 -0.007541907558606335 0.0)
(69.47911516327783 -0.012926894453514774 0.0)
(69.48514498197042 -0.021185785591205587 0.0)
(69.49233143407793 -0.033306105576560247 0.0)
(69.50024125976252 -0.05035111305719183 0.0)
(69.50792690100384 -0.07328020311052824 0.0)
(69.51378790081051 -0.10267494688266426 0.0)
(69.51570491700991 -0.13855154446941767 0.0)
(69.51122953021999 -0.17999406793063533 0.0)
(69.49795709566861 -0.22482073003042038 0.0)
(69.47405977032494 -0.2696554138367821 0.0)
(69.43876415137291 -0.3101980368647799 0.0)
(69.39299470260401 -0.341963161095745 0.0)
(69.3395378070148 -0.361220936960306 0.0)
(69.28280098601394 -0.3658212394152456 0.0)
(69.22795385937063 -0.35574748866836065 0.0)
(69.18546310603887 -0.33301457545879787 0.0)
(69.13255949162365 -0.3303523809815999 0.0)
(69.11734573268313 -0.282253085808413 0.0)
(69.10410651004969 -0.23582758923874222 0.0)
(69.09995551741822 -0.19380935920526926 0.0)
(69.1020912504255 -0.1572432886897072 0.0)
(69.10841285591559 -0.12659309428965526 0.0)
(69.11686537538921 -0.10122111001188194 0.0)
(69.1263728122937 -0.08073310032850256 0.0)
(69.13616898354086 -0.06444290319062336 0.0)
(69.14558314467632 -0.05180336184290202 0.0)
(69.15441810684385 -0.04191465529868962 0.0)
(69.16258619387757 -0.03433457417141059 0.0)
(69.16975765491895 -0.027867553058976247 0.0)
(69.1764832098933 -0.02236723043405737 0.0)
(69.18282542605569 -0.017916796263729495 0.0)
(69.18853008812097 -0.014454905938681942 0.0)
(69.19334748935972 -0.012193219562781356 0.0)
(69.19741579721646 -0.010957027001500558 0.0)
(69.20045234822945 -0.010137899454018417 0.0)
(69.2028093566651 -0.008692241306128572 0.0)
(69.20637790253579 -0.007285744899548458 0.0)
(69.20877743668518 -0.0063641363837986945 0.0)
(69.21224957623826 -0.004080260625699832 0.0)
(69.21479083587869 -0.006030676548738517 0.0)
(69.22501506237927 -0.007192484780267764 0.0)
(69.21540527703685 -0.01087562063634881 0.0)
(69.20963119475803 -0.005112346885607361 0.0)
(69.21640793704601 -0.003810907124334857 0.0)
(69.22209707262701 -0.0023526791304671188 0.0)
(69.23088727235677 -0.001888474783081983 0.0)
(69.24081145849644 -0.0016295848753954808 0.0)
(69.25302419273551 -0.0011786554252884664 0.0)
(69.2688320695273 -0.0009641982622596557 0.0)
(69.2870153704659 -0.0006762087949073913 0.0)
(69.3104573129859 -0.00047115167111881607 0.0)
(69.33540105360515 -0.00029182021661800823 0.0)
(69.36062028281445 -0.00016392350192622143 0.0)
(69.38460990412246 -9.331907302553555e-5 0.0)
(69.40367991157036 -4.5594636485979086e-5 0.0)
(69.41790530830887 -2.0917103772202697e-5 0.0)
(69.42751967744113 -9.25737497009476e-6 0.0)
(69.43328127411706 -3.6577575963377026e-6 0.0)
(69.43658758388999 -1.3841426343998178e-6 0.0)
(69.43837911208857 -5.187949119840167e-7 0.0)
(69.4392611305042 -1.7468753542250598e-7 0.0)
(69.43968663509177 -5.916622122143782e-8 0.0)
(69.43987572092901 -1.9222602899672506e-8 0.0)
(69.43995467469168 -5.393512552516339e-9 0.0)
(69.43998557727629 -1.1982488170160824e-9 0.0)
(69.43999638966653 -1.8026405567041027e-10 0.0)
(69.43999924222061 4.582065631451353e-13 0.0)
(69.43999976880241 1.8864189272558743e-12 0.0)
(69.43999980785243 -1.1114237773927305e-12 0.0)
(69.43999986241774 -2.9279939441063895e-13 0.0)
(69.46354434217496 -5.322909247904631e-6 0.0)
(69.46364922142551 -1.1065003796144143e-5 0.0)
(69.46386753786607 -1.345177297511407e-5 0.0)
(69.46415053411529 -4.5086143925961896e-5 0.0)
(69.4644831516463 -0.00013989119776029843 0.0)
(69.46491089618843 -0.0003348639601548808 0.0)
(69.46555719496746 -0.0006796195881983268 0.0)
(69.46658726071583 -0.0012961274851926898 0.0)
(69.46820769112563 -0.002434979561206791 0.0)
(69.47062788413996 -0.0044988514845664225 0.0)
(69.47403959951814 -0.008019555995604059 0.0)
(69.47857743794637 -0.013664155754306368 0.0)
(69.48427550545608 -0.022261373305584153 0.0)
(69.4909815936111 -0.0347894525143843 0.0)
(69.4982235490508 -0.052268129146636 0.0)
(69.5049495937482 -0.07550469865244105 0.0)
(69.50952351315634 -0.10493944455818598 0.0)
(69.50977055112668 -0.14036104822413245 0.0)
(69.5032859151614 -0.180575649011503 0.0)
(69.48789363574681 -0.22323937976313224 0.0)
(69.4620687144812 -0.2648373062012969 0.0)
(69.4255356297999 -0.301139253046414 0.0)
(69.37971483438315 -0.3280334511822465 0.0)
(69.32774354089385 -0.3423586342926974 0.0)
(69.27419116018584 -0.34272774103400777 0.0)
(69.22865916533908 -0.3297383730341924 0.0)
(69.17286657434639 -0.3355289046630749 0.0)
(69.14942476596438 -0.29318259951828995 0.0)
(69.12919310452942 -0.24978528890471366 0.0)
(69.1187329077796 -0.20858989735811087 0.0)
(69.11583866714335 -0.17158937125738508 0.0)
(69.11816594561456 -0.13954015752030535 0.0)
(69.12384936078416 -0.11263459252929318 0.0)
(69.13119879467507 -0.09027867593997443 0.0)
(69.13953141761209 -0.0723243426994115 0.0)
(69.14785006246376 -0.05799123402950755 0.0)
(69.15597217908415 -0.046838522323370095 0.0)
(69.16367023860877 -0.03819061321498206 0.0)
(69.17061697147852 -0.031123619379467362 0.0)
(69.17710575074035 -0.025215805802899546 0.0)
(69.18319463311762 -0.02033284936739331 0.0)
(69.18868441002348 -0.01656258890201636 0.0)
(69.19329820083325 -0.013844408734469828 0.0)
(69.19727295801002 -0.012189509479689912 0.0)
(69.2004111266732 -0.011088810002383697 0.0)
(69.20286564296437 -0.009418152942204461 0.0)
(69.2063880637558 -0.007880008083866012 0.0)
(69.20886684077266 -0.006880809248047779 0.0)
(69.21208705410714 -0.004556217600188437 0.0)
(69.21442272056636 -0.006348567666999624 0.0)
(69.2246664080468 -0.006998164075291592 0.0)
(69.21535408370022 -0.010550680916795532 0.0)
(69.20967650338623 -0.005336487236076009 0.0)
(69.21596979525695 -0.004130384107985489 0.0)
(69.2213136760863 -0.0025750933036236584 0.0)
(69.22963837547707 -0.002070212818216938 0.0)
(69.2389321668246 -0.0018143490248593544 0.0)
(69.2502705788175 -0.0013192867489559977 0.0)
(69.26494504626407 -0.0010996527688683147 0.0)
(69.28174945572316 -0.0007837217941807401 0.0)
(69.3038540782154 -0.000557586027521396 0.0)
(69.32775324977749 -0.0003546842962537817 0.0)
(69.35262971488444 -0.0002047955252723859 0.0)
(69.37729872442276 -0.00012037311104870123 0.0)
(69.39771635706943 -6.057136992827509e-5 0.0)
(69.41361858868032 -2.8503587050113146e-5 0.0)
(69.4247853581184 -1.2877372484825316e-5 0.0)
(69.43167878609445 -5.16876443804772e-6 0.0)
(69.43572553600637 -1.978797576774012e-6 0.0)
(69.43795378699397 -7.48651653732754e-7 0.0)
(69.43906240114171 -2.5412589720974405e-7 0.0)
(69.43960100179578 -8.676415301985565e-8 0.0)
(69.43984141308478 -2.844860352129415e-8 0.0)
(69.43994208157427 -8.077886983738465e-9 0.0)
(69.43998155369862 -1.8245415173550287e-9 0.0)
(69.43999537987455 -2.8091520597108697e-10 0.0)
(69.43999902992816 -1.421462119565465e-12 0.0)
(69.43999970396554 2.6247315904992717e-12 0.0)
(69.4399997539318 -3.211081022913269e-12 0.0)
(69.43999974118154 -1.6343318542952426e-12 0.0)
(69.4399998801556 -1.1211732043935218e-13 0.0)
(69.46352767959995 -7.472982477922755e-6 0.0)
(69.46362806437446 -1.7446832465283524e-5 0.0)
(69.46384300590664 -2.4016756824535017e-5 0.0)
(69.46412944635053 -5.9545408728248885e-5 0.0)
(69.46446166607701 -0.00015988020031272398 0.0)
(69.46488325611907 -0.00036631725911824336 0.0)
(69.46551077079876 -0.0007344946243708962 0.0)
(69.46651037053695 -0.001394653647142672 0.0)
(69.46808681559615 -0.002607942895107097 0.0)
(69.47042988917647 -0.0047888675474498195 0.0)
(69.47372215339426 -0.008484679821410119 0.0)
(69.47804796244912 -0.014369314588666988 0.0)
(69.48341740307318 -0.023277244109495464 0.0)
(69.4896459098314 -0.03617590496953483 0.0)
(69.49617748005147 -0.053997644071916776 0.0)
(69.50191941214945 -0.0774502837502346 0.0)
(69.50515628689378 -0.10679363318912223 0.0)
(69.50368820225435 -0.1415736106342739 0.0)
(69.4952338551758 -0.1804189070515486 0.0)
(69.47781831477754 -0.22079991674361218 0.0)
(69.45030635609679 -0.25913934800869154 0.0)
(69.412917256008 -0.2913756431536269 0.0)
(69.36747035996122 -0.3137560102521991 0.0)
(69.31746798551814 -0.3237515757269084 0.0)
(69.27123322786996 -0.32061425469737903 0.0)
(69.21449941090994 -0.3351616397824366 0.0)
(69.1840913467119 -0.30002326685352404 0.0)
(69.15733901680356 -0.26105024330593374 0.0)
(69.1405382721949 -0.22194188119102348 0.0)
(69.13214392125946 -0.18535203887253723 0.0)
(69.13002813717488 -0.1526275727529213 0.0)
(69.13235419600252 -0.12446564467288901 0.0)
(69.1372520790917 -0.10061504502079009 0.0)
(69.14372236183918 -0.08097063453996658 0.0)
(69.1507984343328 -0.06507127494551189 0.0)
(69.15795416491889 -0.05237872572986812 0.0)
(69.16509011918528 -0.04258097379443247 0.0)
(69.171661200783 -0.03463932107020158 0.0)
(69.17788176847206 -0.028261784282246814 0.0)
(69.18367959970197 -0.022929554886016723 0.0)
(69.18891855256555 -0.0188022108876073 0.0)
(69.19334382254056 -0.0156837702103062 0.0)
(69.19719113388416 -0.013511133480155998 0.0)
(69.20042653968892 -0.01209058799548372 0.0)
(69.20298703498719 -0.010180016250976967 0.0)
(69.2064395135021 -0.008451340705633362 0.0)
(69.20900098198358 -0.0073994217826876 0.0)
(69.21195883211385 -0.005060805786750202 0.0)
(69.2140939340643 -0.006625806840370371 0.0)
(69.22436679365393 -0.006868190741770571 0.0)
(69.21534921750343 -0.010218830969048761 0.0)
(69.20982148633442 -0.005578371641301048 0.0)
(69.21566452385032 -0.004470324419042499 0.0)
(69.22072161952156 -0.0028228053530888505 0.0)
(69.22866012749309 -0.0022689852877163155 0.0)
(69.23744449668078 -0.002017524791131811 0.0)
(69.2480667431025 -0.0014731290086048225 0.0)
(69.2617869369601 -0.0012485754855616645 0.0)
(69.27738042877564 -0.0009022549857252269 0.0)
(69.29821218202282 -0.0006537217180532341 0.0)
(69.32095858334708 -0.0004259964879357525 0.0)
(69.34517818334982 -0.00025228596225365646 0.0)
(69.3700953995722 -0.00015298539569553394 0.0)
(69.39149938079012 -7.933342120106847e-5 0.0)
(69.40890944958666 -3.8361612104851906e-5 0.0)
(69.42164613706859 -1.7732588132082053e-5 0.0)
(69.42977484329523 -7.246080614098802e-6 0.0)
(69.434675445271 -2.8109972725640427e-6 0.0)
(69.43742662362227 -1.074447438827879e-6 0.0)
(69.43881320251545 -3.6766329000278845e-7 0.0)
(69.43949279653121 -1.2642138445607026e-7 0.0)
(69.43979784684245 -4.1750452978576626e-8 0.0)
(69.43992603919827 -1.1956098637729317e-8 0.0)
(69.43997641770008 -2.730494849816697e-9 0.0)
(69.43999408924185 -4.265984955075633e-10 0.0)
(69.43999875837353 -4.148346601803856e-12 0.0)
(69.43999962098684 3.694381704639324e-12 0.0)
(69.43999968490131 -6.6152475814469e-12 0.0)
(69.43999966853619 -3.467764198723911e-12 0.0)
(69.43999977453568 -6.493119161752531e-13 0.0)
(69.46350965172944 -9.862186836992277e-6 0.0)
(69.46360430425135 -2.404996862427937e-5 0.0)
(69.46381862691717 -3.4848428876195736e-5 0.0)
(69.46410574158713 -7.425454043767562e-5 0.0)
(69.46443980281563 -0.00017992935431086456 0.0)
(69.46485600094651 -0.00039738117154385327 0.0)
(69.46546743218776 -0.000788397189085854 0.0)
(69.46643991454495 -0.0014914516822642756 0.0)
(69.46796856258872 -0.0027770812290789553 0.0)
(69.470244065169 -0.005072263508727067 0.0)
(69.47340848177541 -0.008931821521668663 0.0)
(69.4775233021976 -0.015039085634768908 0.0)
(69.48256732457769 -0.02423347194663706 0.0)
(69.48828584871373 -0.037442192788514767 0.0)
(69.49408610120396 -0.05554313850601086 0.0)
(69.49879487478334 -0.07911661435241116 0.0)
(69.50063442355813 -0.10822150324909091 0.0)
(69.49744857168264 -0.1422305587888389 0.0)
(69.4870632010246 -0.17957530318273018 0.0)
(69.46777966363032 -0.217593956798562 0.0)
(69.43888137405816 -0.25272852309236693 0.0)
(69.40100103245368 -0.28109853863570966 0.0)
(69.35639485937156 -0.2993824207030692 0.0)
(69.31171459544078 -0.305639976408555 0.0)
(69.25616807425821 -0.32880440240864633 0.0)
(69.22048507681245 -0.30208747833446137 0.0)
(69.18815125080009 -0.2689103770796401 0.0)
(69.16533472858487 -0.23318129742900928 0.0)
(69.15121348878192 -0.1979620204670625 0.0)
(69.14428804636975 -0.16535564591959045 0.0)
(69.14269387423023 -0.1363776700467455 0.0)
(69.14476085725933 -0.11142344827988919 0.0)
(69.14898134594908 -0.09026684362350135 0.0)
(69.15455664569498 -0.07291730396974323 0.0)
(69.16053859329239 -0.058672096795807975 0.0)
(69.16690334803285 -0.047548884219572346 0.0)
(69.17299159744164 -0.03860464665658617 0.0)
(69.17882183306378 -0.03150424653498343 0.0)
(69.1843261056809 -0.02574269576375951 0.0)
(69.18925565802829 -0.021142313231578228 0.0)
(69.19351073627773 -0.017669793208113547 0.0)
(69.19721154347485 -0.014948861611284708 0.0)
(69.20051080844836 -0.013128772259817954 0.0)
(69.20319040154364 -0.010998051261660105 0.0)
(69.20653859344122 -0.00901325838408923 0.0)
(69.20917375480998 -0.007917183595374567 0.0)
(69.2118675681571 -0.00559679771615163 0.0)
(69.21380380989498 -0.006873683040002868 0.0)
(69.22411227265468 -0.0067985485472677396 0.0)
(69.21538178260978 -0.009900644763141331 0.0)
(69.21004629892792 -0.0058342198810416735 0.0)
(69.21546910131876 -0.004832828877275879 0.0)
(69.22028561589687 -0.0030990588495077025 0.0)
(69.22789893636438 -0.002487735263323576 0.0)
(69.23627298067127 -0.002241731881482599 0.0)
(69.24631397742007 -0.0016423843865993064 0.0)
(69.25924282800777 -0.0014128325518684341 0.0)
(69.27379941153319 -0.001033118164745695 0.0)
(69.29347237777652 -0.0007604254517454942 0.0)
(69.3150542820489 -0.00050634553845383 0.0)
(69.33841455630538 -0.0003068054582035703 0.0)
(69.36320819817188 -0.00019166441620911473 0.0)
(69.38521044701021 -0.00010241412679491835 0.0)
(69.40387535992808 -5.0947661806794674e-5 0.0)
(69.41812208646203 -2.4147235096167486e-5 0.0)
(69.42755119623 -1.0068826096865372e-5 0.0)
(69.43341193380404 -3.965831511169235e-6 0.0)
(69.43677874505195 -1.5335890961915877e-6 0.0)
(69.43850247785493 -5.293296842558104e-7 0.0)
(69.43935657326955 -1.8327178784382756e-7 0.0)
(69.43974265540912 -6.089984115667378e-8 0.0)
(69.4399056339513 -1.7553720167014975e-8 0.0)
(69.439969868063 -4.04019258110323e-9 0.0)
(69.43999244067994 -6.37435359113704e-10 0.0)
(69.43999841114804 -8.116902184016522e-12 0.0)
(69.43999951481595 5.249880100140214e-12 0.0)
(69.43999959654066 -1.1551022911879705e-11 0.0)
(69.43999957552398 -6.184647926058295e-12 0.0)
(69.43999971124131 -1.4315176297748962e-12 0.0)
(69.46349004144709 -1.2452555208293949e-5 0.0)
(69.46358064523103 -3.080204022528319e-5 0.0)
(69.4637923755129 -4.5844292492642706e-5 0.0)
(69.46408134646437 -8.913114591223754e-5 0.0)
(69.46441715006807 -0.00019997515838954713 0.0)
(69.46482998534181 -0.0004280272865975416 0.0)
(69.46542870136045 -0.0008412480424869877 0.0)
(69.46637182024715 -0.0015859541865396063 0.0)
(69.46786141123822 -0.00294254369800686 0.0)
(69.47006137204524 -0.005345857786507879 0.0)
(69.4730973568225 -0.009358933332421172 0.0)
(69.47700358763102 -0.01567360586654829 0.0)
(69.48169676721857 -0.025114851380214125 0.0)
(69.48689071627344 -0.038590194689907216 0.0)
(69.49191903005455 -0.05690321065777727 0.0)
(69.49553344184504 -0.08048731875584915 0.0)
(69.49594861734916 -0.10924834950937494 0.0)
(69.49104042052076 -0.14236426031311464 0.0)
(69.47880874327248 -0.17810313158947738 0.0)
(69.45787125093582 -0.21373465801341118 0.0)
(69.42788674272408 -0.2457462803596405 0.0)
(69.38992556402812 -0.2705011321628447 0.0)
(69.3487470238096 -0.2851303244897865 0.0)
(69.29647226599212 -0.3162415262111407 0.0)
(69.25749878587708 -0.298779796514285 0.0)
(69.2209761170593 -0.27269577936547 0.0)
(69.19279598549328 -0.24162397634363342 0.0)
(69.17312837321552 -0.2089160846733169 0.0)
(69.16109864809873 -0.17719712109903255 0.0)
(69.15522290032955 -0.14805254730337417 0.0)
(69.15392906423112 -0.12231097904619746 0.0)
(69.15560898392353 -0.10004290272102782 0.0)
(69.15926387075496 -0.08131047997830444 0.0)
(69.1639252953036 -0.06572884665871742 0.0)
(69.16921021951227 -0.05312578744082623 0.0)
(69.17470890033482 -0.04313689958846566 0.0)
(69.17998964667451 -0.0350572591634706 0.0)
(69.18516039283728 -0.028771793547789408 0.0)
(69.18975413262388 -0.023629582832321104 0.0)
(69.19381273262596 -0.01972837364789456 0.0)
(69.19738533339415 -0.016534948000248545 0.0)
(69.20068247476223 -0.014200909199847461 0.0)
(69.20348649362525 -0.011880314390157123 0.0)
(69.20669913734444 -0.009610417587452244 0.0)
(69.20937507282828 -0.008426861286496296 0.0)
(69.21181649582093 -0.006177651182495288 0.0)
(69.21355419631044 -0.007110529669650227 0.0)
(69.22389849486719 -0.006781645902146261 0.0)
(69.21544617368947 -0.009622209216665794 0.0)
(69.21033433197263 -0.006097958277787108 0.0)
(69.2153658461692 -0.0052209849919805365 0.0)
(69.21997835435951 -0.0034066809223647033 0.0)
(69.22731184771051 -0.0027299337435937195 0.0)
(69.23535539869187 -0.002489794981275971 0.0)
(69.24492779717754 -0.0018296078767769655 0.0)
(69.25720776802483 -0.0015946093108517995 0.0)
(69.27089377503623 -0.001177917752972675 0.0)
(69.28954671740054 -0.0008788239846530328 0.0)
(69.31002185152893 -0.000596489350294025 0.0)
(69.33242426812313 -0.000368821157019472 0.0)
(69.35680967574987 -0.00023690013000644713 0.0)
(69.37903952167584 -0.00013032342979388012 0.0)
(69.39864828133001 -6.672976128233771e-5 0.0)
(69.4142644406695 -3.248412351372933e-5 0.0)
(69.4250055182086 -1.3853593568968316e-5 0.0)
(69.4319139658857 -5.552339741804908e-6 0.0)
(69.4359907363814 -2.1761540067516433e-6 0.0)
(69.43811775343737 -7.58459153095465e-7 0.0)
(69.43918587254896 -2.6452553265846196e-7 0.0)
(69.43967294723758 -8.841494247060017e-8 0.0)
(69.43987972958809 -2.562327345569859e-8 0.0)
(69.43996152602222 -5.932148333169725e-9 0.0)
(69.43999033657285 -9.424206058380595e-10 0.0)
(69.43999796738723 -1.3863133534566542e-11 0.0)
(69.43999937901329 7.491562157375256e-12 0.0)
(69.43999948345919 -1.869944539935658e-11 0.0)
(69.43999945644994 -1.0125090526423604e-11 0.0)
(69.43999963019476 -2.6122909492402287e-12 0.0)
(69.46347001803431 -1.5184313909619063e-5 0.0)
(69.4635559409732 -3.760714410030158e-5 0.0)
(69.46376583103343 -5.6910507902349046e-5 0.0)
(69.46405606750571 -0.00010408580637448276 0.0)
(69.46439445465896 -0.0002199622256868624 0.0)
(69.46480635266472 -0.0004582142054667635 0.0)
(69.46539084898107 -0.0008928044355615331 0.0)
(69.4663134087002 -0.0016783012937015818 0.0)
(69.46775786576563 -0.003102605790670436 0.0)
(69.46988204139777 -0.005608472850155822 0.0)
(69.47279116910298 -0.009766024338802824 0.0)
(69.47646762262706 -0.016263091594695186 0.0)
(69.48080004277064 -0.02592227657265905 0.0)
(69.4854388197715 -0.03961794315548779 0.0)
(69.48964294938263 -0.058064293477050034 0.0)
(69.49212738468383 -0.0815777149991825 0.0)
(69.49108597306999 -0.10989005375864562 0.0)
(69.48448529424299 -0.14200596974546845 0.0)
(69.47054315706292 -0.17607507766987013 0.0)
(69.44817861367733 -0.20932183609565685 0.0)
(69.41745143583503 -0.23833570002893043 0.0)
(69.38125782240706 -0.25976511638338434 0.0)
(69.33404852308823 -0.2975687906794594 0.0)
(69.2939359133001 -0.28969791702854314 0.0)
(69.2548998075085 -0.2717213869696318 0.0)
(69.22240667401499 -0.24658408138253976 0.0)
(69.19769068450464 -0.21762194612209967 0.0)
(69.18054361831163 -0.18771988356276448 0.0)
(69.17014067369678 -0.15910699088746727 0.0)
(69.16503404764981 -0.13300004845665897 0.0)
(69.16381687327348 -0.10999246859063132 0.0)
(69.16516649807619 -0.09010507706327227 0.0)
(69.16824060447416 -0.07335852148321266 0.0)
(69.17221127972054 -0.059372779603893734 0.0)
(69.17687615830293 -0.048216014210233 0.0)
(69.18151669982629 -0.039106254830325905 0.0)
(69.18620031093579 -0.03202589164511073 0.0)
(69.19048776253217 -0.026346192093065674 0.0)
(69.1942728327018 -0.021840261207312747 0.0)
(69.19774940574065 -0.018264008586196655 0.0)
(69.20097583442309 -0.015347493902688197 0.0)
(69.20387282872487 -0.01281821084393552 0.0)
(69.20694039275747 -0.010306369715348178 0.0)
(69.20959277537658 -0.008933169633306592 0.0)
(69.21180714073677 -0.006822767290798952 0.0)
(69.21334907971625 -0.0073581970211736335 0.0)
(69.2237212912396 -0.006816762903301652 0.0)
(69.21553869506327 -0.00940558074819944 0.0)
(69.2106725048974 -0.006366042447047406 0.0)
(69.21534108732885 -0.005637505457806038 0.0)
(69.21977919002089 -0.0037481785787884187 0.0)
(69.22686487882345 -0.0029996003819749203 0.0)
(69.23464122009787 -0.0027647361908313245 0.0)
(69.24383750728308 -0.0020377326378204852 0.0)
(69.25558958747445 -0.0017964197477060176 0.0)
(69.26855578060199 -0.0013385641817587675 0.0)
(69.28633373632242 -0.0010103210418197382 0.0)
(69.3058027908906 -0.0006973928011006037 0.0)
(69.32723329196538 -0.00043890608640052197 0.0)
(69.35102184347976 -0.00028920043191435826 0.0)
(69.37316269701982 -0.0001635507952760862 0.0)
(69.39338229997027 -8.6171958507564e-5 0.0)
(69.41015633290412 -4.313292280654396e-5 0.0)
(69.42215700856357 -1.885298020746135e-5 0.0)
(69.43016884620998 -7.706449881213204e-6 0.0)
(69.43504432547387 -3.0678776542476605e-6 0.0)
(69.43764553244434 -1.0813522253625061e-6 0.0)
(69.43897320937901 -3.8022417913887785e-7 0.0)
(69.43958523898152 -1.278555095847423e-7 0.0)
(69.4398469248505 -3.7238480007273174e-8 0.0)
(69.43995091778291 -8.662433385306878e-9 0.0)
(69.43998765373169 -1.3832290724796598e-9 0.0)
(69.43999740061145 -2.2176048994475398e-11 0.0)
(69.439999205379 1.0744485363590827e-11 0.0)
(69.43999933877726 -2.906095263051482e-11 0.0)
(69.43999930403574 -1.58341515305597e-11 0.0)
(69.43999952642768 -4.323436354122369e-12 0.0)
(69.46344943387852 -1.7975817010302758e-5 0.0)
(69.46353132283582 -4.4377253069464126e-5 0.0)
(69.4637389621793 -6.79495445589681e-5 0.0)
(69.46403059162412 -0.00011903683822644182 0.0)
(69.46437278228932 -0.00023983322060684432 0.0)
(69.46478184830553 -0.0004878328837230406 0.0)
(69.46536016922981 -0.0009431943090010917 0.0)
(69.46625803262185 -0.0017676488910041417 0.0)
(69.46765881029074 -0.003256672916164963 0.0)
(69.46970944050736 -0.005859994023761901 0.0)
(69.47247434793127 -0.010147164274985958 0.0)
(69.47591408022224 -0.016808330762862093 0.0)
(69.4798633543532 -0.02665486748308487 0.0)
(69.4839060491028 -0.04051661566855681 0.0)
(69.48725223705372 -0.05903582865574662 0.0)
(69.48856348680894 -0.08239422490126576 0.0)
(69.4860592337132 -0.11016265085522711 0.0)
(69.47783819161512 -0.14120196996210144 0.0)
(69.46233876773898 -0.17355968376906086 0.0)
(69.43881760002321 -0.20446110128613854 0.0)
(69.408525888195 -0.23063762274386373 0.0)
(69.36772059149486 -0.2733118018796573 0.0)
(69.32859279973475 -0.2747450474672745 0.0)
(69.28886320116747 -0.26542580654202097 0.0)
(69.2534737608353 -0.24733967246802901 0.0)
(69.22448224486492 -0.22336333670849975 0.0)
(69.2025677391822 -0.19643357098067507 0.0)
(69.18750448095642 -0.16913546746554148 0.0)
(69.1783343217413 -0.14325796264014315 0.0)
(69.17376955399251 -0.11981430827645466 0.0)
(69.17252824862042 -0.09914503832470561 0.0)
(69.1736044555915 -0.08134658110455349 0.0)
(69.17610871304085 -0.06624856642979969 0.0)
(69.1795970503698 -0.053818292161583355 0.0)
(69.18352032025453 -0.04373021986106816 0.0)
(69.18752430131991 -0.035619784331915136 0.0)
(69.191492304681 -0.029326747657286708 0.0)
(69.194954069319 -0.024111551264982867 0.0)
(69.19830654764684 -0.020094415529375666 0.0)
(69.201436320209 -0.016648860771961746 0.0)
(69.20434008629225 -0.013814902532916477 0.0)
(69.20727379315704 -0.01114628600314148 0.0)
(69.20982084785125 -0.009481577322631192 0.0)
(69.21183578398565 -0.007541488208460282 0.0)
(69.21319387617577 -0.007643923066760354 0.0)
(69.22357836036548 -0.0069175226053937 0.0)
(69.21565641183393 -0.009258686020053334 0.0)
(69.21105175942115 -0.006643861414450137 0.0)
(69.2153840386972 -0.006082187013429903 0.0)
(69.21967305814036 -0.004126332783018185 0.0)
(69.22653151969679 -0.0033011882552749995 0.0)
(69.2340899335971 -0.0030698030465002115 0.0)
(69.2429850208111 -0.002270099816859933 0.0)
(69.25430961220162 -0.002021124387798675 0.0)
(69.26668766997854 -0.001517281975663366 0.0)
(69.28372976555318 -0.001156609298221913 0.0)
(69.30231450720377 -0.0008102533976411282 0.0)
(69.32281930985619 -0.0005177804837018567 0.0)
(69.34591161545751 -0.0003491338442046418 0.0)
(69.36772313862647 -0.000202582629997145 0.0)
(69.38823611772611 -0.00010972623470566717 0.0)
(69.4059078261019 -5.649634955139655e-5 0.0)
(69.41904999030395 -2.535043374766324e-5 0.0)
(69.42817680267218 -1.0592231010566233e-5 0.0)
(69.43392474339116 -4.293085089022527e-6 0.0)
(69.43707207729595 -1.5332139817599048e-6 0.0)
(69.43871017937815 -5.442080554334621e-7 0.0)
(69.43947541005073 -1.842198608802281e-7 0.0)
(69.43980551086688 -5.39246725097416e-8 0.0)
(69.43993745465637 -1.25976544698955e-8 0.0)
(69.43998423734487 -2.0198882829740025e-9 0.0)
(69.43999667730728 -3.424830890750049e-11 0.0)
(69.43999898348764 1.545161184208831e-11 0.0)
(69.43999915372477 -4.4059118724788386e-11 0.0)
(69.43999910898607 -2.4098420546030264e-11 0.0)
(69.43999939358766 -6.801094400668479e-12 0.0)
(69.463428899157 -2.0751213017512306e-5 0.0)
(69.46350688739689 -5.102321669432264e-5 0.0)
(69.46371240440156 -7.887228414203548e-5 0.0)
(69.46400592543712 -0.0001339046439712284 0.0)
(69.46434944595539 -0.00025950967863383234 0.0)
(69.4647619939907 -0.0005169572770970962 0.0)
(69.46533079050391 -0.0009920494601131885 0.0)
(69.46620668166769 -0.0018537783184049408 0.0)
(69.46756753857271 -0.003404694251604697 0.0)
(69.46953175138509 -0.006097049990333534 0.0)
(69.47214814353616 -0.010502765857529092 0.0)
(69.47533433955971 -0.01730857328534894 0.0)
(69.47886903694445 -0.027306389802285676 0.0)
(69.48228838899533 -0.04129124848757067 0.0)
(69.48473473571462 -0.059819137220445164 0.0)
(69.4848488460474 -0.08294448237037993 0.0)
(69.48090822519646 -0.11009347366300812 0.0)
(69.47115539860059 -0.13999481493186303 0.0)
(69.4542925861234 -0.17062674973800274 0.0)
(69.43022513812726 -0.19925244331990696 0.0)
(69.39660156240834 -0.24451372695421503 0.0)
(69.360330892583 -0.254251949176063 0.0)
(69.32175512436251 -0.2535544154469365 0.0)
(69.2851144331074 -0.24324273844960345 0.0)
(69.25296046159465 -0.225374850164842 0.0)
(69.22690348459287 -0.20264602143320515 0.0)
(69.20731906365961 -0.17767725141701987 0.0)
(69.19394767149322 -0.15275490989755808 0.0)
(69.18569020461987 -0.12930488836424897 0.0)
(69.18151804145882 -0.1081825422702676 0.0)
(69.18023131503351 -0.08956367598931793 0.0)
(69.18101017336618 -0.07355642059569738 0.0)
(69.18307258139713 -0.059971362166224104 0.0)
(69.1860574532861 -0.04886348160367395 0.0)
(69.18928550560487 -0.03972135008693845 0.0)
(69.1927703988106 -0.03258615681074358 0.0)
(69.19593675106084 -0.026701491660550268 0.0)
(69.1990484813573 -0.02203986898939811 0.0)
(69.20208862332721 -0.01817367324670069 0.0)
(69.20489266744298 -0.014929913379102176 0.0)
(69.20768611112402 -0.012131535173510068 0.0)
(69.21006808111322 -0.010163622310049502 0.0)
(69.2118924431942 -0.008324363321517222 0.0)
(69.21309435010356 -0.008003857099191616 0.0)
(69.22347147808823 -0.0071081081433842855 0.0)
(69.21579737871453 -0.00917411505525867 0.0)
(69.2114668965104 -0.006948712754673878 0.0)
(69.21548621077464 -0.00654952976158418 0.0)
(69.21964950645501 -0.004545220022720844 0.0)
(69.2262914456956 -0.003639283156494669 0.0)
(69.23366947288258 -0.0034085563666776167 0.0)
(69.24232331366694 -0.002530489732032315 0.0)
(69.25330215374305 -0.002271956780747713 0.0)
(69.26520397797027 -0.0017166261289401677 0.0)
(69.2816364783249 -0.0013196813950154432 0.0)
(69.29946364143076 -0.0009365199103676632 0.0)
(69.31912614507597 -0.0006063423854918597 0.0)
(69.34149520815863 -0.00041737130804826364 0.0)
(69.36281951578796 -0.00024793024768542804 0.0)
(69.38335440081146 -0.00013783529633468923 0.0)
(69.40164520113697 -7.297820952395669e-5 0.0)
(69.41575396514511 -3.365185118591403e-5 0.0)
(69.42595509693382 -1.4400782244893099e-5 0.0)
(69.43262379371848 -5.957017436338546e-6 0.0)
(69.4363846372534 -2.1602800506194154e-6 0.0)
(69.43838775719215 -7.753048420004297e-7 0.0)
(69.43933870278214 -2.644679435706348e-7 0.0)
(69.43975343327129 -7.783712569252645e-8 0.0)
(69.43992041170257 -1.826047067821816e-8 0.0)
(69.43997989390544 -2.938482687830883e-9 0.0)
(69.43999575520156 -5.1737316613223014e-11 0.0)
(69.43999870011372 2.224353964328121e-11 0.0)
(69.43999891713494 -6.577721527187994e-11 0.0)
(69.43999885944051 -3.607784666447277e-11 0.0)
(69.43999922355705 -1.0393139173585787e-11 0.0)
(69.4634086702377 -2.3434614832146458e-5 0.0)
(69.46348316983475 -5.7465109153392874e-5 0.0)
(69.46368697204686 -8.959794798416873e-5 0.0)
(69.46398002972761 -0.00014861328637688113 0.0)
(69.46432929405833 -0.0002789989679595836 0.0)
(69.46474182750616 -0.000545425507829995 0.0)
(69.4653037045753 -0.0010393406402686549 0.0)
(69.46616264236847 -0.0019367901226899921 0.0)
(69.4674750689595 -0.003544958200611379 0.0)
(69.46935149451608 -0.0063198299636191835 0.0)
(69.471807263482 -0.010832043103740696 0.0)
(69.47471602952795 -0.017759524092858112 0.0)
(69.47781545880461 -0.027879776772713413 0.0)
(69.48057659571559 -0.0419421406903044 0.0)
(69.48209456921083 -0.060418695919701004 0.0)
(69.48101093245151 -0.08324342808993022 0.0)
(69.47567455819646 -0.10970673775792322 0.0)
(69.46451544868854 -0.1384264273637754 0.0)
(69.44644645827609 -0.16734698433912987 0.0)
(69.42017640576073 -0.21272656138773377 0.0)
(69.38818740966593 -0.2290771541148017 0.0)
(69.35246349745684 -0.23628597332390905 0.0)
(69.31629408713017 -0.233918334408064 0.0)
(69.2824237918178 -0.22297945242023773 0.0)
(69.25310784362978 -0.20555774971597832 0.0)
(69.22948440805634 -0.18409742591655595 0.0)
(69.21189897391724 -0.1610232139346773 0.0)
(69.19979790855271 -0.1382225226803091 0.0)
(69.19229710100008 -0.11696712222829334 0.0)
(69.18836654287388 -0.09785509885469033 0.0)
(69.18703112046397 -0.08107893473234232 0.0)
(69.18750301616124 -0.06660970956034894 0.0)
(69.18922276772923 -0.0544413161440551 0.0)
(69.19161396970057 -0.044376917147948815 0.0)
(69.19438288663957 -0.036215946093869855 0.0)
(69.19724978820014 -0.029680598010240023 0.0)
(69.20000507193262 -0.024239342489747965 0.0)
(69.202910140836 -0.019948763000353583 0.0)
(69.20555517498579 -0.016274614105852066 0.0)
(69.20814550369676 -0.013256029094252495 0.0)
(69.21035192264365 -0.011064276480033459 0.0)
(69.21197012422626 -0.009166088454522704 0.0)
(69.21305449544606 -0.008473706129416458 0.0)
(69.22340871656475 -0.0074099006919819375 0.0)
(69.21596275985827 -0.00914128965648913 0.0)
(69.21191523518124 -0.007304332462326898 0.0)
(69.21564165250253 -0.0070289279863929984 0.0)
(69.21970170840956 -0.005011097206352381 0.0)
(69.226129468262 -0.004018179430347346 0.0)
(69.23335481467436 -0.0037850279831857987 0.0)
(69.24181482860448 -0.0028231530734440335 0.0)
(69.2525132971655 -0.0025525587018748954 0.0)
(69.26403205469545 -0.0019395056997635338 0.0)
(69.2799651406688 -0.0015018442936652174 0.0)
(69.29715597784725 -0.001077907557052006 0.0)
(69.31607773358759 -0.0007056900231252214 0.0)
(69.33774855186124 -0.0004947214507815453 0.0)
(69.35850313790593 -0.00030016291310318733 0.0)
(69.37885253563958 -0.0001709462451672133 0.0)
(69.39749641267869 -9.297738459551132e-5 0.0)
(69.4123590141416 -4.4075798915253845e-5 0.0)
(69.42354051675099 -1.934636371005957e-5 0.0)
(69.43114315775773 -8.186994739374072e-6 0.0)
(69.4355732355156 -3.021882753284717e-6 0.0)
(69.43799683700243 -1.0987309259757163e-6 0.0)
(69.43916980554373 -3.781876234489664e-7 0.0)
(69.43968826859744 -1.1200013327393048e-7 0.0)
(69.43989890626627 -2.6392907472339407e-8 0.0)
(69.43997438326508 -4.2621136930464065e-9 0.0)
(69.43999458120098 -7.707286978708157e-11 0.0)
(69.43999833852496 3.2062186842871575e-11 0.0)
(69.43999861481542 -9.723066394815018e-11 0.0)
(69.43999854027966 -5.342550821772547e-11 0.0)
(69.43999900597055 -1.559665562627882e-11 0.0)
(69.46338913185723 -2.595720674887751e-5 0.0)
(69.46346077579628 -6.363241001273575e-5 0.0)
(69.46366128996489 -0.00010005994074778096 0.0)
(69.4639569236543 -0.0001631327209747621 0.0)
(69.46430829093875 -0.00029820515220676684 0.0)
(69.46472229315098 -0.0005732411515853182 0.0)
(69.4652821131171 -0.001085185653377703 0.0)
(69.46611830891852 -0.0020158761181958704 0.0)
(69.46738384577712 -0.0036776245486590713 0.0)
(69.46916551910721 -0.00652793016083301 0.0)
(69.4714433394154 -0.011132617901202648 0.0)
(69.47405925851872 -0.01816310354163751 0.0)
(69.47669584458751 -0.02837497613123547 0.0)
(69.47877232750751 -0.042471034205780314 0.0)
(69.47934929092213 -0.060841350039697435 0.0)
(69.47707898289156 -0.08330369589082885 0.0)
(69.47041938130364 -0.10902701935068061 0.0)
(69.4576744402928 -0.13654629316177955 0.0)
(69.43835927377903 -0.17981152149803595 0.0)
(69.41150558719298 -0.20061284151410913 0.0)
(69.37996850585941 -0.21431528368224043 0.0)
(69.34591034697812 -0.21941132272140626 0.0)
(69.31194828692249 -0.21574268867099142 0.0)
(69.28058419985285 -0.20447229556302599 0.0)
(69.25368885412689 -0.18762254421978558 0.0)
(69.23216912188114 -0.16745790285461742 0.0)
(69.21619774978403 -0.1461428249889863 0.0)
(69.20511036327908 -0.1252724728094844 0.0)
(69.19821144662569 -0.10598034794204012 0.0)
(69.19441397580637 -0.08865286903467715 0.0)
(69.19302321315024 -0.07350915819017415 0.0)
(69.1932238095337 -0.06042924709541562 0.0)
(69.19457576726325 -0.049480965131818586 0.0)
(69.1964857866075 -0.040337007071486894 0.0)
(69.19887870632262 -0.033025155435547834 0.0)
(69.2012424855489 -0.02686066613126491 0.0)
(69.20386617917919 -0.022003531752902056 0.0)
(69.20634256289483 -0.017938114234425026 0.0)
(69.20864129574586 -0.01457426486973133 0.0)
(69.21067689299979 -0.012193370280426578 0.0)
(69.21208286802205 -0.010101597524835956 0.0)
(69.21307547541899 -0.009066954577428848 0.0)
(69.22340580324737 -0.007829286231011893 0.0)
(69.21615979926553 -0.009163569481032852 0.0)
(69.21239485192932 -0.007727925446845128 0.0)
(69.21584789105883 -0.007509123622770161 0.0)
(69.21982533388451 -0.005532203788119429 0.0)
(69.22603477298969 -0.0044415826942015985 0.0)
(69.23312676366467 -0.004203914071941542 0.0)
(69.24142997754808 -0.0031528482098553555 0.0)
(69.25189942532911 -0.002867021462637759 0.0)
(69.26311144718831 -0.0021892163444716937 0.0)
(69.27863851685683 -0.0017057380667244203 0.0)
(69.2953028323095 -0.001236414332367561 0.0)
(69.31358976524585 -0.0008171385628340162 0.0)
(69.33461982807897 -0.0005821588171500762 0.0)
(69.35478273207502 -0.0003599398389755582 0.0)
(69.3748078174843 -0.00020953255365518662 0.0)
(69.39357617178777 -0.00011689020209332669 0.0)
(69.40896671197812 -5.694521814504738e-5 0.0)
(69.42098897680313 -2.5660227250598563e-5 0.0)
(69.42949730971976 -1.1131828420581456e-5 0.0)
(69.4346328620671 -4.192153428123884e-6 0.0)
(69.4375291193873 -1.5476157504594484e-6 0.0)
(69.4389630483828 -5.38419913070893e-7 0.0)
(69.43960723112241 -1.606205195697632e-7 0.0)
(69.43987187952587 -3.8042474655370405e-8 0.0)
(69.43996741006801 -6.166125523387417e-9 0.0)
(69.43999308900567 -1.1381693606952471e-10 0.0)
(69.43999787762534 4.623792338446717e-11 0.0)
(69.43999822876735 -1.4273642882880517e-10 0.0)
(69.43999813225861 -7.853461036146057e-11 0.0)
(69.43999872760217 -2.313232559053662e-11 0.0)
(69.46337067645685 -2.8259263682516023e-5 0.0)
(69.46343890325272 -6.947492246425775e-5 0.0)
(69.46363839423861 -0.0001102193711404697 0.0)
(69.46393347779082 -0.00017739270466120546 0.0)
(69.46428732466234 -0.0003171274916850251 0.0)
(69.46470653209886 -0.0006004927653725605 0.0)
(69.46525955372874 -0.0011292403266339617 0.0)
(69.4660761926481 -0.0020911864441199106 0.0)
(69.46729218416243 -0.0038025366156344137 0.0)
(69.46896754048817 -0.006719913118411486 0.0)
(69.47105685359764 -0.011405310418968657 0.0)
(69.47335908029885 -0.018518926680329967 0.0)
(69.47551081597229 -0.028792423773255665 0.0)
(69.47688680563428 -0.04288148742940394 0.0)
(69.47651887727315 -0.06109355638691749 0.0)
(69.47309817445098 -0.08313934771229672 0.0)
(69.46470580233965 -0.10808379682657593 0.0)
(69.4514934323233 -0.14756324776097682 0.0)
(69.4300326876688 -0.17059973549912377 0.0)
(69.40349733300097 -0.1888675049968721 0.0)
(69.37291468148703 -0.20026582842256932 0.0)
(69.34044963392185 -0.20359793248452182 0.0)
(69.30852194013573 -0.19893529725900036 0.0)
(69.27939112484772 -0.18754860445075838 0.0)
(69.25458134413189 -0.171356868426788 0.0)
(69.23487956171392 -0.1524775369979547 0.0)
(69.2201724712649 -0.13276328506146529 0.0)
(69.20997703259175 -0.11368644363559827 0.0)
(69.20345729106243 -0.0961068980306537 0.0)
(69.19981404526538 -0.08042310345189843 0.0)
(69.19830093197575 -0.06669008418947761 0.0)
(69.19828839572405 -0.0548997577840347 0.0)
(69.19924471530582 -0.04493907015804283 0.0)
(69.20088161388556 -0.03672577411902059 0.0)
(69.20281273808665 -0.029936522338048735 0.0)
(69.2049848351564 -0.02440068423260994 0.0)
(69.20723991758119 -0.019931285460528796 0.0)
(69.20921269575857 -0.016186502572098836 0.0)
(69.21103412080959 -0.013501958183062107 0.0)
(69.21226952851423 -0.01119127298121387 0.0)
(69.2131642394512 -0.009773333225548493 0.0)
(69.22348404318508 -0.008352230056986685 0.0)
(69.21640382408978 -0.009264948994048975 0.0)
(69.21290432484423 -0.00821883104231035 0.0)
(69.21610669077009 -0.00798554485494375 0.0)
(69.22001738906225 -0.006116819728722923 0.0)
(69.22600042244314 -0.0049128522301200945 0.0)
(69.23297093998416 -0.004670696136131966 0.0)
(69.2411458117566 -0.003524906843482128 0.0)
(69.25142571332334 -0.0032199271144484256 0.0)
(69.2623927200215 -0.002469482833657675 0.0)
(69.27759114579672 -0.00193436035527839 0.0)
(69.29382464264188 -0.0014143403441234088 0.0)
(69.31157807639087 -0.0009422355355311709 0.0)
(69.33204147874616 -0.0006808455896570038 0.0)
(69.35163373005355 -0.0004280384957185132 0.0)
(69.37125812136391 -0.00025411942361179454 0.0)
(69.38997410582834 -0.00014512149709393693 0.0)
(69.40567834263564 -7.258338531520355e-5 0.0)
(69.41837147128236 -3.3583574349046425e-5 0.0)
(69.42771511054929 -1.4959235973099065e-5 0.0)
(69.43356582118915 -5.760937177840947e-6 0.0)
(69.43697832615933 -2.1645135063604852e-6 0.0)
(69.43871277868266 -7.626215401494065e-7 0.0)
(69.43950722394798 -2.2948883876925438e-7 0.0)
(69.43983808684472 -5.467704449516684e-8 0.0)
(69.4399586153083 -8.899253431321572e-9 0.0)
(69.43999119641703 -1.6706529873197893e-10 0.0)
(69.43999729094037 6.666125575237581e-11 0.0)
(69.43999773622768 -2.0854914489157824e-10 0.0)
(69.43999761092367 -1.1487505529693242e-10 0.0)
(69.43999837159659 -3.404649061327226e-11 0.0)
(69.46335317180082 -3.030515316650796e-5 0.0)
(69.46341957818059 -7.496298052321249e-5 0.0)
(69.4636160085427 -0.00012002712639348215 0.0)
(69.4639105870727 -0.00019138087679943763 0.0)
(69.46426956077366 -0.00033580232098603827 0.0)
(69.46468927840392 -0.0006270437463105773 0.0)
(69.46523863475534 -0.001171689546621605 0.0)
(69.4660356185957 -0.0021628156871799963 0.0)
(69.46719499175681 -0.003918990673619604 0.0)
(69.46875845028485 -0.006896276099131164 0.0)
(69.47064451295735 -0.01164990629119275 0.0)
(69.47261525454871 -0.018826882875762195 0.0)
(69.47426736821855 -0.029133922852887312 0.0)
(69.4749333101205 -0.04317659014608003 0.0)
(69.47363515913575 -0.061183084614760866 0.0)
(69.46851278462091 -0.08276640306646764 0.0)
(69.46027965118951 -0.11739511332599847 0.0)
(69.4439428008354 -0.14076540277484711 0.0)
(69.42266672894893 -0.1615434328507426 0.0)
(69.3964688065709 -0.17754330230651091 0.0)
(69.36685798979643 -0.1869410724662808 0.0)
(69.33589923462542 -0.18880316537155042 0.0)
(69.30584386739137 -0.18340132042033064 0.0)
(69.2786789587542 -0.17205075931912742 0.0)
(69.25571251724574 -0.15658087139419866 0.0)
(69.23751379548484 -0.13891749779289977 0.0)
(69.22389135161447 -0.12069825556662438 0.0)
(69.21439138950859 -0.10322834938758639 0.0)
(69.20817514968283 -0.08719847972894419 0.0)
(69.20465520930702 -0.07298018254708355 0.0)
(69.20299855766484 -0.06051315098820861 0.0)
(69.20278637987161 -0.04985376085349228 0.0)
(69.20344802104624 -0.04079496967579814 0.0)
(69.20476533959598 -0.03335968977793498 0.0)
(69.206376986885 -0.027168100286303568 0.0)
(69.2082549506363 -0.022211436538769273 0.0)
(69.20992280031216 -0.01812371680843423 0.0)
(69.2114475418202 -0.014974932695582897 0.0)
(69.2125688980519 -0.01245183511632731 0.0)
(69.21335336844231 -0.010591115274854018 0.0)
(69.22366453669434 -0.008947564099042661 0.0)
(69.21671775179067 -0.009478522286964119 0.0)
(69.2134452609395 -0.008759864842058741 0.0)
(69.21642347815961 -0.00846575699972116 0.0)
(69.22027538571993 -0.006770147384964587 0.0)
(69.226023062662 -0.005436116675349382 0.0)
(69.2328769247194 -0.005191525418280216 0.0)
(69.24094492390948 -0.003945366811109739 0.0)
(69.25106471713212 -0.0036163793925359324 0.0)
(69.26183605537604 -0.002784512981402656 0.0)
(69.2767686892783 -0.002191096127425937 0.0)
(69.29265243797232 -0.00161431227253578 0.0)
(69.30996405418797 -0.0010827772761079428 0.0)
(69.32993989726968 -0.0007921501010246469 0.0)
(69.34900918370971 -0.0005053777755576364 0.0)
(69.36820648396198 -0.00030530906646422635 0.0)
(69.38674852770929 -0.00017810170594589246 0.0)
(69.40258312035421 -9.131604298030141e-5 0.0)
(69.4157667184865 -4.336166503113809e-5 0.0)
(69.42583916978164 -1.985159843507967e-5 0.0)
(69.43238371743206 -7.83354821091875e-6 0.0)
(69.43634168989259 -3.002665230423864e-6 0.0)
(69.43841393477705 -1.0737194524029819e-6 0.0)
(69.4393849693607 -3.2646991926323027e-7 0.0)
(69.43979610190924 -7.833607823766658e-8 0.0)
(69.4399475695611 -1.2812195392952713e-8 0.0)
(69.43998880247368 -2.441883799420016e-10 0.0)
(69.43999654543578 9.60858693869897e-11 0.0)
(69.43999710851587 -3.036783150053959e-10 0.0)
(69.43999694527136 -1.6744804904684066e-10 0.0)
(69.43999791650307 -4.984704383592498e-11 0.0)
(69.46333747325936 -3.207071775895534e-5 0.0)
(69.46340129613827 -8.00717312010372e-5 0.0)
(69.46359493134233 -0.00012948309925802433 0.0)
(69.46389085067628 -0.0002051004912689374 0.0)
(69.4642502636337 -0.00035414083408158784 0.0)
(69.46467294627526 -0.0006529868187523621 0.0)
(69.46521921186428 -0.0012126157585616506 0.0)
(69.46599217279984 -0.002230440314669472 0.0)
(69.46709342932843 -0.004027358796679753 0.0)
(69.46853548790887 -0.007056861789912186 0.0)
(69.47020514800396 -0.011866020742565049 0.0)
(69.4718327654001 -0.0190880520233167 0.0)
(69.4729738315489 -0.02940104874552631 0.0)
(69.47293298519324 -0.04336026340014367 0.0)
(69.47007815400175 -0.06111848555086686 0.0)
(69.46562603449068 -0.0902839915117045 0.0)
(69.45377183125207 -0.11251751066132377 0.0)
(69.43752537092752 -0.13398621524291102 0.0)
(69.41609485041 -0.15269748927056176 0.0)
(69.39030003985812 -0.16667252534159208 0.0)
(69.36165087373892 -0.1743339823404776 0.0)
(69.3321091054316 -0.17498052564503933 0.0)
(69.30375726489213 -0.16904440686085745 0.0)
(69.2783399825782 -0.15784282071591407 0.0)
(69.25698456187436 -0.1431235182070804 0.0)
(69.24004738839464 -0.1266002600089573 0.0)
(69.22737255013776 -0.10977086136032108 0.0)
(69.2183888772603 -0.09372498286594634 0.0)
(69.21250127326063 -0.07912433675562688 0.0)
(69.20898142835696 -0.06617132686615272 0.0)
(69.20727338390535 -0.054890234693096084 0.0)
(69.2068088681146 -0.04516605307462823 0.0)
(69.20723094758432 -0.037019494054641444 0.0)
(69.20819021903051 -0.03023493833135126 0.0)
(69.20949378547994 -0.024721675594021036 0.0)
(69.21083103173 -0.020288367497142207 0.0)
(69.2120096536845 -0.016643330678173793 0.0)
(69.21300689173803 -0.013836192504309256 0.0)
(69.21370495161915 -0.01153826471421559 0.0)
(69.22396871008223 -0.009591556170597133 0.0)
(69.21712700508704 -0.009822690897242529 0.0)
(69.21402657217291 -0.009334186574501392 0.0)
(69.21680514980196 -0.008968227870478131 0.0)
(69.22059724383627 -0.007492137184431858 0.0)
(69.22610266732839 -0.006018111183920632 0.0)
(69.23283757931084 -0.005772753279949751 0.0)
(69.24081455368886 -0.004421217615904117 0.0)
(69.25079516156237 -0.004062008964296668 0.0)
(69.26140983251247 -0.0031390655953057725 0.0)
(69.27612680268527 -0.0024797516604837 0.0)
(69.29172796358397 -0.0018393134125163086 0.0)
(69.30867752790914 -0.0012408290540035167 0.0)
(69.32824239877107 -0.0009176641914339328 0.0)
(69.34684983036277 -0.000593037665769813 0.0)
(69.36562927573814 -0.00036380301256274934 0.0)
(69.38392602225305 -0.00021630707189332398 0.0)
(69.39974934917028 -0.00011347937579672122 0.0)
(69.41325190838138 -5.5241235321875825e-5 0.0)
(69.42392254149436 -2.600102924305644e-5 0.0)
(69.43110840353971 -1.052920980570318e-5 0.0)
(69.43562150707753 -4.12673098534328e-6 0.0)
(69.43806283372953 -1.5011535363223366e-6 0.0)
(69.43923723567627 -4.620758292848583e-7 0.0)
(69.43974434923797 -1.1182102288157322e-7 0.0)
(69.43993376915404 -1.839555646703948e-8 0.0)
(69.43998578474542 -3.5594709004533183e-10 0.0)
(69.43999560019823 1.383385215546157e-10 0.0)
(69.4399963096608 -4.410405085118317e-10 0.0)
(69.43999609611335 -2.434411626706036e-10 0.0)
(69.43999733507094 -7.270983478178243e-11 0.0)
(69.4633231099059 -3.354674209891198e-5 0.0)
(69.46338485313031 -8.48166987809948e-5 0.0)
(69.46357697454206 -0.00013859204194897835 0.0)
(69.46387045462752 -0.00021850849488729398 0.0)
(69.46423228608255 -0.0003722091500871908 0.0)
(69.4646578338805 -0.0006783941405978127 0.0)
(69.46519779279004 -0.0012519102953546105 0.0)
(69.46594733694612 -0.00229434346600246 0.0)
(69.46698503028743 -0.004127578587837568 0.0)
(69.46829743946884 -0.007201486015490643 0.0)
(69.46974207172785 -0.012054429630709268 0.0)
(69.47101555964323 -0.019302938018635432 0.0)
(69.4716439432054 -0.02959551027307447 0.0)
(69.47023907111944 -0.043436997278548 0.0)
(69.46847037382234 -0.06691075319283417 0.0)
(69.46026637289484 -0.08687921249757292 0.0)
(69.44847751064098 -0.10758417420504308 0.0)
(69.43173046462293 -0.1272766532700676 0.0)
(69.41023546922095 -0.14410075055838611 0.0)
(69.38488406541059 -0.1562697004662001 0.0)
(69.35716817903763 -0.16242831506141195 0.0)
(69.3289482409596 -0.1620803231415927 0.0)
(69.30213853258483 -0.15576718464312653 0.0)
(69.27828059184586 -0.1448073212678101 0.0)
(69.25831475760992 -0.13083312124256166 0.0)
(69.24248403894667 -0.11538938107719574 0.0)
(69.23058353015004 -0.09982052055951102 0.0)
(69.22208180663488 -0.08507445778053066 0.0)
(69.21642695491838 -0.0717423809422968 0.0)
(69.21294239512113 -0.05994013370366983 0.0)
(69.21113682971739 -0.04968189514642491 0.0)
(69.21043594626364 -0.04086849483651274 0.0)
(69.21057620711595 -0.03348921509649646 0.0)
(69.2111547486902 -0.027401593721189714 0.0)
(69.2120286118173 -0.02253896415624908 0.0)
(69.21284609826976 -0.018482526965774924 0.0)
(69.21363442436837 -0.015294425410255417 0.0)
(69.21427716918046 -0.012611235125737372 0.0)
(69.22443182374202 -0.010302987081931145 0.0)
(69.21765093648888 -0.010287481785378092 0.0)
(69.21466691378797 -0.009946261648560231 0.0)
(69.21725771943404 -0.009515136244534619 0.0)
(69.22098192460346 -0.008278692191092422 0.0)
(69.22624213751864 -0.006669866440010311 0.0)
(69.23284857710402 -0.006420215909424989 0.0)
(69.24074589208499 -0.0049607706525086675 0.0)
(69.25060092019419 -0.004562941379643483 0.0)
(69.261089348944 -0.0035385328086985127 0.0)
(69.27562981607737 -0.0028045928779786315 0.0)
(69.29100301203812 -0.0020927192548048893 0.0)
(69.30765790575371 -0.001418750086396889 0.0)
(69.3268815510911 -0.0010592221760453101 0.0)
(69.34509217588932 -0.00069227673981365 0.0)
(69.36348529059008 -0.00043042144149372656 0.0)
(69.38150573628863 -0.0002602795597807694 0.0)
(69.39722003121071 -0.000139432504285586 0.0)
(69.41089388689724 -6.947221841653363e-5 0.0)
(69.42202304288223 -3.3605308305943086e-5 0.0)
(69.4297712917911 -1.3978374895419005e-5 0.0)
(69.43482639038358 -5.612738952471631e-6 0.0)
(69.43765811760642 -2.0817501497955855e-6 0.0)
(69.4390611854209 -6.500875021875899e-7 0.0)
(69.43968117399132 -1.5892825304319145e-7 0.0)
(69.4399166397755 -2.6329489163564965e-8 0.0)
(69.4399819970181 -5.178416205629977e-10 0.0)
(69.43999440507372 1.988609523244216e-10 0.0)
(69.43999529481528 -6.391942165304466e-10 0.0)
(69.43999501409694 -3.532061023641857e-10 0.0)
(69.43999659276676 -1.0577645376152648e-10 0.0)
(69.4633105233381 -3.475148652279167e-5 0.0)
(69.46337101464327 -8.92099592885128e-5 0.0)
(69.46355950435826 -0.0001473449897340635 0.0)
(69.46385210713122 -0.00023164526625433872 0.0)
(69.46421553458012 -0.00039002831130732015 0.0)
(69.4646413333115 -0.0007032243393178332 0.0)
(69.46517594936965 -0.0012897678536840141 0.0)
(69.46589917704732 -0.002354553344968714 0.0)
(69.4668687471891 -0.0042196319120784385 0.0)
(69.46804574866131 -0.007330488435603428 0.0)
(69.46925670829161 -0.012215013774814095 0.0)
(69.47017232859051 -0.019472191011548824 0.0)
(69.46962660866973 -0.029719559863003214 0.0)
(69.46962684521948 -0.04769952196901621 0.0)
(69.46421790108175 -0.06460372408782947 0.0)
(69.45612794653252 -0.08339157434411551 0.0)
(69.44365295303373 -0.10263896421146657 0.0)
(69.42650569289533 -0.12067577651054463 0.0)
(69.4050150741599 -0.1357780562925939 0.0)
(69.38012724893613 -0.14633891630977916 0.0)
(69.35330326027642 -0.15120347406651616 0.0)
(69.32630798194539 -0.15004203375472097 0.0)
(69.30088836202391 -0.14348514128739143 0.0)
(69.27841388548728 -0.1328318914291327 0.0)
(69.25965813214303 -0.11958664373533857 0.0)
(69.24478593047333 -0.10516325601694579 0.0)
(69.23354822157201 -0.09073576703266756 0.0)
(69.22547684323563 -0.07718674033945518 0.0)
(69.22000041799218 -0.06496968544700045 0.0)
(69.21656788440335 -0.05422151741775886 0.0)
(69.214591074176 -0.04486700965205045 0.0)
(69.21369222540865 -0.03687926628549601 0.0)
(69.2134444942624 -0.030213985673207842 0.0)
(69.21367153672728 -0.024808631413139333 0.0)
(69.21407076995524 -0.02038519708515818 0.0)
(69.21455451822115 -0.016796863276864117 0.0)
(69.21510151156183 -0.013766286150895663 0.0)
(69.22510559700066 -0.01112766704618918 0.0)
(69.21830340419389 -0.010857433464026577 0.0)
(69.21539039452553 -0.010626509661484049 0.0)
(69.21778651844382 -0.010127525228908033 0.0)
(69.22143015047666 -0.00912654219680975 0.0)
(69.22644671705262 -0.007407062006014268 0.0)
(69.23290821810212 -0.007138731083467983 0.0)
(69.2407335396237 -0.0055740683186366975 0.0)
(69.25047021641937 -0.005125735455157385 0.0)
(69.26085569860915 -0.0039890342709055105 0.0)
(69.2752494597807 -0.00317038669567594 0.0)
(69.29043834229871 -0.002378338936101344 0.0)
(69.3068541671593 -0.0016192242467336813 0.0)
(69.3257974612702 -0.0012189227422575615 0.0)
(69.34367413301688 -0.0008045499036891616 0.0)
(69.36172404808946 -0.0005061198258445111 0.0)
(69.37946616188017 -0.00031064517674597833 0.0)
(69.39501317306585 -0.00016957190166543156 0.0)
(69.40874271151762 -8.631385193213696e-5 0.0)
(69.42019647447891 -4.286598920938018e-5 0.0)
(69.42841073071433 -1.8319628859329816e-5 0.0)
(69.43397177955316 -7.547122759365496e-6 0.0)
(69.4372017119032 -2.860239737011166e-6 0.0)
(69.43885484464745 -9.081625114374133e-7 0.0)
(69.4396049642866 -2.2471796228852998e-7 0.0)
(69.43989555052408 -3.754611702802528e-8 0.0)
(69.43997726848028 -7.521822214618135e-10 0.0)
(69.43999289931004 2.852966922906622e-10 0.0)
(69.43999400852684 -9.246599256313776e-10 0.0)
(69.43999363736353 -5.115918441757173e-10 0.0)
(69.4399956459559 -1.5357262975992507e-10 0.0)
(69.46329984539682 -3.570308245573007e-5 0.0)
(69.46335847254059 -9.327056402188126e-5 0.0)
(69.46354434032808 -0.00015578005637926666 0.0)
(69.46383540186942 -0.0002445206439816323 0.0)
(69.46419844504081 -0.00040757986540668136 0.0)
(69.46462491871982 -0.0007275689404865425 0.0)
(69.46515229939087 -0.0013262168144544384 0.0)
(69.46584674769578 -0.002411088926410968 0.0)
(69.4667449122429 -0.004303669222235024 0.0)
(69.4677806305857 -0.00744383406858324 0.0)
(69.46875384265485 -0.01234817639286878 0.0)
(69.46866075315573 -0.019597124486680537 0.0)
(69.46974105040593 -0.03272457940303076 0.0)
(69.46633552020725 -0.046187682593580325 0.0)
(69.46114257714201 -0.06221583969433458 0.0)
(69.4523287848528 -0.07985611465194133 0.0)
(69.43926581001492 -0.0977173959107854 0.0)
(69.42180214509975 -0.11421206525127832 0.0)
(69.40036796766927 -0.1277457204897365 0.0)
(69.37594779630243 -0.1368789100844553 0.0)
(69.34996898775996 -0.14062706046925683 0.0)
(69.32409696902248 -0.13880898162622374 0.0)
(69.29992616226069 -0.13211735178578593 0.0)
(69.278674578149 -0.12181068221289242 0.0)
(69.26097048039765 -0.10928487380029564 0.0)
(69.24692901715918 -0.09581014723715209 0.0)
(69.23626848791838 -0.08244520252917245 0.0)
(69.22856104802263 -0.06996984045710848 0.0)
(69.22325303605679 -0.05877848652960159 0.0)
(69.21980334434707 -0.04895611131686199 0.0)
(69.2176883362834 -0.04041957815681113 0.0)
(69.21649904831882 -0.03317354711214466 0.0)
(69.21593627607744 -0.02715097702977315 0.0)
(69.21579068886912 -0.02228238723086157 0.0)
(69.21588213280421 -0.01830600585710289 0.0)
(69.21621421966618 -0.014956232943838075 0.0)
(69.22603241063582 -0.012069756302928086 0.0)
(69.21910957486168 -0.01154694559857915 0.0)
(69.2162168693658 -0.011413164023522613 0.0)
(69.21840028832467 -0.010829952004340582 0.0)
(69.22194451131718 -0.010038778341866773 0.0)
(69.22672347124076 -0.008248520050961428 0.0)
(69.23301756533468 -0.007932477658311857 0.0)
(69.24077507254651 -0.006273103186342172 0.0)
(69.2503950442653 -0.005757341276864031 0.0)
(69.2606948486812 -0.004497512138004696 0.0)
(69.27496368988525 -0.0035824465456661615 0.0)
(69.29000250349713 -0.002700461047449515 0.0)
(69.30622417519382 -0.001845297851514964 0.0)
(69.32493860095465 -0.0013991545985691195 0.0)
(69.34253849938935 -0.0009315277707885162 0.0)
(69.36029226021047 -0.0005920046659773807 0.0)
(69.37777253384596 -0.00036812992170924904 0.0)
(69.39312552924504 -0.00020434606470540816 0.0)
(69.40682881967089 -0.00010604376159274739 0.0)
(69.41849028997024 -5.3989633785454275e-5 0.0)
(69.42706783940255 -2.3697056688856273e-5 0.0)
(69.43307929810408 -1.002501530497519e-5 0.0)
(69.43669956567197 -3.889241029136693e-6 0.0)
(69.43861765433812 -1.2583365305288792e-6 0.0)
(69.43951433521705 -3.158013203262166e-7 0.0)
(69.43986984420694 -5.330414630123583e-8 0.0)
(69.43997140515877 -1.0912259439840458e-9 0.0)
(69.43999101058797 4.0824015751166656e-10 0.0)
(69.43999238286813 -1.3352161538954417e-9 0.0)
(69.43999188889855 -7.39847353108679e-10 0.0)
(69.4399944397134 -2.2260633310499692e-10 0.0)
(69.46329075548587 -3.643455234787776e-5 0.0)
(69.46334813499284 -9.704839653295543e-5 0.0)
(69.46353142064582 -0.00016391727028850037 0.0)
(69.46381945569438 -0.00025713357622902754 0.0)
(69.4641820019255 -0.0004249032889044026 0.0)
(69.46460773638687 -0.0007514513892228148 0.0)
(69.46512627313555 -0.0013612856649176837 0.0)
(69.46578997763535 -0.0024640367027565844 0.0)
(69.46661314617559 -0.004379682625062966 0.0)
(69.46750442739408 -0.007541689459192671 0.0)
(69.46760564162392 -0.012454567757452788 0.0)
(69.469279547073 -0.021633506685029214 0.0)
(69.46721994476444 -0.031768638775419154 0.0)
(69.46415425244884 -0.044609703611411686 0.0)
(69.45830141872572 -0.05977304496844516 0.0)
(69.44884924460844 -0.07630220407438482 0.0)
(69.43528435478866 -0.09284724144625643 0.0)
(69.41757461173803 -0.10790761675379502 0.0)
(69.39623485763379 -0.12001536425829734 0.0)
(69.37227768105542 -0.12787717177735144 0.0)
(69.34709095764613 -0.13066731709149496 0.0)
(69.32224177341976 -0.12832477257738348 0.0)
(69.29919129583868 -0.12158174056930947 0.0)
(69.27900784784795 -0.1116559940648388 0.0)
(69.26222456402414 -0.09982793351287529 0.0)
(69.24889009100794 -0.08724863758312922 0.0)
(69.23873538968667 -0.07486684475123119 0.0)
(69.23133047093489 -0.06337662417374794 0.0)
(69.22615125593957 -0.05311531179905434 0.0)
(69.22266363498949 -0.04411315053378418 0.0)
(69.22038095526796 -0.03632391469455863 0.0)
(69.21894024292396 -0.029690350117236232 0.0)
(69.21810439577523 -0.02424772394449985 0.0)
(69.21770205146481 -0.019822531977718053 0.0)
(69.21767914563777 -0.016159172500146597 0.0)
(69.22723284355986 -0.01307276787883344 0.0)
(69.2201129945446 -0.012382149253979265 0.0)
(69.21716110648983 -0.012329352072915965 0.0)
(69.21911603292311 -0.011657388730920723 0.0)
(69.22252960520332 -0.011027025309977243 0.0)
(69.22708121714086 -0.009213568946129829 0.0)
(69.23318087022115 -0.008806654720231639 0.0)
(69.24087068413985 -0.007071532716184599 0.0)
(69.2503708125538 -0.006465177123260182 0.0)
(69.26059690727813 -0.005071802622452093 0.0)
(69.27475568917883 -0.0040466857019799424 0.0)
(69.28967066792721 -0.0030639027507886295 0.0)
(69.30573371133504 -0.0021004245873743363 0.0)
(69.32426167542192 -0.0016026270767731878 0.0)
(69.34163473081804 -0.0010751187557597277 0.0)
(69.35913831142521 -0.0006893495042952886 0.0)
(69.37638335542547 -0.00043357428617188946 0.0)
(69.39153820216701 -0.0002442690220041065 0.0)
(69.40516364814853 -0.0001289686154549781 0.0)
(69.41693924113466 -6.719197057945097e-5 0.0)
(69.42578164384851 -3.0259061856727364e-5 0.0)
(69.43217486861043 -1.3148193288078433e-5 0.0)
(69.43616187665177 -5.228650190779812e-6 0.0)
(69.43835101632176 -1.727302292731252e-6 0.0)
(69.43940837205179 -4.406145727116328e-7 0.0)
(69.4398388890478 -7.527489599425116e-8 0.0)
(69.43996419524605 -1.581397296963217e-9 0.0)
(69.43998865468313 5.821714206994481e-10 0.0)
(69.43999033577781 -1.924345399102177e-9 0.0)
(69.43998967351735 -1.0682505550851084e-9 0.0)
(69.43999290527954 -3.22187376306651e-10 0.0)
(69.4632834928326 -3.6987073766269396e-5 0.0)
(69.46333993467638 -0.00010057266063049613 0.0)
(69.46351967531115 -0.000171769300097522 0.0)
(69.46380486712943 -0.0002695029819097888 0.0)
(69.46416600308397 -0.00044200280636073094 0.0)
(69.46458949935194 -0.0007748837031274573 0.0)
(69.4650977449217 -0.0013950269455147478 0.0)
(69.46572868207842 -0.002513451399694435 0.0)
(69.46647452678016 -0.004447793686995387 0.0)
(69.4666046359824 -0.007624279704542049 0.0)
(69.46856130264547 -0.013783885924166272 0.0)
(69.46734365886476 -0.02105138036148604 0.0)
(69.46574163462554 -0.03076355359599703 0.0)
(69.46212809055838 -0.04298353305227649 0.0)
(69.45568278969102 -0.057297516946934954 0.0)
(69.44566913159913 -0.07275370841317555 0.0)
(69.43167798915904 -0.08805155715041084 0.0)
(69.41378086151305 -0.10178095191530544 0.0)
(69.39256431731852 -0.1125884988152303 0.0)
(69.36905771529744 -0.11932119135548695 0.0)
(69.34460710230415 -0.12129031246590173 0.0)
(69.32068794733974 -0.11853018332677846 0.0)
(69.29863064145417 -0.11180777101454947 0.0)
(69.27938552120702 -0.10227937849172272 0.0)
(69.26339259714952 -0.09113214907356043 0.0)
(69.2506666179596 -0.07939650430663167 0.0)
(69.24093809883828 -0.06793312201168265 0.0)
(69.23377957814098 -0.05735083449933545 0.0)
(69.22868969224142 -0.04792929769164605 0.0)
(69.22514379480597 -0.03967526020633652 0.0)
(69.2227140056842 -0.03250836968040482 0.0)
(69.22107782451218 -0.026450035685679472 0.0)
(69.22006253088499 -0.021460515559014473 0.0)
(69.2195609453872 -0.017409801724838005 0.0)
(69.22872618357124 -0.014086966202553864 0.0)
(69.22135656876154 -0.013350034066103593 0.0)
(69.21824629993627 -0.013369195578294213 0.0)
(69.21996021680127 -0.012647615233075577 0.0)
(69.22319428011691 -0.012108370706626974 0.0)
(69.22753107778158 -0.010319472667372716 0.0)
(69.23340617602973 -0.00976996094374775 0.0)
(69.24102294043153 -0.007983694164785275 0.0)
(69.25039619754851 -0.007257444591097329 0.0)
(69.26055557397193 -0.005720645144816433 0.0)
(69.27461305541625 -0.004569684947655167 0.0)
(69.28942358806479 -0.0034740602165729425 0.0)
(69.30535539592586 -0.0023885187717895763 0.0)
(69.32373100557504 -0.0018324052504056776 0.0)
(69.34091949655871 -0.0012374951923248135 0.0)
(69.35821495903176 -0.0007996122997533857 0.0)
(69.37525543876744 -0.000507947123881753 0.0)
(69.39022246831858 -0.0002899327390997718 0.0)
(69.4037428195176 -0.00015543476060447172 0.0)
(69.4155636365896 -8.270434365135221e-5 0.0)
(69.42458474666061 -3.815907619383004e-5 0.0)
(69.4312858218118 -1.7023344280152634e-5 0.0)
(69.43560259617124 -6.944511581580029e-6 0.0)
(69.43805868451379 -2.346376747602821e-6 0.0)
(69.4392869115987 -6.096342619107013e-7 0.0)
(69.43980215490389 -1.0563112410533348e-7 0.0)
(69.43995542006364 -2.2891271326572434e-9 0.0)
(69.43998573638079 8.267063070169538e-10 0.0)
(69.43998776980155 -2.7674448609518854e-9 0.0)
(69.43998687488306 -1.5397619811486513e-9 0.0)
(69.43999095706583 -4.656603299888284e-10 0.0)
(69.46327785951016 -3.739390404441665e-5 0.0)
(69.4633332459211 -0.00010387997413631747 0.0)
(69.46350994925558 -0.00017937002473964866 0.0)
(69.46379154173597 -0.00028163601735147154 0.0)
(69.46415001136255 -0.00045887187104181443 0.0)
(69.46457011422592 -0.0007978645457550649 0.0)
(69.46506683631097 -0.001427467836010309 0.0)
(69.46566293719937 -0.0025593494414653177 0.0)
(69.46573105642872 -0.004508064561405563 0.0)
(69.46777201175617 -0.008461499463637567 0.0)
(69.46705220118675 -0.013444418311496328 0.0)
(69.46639176074919 -0.020434991377640186 0.0)
(69.4643622618864 -0.02972113330760592 0.0)
(69.46025050579159 -0.04132469001698792 0.0)
(69.45327424608432 -0.05480763656104582 0.0)
(69.44276830518666 -0.06923110328956507 0.0)
(69.42841715760291 -0.08335069003973114 0.0)
(69.41038266562144 -0.09584202332813399 0.0)
(69.38930985750227 -0.10546620198525099 0.0)
(69.36623674104477 -0.11119564180542194 0.0)
(69.34246897678925 -0.11245784873840535 0.0)
(69.31938698431294 -0.10937529555897295 0.0)
(69.29821390596295 -0.10272196129638053 0.0)
(69.27978228161004 -0.09360630305345366 0.0)
(69.26447142474103 -0.08311414092037481 0.0)
(69.25226013821526 -0.07217985339936542 0.0)
(69.24288436018193 -0.06157392575445888 0.0)
(69.23592028291867 -0.05183118556617591 0.0)
(69.23088364625625 -0.043176734795907064 0.0)
(69.22728677928619 -0.03557679563025007 0.0)
(69.22474043268853 -0.02898983639692754 0.0)
(69.22298914242079 -0.02339752838557507 0.0)
(69.22189962397711 -0.018833782484629597 0.0)
(69.23053965122261 -0.015151260275816824 0.0)
(69.222867643441 -0.014411629841199524 0.0)
(69.21950994687354 -0.014499872835857736 0.0)
(69.22096642257486 -0.013816727547669693 0.0)
(69.22395645078846 -0.013297922156415733 0.0)
(69.2280874384271 -0.011579100089951683 0.0)
(69.23370599909921 -0.010836444183634482 0.0)
(69.24123675436424 -0.00902311166725101 0.0)
(69.2504731839233 -0.00814372545401237 0.0)
(69.26056775524155 -0.006453590844682463 0.0)
(69.2745271805044 -0.00515878106546808 0.0)
(69.28924671091981 -0.0039369583876408465 0.0)
(69.3050676580735 -0.0027140178741647597 0.0)
(69.32331764346374 -0.0020919501234584518 0.0)
(69.34035652569445 -0.0014211233940598096 0.0)
(69.35748063502292 -0.0009244554386733761 0.0)
(69.3743473297898 -0.0005923598317469365 0.0)
(69.38914485614109 -0.00034201867794064435 0.0)
(69.40255051164347 -0.00018583829121743094 0.0)
(69.41437012700479 -0.00010078123322475643 0.0)
(69.4235004482509 -4.755823450791009e-5 0.0)
(69.43043768129446 -2.1761208865446477e-5 0.0)
(69.43503814143997 -9.107684739005982e-6 0.0)
(69.4377468508225 -3.1511095825240415e-6 0.0)
(69.43915080908309 -8.354822726294739e-7 0.0)
(69.4397593127638 -1.4712851194023915e-7 0.0)
(69.43994487229837 -3.3091931688401167e-9 0.0)
(69.43998215237721 1.1677995741182942e-9 0.0)
(69.4399845718334 -3.969952872676459e-9 0.0)
(69.43998335270807 -2.2149833842646768e-9 0.0)
(69.43998848949224 -6.720234561767244e-10 0.0)
(69.46327377540996 -3.768759224277396e-5 0.0)
(69.46332830230713 -0.00010700701746194133 0.0)
(69.4635017401383 -0.00018674189412595617 0.0)
(69.46377923640648 -0.0002935346077384025 0.0)
(69.46413407175869 -0.0004755068791813593 0.0)
(69.46454989604528 -0.0008203986027696148 0.0)
(69.46503307722118 -0.0014585601155744719 0.0)
(69.46500775543619 -0.0026017440338675117 0.0)
(69.46701561356309 -0.00501898777917074 0.0)
(69.46655860418373 -0.008274409731468115 0.0)
(69.46647559855174 -0.013082448679541546 0.0)
(69.46550004742647 -0.01979184495341871 0.0)
(69.46307843349864 -0.028651676585753495 0.0)
(69.45851424212938 -0.039646179683244506 0.0)
(69.4510631092642 -0.052319460110674544 0.0)
(69.44012692409757 -0.06575287668871489 0.0)
(69.42547404272386 -0.07875795702697147 0.0)
(69.40734433686083 -0.09010008552862364 0.0)
(69.38642961905312 -0.09864648021324356 0.0)
(69.36377258536243 -0.10348017584681077 0.0)
(69.34063141685682 -0.1041392772425325 0.0)
(69.31830753133181 -0.10080552888356349 0.0)
(69.29791263405632 -0.09426424992832756 0.0)
(69.28019306681415 -0.08556225327025271 0.0)
(69.26546391943681 -0.07570170128445593 0.0)
(69.2536888599835 -0.06552530258943264 0.0)
(69.24459879925264 -0.05572140336755865 0.0)
(69.23778630385368 -0.046755222808288074 0.0)
(69.23278378062761 -0.03879327006136181 0.0)
(69.22914389249667 -0.03180268747260738 0.0)
(69.22652535841473 -0.025711643852428537 0.0)
(69.22472450199314 -0.02058462699429494 0.0)
(69.2327076254646 -0.016406566652675588 0.0)
(69.22466445375409 -0.015583105344221483 0.0)
(69.22099204828673 -0.015699461927158927 0.0)
(69.22216973928123 -0.01514448904786227 0.0)
(69.22484678192268 -0.014601184567494827 0.0)
(69.22876877747436 -0.012998184393607112 0.0)
(69.23409802415047 -0.012025033947005869 0.0)
(69.24151970916762 -0.010201161957663013 0.0)
(69.2506072370301 -0.009135701526746148 0.0)
(69.26063335614323 -0.0072808045002447225 0.0)
(69.27449280102825 -0.0058221788650052375 0.0)
(69.28912946678001 -0.004459297602372494 0.0)
(69.3048538183651 -0.0030819554610665026 0.0)
(69.32299843613794 -0.0023851639470231956 0.0)
(69.33991601476149 -0.001628798432923562 0.0)
(69.35689984290059 -0.0010657683938045475 0.0)
(69.37362130180489 -0.0006880820687839378 0.0)
(69.38827099281366 -0.00040130913564479165 0.0)
(69.4015639132367 -0.0002206343205982016 0.0)
(69.41335418672548 -0.00012170809403071459 0.0)
(69.42254179313005 -5.8629452104568115e-5 0.0)
(69.4296513676768 -2.7477013539375104e-5 0.0)
(69.43448554564173 -1.1792689065547178e-5 0.0)
(69.43742379160639 -4.18061072847981e-6 0.0)
(69.43900212181521 -1.1328739056416938e-6 0.0)
(69.43971034618549 -2.0316518806076458e-7 0.0)
(69.4399323825719 -4.775598260675981e-9 0.0)
(69.43997779700352 1.6387839071487378e-9 0.0)
(69.43998061462135 -5.67787035206028e-9 0.0)
(69.4399789408354 -3.178786200652183e-9 0.0)
(69.43998537369691 -9.681975757497003e-10 0.0)
(69.46327088719198 -3.79004565777946e-5 0.0)
(69.46332504351705 -0.00010997787046436199 0.0)
(69.46349503099422 -0.00019389622903952228 0.0)
(69.46376779744121 -0.0003052033575260574 0.0)
(69.46411857908583 -0.0004919053519731037 0.0)
(69.46452831519008 -0.000842444797162349 0.0)
(69.46442208990283 -0.0014883233217468884 0.0)
(69.46634399767585 -0.0029074660374188133 0.0)
(69.46599100737508 -0.004923048323038094 0.0)
(69.46623389621563 -0.008073540055343817 0.0)
(69.4659329111693 -0.012702567631161394 0.0)
(69.4646669282515 -0.01912853360571421 0.0)
(69.46188617691048 -0.02756388410855408 0.0)
(69.45691178168273 -0.03795950514123314 0.0)
(69.44903684787874 -0.049847701511514145 0.0)
(69.43772568863179 -0.062331996676912374 0.0)
(69.42282222516232 -0.07428588853009073 0.0)
(69.4046326879472 -0.08456126449422023 0.0)
(69.38388749981696 -0.09212206786437378 0.0)
(69.36162426645652 -0.09616008913198164 0.0)
(69.3390618200767 -0.09629812839236673 0.0)
(69.31741720644376 -0.09277779191575447 0.0)
(69.29771432309751 -0.08637445901146555 0.0)
(69.28061386833005 -0.07808459441080856 0.0)
(69.26638604792399 -0.06882793803952773 0.0)
(69.25497744987064 -0.05936666127665913 0.0)
(69.24612289372114 -0.05031020202419036 0.0)
(69.23942890255816 -0.04205824171353276 0.0)
(69.23444643970099 -0.034740011759899894 0.0)
(69.2307748337671 -0.028294192100403157 0.0)
(69.22811295406554 -0.022699386491284983 0.0)
(69.23529051374149 -0.017991489136603735 0.0)
(69.22678445455485 -0.016973643213444016 0.0)
(69.22272789885787 -0.01701641359156849 0.0)
(69.22359964300833 -0.016603773193936577 0.0)
(69.22590574739128 -0.0160164817272531 0.0)
(69.22959759920192 -0.014573509400348617 0.0)
(69.23460562224916 -0.013356485119687084 0.0)
(69.24188278368467 -0.011526668255272902 0.0)
(69.25080753740569 -0.01024760833871599 0.0)
(69.26075526356092 -0.008212822742685555 0.0)
(69.27450771567227 -0.006569072588090226 0.0)
(69.28906472004073 -0.005048498117177194 0.0)
(69.30470132069095 -0.003498044365193631 0.0)
(69.32275513654217 -0.002716441032737126 0.0)
(69.3395738628167 -0.001863683771847957 0.0)
(69.35644294350296 -0.001225693785851652 0.0)
(69.37304432334244 -0.0007965591028887527 0.0)
(69.38756814706171 -0.00046869933040747926 0.0)
(69.40075702044422 -0.00026034571750942393 0.0)
(69.41250337144186 -0.00014580894085431228 0.0)
(69.42171231007397 -7.156237229965994e-5 0.0)
(69.42894146548286 -3.429214182390917e-5 0.0)
(69.43396044745737 -1.5077156834227157e-5 0.0)
(69.4370990776681 -5.476760827585237e-6 0.0)
(69.43884412273543 -1.5184034062838693e-6 0.0)
(69.43965565549661 -2.777995725600819e-7 0.0)
(69.43991785313766 -6.876038306564232e-9 0.0)
(69.43997257161497 2.2813081842481953e-9 0.0)
(69.43997576101468 -8.091135190553875e-9 0.0)
(69.43997344713188 -4.548900106765159e-9 0.0)
(69.43998145461457 -1.3921218416357595e-9 0.0)
(69.46326937994911 -3.805536828444862e-5 0.0)
(69.46332298937219 -0.00011281827066636123 0.0)
(69.46348957080662 -0.0002008426226549201 0.0)
(69.463757551661 -0.00031663862007660036 0.0)
(69.4641028967309 -0.0005080308682922636 0.0)
(69.46393898022504 -0.0008639988105074274 0.0)
(69.46577190777224 -0.0016709345576922286 0.0)
(69.4654287473118 -0.002862482944123726 0.0)
(69.46582073009354 -0.0048193547614320785 0.0)
(69.46592607168398 -0.00786152192349572 0.0)
(69.46542353126661 -0.012308828502866806 0.0)
(69.46389037653667 -0.018450664497406948 0.0)
(69.4607812967976 -0.026465536223863443 0.0)
(69.45543576326058 -0.03627534872565368 0.0)
(69.44718284561151 -0.04740299949168899 0.0)
(69.43554620612828 -0.058980737895682055 0.0)
(69.42043669915483 -0.06994413092977869 0.0)
(69.40221813652646 -0.07922651727389271 0.0)
(69.3816477976616 -0.08588970591551047 0.0)
(69.35975971461568 -0.08921388882563717 0.0)
(69.33772551250203 -0.08890715430980302 0.0)
(69.3166952491297 -0.08524722034564702 0.0)
(69.29760476985409 -0.07900343300448825 0.0)
(69.2810483320505 -0.07111714836782121 0.0)
(69.26725290540267 -0.06243587879639362 0.0)
(69.25615788676195 -0.05364455025815152 0.0)
(69.2475003619442 -0.04528247892234145 0.0)
(69.24089628231174 -0.037692787163644846 0.0)
(69.23592766183609 -0.03096311906257276 0.0)
(69.23222279283533 -0.02504399310657046 0.0)
(69.23840866149696 -0.019906715745452393 0.0)
(69.22932264253332 -0.01869562975418624 0.0)
(69.22476962170055 -0.018576982199328726 0.0)
(69.22528325858835 -0.01821847026665113 0.0)
(69.22717523230999 -0.017558309458976434 0.0)
(69.23059887129864 -0.016297121109235597 0.0)
(69.23525778867096 -0.01485047723636311 0.0)
(69.24234133460652 -0.0130066557470133 0.0)
(69.25108724755869 -0.011495982643342562 0.0)
(69.26093954352675 -0.00926041615602792 0.0)
(69.27457265047502 -0.007409729101375298 0.0)
(69.28904838688742 -0.005712749348764235 0.0)
(69.30460110963018 -0.003968769640223997 0.0)
(69.32257362236743 -0.0030907236127553114 0.0)
(69.3393108721232 -0.0021293562035387997 0.0)
(69.35608563491391 -0.0014066569404318028 0.0)
(69.37258827649686 -0.0009194315416664392 0.0)
(69.38700672183502 -0.0005452104030871062 0.0)
(69.400103439754 -0.00030557200729213065 0.0)
(69.41180053905177 -0.0001734535591844349 0.0)
(69.42100789392627 -8.656860148239436e-5 0.0)
(69.42831574364607 -4.2336838244634996e-5 0.0)
(69.43347542677621 -1.90420911804005e-5 0.0)
(69.43678247460566 -7.083564052615019e-6 0.0)
(69.43868109415541 -2.0102020121363066e-6 0.0)
(69.4395961224086 -3.757179376277246e-7 0.0)
(69.43990129539674 -9.869950129727947e-9 0.0)
(69.43996639787221 3.1451097181564453e-9 0.0)
(69.43996987214726 -1.1479593959674367e-8 0.0)
(69.43996665649587 -6.486775488107396e-9 0.0)
(69.43997654911186 -1.9968536181224867e-9 0.0)
(69.46326871411057 -3.8166955342156044e-5 0.0)
(69.46332215108369 -0.00011554543581792119 0.0)
(69.46348541684974 -0.00020759223937039873 0.0)
(69.4637479205358 -0.00032782500143855746 0.0)
(69.46352673471964 -0.0005238716759267785 0.0)
(69.46528583009099 -0.0009756937863777844 0.0)
(69.46491469797951 -0.0016526081253063654 0.0)
(69.46534327586983 -0.002813471201757611 0.0)
(69.46565754555493 -0.004709262611497835 0.0)
(69.46563507250377 -0.007640684221588355 0.0)
(69.46494654757863 -0.011904693759088198 0.0)
(69.46316820539732 -0.017763298727571715 0.0)
(69.45975979955492 -0.02536395191805275 0.0)
(69.45407835796473 -0.034601558930931677 0.0)
(69.44548917695153 -0.044995525988087 0.0)
(69.43357090699593 -0.05570898747910382 0.0)
(69.4182947054714 -0.06573767840140649 0.0)
(69.400071386741 -0.07409951740628748 0.0)
(69.37968121418363 -0.0799389781589805 0.0)
(69.3581448350955 -0.08262705366965456 0.0)
(69.33659675668811 -0.08193544579627789 0.0)
(69.31611841464078 -0.07817780070502643 0.0)
(69.29757455733977 -0.07210686344389014 0.0)
(69.28149626952917 -0.06461350150875425 0.0)
(69.26808043178207 -0.056475845274961516 0.0)
(69.25725656831773 -0.04831074868362028 0.0)
(69.24876161994918 -0.04059465768516821 0.0)
(69.24223009884217 -0.03361472760210739 0.0)
(69.23726049940065 -0.027438142860163803 0.0)
(69.2422429603692 -0.02200680344940876 0.0)
(69.23243873942566 -0.02073394990012219 0.0)
(69.22722723418433 -0.020492152391883664 0.0)
(69.2272689707731 -0.02007518306807553 0.0)
(69.2286981278435 -0.01928795020811263 0.0)
(69.2317987896459 -0.018170585515873534 0.0)
(69.23608835849551 -0.016527504828417607 0.0)
(69.2429160933956 -0.01464783940875057 0.0)
(69.25146383654615 -0.012898566259287371 0.0)
(69.26119587443645 -0.01043472148019 0.0)
(69.27469125407222 -0.008355459982198882 0.0)
(69.28907920912897 -0.006461076130279651 0.0)
(69.30454716314512 -0.0045014891364847185 0.0)
(69.32244323397187 -0.0035135633092066333 0.0)
(69.3391120044339 -0.0024298557462269985 0.0)
(69.35580830141804 -0.0016113992901300252 0.0)
(69.37222974406971 -0.0010585575516728568 0.0)
(69.38656091037558 -0.0006320040702588981 0.0)
(69.39957825252237 -0.00035699859876559567 0.0)
(69.41122651892547 -0.00020506468938170686 0.0)
(69.42041914482807 -0.00010388691872893509 0.0)
(69.42777578119338 -5.175353022750859e-5 0.0)
(69.43303901774377 -2.3772977501390113e-5 0.0)
(69.43648280198164 -9.046851652030954e-6 0.0)
(69.43851790059321 -2.6275645312945466e-6 0.0)
(69.43953310549355 -5.021471013768344e-7 0.0)
(69.43988286314952 -1.410916800795496e-8 0.0)
(69.43995923455452 4.285845027442499e-9 0.0)
(69.4399628203986 -1.6201572619717486e-8 0.0)
(69.43995833877472 -9.210693819363342e-9 0.0)
(69.43997044621729 -2.8559120853126606e-9 0.0)
(69.46326887750662 -3.825373432259959e-5 0.0)
(69.46332242899483 -0.00011818039820623931 0.0)
(69.46348225921892 -0.0002141525572359397 0.0)
(69.46318264026984 -0.0003387695369038464 0.0)
(69.46486691293313 -0.0005951761842160368 0.0)
(69.46445980075532 -0.0009703760478609597 0.0)
(69.46486998673673 -0.0016322176176481672 0.0)
(69.46526041769292 -0.0027610330238104935 0.0)
(69.46550168998807 -0.00459397283711765 0.0)
(69.46536062642915 -0.007413018242974774 0.0)
(69.46450096344746 -0.011493311090712395 0.0)
(69.46249849389604 -0.017071250240456637 0.0)
(69.45881699210122 -0.024264566838300677 0.0)
(69.45283229528108 -0.032945746231413504 0.0)
(69.443944365056 -0.04263368291757501 0.0)
(69.43178349368048 -0.05252280287387331 0.0)
(69.41637395973567 -0.06167337454332783 0.0)
(69.39816765705288 -0.06917704770421494 0.0)
(69.37795705892232 -0.0742645593835664 0.0)
(69.35675271901023 -0.07638009249719897 0.0)
(69.33564781464017 -0.07535849004627318 0.0)
(69.3156677249348 -0.07153601863509756 0.0)
(69.2976104375815 -0.0656479278665459 0.0)
(69.28195757039273 -0.0585328350941227 0.0)
(69.26887689308073 -0.050908036137759176 0.0)
(69.25828439153193 -0.04332905713563151 0.0)
(69.24992762784096 -0.03621130806184758 0.0)
(69.243445340666 -0.029797995184872583 0.0)
(69.24698301778137 -0.02413196212681263 0.0)
(69.23632298154395 -0.022942785694416365 0.0)
(69.23027504056319 -0.022741044259885733 0.0)
(69.22965951998013 -0.022248344041711898 0.0)
(69.23053660440577 -0.02130356788908825 0.0)
(69.23323057822762 -0.020221004273862208 0.0)
(69.23713568269525 -0.018415925879416 0.0)
(69.24363430626367 -0.016458511484769157 0.0)
(69.25195954094518 -0.01447274373719632 0.0)
(69.2615381980337 -0.011747689046832951 0.0)
(69.27487022735876 -0.0094184103061248 0.0)
(69.28915867144455 -0.00730344147618577 0.0)
(69.30453616992824 -0.005104535613900613 0.0)
(69.32235625142441 -0.003991188804578883 0.0)
(69.33896572235167 -0.0027697407476865135 0.0)
(69.35559535145823 -0.00184301526980275 0.0)
(69.37194956603166 -0.00121603785760777 0.0)
(69.38620881751011 -0.0007303990929374007 0.0)
(69.39915904553209 -0.00041540699060210046 0.0)
(69.41076208970992 -0.00024112522620036762 0.0)
(69.41993360169252 -0.0001237885078511388 0.0)
(69.42731828665994 -6.270042701949827e-5 0.0)
(69.43265551661135 -2.9361565634342565e-5 0.0)
(69.43620701366766 -1.1414481432833974e-5 0.0)
(69.43835942702843 -3.3906563564459972e-6 0.0)
(69.43946834480819 -6.627327564357817e-7 0.0)
(69.43986287186044 -2.0060455907955784e-8 0.0)
(69.43995109556471 5.7611211014439786e-9 0.0)
(69.43995450774126 -2.272352140357944e-8 0.0)
(69.4399482632691 -1.3010680072502813e-8 0.0)
(69.43996291101699 -4.069903298157088e-9 0.0)
(69.46326977703205 -3.832342132588182e-5 0.0)
(69.46332347847772 -0.00012073598195272724 0.0)
(69.46292520382974 -0.000220533294682133 0.0)
(69.46451933461171 -0.00038598672605539604 0.0)
(69.46406069354168 -0.0005951914714307325 0.0)
(69.46443380924107 -0.0009638164537785865 0.0)
(69.46482668093817 -0.0016099923493689333 0.0)
(69.46518050309793 -0.002705705039856883 0.0)
(69.46535321685299 -0.004474510562183453 0.0)
(69.46510243036842 -0.007180346611342121 0.0)
(69.4640861211147 -0.011077702525541465 0.0)
(69.46187851022765 -0.016378120182841755 0.0)
(69.45794866518749 -0.02317272760106321 0.0)
(69.45169049232608 -0.03131432079868062 0.0)
(69.44253744618379 -0.04032297416288399 0.0)
(69.43016834342399 -0.04942958533389815 0.0)
(69.41465513335184 -0.05775195795367182 0.0)
(69.39648152330886 -0.06445957792246171 0.0)
(69.37645035452293 -0.06885559199843053 0.0)
(69.35555536978484 -0.0704579362147708 0.0)
(69.33485526592935 -0.06915218103298985 0.0)
(69.31532208497934 -0.06529338152962226 0.0)
(69.29770068390422 -0.059592812972871174 0.0)
(69.28242691455256 -0.05284157390873595 0.0)
(69.26963796077017 -0.045701694597717904 0.0)
(69.25924625099823 -0.03866935230505245 0.0)
(69.25099649889185 -0.032108253477772825 0.0)
(69.25280900167061 -0.026219140138940618 0.0)
(69.24115067220144 -0.025171371919321773 0.0)
(69.23410887768136 -0.02517365753060263 0.0)
(69.23261827785643 -0.024708339810504704 0.0)
(69.23279658858759 -0.023667127236384092 0.0)
(69.23495253267093 -0.022495297587770843 0.0)
(69.23844569119663 -0.02055393041540778 0.0)
(69.24453205467827 -0.018450755558540134 0.0)
(69.25260206488983 -0.016234078509879558 0.0)
(69.26198554673718 -0.013212650914660288 0.0)
(69.2751195994198 -0.010611156339285142 0.0)
(69.28929106101415 -0.008250897890095886 0.0)
(69.3045673384387 -0.005787315940440793 0.0)
(69.32230750501009 -0.0045305781104264505 0.0)
(69.33886344845419 -0.0031541482810832325 0.0)
(69.35543459531254 -0.002104992842419836 0.0)
(69.37173231073233 -0.0013942431942960023 0.0)
(69.38593225686955 -0.000841889926631249 0.0)
(69.39882635351158 -0.0004816861615116743 0.0)
(69.41038923618635 -0.0002821859397321189 0.0)
(69.41953759361402 -0.00014658213026888457 0.0)
(69.42693665056265 -7.535528616749878e-5 0.0)
(69.4323254489084 -3.590807531419663e-5 0.0)
(69.43595969314426 -1.4237021129938566e-5 0.0)
(69.43821000967834 -4.3204105822153605e-6 0.0)
(69.43940378400869 -8.634149304362644e-7 0.0)
(69.43984179298964 -2.8326270368223743e-8 0.0)
(69.43994206554065 7.623506811583117e-9 0.0)
(69.43994488819425 -3.1638836155996917e-8 0.0)
(69.43993622175498 -1.8263982388493072e-8 0.0)
(69.43995369391119 -5.774635501184365e-9 0.0)
(69.46327104200141 -3.8384706975852525e-5 0.0)
(69.46276917814389 -0.0001232260663387224 0.0)
(69.46426371678822 -0.00025074576368052965 0.0)
(69.46372835860278 -0.00038688195739927547 0.0)
(69.46404551573629 -0.0005942743421389309 0.0)
(69.46440936248052 -0.0009561096988164239 0.0)
(69.46478503926257 -0.0015861420050617928 0.0)
(69.46510367127449 -0.002647944706370167 0.0)
(69.46521216736532 -0.0043518252790500445 0.0)
(69.46486057379998 -0.00694443997678875 0.0)
(69.46370052002341 -0.010660133739740708 0.0)
(69.46130598929183 -0.015687491616432656 0.0)
(69.45715064019993 -0.022093008122479083 0.0)
(69.45064581134818 -0.02971164184886355 0.0)
(69.44125826210244 -0.03806995422320698 0.0)
(69.42871144210015 -0.04643173448518839 0.0)
(69.41311887743699 -0.05397688001967381 0.0)
(69.39499186562634 -0.05994215123281096 0.0)
(69.37513577103161 -0.06370421446444562 0.0)
(69.35452899102516 -0.06484454777021467 0.0)
(69.3341951586673 -0.06329549342150921 0.0)
(69.31506371618126 -0.05942221341986927 0.0)
(69.29783171081387 -0.05391254326758499 0.0)
(69.28289100269038 -0.04751251955365562 0.0)
(69.2703588694568 -0.04082906604844278 0.0)
(69.26013167704859 -0.03430819765018413 0.0)
(69.2599164157855 -0.02826436058540191 0.0)
(69.24708649927268 -0.02736113201400853 0.0)
(69.2389042343432 -0.027634914016672955 0.0)
(69.2363332526558 -0.027326199864242052 0.0)
(69.23563038738813 -0.026330863126991042 0.0)
(69.23706806234517 -0.02502078000500543 0.0)
(69.24008037737009 -0.02297199903710938 0.0)
(69.24565910416969 -0.02064099954681626 0.0)
(69.253425722001 -0.01819493000634621 0.0)
(69.26256300731576 -0.01484458165917706 0.0)
(69.27545318478212 -0.011946241040323139 0.0)
(69.2894836522916 -0.00931576846432482 0.0)
(69.3046423425614 -0.006560406380506341 0.0)
(69.32229410763912 -0.005139534669459067 0.0)
(69.33879914287817 -0.0035888585548589785 0.0)
(69.35531671025842 -0.0024012574894824506 0.0)
(69.37156573261257 -0.0015958443490733615 0.0)
(69.38571638772679 -0.0009681674659990418 0.0)
(69.39856370947092 -0.0005568454919127432 0.0)
(69.41009183967945 -0.0003288738879107298 0.0)
(69.4192175574903 -0.00017261954740864334 0.0)
(69.42662242018733 -8.991916441281846e-5 0.0)
(69.4320464204235 -4.352367446318482e-5 0.0)
(69.43574300195195 -1.7568810743083974e-5 0.0)
(69.43807299830034 -5.4386627359886435e-6 0.0)
(69.43934134299215 -1.1103412055121897e-6 0.0)
(69.43982021858743 -3.9659963472891795e-8 0.0)
(69.43993230767187 9.910145617113296e-9 0.0)
(69.43993399162405 -4.368338245988776e-8 0.0)
(69.43992205998981 -2.5449127621592742e-8 0.0)
(69.4399425475878 -8.150163095070307e-9 0.0)
(69.46271239055 -3.844534330182496e-5 0.0)
(69.46411379600166 -0.0001392306158296676 0.0)
(69.46348333906192 -0.0002507739675422591 0.0)
(69.46372240348244 -0.00038707518649367073 0.0)
(69.46403209964431 -0.0005924941486085232 0.0)
(69.46438655958544 -0.0009473475447186784 0.0)
(69.4647451164908 -0.001560846702887906 0.0)
(69.46503004390827 -0.0025881875516589777 0.0)
(69.46507899758863 -0.004226860666456538 0.0)
(69.46463430467736 -0.006706619925746221 0.0)
(69.46334314235057 -0.010242882151649537 0.0)
(69.46077863060081 -0.01500246290432531 0.0)
(69.45641830759025 -0.021028592562741973 0.0)
(69.4496920177149 -0.02814290294975467 0.0)
(69.44009714044014 -0.03587735204208595 0.0)
(69.42739919551076 -0.043533712703692315 0.0)
(69.41174876580521 -0.05034675037993125 0.0)
(69.39367768878978 -0.055621843690362646 0.0)
(69.3739916589304 -0.05880086490769273 0.0)
(69.35365017535553 -0.059525651517376335 0.0)
(69.33364780315806 -0.057766779366324184 0.0)
(69.31487552708793 -0.053897928685287574 0.0)
(69.29798599239189 -0.04858270884087568 0.0)
(69.28334028891696 -0.042519290724046935 0.0)
(69.27102577331252 -0.03626688580400192 0.0)
(69.26851160635032 -0.03022346330380846 0.0)
(69.25432352326135 -0.029511015030177237 0.0)
(69.24482016796352 -0.030060615150046897 0.0)
(69.24097961001789 -0.029976041243269302 0.0)
(69.23920776455955 -0.029155495187071376 0.0)
(69.23972560344636 -0.027764761942352324 0.0)
(69.24212736701158 -0.025659656508463333 0.0)
(69.247085401203 -0.023044090630346705 0.0)
(69.25447338487534 -0.020362204974569965 0.0)
(69.26330278660028 -0.016659572158692525 0.0)
(69.27588926246194 -0.013435897497974126 0.0)
(69.2897470009642 -0.010511794787612435 0.0)
(69.30476540089248 -0.007435651843744121 0.0)
(69.32231531355109 -0.005826762996744317 0.0)
(69.33876899024831 -0.004080363190356638 0.0)
(69.35523480299535 -0.002736218231454727 0.0)
(69.37144027964919 -0.0018238446485750021 0.0)
(69.38554928209172 -0.0011111421677112757 0.0)
(69.39835746974437 -0.0006420292170271275 0.0)
(69.4098559545777 -0.0003819018216449336 0.0)
(69.4189608728152 -0.00020230129214031219 0.0)
(69.42636647370281 -0.00010662029997599667 0.0)
(69.43181410165167 -5.233302079171864e-5 0.0)
(69.43555698291783 -2.146929644606538e-5 0.0)
(69.43795053401288 -6.768509092340988e-6 0.0)
(69.43928269680409 -1.4098492031519328e-6 0.0)
(69.43979879872782 -5.497180647301001e-8 0.0)
(69.43992205925919 1.2631782906302627e-8 0.0)
(69.43992194318129 -5.974477394068031e-8 0.0)
(69.43990571607428 -3.515540172660336e-8 0.0)
(69.43992925294326 -1.1430266752907543e-8 0.0)
(69.46406583705229 -4.294542691319818e-5 0.0)
(69.46333659014788 -0.00013851882186885622 0.0)
(69.46348479500186 -0.0002503967353879347 0.0)
(69.46371797309108 -0.0003866338406053344 0.0)
(69.46402038797676 -0.0005899186379771326 0.0)
(69.46436529971184 -0.0009376110825289184 0.0)
(69.46470694529899 -0.0015342885027764303 0.0)
(69.46496015948813 -0.0025268873752038383 0.0)
(69.46495333146567 -0.004100311584150023 0.0)
(69.46442337361917 -0.0064682360857166495 0.0)
(69.46301292281478 -0.009827931165324814 0.0)
(69.46029348699997 -0.014325218477439158 0.0)
(69.45574805910108 -0.019983298893130167 0.0)
(69.44882251969022 -0.026610527879056094 0.0)
(69.43904513409562 -0.03374949439892334 0.0)
(69.42621965473222 -0.040735993645896994 0.0)
(69.41052875348083 -0.04686160461995536 0.0)
(69.39252090539847 -0.05149377571364381 0.0)
(69.3729971048139 -0.05413689145536005 0.0)
(69.35289973920284 -0.05448551679336239 0.0)
(69.33319547927071 -0.052546361238205226 0.0)
(69.3147390777169 -0.04869935298051161 0.0)
(69.2981522785906 -0.04357850073308942 0.0)
(69.28375995504601 -0.03783902868578722 0.0)
(69.27876035624334 -0.03199236183440207 0.0)
(69.26307121766466 -0.03158554456571598 0.0)
(69.25203565083245 -0.03244915178474128 0.0)
(69.24671744134785 -0.03261119236177941 0.0)
(69.24368686746892 -0.032014116201298744 0.0)
(69.24309116402911 -0.030646122006531547 0.0)
(69.24470036561087 -0.028550193480377763 0.0)
(69.24890405597918 -0.025660438448331352 0.0)
(69.25579923116135 -0.022733717448828634 0.0)
(69.26424526862245 -0.01867328356610041 0.0)
(69.27645148915664 -0.015092211359292715 0.0)
(69.29009533570736 -0.011854151714353063 0.0)
(69.30494349768763 -0.008426293724488455 0.0)
(69.32237249622673 -0.006601933317025345 0.0)
(69.33877120121815 -0.0046359364077240214 0.0)
(69.35518406508274 -0.0031148148270316346 0.0)
(69.37134867088635 -0.002081613761153819 0.0)
(69.38542150041751 -0.0012729696366411468 0.0)
(69.39819651592053 -0.0007385327265914594 0.0)
(69.40966982050274 -0.0004420786195387262 0.0)
(69.41875630530916 -0.00023608301926503642 0.0)
(69.42615985281478 -0.00012571815785176335 0.0)
(69.43162312075347 -6.247689600618684e-5 0.0)
(69.43540007643324 -2.600447003315476e-5 0.0)
(69.4378435482199 -8.334846771496605e-6 0.0)
(69.4392291125768 -1.7685303927495446e-6 0.0)
(69.43977816517574 -7.5323430445231e-8 0.0)
(69.43991161248181 1.5762220324831093e-8 0.0)
(69.43990897194952 -8.086371191256873e-8 0.0)
(69.43988725953255 -4.80846808630706e-8 0.0)
(69.43991365447636 -1.5911110532126282e-8 0.0)
(69.46328290158056 -4.250070450033265e-5 0.0)
(69.46334125337286 -0.00013770006667754097 0.0)
(69.46348718223754 -0.0002496656794019478 0.0)
(69.46371492489662 -0.00038562052782328815 0.0)
(69.46401014388863 -0.0005866083200238388 0.0)
(69.46434546866544 -0.0009269880542969343 0.0)
(69.46467097618235 -0.001506673820253937 0.0)
(69.4648937382138 -0.002464369492048467 0.0)
(69.46483530727957 -0.003972910945168105 0.0)
(69.46422749184713 -0.006230472850462292 0.0)
(69.46270803870866 -0.00941668339615417 0.0)
(69.45984871073564 -0.013658396119538794 0.0)
(69.45513536157578 -0.018959019254233208 0.0)
(69.4480316975008 -0.025118159008174865 0.0)
(69.43809387334325 -0.03168763143439546 0.0)
(69.42516137351448 -0.03804011022039197 0.0)
(69.40944483941126 -0.04351960532674339 0.0)
(69.3915041986407 -0.047553460273397276 0.0)
(69.37213480097438 -0.049701769650790255 0.0)
(69.35226071183664 -0.0497096210162114 0.0)
(69.33282035438503 -0.047617230300614696 0.0)
(69.31464308271079 -0.04380427600838368 0.0)
(69.29831653848827 -0.03887815405747786 0.0)
(69.29074589814887 -0.03344891264270139 0.0)
(69.2734999161581 -0.03348904917446052 0.0)
(69.26074823124789 -0.03477232551994408 0.0)
(69.25371683983981 -0.035234634531948604 0.0)
(69.24921487211516 -0.034865876878327554 0.0)
(69.24731871381077 -0.033597908782568145 0.0)
(69.24792646005054 -0.03155468766862674 0.0)
(69.25122489006263 -0.028469180149791877 0.0)
(69.25747085451546 -0.025296092802895128 0.0)
(69.2654396950159 -0.020898835357880088 0.0)
(69.2771700016312 -0.016927813438480516 0.0)
(69.29054704884558 -0.013359255319311215 0.0)
(69.30518675877217 -0.009547153973802994 0.0)
(69.32246924876952 -0.0074757217956577015 0.0)
(69.33880591945265 -0.005263706140564877 0.0)
(69.35516152925253 -0.003542564064588967 0.0)
(69.37128554629747 -0.002372922381534365 0.0)
(69.38532570789052 -0.001456078237299656 0.0)
(69.39807192300452 -0.0008478208611425463 0.0)
(69.40952371164018 -0.0005103210257184758 0.0)
(69.41859417583602 -0.00027448248694537957 0.0)
(69.42599427824806 -0.0001475077858529069 0.0)
(69.43146777045563 -7.411491422614741e-5 0.0)
(69.43526968094199 -3.124838562367472e-5 0.0)
(69.43775193865471 -1.0165006209765534e-5 0.0)
(69.43918137237456 -2.193369747296719e-6 0.0)
(69.43975885964714 -1.0191044162644077e-7 0.0)
(69.43990128284048 1.923134624399212e-8 0.0)
(69.43989540236443 -1.0822693059592416e-7 0.0)
(69.43986692229232 -6.504285037179294e-8 0.0)
(69.4398957019999 -2.1957398860480274e-8 0.0)
(69.46328575589594 -4.206970487938637e-5 0.0)
(69.46334626987415 -0.00013679734150251385 0.0)
(69.46349036090992 -0.00024862607596418503 0.0)
(69.46371296014262 -0.00038408955546318126 0.0)
(69.46400113631337 -0.0005826267558313946 0.0)
(69.46432737911451 -0.0009155855492938174 0.0)
(69.46463686367714 -0.001478144644415715 0.0)
(69.46483102163528 -0.0024009992516930527 0.0)
(69.46472503701898 -0.003845310585800118 0.0)
(69.4640455631603 -0.005994163800791342 0.0)
(69.4624278461725 -0.009010852945504003 0.0)
(69.45944117746485 -0.013003338897640725 0.0)
(69.45457686745189 -0.017958536769765047 0.0)
(69.44731371899911 -0.023667184972204894 0.0)
(69.43723557137432 -0.029693829035013823 0.0)
(69.42421413278626 -0.035446003340436676 0.0)
(69.40848368493256 -0.04031904418211319 0.0)
(69.39061302324285 -0.04379442610348023 0.0)
(69.37138939972627 -0.045485622052089406 0.0)
(69.35171637042592 -0.045185510685452464 0.0)
(69.33251133224596 -0.04296099732244187 0.0)
(69.31457480044527 -0.03919328244557115 0.0)
(69.304472605568 -0.03445968830027492 0.0)
(69.2857059796598 -0.03509755010360453 0.0)
(69.27113110684472 -0.03693936507757449 0.0)
(69.26216342245284 -0.03781900212651705 0.0)
(69.25594886929478 -0.037723920440513876 0.0)
(69.25254791773258 -0.036608889232454415 0.0)
(69.25193216743244 -0.034624391039770046 0.0)
(69.2541606581276 -0.031443306644805984 0.0)
(69.25956840065723 -0.028031142420346686 0.0)
(69.26694386243692 -0.02334581605557165 0.0)
(69.27808258083404 -0.018957010867973655 0.0)
(69.29112531924099 -0.01504441296209052 0.0)
(69.30550899156779 -0.01081487533280398 0.0)
(69.322611619102 -0.008459808303821167 0.0)
(69.3388752329423 -0.005972721232951249 0.0)
(69.35516591761363 -0.004025601229477151 0.0)
(69.37124720023013 -0.0027019763642789135 0.0)
(69.385256341544 -0.0016631988095619414 0.0)
(69.39797663624336 -0.0009715480013869883 0.0)
(69.40940971553105 -0.0005876668131965904 0.0)
(69.41846634428255 -0.00031808739355344547 0.0)
(69.42586241852032 -0.00017232451988743178 0.0)
(69.43134249943314 -8.742838603712528e-5 0.0)
(69.43516265636994 -3.7284709708065215e-5 0.0)
(69.43767483363428 -1.2289438387240963e-5 0.0)
(69.43913978560897 -2.691932356279675e-6 0.0)
(69.43974128258237 -1.3603918884497986e-7 0.0)
(69.43989137204912 2.292473662910212e-8 0.0)
(69.43988162643255 -1.4315351236933094e-7 0.0)
(69.439845109505 -8.692033674396734e-8 0.0)
(69.43987549258237 -3.000429296343605e-8 0.0)
(69.46328869416134 -4.165606366714538e-5 0.0)
(69.46335156001383 -0.00013582883261802325 0.0)
(69.46349404879288 -0.0002473151972838277 0.0)
(69.46371180417171 -0.00038209396837160585 0.0)
(69.46399357504565 -0.0005780484694978228 0.0)
(69.46431057737215 -0.0009034754509175073 0.0)
(69.46460479268839 -0.0014488769322908463 0.0)
(69.46477224136027 -0.002337109395979724 0.0)
(69.46462181216101 -0.0037179635185495613 0.0)
(69.46387772242721 -0.005760354962934214 0.0)
(69.46217021956558 -0.008611314413580571 0.0)
(69.45906911948113 -0.012362011771184964 0.0)
(69.45406848558605 -0.01698304841371381 0.0)
(69.4466634332895 -0.022259616367952623 0.0)
(69.4364630074185 -0.027768907684080007 0.0)
(69.42336823905717 -0.03295364473760295 0.0)
(69.40763386185183 -0.03725635327472206 0.0)
(69.3898343838372 -0.04021046570949409 0.0)
(69.37074584628257 -0.041480094780841144 0.0)
(69.35125565009453 -0.04089909408292715 0.0)
(69.33225626953833 -0.03856181399929237 0.0)
(69.31985170710132 -0.0348466877902523 0.0)
(69.29971486682771 -0.03626511627531089 0.0)
(69.28329906597189 -0.03881843384134966 0.0)
(69.27223025081601 -0.040271900018976306 0.0)
(69.26406378891782 -0.04057173731978931 0.0)
(69.25892401571075 -0.03969186841729633 0.0)
(69.25684465499528 -0.03777542416229145 0.0)
(69.25781856363133 -0.03457763033079315 0.0)
(69.26218105594657 -0.03093349450726589 0.0)
(69.26882273770195 -0.02602283295296255 0.0)
(69.2792357271313 -0.021197282449950262 0.0)
(69.29185893570458 -0.016927517046473856 0.0)
(69.30592839968153 -0.012248145312075872 0.0)
(69.32280849799679 -0.00956681651654422 0.0)
(69.338983293526 -0.006773004077841742 0.0)
(69.35519757976516 -0.004570712991568872 0.0)
(69.37123139044897 -0.0030734474930341244 0.0)
(69.38520934427056 -0.0018973960464000177 0.0)
(69.39790517501362 -0.001111580232372704 0.0)
(69.40932149044986 -0.0006752892748652733 0.0)
(69.41836609609284 -0.0003675641776290639 0.0)
(69.42575797787076 -0.00020054920636655355 0.0)
(69.43124221294894 -0.00010262335647697382 0.0)
(69.43507571455575 -4.4208333911897983e-5 0.0)
(69.43761087356778 -1.4742417797447997e-5 0.0)
(69.43910426425496 -3.2725788848158146e-6 0.0)
(69.43972567233529 -1.7910386346634666e-7 0.0)
(69.43988213401767 2.6689963858400034e-8 0.0)
(69.43986806060461 -1.8708012648672968e-7 0.0)
(69.43982238105227 -1.1466549069207493e-7 0.0)
(69.43985330154757 -4.055400021097912e-8 0.0)
(69.46329170497516 -4.126173093000968e-5 0.0)
(69.4633569029121 -0.0001348074493603149 0.0)
(69.4634979966131 -0.0002457673749063119 0.0)
(69.46371163410097 -0.0003796911560916374 0.0)
(69.46398693367121 -0.0005729246004794419 0.0)
(69.4642951519098 -0.0008907532409302724 0.0)
(69.46457495834643 -0.0014190363575573948 0.0)
(69.46471681948852 -0.002272925922544863 0.0)
(69.46452618471452 -0.003591469316397278 0.0)
(69.46372251495596 -0.005529570729764964 0.0)
(69.46193450722433 -0.00821936227814552 0.0)
(69.45872968646385 -0.011735302335675475 0.0)
(69.4536069163369 -0.016034206612551262 0.0)
(69.44607579257661 -0.020896543936943502 0.0)
(69.43576940191711 -0.0259136964194398 0.0)
(69.42261514321025 -0.030561415166867646 0.0)
(69.40688505424127 -0.03432801549387436 0.0)
(69.38915555156987 -0.03679645235441581 0.0)
(69.37019353777626 -0.037675011855016045 0.0)
(69.35086656684925 -0.03683841510793668 0.0)
(69.33663197519633 -0.03440346085746959 0.0)
(69.31545630966298 -0.036796991636942535 0.0)
(69.29729930694928 -0.040242491705003755 0.0)
(69.28404816697342 -0.04245188231488542 0.0)
(69.27373361473423 -0.043321643900389055 0.0)
(69.26661104328616 -0.04281772213744217 0.0)
(69.26280594548159 -0.0410421713137919 0.0)
(69.26230803440852 -0.037893232628815235 0.0)
(69.2654061752557 -0.034026186489281005 0.0)
(69.27114773366596 -0.02894331591877927 0.0)
(69.28068572652944 -0.023670981722172933 0.0)
(69.29278343644793 -0.019026989729802133 0.0)
(69.30646848784068 -0.01386771940945627 0.0)
(69.32307219214086 -0.010810192933000432 0.0)
(69.33913654730038 -0.007675566139899943 0.0)
(69.35525852339669 -0.005185356118069524 0.0)
(69.37123721975107 -0.0034924981551866133 0.0)
(69.38518196061992 -0.0021621004678906955 0.0)
(69.39785338484515 -0.0012700194711560522 0.0)
(69.40925402642395 -0.0007745132849153006 0.0)
(69.41828798294468 -0.0004236677846058081 0.0)
(69.42567567641976 -0.00023261401467878737 0.0)
(69.43116241977827 -0.000119933937710986 0.0)
(69.435005687826 -5.212705433758106e-5 0.0)
(69.43755845769716 -1.756276156208592e-5 0.0)
(69.43907443038465 -3.944687730384122e-6 0.0)
(69.43971211224306 -2.3257112893419858e-7 0.0)
(69.43987375223779 3.034827087453445e-8 0.0)
(69.439855096381 -2.415488229968615e-7 0.0)
(69.43979940128574 -1.4925721869121432e-7 0.0)
(69.43982959049312 -5.416699568188687e-8 0.0)
(69.46329462924807 -4.088694994130499e-5 0.0)
(69.46336210900324 -0.00013374394816673932 0.0)
(69.46350240946074 -0.00024401805347269853 0.0)
(69.4637119134294 -0.0003769207319012791 0.0)
(69.46398123834553 -0.0005673199396537597 0.0)
(69.46428122230493 -0.0008775108726202382 0.0)
(69.46454677112109 -0.0013887317067260833 0.0)
(69.46466545490503 -0.002208776167700147 0.0)
(69.46443707700008 -0.0034661172761900976 0.0)
(69.46358002951618 -0.005302614973134636 0.0)
(69.46171876633215 -0.007835586275059309 0.0)
(69.45842091293274 -0.011124417938874004 0.0)
(69.45318866459554 -0.01511301280105536 0.0)
(69.44554618056895 -0.0195790667010114 0.0)
(69.4351485291657 -0.02412775214409075 0.0)
(69.42194703009604 -0.02826765400143931 0.0)
(69.40622716716823 -0.03153128099688852 0.0)
(69.38856708629103 -0.03354540399895797 0.0)
(69.36972114062085 -0.034061852465615064 0.0)
(69.35434272261726 -0.03299089832032311 0.0)
(69.33268438931307 -0.03646847231846261 0.0)
(69.31308017530729 -0.04098785480294918 0.0)
(69.29768745571172 -0.044171701999852396 0.0)
(69.2851062377506 -0.045824926872417286 0.0)
(69.27578245431508 -0.04588554361692788 0.0)
(69.2699818375397 -0.04440565836054484 0.0)
(69.26775890179213 -0.04139953295385846 0.0)
(69.26935607534739 -0.03735014900517265 0.0)
(69.27400009122168 -0.03212730118853378 0.0)
(69.28250038068037 -0.02640588817476235 0.0)
(69.29394277105764 -0.021361777575274018 0.0)
(69.30715919755167 -0.015695958520148143 0.0)
(69.32341922307046 -0.012204022337842216 0.0)
(69.33934408488881 -0.008692347646826153 0.0)
(69.35535253859116 -0.0058776552555778626 0.0)
(69.37126508996123 -0.003964795009656469 0.0)
(69.38517259242114 -0.002461140225762841 0.0)
(69.39781823634418 -0.0014492290906778112 0.0)
(69.4092034349465 -0.0008868328798068793 0.0)
(69.4182276469817 -0.0004872526216532996 0.0)
(69.42561116980089 -0.00026900885410379664 0.0)
(69.4310992777327 -0.00013962598721022044 0.0)
(69.43494968653262 -6.116338936494434e-5 0.0)
(69.43751593322934 -2.0794561208078552e-5 0.0)
(69.43904972682354 -4.718878898650827e-6 0.0)
(69.43970055782292 -2.9797682982251014e-7 0.0)
(69.43986633143581 3.370913158081225e-8 0.0)
(69.43984305744127 -3.082020196944506e-7 0.0)
(69.43977686402812 -1.9168579806026229e-7 0.0)
(69.43980498281903 -7.144959765424425e-8 0.0)
(69.46329733222673 -4.053130147973005e-5 0.0)
(69.46336743792395 -0.00013264940892343885 0.0)
(69.4635067896309 -0.00024208997085622115 0.0)
(69.46371266284687 -0.0003738292250730619 0.0)
(69.46397656296381 -0.0005612960802506062 0.0)
(69.46426815186484 -0.000863807363607743 0.0)
(69.46452092716635 -0.0013581401650826679 0.0)
(69.46461722104819 -0.002144808249878892 0.0)
(69.4643549910578 -0.0033423824243360807 0.0)
(69.46344894698444 -0.0050798491739399276 0.0)
(69.46152199997982 -0.007460795089772766 0.0)
(69.45814044697568 -0.010530122987737369 0.0)
(69.45281069753744 -0.014220479111336748 0.0)
(69.44507013027594 -0.01830731947994672 0.0)
(69.43459463540643 -0.02241056189444391 0.0)
(69.4213562934841 -0.02607125376811577 0.0)
(69.40565231508674 -0.02886166822316499 0.0)
(69.3880590390233 -0.03045157363664042 0.0)
(69.37232678358107 -0.03063122630641771 0.0)
(69.35091849353987 -0.03512163297084414 0.0)
(69.33041160635669 -0.04079719842204371 0.0)
(69.31312077235192 -0.04517939345944324 0.0)
(69.29827980515944 -0.04787520845305253 0.0)
(69.2866005381931 -0.04873352025724257 0.0)
(69.27855434801434 -0.0477635357579619 0.0)
(69.27433196039894 -0.04504625437767145 0.0)
(69.2741687747003 -0.04092223028319348 0.0)
(69.27747980419475 -0.03558863024567939 0.0)
(69.28476243384306 -0.029430767399778453 0.0)
(69.29539181086224 -0.023950289106311196 0.0)
(69.30803835491166 -0.017755533482340748 0.0)
(69.32387139304193 -0.01376274725114457 0.0)
(69.33961812389684 -0.009836021609128682 0.0)
(69.35548542301457 -0.006656373272679622 0.0)
(69.37131672523161 -0.0044965048311555724 0.0)
(69.3851807137931 -0.0027987710570606056 0.0)
(69.39779767110976 -0.0016518609205193125 0.0)
(69.40916677030064 -0.0010139301068762786 0.0)
(69.4181816563149 -0.0005592847453727995 0.0)
(69.42556093794711 -0.00031028855669597207 0.0)
(69.43104957554117 -0.00016200114642787514 0.0)
(69.43490517559349 -7.145656729150394e-5 0.0)
(69.43748172109389 -2.4487961143502563e-5 0.0)
(69.43902951266622 -5.607234592013444e-6 0.0)
(69.43969087316509 -3.769376821248726e-7 0.0)
(69.4398599026314 3.65831322308439e-8 0.0)
(69.43983217193215 -3.8878764647803264e-7 0.0)
(69.43975541122728 -2.4294857410299175e-7 0.0)
(69.43978020457357 -9.304199207867626e-8 0.0)
(69.46330012028052 -4.019452478412508e-5 0.0)
(69.46337244702264 -0.0001315279461230687 0.0)
(69.46351119410082 -0.00024000939228071465 0.0)
(69.46371395960928 -0.00037045942861402823 0.0)
(69.46397224913775 -0.0005548926914142225 0.0)
(69.46425659257892 -0.0008497459934147587 0.0)
(69.4644965250364 -0.0013273352250099514 0.0)
(69.46457278821491 -0.0020812934929800727 0.0)
(69.46427897186798 -0.0032204727756447596 0.0)
(69.46332892809588 -0.004861784054031962 0.0)
(69.46134270202795 -0.007095509032625294 0.0)
(69.45788643117392 -0.009953194809688037 0.0)
(69.4524698663174 -0.01335692050980974 0.0)
(69.4446434961031 -0.017081368217161677 0.0)
(69.43410223095309 -0.020762013506864158 0.0)
(69.42083661841235 -0.023969599528949795 0.0)
(69.40515230787565 -0.026315609181199844 0.0)
(69.3898542883674 -0.027508220101077716 0.0)
(69.36947939326477 -0.03276403359230851 0.0)
(69.34882232107502 -0.039481940147861834 0.0)
(69.33014514106294 -0.0451847974724462 0.0)
(69.31325865826489 -0.049193821859423115 0.0)
(69.29919002405428 -0.05114036353354792 0.0)
(69.28870339524252 -0.050943607464633986 0.0)
(69.28221208427084 -0.04871023515691366 0.0)
(69.28001175109158 -0.04469253181205329 0.0)
(69.28171532690136 -0.03930841084469228 0.0)
(69.28757454143232 -0.032761874423759885 0.0)
(69.2971999284941 -0.02680633579078186 0.0)
(69.30915352138906 -0.020066928127224673 0.0)
(69.32445714417905 -0.015500665985744946 0.0)
(69.33997463945448 -0.011119591831227533 0.0)
(69.3556653166983 -0.007530844429710875 0.0)
(69.3713952664514 -0.005094265075579516 0.0)
(69.38520684124025 -0.0031797019403306754 0.0)
(69.39779049506043 -0.0018808828744297408 0.0)
(69.40914188500143 -0.0011576951027169702 0.0)
(69.41814735850909 -0.0006408552670197677 0.0)
(69.42552217054761 -0.0003570808506906934 0.0)
(69.43101067719302 -0.00018740136272296827 0.0)
(69.4348699952566 -8.316469481814903e-5 0.0)
(69.43745438970755 -2.8699999266963288e-5 0.0)
(69.43901313420194 -6.623527987288189e-6 0.0)
(69.43968286751308 -4.7117656704528344e-7 0.0)
(69.4398544371826 3.8791729729896275e-8 0.0)
(69.43982256411059 -4.851741748325971e-7 0.0)
(69.43973556356819 -3.0406368786126915e-7 0.0)
(69.43975600218899 -1.1960999874105689e-7 0.0)
(69.46330259268389 -3.987436626191223e-5 0.0)
(69.46337724099492 -0.00013038572778152431 0.0)
(69.46351573713625 -0.00023779954902997255 0.0)
(69.4637151637962 -0.0003668383656663758 0.0)
(69.4639689238587 -0.0005481770934774436 0.0)
(69.46424563292052 -0.0008353671985157058 0.0)
(69.46447426542677 -0.0012964711178815444 0.0)
(69.46453136579149 -0.002018345945424425 0.0)
(69.46420906254504 -0.003100698599219478 0.0)
(69.46321905152713 -0.004648751757124351 0.0)
(69.4611798784309 -0.006740263842840826 0.0)
(69.4576567143153 -0.009393928618953837 0.0)
(69.45216325935431 -0.012522596992242232 0.0)
(69.44426249765522 -0.01590156875669173 0.0)
(69.43366641076923 -0.019180756311631363 0.0)
(69.42038160343535 -0.0219607455849077 0.0)
(69.406225658803 -0.02388854277371069 0.0)
(69.38760831170131 -0.029574725926295974 0.0)
(69.36762819648524 -0.03703081200688237 0.0)
(69.34831523423814 -0.04396676884238063 0.0)
(69.32987353973165 -0.04945988310001368 0.0)
(69.31358866854309 -0.05281010614638416 0.0)
(69.30057964400105 -0.053711146818920016 0.0)
(69.2915890615591 -0.05221271594140464 0.0)
(69.28707306032247 -0.048536342832447774 0.0)
(69.28686547865944 -0.043214308620538475 0.0)
(69.29106290281501 -0.0363831121229898 0.0)
(69.29945507331955 -0.029930980713360734 0.0)
(69.31056420538407 -0.022644425852156282 0.0)
(69.32521319532299 -0.017430965979509848 0.0)
(69.34043416119249 -0.012555723139750487 0.0)
(69.3559031540964 -0.008510856072850244 0.0)
(69.37150544031337 -0.005765120188993269 0.0)
(69.38525255837173 -0.0036091137997972577 0.0)
(69.39779631517516 -0.002139606085290064 0.0)
(69.40912732099693 -0.0013202469191029248 0.0)
(69.4181227569842 -0.0007331951031251115 0.0)
(69.42549265839709 -0.00041009512721453456 0.0)
(69.4309804533571 -0.00021621391255827852 0.0)
(69.43484234562625 -9.646718623491392e-5 0.0)
(69.4374326893813 -3.349551672132086e-5 0.0)
(69.43899997207546 -7.783466265378886e-6 0.0)
(69.43967632578348 -5.825593448302033e-7 0.0)
(69.43984986472121 4.017182811407821e-8 0.0)
(69.43981426297754 -5.993762086427694e-7 0.0)
(69.43971767854526 -3.7609960916345343e-7 0.0)
(69.43973305468829 -1.5184420068198797e-7 0.0)
(69.46330488817203 -3.9569356860579146e-5 0.0)
(69.4633819771464 -0.0001292275403007614 0.0)
(69.46351982166938 -0.00023547316428881157 0.0)
(69.4637169122386 -0.0003630103188285331 0.0)
(69.46396568025317 -0.0005411757269300544 0.0)
(69.46423596010932 -0.0008207633866980604 0.0)
(69.46445340833696 -0.0012656091808642942 0.0)
(69.46449317215975 -0.0019561496330998377 0.0)
(69.4641446913844 -0.0029832649711375734 0.0)
(69.46311891498932 -0.004441101991718639 0.0)
(69.46103212116772 -0.006395276041256615 0.0)
(69.45744932627396 -0.008852582172887676 0.0)
(69.4518884314883 -0.011717978311085717 0.0)
(69.44392342775804 -0.014767313590174415 0.0)
(69.43328242754806 -0.01766592304279212 0.0)
(69.4208426164148 -0.02004183490121788 0.0)
(69.40457541989187 -0.025825754589741543 0.0)
(69.38605102481043 -0.03362311462249529 0.0)
(69.36696088987459 -0.041490006856081126 0.0)
(69.34771085115216 -0.04841997439684977 0.0)
(69.3296652354548 -0.053400764649149265 0.0)
(69.31425351312755 -0.05575891682310175 0.0)
(69.30262936692364 -0.05532448070712221 0.0)
(69.2955439457937 -0.0522740411703091 0.0)
(69.2931100141939 -0.04718393061451413 0.0)
(69.29537548592138 -0.04023215917051642 0.0)
(69.30226644777171 -0.03330288772226051 0.0)
(69.31234401151166 -0.02549069836504095 0.0)
(69.32618635756305 -0.0195640219949187 0.0)
(69.34102274550521 -0.014155784286759527 0.0)
(69.35621323807742 -0.009606453613536972 0.0)
(69.3716538079128 -0.006516417542884044 0.0)
(69.3853205955878 -0.004092667044630375 0.0)
(69.39781551886006 -0.002431710534330256 0.0)
(69.40912223343418 -0.001503954312069911 0.0)
(69.41810641344507 -0.0008376910021955006 0.0)
(69.42547069726292 -0.00047013208806615046 0.0)
(69.43095720994536 -0.00024887694331135273 0.0)
(69.43482075432685 -0.0001115674661324614 0.0)
(69.43741555892166 -3.8948178144886e-5 0.0)
(69.43898946829896 -9.104950611990857e-6 0.0)
(69.4396710311874 -7.131400249655904e-7 0.0)
(69.43984609043504 4.057493066930942e-8 0.0)
(69.43980722201697 -7.335881278973301e-7 0.0)
(69.43970194070711 -4.602148153433374e-7 0.0)
(69.43971190215824 -1.9046704659668414e-7 0.0)
(69.46330719198374 -3.9277801909081446e-5 0.0)
(69.46338610084258 -0.00012805283322033835 0.0)
(69.4635241157528 -0.00023305385496102853 0.0)
(69.46371832816736 -0.0003589918131230245 0.0)
(69.46396319992543 -0.0005339482022568316 0.0)
(69.46422684753523 -0.0008059699006789146 0.0)
(69.46443422802689 -0.0012348578481261566 0.0)
(69.4644578064663 -0.0018948286937876795 0.0)
(69.46408581002355 -0.0028683951223523988 0.0)
(69.46302762738934 -0.004238981598888204 0.0)
(69.46089815963967 -0.006060740589307446 0.0)
(69.45726283604344 -0.008329565068631067 0.0)
(69.45164264737593 -0.010942823660772307 0.0)
(69.44362297346018 -0.013678341903317893 0.0)
(69.43325184931341 -0.016215865545930415 0.0)
(69.41975516017494 -0.021797527915738163 0.0)
(69.40333736616051 -0.02954766897599169 0.0)
(69.38530077840021 -0.03792583590693035 0.0)
(69.3661209789861 -0.04600984260341875 0.0)
(69.34704505023737 -0.05263150719989765 0.0)
(69.32963404315802 -0.05673389767805583 0.0)
(69.31542752105976 -0.05775176260182334 0.0)
(69.30559480643849 -0.05568073935131877 0.0)
(69.3006332901355 -0.051061843298023046 0.0)
(69.30067405875774 -0.044202888046239015 0.0)
(69.3057634722841 -0.036873357751879526 0.0)
(69.31458186954748 -0.028591254699268168 0.0)
(69.32743528277557 -0.02190494769437379 0.0)
(69.34177310243577 -0.015928645233677794 0.0)
(69.35661393125262 -0.01082763664466048 0.0)
(69.37184910035512 -0.007355661931292915 0.0)
(69.38541496543061 -0.004636493138505781 0.0)
(69.39784929585512 -0.002761267386945709 0.0)
(69.40912634605121 -0.001711455626933632 0.0)
(69.41809737443107 -0.0009559026719536307 0.0)
(69.4254550085173 -0.0005380942273823568 0.0)
(69.43093962114284 -0.00028588561271925597 0.0)
(69.4348040364464 -0.00012869596361205952 0.0)
(69.43740211702644 -4.514160921714636e-5 0.0)
(69.4389811377219 -1.0608371190544387e-5 0.0)
(69.43966677998932 -8.652138513318574e-7 0.0)
(69.43984300941547 3.9862718230981815e-8 0.0)
(69.43980134279732 -8.902259434720714e-7 0.0)
(69.43968837949612 -5.577000051950915e-7 0.0)
(69.43969290507616 -2.3624732691305758e-7 0.0)
(69.46330897417961 -3.8996598867671854e-5 0.0)
(69.46339031086414 -0.00012686742534370307 0.0)
(69.46352778462737 -0.0002305473879434996 0.0)
(69.46372010911622 -0.00035482082774703947 0.0)
(69.46396077412105 -0.0005265170007573236 0.0)
(69.46421858220123 -0.0007910529869408489 0.0)
(69.46441638994577 -0.0012042914436831821 0.0)
(69.46442539659441 -0.0018345238846193739 0.0)
(69.46403184428648 -0.0027561877636619703 0.0)
(69.4629444037311 -0.00404252772986561 0.0)
(69.46077730292743 -0.005736962102445874 0.0)
(69.45709526590504 -0.007824787627922252 0.0)
(69.45142375701612 -0.010197141123034404 0.0)
(69.44322067728793 -0.012633767073870195 0.0)
(69.43267059373157 -0.017750957346211294 0.0)
(69.41884210753584 -0.025109591957393443 0.0)
(69.40257037378922 -0.03357139645229475 0.0)
(69.38432549203031 -0.04238210964595554 0.0)
(69.36510971025886 -0.05040493563639699 0.0)
(69.34639355687268 -0.0563355604206101 0.0)
(69.3299313310016 -0.05915325356026289 0.0)
(69.31733465179522 -0.05847670849858387 0.0)
(69.30960378121509 -0.054661533995751035 0.0)
(69.3071233654844 -0.04815671107511973 0.0)
(69.31009059349722 -0.04056932151546148 0.0)
(69.31738153564181 -0.03191098243421015 0.0)
(69.32903175308473 -0.024450976732008665 0.0)
(69.34272579563441 -0.01787933777171903 0.0)
(69.35712844835295 -0.012183918324989745 0.0)
(69.37210264817229 -0.008290339985003116 0.0)
(69.3855411563283 -0.005247163796550944 0.0)
(69.39789970314584 -0.003132756509749495 0.0)
(69.4091399374409 -0.0019456761183805366 0.0)
(69.41809512146529 -0.0010895808550613994 0.0)
(69.42544467597835 -0.0006149970378113863 0.0)
(69.43092667173332 -0.0003277988118004875 0.0)
(69.43479125359764 -0.0001481134577766347 0.0)
(69.4373916451563 -5.2170663410104626e-5 0.0)
(69.43897456995792 -1.231693917069211e-5 0.0)
(69.43966338951735 -1.0413763560246634e-6 0.0)
(69.43984051709771 3.7898989160735117e-8 0.0)
(69.4397964974826 -1.0719749581029286e-6 0.0)
(69.43967690329893 -6.700210075083824e-7 0.0)
(69.43967623861832 -2.900191162852069e-7 0.0)
(69.46331094931985 -3.8724808555983225e-5 0.0)
(69.46339380729528 -0.00012566791849357733 0.0)
(69.4635315529024 -0.00022797339796844481 0.0)
(69.46372157819063 -0.00035051039916991083 0.0)
(69.46395870144997 -0.0005189245829666302 0.0)
(69.46421085605328 -0.0007760584139028698 0.0)
(69.46440009301875 -0.0011739977662499812 0.0)
(69.46439553477136 -0.0017753010353716932 0.0)
(69.4639823090232 -0.0026467393994045667 0.0)
(69.46286905762865 -0.0038519562309938006 0.0)
(69.46066813843044 -0.005423908656466372 0.0)
(69.45694535525291 -0.007338338749997795 0.0)
(69.45075688159173 -0.009480468178985905 0.0)
(69.44307031054423 -0.013925433619230734 0.0)
(69.43207213369801 -0.020597806235747147 0.0)
(69.41811471306782 -0.028750766388697408 0.0)
(69.40155139216505 -0.03782929420953391 0.0)
(69.38309527754231 -0.046841332382680255 0.0)
(69.36395969354079 -0.05443110671429879 0.0)
(69.34586988115264 -0.05922259286591792 0.0)
(69.33074768676389 -0.06033899820968514 0.0)
(69.32014225167458 -0.05774930466408412 0.0)
(69.3148783191604 -0.05192456658056469 0.0)
(69.31539971797618 -0.04429779303761107 0.0)
(69.320859443494 -0.03539384724246799 0.0)
(69.33106109333842 -0.02718958148532585 0.0)
(69.34393038177416 -0.02000776479757704 0.0)
(69.35778571325436 -0.013683755209345267 0.0)
(69.37242891070494 -0.009327736638195977 0.0)
(69.38570638727809 -0.005931632760741537 0.0)
(69.3979697758357 -0.003551077121264265 0.0)
(69.40916385758051 -0.0022098407634220103 0.0)
(69.41809954400951 -0.0012406858322825322 0.0)
(69.42543909904072 -0.0007019808398113612 0.0)
(69.43091760931034 -0.0003752464355127072 0.0)
(69.4347816767585 -0.00017011478018483738 0.0)
(69.43738356709493 -6.014285136201329e-5 0.0)
(69.43896942531853 -1.4257063008537438e-5 0.0)
(69.43966070158011 -1.244589572658537e-6 0.0)
(69.43983851580218 3.453937267263182e-8 0.0)
(69.43979254714894 -1.2818426841719822e-6 0.0)
(69.43966733922387 -7.98858187001217e-7 0.0)
(69.43966191452603 -3.527034700281527e-7 0.0)
(69.46331233381046 -3.845891449995151e-5 0.0)
(69.46339733652441 -0.00012445898678193807 0.0)
(69.46353477943995 -0.00022533568281837046 0.0)
(69.4637230561622 -0.0003460866520354669 0.0)
(69.463956696237 -0.0005112001341301429 0.0)
(69.46420389595224 -0.0007610417281918066 0.0)
(69.46438500528691 -0.001144019417856384 0.0)
(69.46436789718054 -0.0017172275230474153 0.0)
(69.46393732612427 -0.0025402025595622664 0.0)
(69.4628005716626 -0.003667263438605939 0.0)
(69.4605700491258 -0.005121675451861508 0.0)
(69.45610092813791 -0.0068699723728582055 0.0)
(69.45094998786018 -0.010525684039690236 0.0)
(69.44275888555667 -0.01628364145058312 0.0)
(69.43143156040607 -0.02377881864629867 0.0)
(69.41713264999014 -0.03268428250594376 0.0)
(69.4002277309448 -0.04221037026269146 0.0)
(69.38160113990203 -0.05109364489700997 0.0)
(69.36273771745611 -0.05779111649147505 0.0)
(69.34562823524553 -0.060964842809087816 0.0)
(69.33227170094797 -0.06004496246983933 0.0)
(69.32406246749385 -0.05529792043107881 0.0)
(69.32184050551349 -0.04794146545389934 0.0)
(69.32514160407884 -0.03896344581308283 0.0)
(69.33362148294385 -0.03009755381694726 0.0)
(69.34544634156514 -0.02230763575097896 0.0)
(69.35862123020884 -0.01533393635399422 0.0)
(69.37284610432447 -0.010474770691081122 0.0)
(69.38591992836078 -0.006697146702874499 0.0)
(69.39806368734662 -0.004021550656785952 0.0)
(69.40919957609199 -0.0025074796391514275 0.0)
(69.41811093419228 -0.0014114057207035868 0.0)
(69.42543796159646 -0.000800322893006353 0.0)
(69.43091190703856 -0.00042893717793924727 0.0)
(69.43477475416817 -0.00019503288001525661 0.0)
(69.43737742888618 -6.917994153554744e-5 0.0)
(69.43896542769505 -1.6458784456671564e-5 0.0)
(69.4396585827296 -1.4782593324004371e-6 0.0)
(69.43983691831647 2.961899924176131e-8 0.0)
(69.43978935466242 -1.5232174250454203e-6 0.0)
(69.43965947006986 -9.461422873275395e-7 0.0)
(69.43964981958209 -4.25331116763047e-7 0.0)
(69.46331388125736 -3.819809507420441e-5 0.0)
(69.46340028308194 -0.00012323720201525858 0.0)
(69.46353781021816 -0.00022264669576160622 0.0)
(69.46372428541515 -0.0003415668385641607 0.0)
(69.46395500496442 -0.0005033794359931837 0.0)
(69.46419740678259 -0.0007460303190460593 0.0)
(69.46437087982292 -0.001114401723349763 0.0)
(69.46434277126963 -0.0016604102346186279 0.0)
(69.46389612910986 -0.0024365899179136625 0.0)
(69.46273876508623 -0.0034885348838472703 0.0)
(69.45961475687233 -0.00483012938611465 0.0)
(69.45654868699584 -0.007685317175347888 0.0)
(69.4508815833452 -0.012407302251853098 0.0)
(69.44223618022814 -0.018960325428390844 0.0)
(69.43055455099783 -0.027282978367292193 0.0)
(69.41583063541151 -0.036838129249958815 0.0)
(69.39855682745376 -0.04654749010143333 0.0)
(69.37986216882534 -0.05486909327696018 0.0)
(69.36155749793403 -0.060153539400623235 0.0)
(69.34586188138536 -0.06126476441809814 0.0)
(69.33473085907298 -0.058030796412224944 0.0)
(69.32954415999627 -0.05134729895990848 0.0)
(69.33035878267347 -0.042521245966723416 0.0)
(69.33682203444835 -0.033139786835588485 0.0)
(69.3473436938392 -0.024765704492247066 0.0)
(69.35967789867371 -0.017139059673310992 0.0)
(69.37337692601889 -0.011737883983213149 0.0)
(69.3861934912362 -0.0075511253702365165 0.0)
(69.39818696500967 -0.004549914006236949 0.0)
(69.40924926398056 -0.0028424230947614033 0.0)
(69.4181300037638 -0.0016041733301113182 0.0)
(69.42544121579563 -0.0009114493880054801 0.0)
(69.43090923688573 -0.0004896666786933599 0.0)
(69.43477008530736 -0.0002232432771141038 0.0)
(69.4373728805293 -7.941974596360381e-5 0.0)
(69.43896235656946 -1.8956281331384603e-5 0.0)
(69.43965692267439 -1.7463255280957856e-6 0.0)
(69.43983564925925 2.2936970158841917e-8 0.0)
(69.43978679282674 -1.7999310297326826e-6 0.0)
(69.4396530634005 -1.114090414509011e-6 0.0)
(69.43963975874425 -5.090650542957534e-7 0.0)
(69.46331498477257 -3.793927475461628e-5 0.0)
(69.4634030093804 -0.00012200438551226133 0.0)
(69.46354041483102 -0.00021991348086300216 0.0)
(69.46372553480093 -0.0003369726671517021 0.0)
(69.46395335954168 -0.000495479925156231 0.0)
(69.46419118026141 -0.0007310540316761358 0.0)
(69.4643580820138 -0.0010852175454865592 0.0)
(69.46431953490158 -0.0016048679912209819 0.0)
(69.4638588068279 -0.0023359758293949083 0.0)
(69.46172170323274 -0.003315705173075189 0.0)
(69.46023671458418 -0.005446447168510745 0.0)
(69.45666932768415 -0.009134776643647194 0.0)
(69.45048558189896 -0.01457554401487967 0.0)
(69.44151072854284 -0.02196386086045404 0.0)
(69.42937239655718 -0.031072731820592905 0.0)
(69.41414419856336 -0.041090732416647874 0.0)
(69.39651628251964 -0.05061022855396994 0.0)
(69.37794790023804 -0.05784407858122913 0.0)
(69.36059997878698 -0.06118185775798303 0.0)
(69.3468244326048 -0.059866787205460514 0.0)
(69.33859610357841 -0.054323336692815 0.0)
(69.33663650127777 -0.04594417607860243 0.0)
(69.34077895279516 -0.036266315569398536 0.0)
(69.34970313854424 -0.027361250510091386 0.0)
(69.36100668251784 -0.019101162539333368 0.0)
(69.37404936496445 -0.013122994441571596 0.0)
(69.38654169845593 -0.008501024457753418 0.0)
(69.39834676666752 -0.00514229830917127 0.0)
(69.40931591319935 -0.0032187831242846284 0.0)
(69.41815792359593 -0.001821680236859871 0.0)
(69.42544908074606 -0.0010369465431950284 0.0)
(69.43090945266789 -0.000558325825459234 0.0)
(69.43476740124005 -0.0002551688547023985 0.0)
(69.43736966047051 -9.101812016560749e-5 0.0)
(69.4389600391323 -2.1788450034509847e-5 0.0)
(69.43965563186867 -2.0533725553611437e-6 0.0)
(69.43983464500282 1.4237254893106891e-8 0.0)
(69.43978474861449 -2.116327712798228e-6 0.0)
(69.4396478921382 -1.3052421156386584e-6 0.0)
(69.4396314937046 -6.052238723897681e-7 0.0)
(69.4633160090032 -3.768120371455063e-5 0.0)
(69.46340530154059 -0.00012075991985880783 0.0)
(69.46354288269595 -0.0002171462734431008 0.0)
(69.46372656272356 -0.00033231370121189724 0.0)
(69.46395157860158 -0.00048752081753459034 0.0)
(69.46418561798552 -0.0007161616407012736 0.0)
(69.46434606705928 -0.001056484243567454 0.0)
(69.46429842768738 -0.0015506618755346483 0.0)
(69.46281476998445 -0.002238336795904557 0.0)
(69.46245330438255 -0.003769965006952001 0.0)
(69.46049230844332 -0.006529683561459384 0.0)
(69.45638804959358 -0.010829410232434401 0.0)
(69.44992847399689 -0.017051574494977777 0.0)
(69.44051735431881 -0.025284580391089474 0.0)
(69.42781014175527 -0.03507005958235778 0.0)
(69.41202008428465 -0.045259212577051296 0.0)
(69.39413059181807 -0.05409933849151693 0.0)
(69.376009720904 -0.059659412203639545 0.0)
(69.36013736945294 -0.06057295137510915 0.0)
(69.34900112845817 -0.05665051802492675 0.0)
(69.34407665426426 -0.049086066531003676 0.0)
(69.34560835233692 -0.039408245335758124 0.0)
(69.35261525449717 -0.030065746840569327 0.0)
(69.36266702104686 -0.021219344709352047 0.0)
(69.37489759621899 -0.014635494751758555 0.0)
(69.3869826432549 -0.009554188312078467 0.0)
(69.39855222699754 -0.0058051896051621674 0.0)
(69.40940349845053 -0.0036409161441402645 0.0)
(69.41819638787683 -0.0020668857431740393 0.0)
(69.42546205601853 -0.0011785700317314414 0.0)
(69.43091258289031 -0.0006359087704544757 0.0)
(69.43476655101968 -0.00029128495878705094 0.0)
(69.43736758331768 -0.00010415117903925541 0.0)
(69.43895834323463 -2.4999589840333205e-5 0.0)
(69.43965463879974 -2.4047681775575267e-6 0.0)
(69.43983385281621 3.1836357126310184e-9 0.0)
(69.43978312461317 -2.4773395681332264e-6 0.0)
(69.43964374712961 -1.5224978984398054e-6 0.0)
(69.43962477334225 -7.153056306107889e-7 0.0)
(69.46331674197565 -3.742209031692381e-5 0.0)
(69.46340745962515 -0.00011950543828317702 0.0)
(69.46354499428266 -0.00021434782361721904 0.0)
(69.46372721217496 -0.0003276008276791214 0.0)
(69.46395008515103 -0.0004795342480328857 0.0)
(69.46418021900243 -0.0007013663137775502 0.0)
(69.4643351507323 -0.001028248024060014 0.0)
(69.46324943326971 -0.0014977901224357737 0.0)
(69.46360860617278 -0.002566725332564148 0.0)
(69.46279767569307 -0.004560098339289437 0.0)
(69.46030266871955 -0.007813752916228616 0.0)
(69.455987070043 -0.012797057401707416 0.0)
(69.4491533795857 -0.019846121665503872 0.0)
(69.43917976243895 -0.02888267770266569 0.0)
(69.42579512472076 -0.03914274393602418 0.0)
(69.40944131322746 -0.0490854451399598 0.0)
(69.39150676004787 -0.05665497772720174 0.0)
(69.37431448688788 -0.05995715477404085 0.0)
(69.36065298598552 -0.058096205653417894 0.0)
(69.35273240454724 -0.0517795651669275 0.0)
(69.3514148220025 -0.04247340178706782 0.0)
(69.3561779321182 -0.0328423063284088 0.0)
(69.36472683314378 -0.02348884632833957 0.0)
(69.37596295364833 -0.01628020104927426 0.0)
(69.3875385551748 -0.010717673676317882 0.0)
(69.3988148839792 -0.006545355728722604 0.0)
(69.40951718834212 -0.004113365552509529 0.0)
(69.41824770471908 -0.0023430167475763115 0.0)
(69.4254809512761 -0.001338251429975458 0.0)
(69.43091883303241 -0.0007235202208055851 0.0)
(69.43476749420212 -0.00033212465510071764 0.0)
(69.43736653073698 -0.0001190177512793438 0.0)
(69.43895717153013 -2.8640206232854494e-5 0.0)
(69.43965388736603 -2.806840894363897e-6 0.0)
(69.43983322960304 -1.0674623424976486e-8 0.0)
(69.43978183877606 -2.8885694012335905e-6 0.0)
(69.43964044341497 -1.7691622812509797e-6 0.0)
(69.43961935463585 -8.410130954867145e-7 0.0)
(69.46331748167492 -3.7161035434777195e-5 0.0)
(69.46340927509885 -0.00011823893440520576 0.0)
(69.4635466116027 -0.0002115220628837968 0.0)
(69.46372792357312 -0.0003228538133410718 0.0)
(69.4639484085089 -0.00047152892608886144 0.0)
(69.46417533682938 -0.0006867008804612966 0.0)
(69.46329325670371 -0.0010005147561693273 0.0)
(69.46407401795476 -0.00173176670820918 0.0)
(69.46400675491431 -0.003132563246756912 0.0)
(69.4626748412611 -0.005508917799549341 0.0)
(69.46002885088141 -0.009328180036308233 0.0)
(69.45542027968366 -0.01506122897525618 0.0)
(69.4480894561439 -0.022950001369807876 0.0)
(69.43741603369737 -0.032674899810136555 0.0)
(69.42327635418698 -0.043086288983415454 0.0)
(69.40646176504823 -0.052234481361317704 0.0)
(69.38887474080961 -0.05788168947314447 0.0)
(69.37331800940491 -0.058420714870119156 0.0)
(69.36258211183413 -0.05382816564663199 0.0)
(69.35827658123077 -0.04533775005257687 0.0)
(69.36049134473066 -0.03564225094812961 0.0)
(69.36726199094277 -0.025898450012435324 0.0)
(69.37729495402496 -0.018060931791417618 0.0)
(69.3882365945203 -0.01199794320176352 0.0)
(69.39914919721356 -0.007369713303779217 0.0)
(69.4096636146398 -0.0046407783827645925 0.0)
(69.41831491643683 -0.0026535552680015326 0.0)
(69.42550693304887 -0.0015180995135504686 0.0)
(69.43092859791803 -0.0008223811688718883 0.0)
(69.43477029917938 -0.00037828403866761165 0.0)
(69.43736644562243 -0.00013584205643992454 0.0)
(69.43895645687786 -3.276796731037639e-5 0.0)
(69.4396533345584 -3.267113118151402e-6 0.0)
(69.43983274052256 -2.795006038409721e-8 0.0)
(69.43978082316143 -3.356383746045287e-6 0.0)
(69.43963782226945 -2.0489920377207005e-6 0.0)
(69.43961501510147 -9.842811914379136e-7 0.0)
(69.46331801771166 -3.689619335863744e-5 0.0)
(69.46341061826203 -0.00011695948220983035 0.0)
(69.46354818740649 -0.00020867898905453278 0.0)
(69.46372825061535 -0.0003180769057439951 0.0)
(69.4639469235787 -0.0004635270003185152 0.0)
(69.46314537389144 -0.0006721719530980388 0.0)
(69.46412899093846 -0.0011654836282743346 0.0)
(69.46450205358387 -0.002131651530594174 0.0)
(69.46392999019182 -0.003820079727464394 0.0)
(69.4624952799455 -0.00664416058605502 0.0)
(69.45963587115574 -0.011102401289145792 0.0)
(69.45462682146876 -0.017634426704674678 0.0)
(69.44665416888573 -0.026322837028903808 0.0)
(69.43515105890285 -0.03651589159346474 0.0)
(69.42025404929241 -0.046614199877685135 0.0)
(69.4032473756832 -0.05430616197060545 0.0)
(69.38663220802977 -0.057398841447709285 0.0)
(69.37350592320097 -0.05499354066072636 0.0)
(69.36622806481427 -0.04782785130434761 0.0)
(69.36565005510732 -0.03839300030277554 0.0)
(69.3703551488929 -0.02842402928202826 0.0)
(69.37895227561641 -0.01997888544245289 0.0)
(69.38910979579614 -0.013400162644100039 0.0)
(69.3995731720384 -0.008285085389141175 0.0)
(69.40985120854867 -0.005227788391364906 0.0)
(69.41840195354244 -0.0030022072598262727 0.0)
(69.42554159090707 -0.0017203949575012936 0.0)
(69.43094248447406 -0.0009338316143828476 0.0)
(69.43477514768486 -0.00043042729785137637 0.0)
(69.43736732936499 -0.00015487663630135576 0.0)
(69.43895615909742 -3.744884492779503e-5 0.0)
(69.43965294851544 -3.7946110963470883e-6 0.0)
(69.43983235766119 -4.9484317058690364e-8 0.0)
(69.43978002221404 -3.888017105039112e-6 0.0)
(69.43963575047488 -2.3662504215989384e-6 0.0)
(69.43961155894023 -1.1473069132604294e-6 0.0)
(69.46331821692834 -3.662621619374233e-5 0.0)
(69.46341194485608 -0.00011566992197274249 0.0)
(69.4635492924913 -0.00020581890239889668 0.0)
(69.46372858324783 -0.00031328361576066395 0.0)
(69.46292955626843 -0.0004555332655789159 0.0)
(69.46398152929544 -0.0007877036980579233 0.0)
(69.464571678765 -0.0014455635867939465 0.0)
(69.46445600755554 -0.0026224989790856086 0.0)
(69.46381642778212 -0.004653272786239073 0.0)
(69.46223392971075 -0.00799589794597296 0.0)
(69.45907505099389 -0.013161557726111908 0.0)
(69.45353073921704 -0.020509603450036166 0.0)
(69.44475936490721 -0.029876197588727248 0.0)
(69.43233891560448 -0.0401834266025367 0.0)
(69.41681654942363 -0.04935759900740877 0.0)
(69.40011018646176 -0.05488421886608325 0.0)
(69.38526480538997 -0.05501081502746539 0.0)
(69.3752379228996 -0.04970529327671942 0.0)
(69.37173079735027 -0.04097475021528987 0.0)
(69.37409331399616 -0.031015619404841318 0.0)
(69.38100338152142 -0.022028188858046967 0.0)
(69.39019815372434 -0.01492661654823098 0.0)
(69.40010909298327 -0.009297751429461185 0.0)
(69.41009061443509 -0.005878850072712529 0.0)
(69.41851382611183 -0.003392845935761566 0.0)
(69.42558702611313 -0.001947575260697543 0.0)
(69.43096134598356 -0.0010593292329123725 0.0)
(69.43478234553042 -0.0004892909328987747 0.0)
(69.4373692424014 -0.00017640550945598806 0.0)
(69.43895626300841 -4.275850517941496e-5 0.0)
(69.43965270701386 -4.4002843373948455e-6 0.0)
(69.43983205882346 -7.644366998498523e-8 0.0)
(69.43977939093556 -4.491689777856346e-6 0.0)
(69.43963411809109 -2.72576868696184e-6 0.0)
(69.4396088186981 -1.3325822932641684e-6 0.0)
(69.4633185282764 -3.635108916922974e-5 0.0)
(69.4634128321081 -0.00011436811327215431 0.0)
(69.463550325752 -0.00020294839305269984 0.0)
(69.46272202668263 -0.00030847596484272097 0.0)
(69.4637611463031 -0.0005359591821044211 0.0)
(69.46442984476035 -0.0009829082185680814 0.0)
(69.46454568646016 -0.0017922373648790928 0.0)
(69.46438701406424 -0.0032238432244923497 0.0)
(69.46364906369662 -0.005659473621813518 0.0)
(69.4618542573079 -0.009594206962194268 0.0)
(69.4582820956995 -0.01552069403343276 0.0)
(69.45204208622343 -0.02364634249646209 0.0)
(69.442326368687 -0.033457036793972446 0.0)
(69.42899301610859 -0.043368398336761205 0.0)
(69.413174221442 -0.05089992704811675 0.0)
(69.39748675887992 -0.0536586124887835 0.0)
(69.38518033201727 -0.05068358403241971 0.0)
(69.37877240353666 -0.0431989030201329 0.0)
(69.3785618741143 -0.03357902480223965 0.0)
(69.38352592574867 -0.024186836280812016 0.0)
(69.39154971202986 -0.016573596224106483 0.0)
(69.40078433904637 -0.010412619514720837 0.0)
(69.41039518681872 -0.006597992082576827 0.0)
(69.4186568573703 -0.0038294219336136143 0.0)
(69.42564596569282 -0.0022022066795325647 0.0)
(69.43098632951258 -0.0012004416338293384 0.0)
(69.43479234013635 -0.0005556868024226006 0.0)
(69.43737230801297 -0.0002007474270109153 0.0)
(69.43895677783485 -4.878401258377762e-5 0.0)
(69.4396525963741 -5.097575094305203e-6 0.0)
(69.4398318264931 -1.1045659813957057e-7 0.0)
(69.43977889311293 -5.176742124990944e-6 0.0)
(69.43963283558631 -3.133014733735962e-6 0.0)
(69.4396066541943 -1.5429308712370313e-6 0.0)
(69.46331852483544 -3.606937891350727e-5 0.0)
(69.46341367916023 -0.00011305574533469557 0.0)
(69.462551927158 -0.00020006689946248878 0.0)
(69.46354776931886 -0.000363642266370016 0.0)
(69.46421006612631 -0.0006714541857373345 0.0)
(69.46441640065865 -0.0012260490422050998 0.0)
(69.46450604649753 -0.0022206969614171545 0.0)
(69.46428412329257 -0.003958640785480688 0.0)
(69.4634020373414 -0.006868266801244371 0.0)
(69.46130585955792 -0.011465656497802715 0.0)
(69.45717484858966 -0.01817437143466407 0.0)
(69.45006586025401 -0.026955056635481586 0.0)
(69.43930907108425 -0.036831160081898184 0.0)
(69.42522200908918 -0.045689432603908585 0.0)
(69.40967646690919 -0.05085923939351187 0.0)
(69.39580655838226 -0.05049656292401613 0.0)
(69.3867458690107 -0.04481582404145623 0.0)
(69.38383099887562 -0.035962395865766605 0.0)
(69.38660307064754 -0.026403686000029174 0.0)
(69.39322116063174 -0.018326402653394823 0.0)
(69.40163216835317 -0.011631773915344585 0.0)
(69.41078156672532 -0.007388446357020538 0.0)
(69.41883896235008 -0.0043158296370192474 0.0)
(69.42572190615896 -0.0024869396407562303 0.0)
(69.43101893802343 -0.0013588297596819551 0.0)
(69.43480574578362 -0.0006305028773144604 0.0)
(69.43737671962595 -0.00022825930065388536 0.0)
(69.43895773793729 -5.56259138562231e-5 0.0)
(69.4396526108119 -5.903201912883323e-6 0.0)
(69.43983164695561 -1.5380974145911395e-7 0.0)
(69.4397784997273 -5.953787961051424e-6 0.0)
(69.43963183080042 -3.5941699803860164e-6 0.0)
(69.43960495000798 -1.7815477652852065e-6 0.0)
(69.46331859773858 -3.578098039187539e-5 0.0)
(69.46242093492017 -0.00011173084379767759 0.0)
(69.46337216339684 -0.0002361267635721088 0.0)
(69.46399504053201 -0.0004564677415984876 0.0)
(69.46420381591417 -0.0008409216213513045 0.0)
(69.46439523689938 -0.0015285359931739907 0.0)
(69.46444605969157 -0.0027491808990016357 0.0)
(69.46412991847251 -0.00485293129638456 0.0)
(69.46303850854166 -0.00830964149898994 0.0)
(69.46052042692732 -0.013626140397756547 0.0)
(69.45565757854534 -0.02108325723627448 0.0)
(69.44751863660524 -0.030277453408719207 0.0)
(69.43572916890376 -0.03967962058218278 0.0)
(69.42126858181898 -0.046740821427069694 0.0)
(69.40673633337626 -0.04899073437021922 0.0)
(69.39552137607491 -0.045566984010387536 0.0)
(69.38993197230126 -0.037964703801414056 0.0)
(69.39031413134308 -0.02858773176851772 0.0)
(69.39527683950227 -0.02015335907755208 0.0)
(69.40269220156982 -0.012952206656967986 0.0)
(69.41127030530637 -0.008252106272631487 0.0)
(69.41906997208562 -0.00485571653881031 0.0)
(69.42581929061264 -0.0028044428161862166 0.0)
(69.43106110967898 -0.0015362196077936747 0.0)
(69.43482337733633 -0.0007147005173404052 0.0)
(69.4373827520878 -0.00025933955406747596 0.0)
(69.43895920495652 -6.340087629433305e-5 0.0)
(69.4396527522103 -6.8382481316948535e-6 0.0)
(69.4398315095957 -2.0972931992998143e-7 0.0)
(69.43977818755481 -6.83489055723032e-6 0.0)
(69.43963104608946 -4.116213664977642e-6 0.0)
(69.43960361230786 -2.052043804594677e-6 0.0)
(69.46232926461484 -3.548474483717747e-5 0.0)
(69.46323638148917 -0.00013220205394772787 0.0)
(69.46381709805286 -0.000296762679793379 0.0)
(69.4639924119981 -0.0005728189849127495 0.0)
(69.46419332289634 -0.0010526814402233389 0.0)
(69.4643624208434 -0.0019042786182783403 0.0)
(69.46435442073425 -0.003399025541370893 0.0)
(69.46389900232786 -0.005935078324244727 0.0)
(69.46250602512788 -0.010009479109209827 0.0)
(69.45941290998627 -0.016070609827601855 0.0)
(69.45363187202578 -0.024154921830268156 0.0)
(69.44435959592886 -0.03337077486434065 0.0)
(69.43172327900267 -0.041617019012309894 0.0)
(69.41749001708104 -0.04618241301085145 0.0)
(69.40484944519392 -0.045257516171068796 0.0)
(69.39682817912315 -0.03937183220502871 0.0)
(69.39471837257992 -0.030609321001512427 0.0)
(69.39778460413336 -0.022001683009691977 0.0)
(69.40401012614295 -0.014362902577907866 0.0)
(69.41188644929798 -0.009188803413438987 0.0)
(69.41936199642525 -0.00545221406679461 0.0)
(69.42594372310272 -0.0031573113362082595 0.0)
(69.43111531665151 -0.0017343584049830589 0.0)
(69.4348462938124 -0.0008093067309670335 0.0)
(69.43739077727766 -0.0002944312293696841 0.0)
(69.43896127155797 -7.224499255710895e-5 0.0)
(69.4396530303288 -7.929657187515937e-6 0.0)
(69.4398314063423 -2.8278699009996613e-7 0.0)
(69.43977793799424 -7.833766034139673e-6 0.0)
(69.4396304357475 -4.707015994680236e-6 0.0)
(69.43960256561631 -2.358493074148724e-6 0.0)
(69.4631408824855 -4.2131018152272397e-5 0.0)
(69.46367890100584 -0.00016657013532176765 0.0)
(69.46381600675323 -0.0003728732647038902 0.0)
(69.46398734165588 -0.0007185571374526559 0.0)
(69.4641763210361 -0.0013169911290403973 0.0)
(69.4643106913521 -0.0023699100464086445 0.0)
(69.46421433615552 -0.004194546210862256 0.0)
(69.46355350002906 -0.007233235221067589 0.0)
(69.46173583898995 -0.011982463568616862 0.0)
(69.45788745063965 -0.018756647965896326 0.0)
(69.45102118443265 -0.02722280430589543 0.0)
(69.44063598796942 -0.035903190057344436 0.0)
(69.42756333394546 -0.042248778645667215 0.0)
(69.4143733044096 -0.043803204357295934 0.0)
(69.40439310549989 -0.040000622305301714 0.0)
(69.3998349949833 -0.03231621976108773 0.0)
(69.40080762329245 -0.023798397956211706 0.0)
(69.40563604997642 -0.015842028305861306 0.0)
(69.41265992524735 -0.010195458312749425 0.0)
(69.41972980765756 -0.006107558542061322 0.0)
(69.42610222247747 -0.0035479424082425852 0.0)
(69.4311846862292 -0.0019549512088786352 0.0)
(69.4348758529769 -0.000915399119612279 0.0)
(69.4374012848085 -0.0003340245886757977 0.0)
(69.43896406690575 -8.231796890243545e-5 0.0)
(69.43965346350839 -9.212314600651005e-6 0.0)
(69.43983133125094 -3.7947370076888497e-7 0.0)
(69.43977773608088 -8.966019820263974e-6 0.0)
(69.43962996382785 -5.375438879054045e-6 0.0)
(69.43960174973452 -2.7054843868671467e-6 0.0)
(69.46358117772596 -5.3264490956748655e-5 0.0)
(69.46367816840005 -0.00020981838961589937 0.0)
(69.46381327750721 -0.00046835940598321857 0.0)
(69.46397847679272 -0.0009009653932405893 0.0)
(69.4641480321372 -0.0016463144798155205 0.0)
(69.46422908334957 -0.002944992801994285 0.0)
(69.4639994825791 -0.0051618385138727406 0.0)
(69.46304150373159 -0.008770990031533057 0.0)
(69.46064483427321 -0.014219640327007106 0.0)
(69.45585482836444 -0.021583713857884976 0.0)
(69.4478084687297 -0.03002761223791382 0.0)
(69.43652180166016 -0.037476959047793634 0.0)
(69.42367506788733 -0.04123387292634404 0.0)
(69.41240706822644 -0.03972247864527652 0.0)
(69.40562602924905 -0.0335532098523926 0.0)
(69.40439312365716 -0.025455382591311207 0.0)
(69.40762120658592 -0.01735499944974202 0.0)
(69.41362549499229 -0.011265157982513813 0.0)
(69.42019121385721 -0.006822554549930396 0.0)
(69.426303514977 -0.003978367951385343 0.0)
(69.43127314673596 -0.0021995719390566154 0.0)
(69.43491377834009 -0.0010340810580052092 0.0)
(69.43741490849503 -0.0003786586646250199 0.0)
(69.43896776419909 -9.380845946218822e-5 0.0)
(69.43965407990447 -1.0731923610446998e-5 0.0)
(69.4398312802325 -5.090199498789929e-7 0.0)
(69.43977756966443 -1.024941889692688e-5 0.0)
(69.43962960231373 -6.131440139552368e-6 0.0)
(69.43960111706146 -3.098175463601344e-6 0.0)
(69.46358001070243 -6.731943265690277e-5 0.0)
(69.4636760731883 -0.0002642211628998608 0.0)
(69.46380801958243 -0.0005880951251934906 0.0)
(69.46396245759276 -0.001128992944397062 0.0)
(69.46410116067916 -0.0020556454456794144 0.0)
(69.46409940647725 -0.0036516232230140114 0.0)
(69.46367224326872 -0.006326474054553395 0.0)
(69.46229616320076 -0.010558967974144821 0.0)
(69.45914653129948 -0.01667127707859685 0.0)
(69.45325963405024 -0.02436946261338264 0.0)
(69.44407525360508 -0.03221481358953126 0.0)
(69.4323414465979 -0.037678910065386 0.0)
(69.42057465949044 -0.03846511110996297 0.0)
(69.41198720419357 -0.03417128193528008 0.0)
(69.40856061625959 -0.026871896766501962 0.0)
(69.41001328897113 -0.018852814042377014 0.0)
(69.41482206185262 -0.012385923504776075 0.0)
(69.42076737937515 -0.0075957975297128305 0.0)
(69.42655835871979 -0.004450021143953342 0.0)
(69.4313856003591 -0.002469541005758168 0.0)
(69.43496223960635 -0.0011664436563260851 0.0)
(69.43743245943428 -0.00042892119046403844 0.0)
(69.43897259058885 -0.00010694080004052611 0.0)
(69.43965491936936 -1.2548953359948864e-5 0.0)
(69.43983125091451 -6.845549559834606e-7 0.0)
(69.43977742874864 -1.1704212112854763e-5 0.0)
(69.4396293296166 -6.9861840682519994e-6 0.0)
(69.43960063028653 -3.5423473088041337e-6 0.0)
(69.46357744523169 -8.505720672209004e-5 0.0)
(69.46367195771948 -0.000332635061811626 0.0)
(69.46379765339536 -0.0007381146540593181 0.0)
(69.46393418850903 -0.0014135742563198344 0.0)
(69.46402284941287 -0.002562519837618658 0.0)
(69.46389468402538 -0.004513462393001139 0.0)
(69.4631811387831 -0.007708455980247397 0.0)
(69.46124166245687 -0.012582471279908454 0.0)
(69.45716824608853 -0.01922466665370105 0.0)
(69.45010987760956 -0.02683285161122036 0.0)
(69.4400264959286 -0.03336299604701037 0.0)
(69.42855642216637 -0.036221317481040405 0.0)
(69.41874623163815 -0.0340321372442491 0.0)
(69.41329090285457 -0.027930341447477497 0.0)
(69.41285076926287 -0.020268547285769635 0.0)
(69.41629114625677 -0.013538327260228675 0.0)
(69.42148303478166 -0.008422495547609692 0.0)
(69.42687988172315 -0.00496338430416521 0.0)
(69.43152812368754 -0.002765758359385429 0.0)
(69.43502394707089 -0.0013135105714808177 0.0)
(69.43745496644829 -0.0004854458357348188 0.0)
(69.4389788399218 -0.00012198347298987981 0.0)
(69.43965603611487 -1.474402525683377e-5 0.0)
(69.43983124266701 -9.247314013956625e-7 0.0)
(69.43977730494301 -1.3353503832380502e-5 0.0)
(69.4396291294127 -7.952148634690291e-6 0.0)
(69.43960026045896 -4.044458370674449e-6 0.0)
(69.4635729386244 -0.00010743853384269491 0.0)
(69.4636636933918 -0.0004186188973763618 0.0)
(69.46377840022615 -0.0009258646741041194 0.0)
(69.46388421160131 -0.001767792150871904 0.0)
(69.46389351648148 -0.0031867752885310985 0.0)
(69.46357594565433 -0.005553053663272297 0.0)
(69.46246346131862 -0.009314279762955931 0.0)
(69.45980263306029 -0.014784012561626555 0.0)
(69.454669088061 -0.021682485264495607 0.0)
(69.44649695628343 -0.028599636569906155 0.0)
(69.43600805586865 -0.033081039597370264 0.0)
(69.42566654415342 -0.03303151917855649 0.0)
(69.41851464363089 -0.028495114229587806 0.0)
(69.41615541797901 -0.021512267173426813 0.0)
(69.4180741798363 -0.014691026793087978 0.0)
(69.42236645556028 -0.009292658148445206 0.0)
(69.42728389297903 -0.005517418083449231 0.0)
(69.43170819332396 -0.0030884773462499073 0.0)
(69.43510225929151 -0.0014761606647282364 0.0)
(69.43748372445363 -0.0005489054446195344 0.0)
(69.43898688879905 -0.00013925948798480895 0.0)
(69.43965750236427 -1.7425145728183827e-5 0.0)
(69.4398312568264 -1.2559863120798562e-6 0.0)
(69.43977719103103 -1.5223689129002253e-5 0.0)
(69.43962898972161 -9.04322363734506e-6 0.0)
(69.4395999854655 -4.6116926177562726e-6 0.0)
(69.46356463981769 -0.0001356662770167461 0.0)
(69.46364834499963 -0.0005265945936144088 0.0)
(69.46374301666464 -0.0011603769549308497 0.0)
(69.46379800822572 -0.0022069481585440956 0.0)
(69.46368367886095 -0.003949286009556846 0.0)
(69.46309312885057 -0.00678720939302007 0.0)
(69.46144977395159 -0.011124744433674201 0.0)
(69.45791300250085 -0.017042997923959424 0.0)
(69.45165132596094 -0.023751825231280502 0.0)
(69.44262512683282 -0.0292574558749951 0.0)
(69.43246047890877 -0.031147862956062127 0.0)
(69.4241008859813 -0.02843332801811272 0.0)
(69.41992122968283 -0.022471568692604773 0.0)
(69.42020775163398 -0.015795203583403247 0.0)
(69.42344889567502 -0.01018860591798881 0.0)
(69.42778908186527 -0.006108643103717269 0.0)
(69.4319349254726 -0.0034370046576710045 0.0)
(69.43520130112948 -0.0016550222598843425 0.0)
(69.4375203508912 -0.0006199995404305455 0.0)
(69.43899721647625 -0.0001591587045711657 0.0)
(69.4396594132706 -2.0737255668248625e-5 0.0)
(69.43983129719122 -1.7156374506677165e-6 0.0)
(69.4397770806372 -1.7344960728885612e-5 0.0)
(69.43962890223614 -1.0274788876683343e-5 0.0)
(69.43959978879984 -5.2519959007952375e-6 0.0)
(69.46355019146706 -0.0001712417101367666 0.0)
(69.46362020073731 -0.0006619651562618301 0.0)
(69.46368054567944 -0.0014524079616419856 0.0)
(69.4636531759431 -0.0027480209769753477 0.0)
(69.46335426929282 -0.00486947312629524 0.0)
(69.46238713173365 -0.008219182256033056 0.0)
(69.46006746752035 -0.013078617593726229 0.0)
(69.4555189434349 -0.019156678872531505 0.0)
(69.44818794465989 -0.02506333400362884 0.0)
(69.43882059034738 -0.028483135904764832 0.0)
(69.42985295987032 -0.02765950824594294 0.0)
(69.4241002298795 -0.02302750831717117 0.0)
(69.42271578637408 -0.016782480789804616 0.0)
(69.42476285282214 -0.011082541802633844 0.0)
(69.42841694301949 -0.006729836935223651 0.0)
(69.4322192997797 -0.003809324558377411 0.0)
(69.43532608545888 -0.001850332179203691 0.0)
(69.43756684948177 -0.0006994340710389843 0.0)
(69.43901042913276 -0.0001821516293435952 0.0)
(69.43966189347526 -2.4874491631697713e-5 0.0)
(69.43983137090765 -2.356057081259942e-6 0.0)
(69.43977696800215 -1.9751886600202706e-5 0.0)
(69.43962886185346 -1.1663750718193319e-5 0.0)
(69.43959965864023 -5.974091404916234e-6 0.0)
(69.4635249836098 -0.00021600540338916646 0.0)
(69.46357089481937 -0.0008312096181590065 0.0)
(69.46357391415481 -0.0018142049244129447 0.0)
(69.4634197368677 -0.0034083593644798544 0.0)
(69.46285783195566 -0.005960524775555319 0.0)
(69.46139122189022 -0.009826724945043193 0.0)
(69.45823815366118 -0.015052180455149857 0.0)
(69.4525973117902 -0.02083344121310463 0.0)
(69.44446977278032 -0.025253293061989115 0.0)
(69.43552339639538 -0.02617594410569373 0.0)
(69.42859133919744 -0.02308415786834647 0.0)
(69.42559915860626 -0.017571540652061277 0.0)
(69.4263384709296 -0.01193596965352216 0.0)
(69.4291911734582 -0.007368621450618447 0.0)
(69.43257430481394 -0.0042016856072595275 0.0)
(69.43548262601523 -0.002061756252367446 0.0)
(69.43762567910525 -0.0007878913266433259 0.0)
(69.4390272889346 -0.00020880334919944166 0.0)
(69.43966510580279 -3.009533775054038e-5 0.0)
(69.43983148992837 -3.250155975960168e-6 0.0)
(69.43977684788965 -2.248405278812532e-5 0.0)
(69.43962886639822 -1.3228512360411453e-5 0.0)
(69.43959958716736 -6.78745904227451e-6 0.0)
(69.46348253534003 -0.0002721652640671674 0.0)
(69.46348733716374 -0.0010417490903016548 0.0)
(69.46340034988042 -0.002258791315707869 0.0)
(69.46306111736176 -0.004202827141072785 0.0)
(69.46213955504955 -0.007221253329946139 0.0)
(69.46002598865823 -0.011544155416109661 0.0)
(69.4558854154463 -0.016838335029951683 0.0)
(69.44921600423774 -0.021725240599395523 0.0)
(69.44085193679028 -0.024075189502159564 0.0)
(69.43324172822246 -0.022592865645562905 0.0)
(69.42882620980917 -0.01808196414659007 0.0)
(69.42819807881689 -0.012702347424617023 0.0)
(69.43013629519636 -0.008006589170980544 0.0)
(69.43301490202205 -0.004608253205271242 0.0)
(69.43567802148296 -0.0022881806957950838 0.0)
(69.43769982331447 -0.0008859884161455945 0.0)
(69.43904874811138 -0.00023978482473150983 0.0)
(69.43966926272176 -3.674029290022122e-5 0.0)
(69.43983167332418 -4.498346631247393e-6 0.0)
(69.43977671567347 -2.5586732168318716e-5 0.0)
(69.43962891652707 -1.4988830582989715e-5 0.0)
(69.43959957010512 -7.702259150869321e-6 0.0)
(69.46341259057844 -0.00034223849938901807 0.0)
(69.46335211241848 -0.001301513493440333 0.0)
(69.46313210870598 -0.0027982726786184727 0.0)
(69.46253529565529 -0.005138586205561014 0.0)
(69.46113183856838 -0.00862238267920392 0.0)
(69.45819793086505 -0.013237525115299855 0.0)
(69.45298762348445 -0.018142313033693177 0.0)
(69.44561545129218 -0.021503585717711493 0.0)
(69.43786498924486 -0.021553082192851437 0.0)
(69.43232892008952 -0.018245044722996394 0.0)
(69.43035011769359 -0.013331230115214794 0.0)
(69.4312754796029 -0.0086194342076659 0.0)
(69.43355768880738 -0.005020953548076635 0.0)
(69.43592048417453 -0.0025275058945418223 0.0)
(69.43779285298659 -0.0009942230895819055 0.0)
(69.43907598791984 -0.0002758767301922814 0.0)
(69.43967464134145 -4.525057670246863e-5 0.0)
(69.43983195085524 -6.236949646943719e-6 0.0)
(69.43977656769287 -2.9111492023308567e-5 0.0)
(69.43962901581386 -1.6965495456444752e-5 0.0)
(69.43959960645864 -8.729168935231002e-6 0.0)
(69.46330127270063 -0.00042887980644758423 0.0)
(69.46314364941851 -0.0016179557633542022 0.0)
(69.46273742443606 -0.003440730786361839 0.0)
(69.46178977185646 -0.006205832435246913 0.0)
(69.45974642147712 -0.010084657338868774 0.0)
(69.45583378297876 -0.014681589855364188 0.0)
(69.44966865673638 -0.0186180099964332 0.0)
(69.44227018238776 -0.01999511248736133 0.0)
(69.43600644624365 -0.01800348490316854 0.0)
(69.43278408773278 -0.013769068898997474 0.0)
(69.43262784057656 -0.009177351871578393 0.0)
(69.43422018048373 -0.00542945160062569 0.0)
(69.43621928623962 -0.0027764867430308464 0.0)
(69.43790897133515 -0.0011129033736395652 0.0)
(69.4391104619337 -0.00031795829580641064 0.0)
(69.43968160281919 -5.618444372479688e-5 0.0)
(69.4398323683725 -8.647561031381627e-6 0.0)
(69.43977640201574 -3.311655507458524e-5 0.0)
(69.43962917103056 -1.9179735122817617e-5 0.0)
(69.43959969842966 -9.879088597011554e-6 0.0)
(69.46313035033558 -0.0005345248926138537 0.0)
(69.46283642322223 -0.0019964167606906533 0.0)
(69.46217586140371 -0.004184789923329137 0.0)
(69.46075008848793 -0.007361998354676197 0.0)
(69.4578888139996 -0.011451864076923963 0.0)
(69.45295932051489 -0.015564598665617473 0.0)
(69.4462898832664 -0.01796874789484435 0.0)
(69.43973305908422 -0.01730682558481322 0.0)
(69.43546662855451 -0.01395464387926556 0.0)
(69.4342052987854 -0.00964379910016653 0.0)
(69.4350196732705 -0.005820742084314916 0.0)
(69.43658460179311 -0.0030306133194961124 0.0)
(69.43805302878732 -0.001242046476020773 0.0)
(69.43915394252033 -0.00036696978106797985 0.0)
(69.43969061707207 -7.022453897812569e-5 0.0)
(69.43983299580418 -1.1966061021181411e-5 0.0)
(69.43977621982059 -3.766655452366806e-5 0.0)
(69.43962939264699 -2.1652200357819473e-5 0.0)
(69.43959985150174 -1.1162655654941961e-5 0.0)
(69.46287621489542 -0.0006608735102429556 0.0)
(69.46239639407946 -0.0024376008615193873 0.0)
(69.4613857993623 -0.005010192508264522 0.0)
(69.45931905990733 -0.008509358425132492 0.0)
(69.4555146668359 -0.012477800502745332 0.0)
(69.44979842990914 -0.015550649602335632 0.0)
(69.44336684373278 -0.016118955292976717 0.0)
(69.43833726763901 -0.013815966739437883 0.0)
(69.43600828186266 -0.009971956269986126 0.0)
(69.43597152959627 -0.006177474266022688 0.0)
(69.4370272096671 -0.0032838636547064884 0.0)
(69.43823049564054 -0.0013812010196883316 0.0)
(69.43920856865932 -0.00042383120070854473 0.0)
(69.43970229348635 -8.816512229203377e-5 0.0)
(69.43983393864552 -1.6488540819535286e-5 0.0)
(69.43977602769398 -4.28310297984411e-5 0.0)
(69.43962969558787 -2.440131279417064e-5 0.0)
(69.4396000746841 -1.2589481852675373e-5 0.0)
(69.4625051836713 -0.0008082377620693233 0.0)
(69.46176942581715 -0.002933344085733452 0.0)
(69.46027544727276 -0.005862922214871962 0.0)
(69.4574105998285 -0.00947639941779058 0.0)
(69.45271861894932 -0.012855502705421509 0.0)
(69.44675954923201 -0.014441866677174904 0.0)
(69.4413039477013 -0.013279954306173906 0.0)
(69.43801910619632 -0.01010225476259579 0.0)
(69.43708637596187 -0.006474692211632533 0.0)
(69.43755793696101 -0.0035279511742663827 0.0)
(69.43844737735398 -0.0015290865464048216 0.0)
(69.43927689162406 -0.0004892884048476495 0.0)
(69.43971741773494 -0.00011086183015350081 0.0)
(69.43983535390856 -2.2569283179794115e-5 0.0)
(69.43977584123147 -4.8680551142773606e-5 0.0)
(69.43963010029259 -2.7440665207001548e-5 0.0)
(69.43960038090637 -1.4166994917930774e-5 0.0)
(69.46196426699251 -0.0009745345124311301 0.0)
(69.46087050543154 -0.0034588780682875647 0.0)
(69.45874035647489 -0.0066384663372521975 0.0)
(69.45502052817346 -0.010023666131978057 0.0)
(69.44977086996805 -0.012336376853278567 0.0)
(69.44424275057537 -0.012296542075941478 0.0)
(69.44019357696556 -0.009966742889430965 0.0)
(69.43836553717364 -0.006676354462634484 0.0)
(69.43818654719999 -0.00375066591579968 0.0)
(69.43871003552755 -0.001682872457309733 0.0)
(69.43936190977743 -0.0005636363856939568 0.0)
(69.43973699342716 -0.00013911954338005164 0.0)
(69.43983747120046 -3.0602971081830774e-5 0.0)
(69.4397756903899 -5.5278695316657985e-5 0.0)
(69.43963063412636 -3.077503222175155e-5 0.0)
(69.43960078754537 -1.589872969945643e-5 0.0)
(69.46117321183198 -0.001153030952023405 0.0)
(69.45959272215183 -0.003961207642538868 0.0)
(69.45671578456157 -0.00717486291443912 0.0)
(69.45228753589512 -0.00991245850172977 0.0)
(69.44700803306108 -0.01086153797362432 0.0)
(69.44245476029467 -0.009501795718601635 0.0)
(69.43979477566435 -0.006734305307965175 0.0)
(69.43891963651203 -0.003933285254747291 0.0)
(69.43902481730609 -0.0018368951927272559 0.0)
(69.4394670694719 -0.0006462397673912547 0.0)
(69.43976228411574 -0.00017348755511885816 0.0)
(69.43984061863033 -4.0979772514288814e-5 0.0)
(69.43977562699749 -6.266722580950146e-5 0.0)
(69.43963133317033 -3.4394374828541025e-5 0.0)
(69.43960131704954 -1.778187141522841e-5 0.0)
(69.46003086730732 -0.0013280039877905348 0.0)
(69.4578441698577 -0.004348601858157283 0.0)
(69.45423970195829 -0.007281781491204245 0.0)
(69.44945391613716 -0.009016226792655705 0.0)
(69.44469453334882 -0.00866186676906752 0.0)
(69.44133802701597 -0.006591235548766073 0.0)
(69.43975725287453 -0.004047654748725545 0.0)
(69.43939730129982 -0.00198072452485046 0.0)
(69.43959617753792 -0.000734748449655155 0.0)
(69.4397948441582 -0.0002139295656941698 0.0)
(69.43984525102728 -5.3998720459201006e-5 0.0)
(69.43977573454691 -7.08409399211e-5 0.0)
(69.43963224435113 -3.8265038985282274e-5 0.0)
(69.4396019975867 -1.980381163604783e-5 0.0)
(69.45843970826628 -0.0014696236195734244 0.0)
(69.45559907081152 -0.004498026989226115 0.0)
(69.45145711601025 -0.006817713482192622 0.0)
(69.44678477391496 -0.0074234473520453995 0.0)
(69.4429338191521 -0.006186104827487655 0.0)
(69.44068845043222 -0.0040539614508612815 0.0)
(69.43983088525538 -0.0020967887578820185 0.0)
(69.43975311652397 -0.0008239373964933536 0.0)
(69.43983651239114 -0.00025934715761106477 0.0)
(69.4398519737003 -6.972402406495244e-5 0.0)
(69.43977613966 -7.970815132107731e-5 0.0)
(69.43963342772045 -4.231719606953961e-5 0.0)
(69.43960286357643 -2.1937460061950403e-5 0.0)
(69.45634111599567 -0.0015346175245597952 0.0)
(69.4529217639085 -0.004300839711470881 0.0)
(69.44859145850644 -0.005777325072106159 0.0)
(69.44449553039614 -0.00545953032223975 0.0)
(69.44168638850573 -0.0039004371882664433 0.0)
(69.44032441122354 -0.002158245563135884 0.0)
(69.4399411826037 -0.0009042548701675184 0.0)
(69.4398893161627 -0.0003069734104376722 0.0)
(69.4398615477889 -8.777486035643435e-5 0.0)
(69.43977702309998 -8.903355311042298e-5 0.0)
(69.439634958394 -4.642758595691495e-5 0.0)
(69.43960395585539 -2.413509121703988e-5 0.0)
(69.45374785736065 -0.0014823593628287707 0.0)
(69.449977680082 -0.0037216832630318527 0.0)
(69.44591270186946 -0.004360628142524827 0.0)
(69.44270326024508 -0.003527045889032038 0.0)
(69.44086853417183 -0.0021284470835966633 0.0)
(69.44016179779682 -0.0009605104265334572 0.0)
(69.4399551942941 -0.00035173858153333287 0.0)
(69.43987485263062 -0.00010705879786672152 0.0)
(69.43977862559062 -9.836371445991966e-5 0.0)
(69.43963692714514 -5.039712117799745e-5 0.0)
(69.4396053210481 -2.6320652387106382e-5 0.0)
(69.45078322763632 -0.0012958317973896121 0.0)
(69.4470477480648 -0.0028614558305426595 0.0)
(69.44366451234943 -0.002876560102519688 0.0)
(69.44144059874428 -0.001964155110006315 0.0)
(69.44041232678747 -0.0009716665251014389 0.0)
(69.44003540662763 -0.0003858595708560894 0.0)
(69.43989276781883 -0.0001255011426141087 0.0)
(69.43978123983423 -0.00010694352843660826 0.0)
(69.4396394378542 -5.392434021479794e-5 0.0)
(69.4396070094513 -2.8380823288256443e-5 0.0)
(69.44772460636621 -0.0010051856140060708 0.0)
(69.44446197843612 -0.0019155242869176533 0.0)
(69.441998197195 -0.0016250063499765855 0.0)
(69.44068285118033 -0.0009131802717249314 0.0)
(69.44012949036778 -0.0003991019966381349 0.0)
(69.43991592843375 -0.0001398914382033015 0.0)
(69.4397851756577 -0.00011364625604772517 0.0)
(69.43964259897618 -5.65787947406483e-5 0.0)
(69.43960907038908 -3.0155815870011272e-5 0.0)
(69.44494802412778 -0.0006777443940508593 0.0)
(69.4424728279839 -0.0010897866661004453 0.0)
(69.4409522085636 -0.0007632012026071263 0.0)
(69.44023371934449 -0.00038028878971313235 0.0)
(69.43994431527605 -0.0001460480737544765 0.0)
(69.43979068258885 -0.00011696024509219394 0.0)
(69.43964650518069 -5.7783988459841605e-5 0.0)
(69.4396115435834 -3.143208594916546e-5 0.0)
(69.44276709155852 -0.00038615418015614574 0.0)
(69.44118455914776 -0.0005123280089581044 0.0)
(69.44033930507649 -0.0003203976709028676 0.0)
(69.43997669158598 -0.00013953236226433622 0.0)
(69.43979781870942 -0.00011509621231076147 0.0)
(69.43965120503684 -5.682742093730033e-5 0.0)
(69.43961444477699 -3.194091676140925e-5 0.0)
(69.44132883879787 -0.00018080930421988386 0.0)
(69.44043106644507 -0.000216791286578982 0.0)
(69.44001001030585 -0.0001170000718402547 0.0)
(69.43980627421632 -0.0001062843174970455 0.0)
(69.43965665241188 -5.292370499672231e-5 0.0)
(69.4396177439869 -3.136913207158066e-5 0.0)
(69.44048774742825 -7.71352724011544e-5 0.0)
(69.4400390697776 -7.788350435288979e-5 0.0)
(69.43981519780567 -8.929147752063073e-5 0.0)
(69.43966264496436 -4.5360036398639487e-5 0.0)
(69.43962133599703 -2.9390494352257448e-5 0.0)
(69.44005680317991 -2.71674738021128e-5 0.0)
(69.43982311984642 -6.406888706648446e-5 0.0)
(69.43966876402527 -3.3742776159713076e-5 0.0)
(69.43962500594911 -2.572728910788938e-5 0.0)
(69.43982807853175 -2.4744442239405207e-5 0.0)
(69.43967434403683 -1.8328702807209014e-5 0.0)
(69.4396283990192 -2.0248656702453687e-5 0.0)
(69.43967850625596 -4.87826777922428e-6 0.0)
(69.43963101213507 -1.3102599808641661e-5 0.0)
(69.439632236125 -4.576597070342191e-6 0.0)
);
boundaryField
{
	inlet
	{
		type fixedValue;
		value uniform (69.44 0.0 0.0);
	}

	outlet
	{
		type zeroGradient;
	}

	bump
	{
		type fixedValue;
		value uniform (0.0 0.0 0.0);
	}

	frontAndBack
	{
		type empty;
	}

	top
	{
		type zeroGradient;
	}

	symUp
	{
		type zeroGradient;
	}

	symDown
	{
		type zeroGradient;
	}

}
