FoamFile
{
    version     2.0;
    format      ascii;
    class       volScalarField;
    location    "1";
    object      y;
}

internalField   nonuniform List<scalar>
13770
(
0.02003184579735251
0.020042802513013047
0.010076959798271723
0.02004584582387592
0.01008247094521586
0.010112077994921087
0.02004688485178896
0.010084002302646944
0.01011758862902834
0.01015182423547678
0.02004741647923991
0.010084526122559723
0.010119120012388905
0.010157334152266273
0.01019680827218128
0.020047853662299886
0.010084795519945011
0.010119643832418035
0.010158865474874545
0.010202317562395535
0.010247720531166848
0.020048350180216
0.01008501827074415
0.01011991316008043
0.010159389199582591
0.010203848981259256
0.010253229203330605
0.01030534181469811
0.02004900920114716
0.010085271735392531
0.010120135819908782
0.01015965844422606
0.01020437281494413
0.010254760607155688
0.010310849980532666
0.01037055640897755
0.020049882487509052
0.010085608154428272
0.010120389255003026
0.010159881311283314
0.010204642142145559
0.010255284372727047
0.010312381447878494
0.010376064123097883
0.010444365095485075
0.020051011986474965
0.010086054279757839
0.010120725563874444
0.010160135523027414
0.010204865113549566
0.010255553571777654
0.010312905254470373
0.010377595646057003
0.010449872445827957
0.010527900252030875
0.02005247713182312
0.010086630585468548
0.01012117173603233
0.010160472649224594
0.010205119521855543
0.010255776528284244
0.010313174441842321
0.010378119505153549
0.010451403959094385
0.010533407473906742
0.01062244426394443
0.02005442162926352
0.01008737606888399
0.010121748576334966
0.01016091897723026
0.010205456797034884
0.010256031175165603
0.010313397368493682
0.010378388768331526
0.010451927775910974
0.010534939162050172
0.010627951264948088
0.01072944722984115
0.020057052753527316
0.01008836597338103
0.010122494693457718
0.010161495204544124
0.010205903394130189
0.010256368410192174
0.010313651983900662
0.01037861188586664
0.010452197047708722
0.010535463160775471
0.010629482947630109
0.010734954046210277
0.010850550774339496
0.020060614505235552
0.010089706165044454
0.01012348431510457
0.010162240371945686
0.010206479629911058
0.010256814329050457
0.010313989033948978
0.01037886693904877
0.010452420389574613
0.010535732597666048
0.010630006868698416
0.010736485701926313
0.010856057688236831
0.010987613810881314
0.020065379339352596
0.010091515418689134
0.01012482233833456
0.010163229531605644
0.01020722415104025
0.010257389976773723
0.010314434892811697
0.010379204603652603
0.010452675998550376
0.010535955909389827
0.01063027620054946
0.010737009546754273
0.010857589485485875
0.010993120916361399
0.011142739291067016
0.020071737883841756
0.010093931540454903
0.01012663204510833
0.010164567604697083
0.010208213267584476
0.010258134853652123
0.010315010836946747
0.010379650821695563
0.010453014180334286
0.010536211085064195
0.010630499377676017
0.010737278874636047
0.010858113448428242
0.010994652736740385
0.011148246751470303
0.011318307316617648
0.02008020362661167
0.010097157198997841
0.010129052498156987
0.010166379022725991
0.010209550485466679
0.010259124266625896
0.010315755672763771
0.010380226137475468
0.010453460124527858
0.010536548621446151
0.010630754433930356
0.01073750217684033
0.010858382914876508
0.010995176657538686
0.011149778643347652
0.011323815260013248
0.011517011968641633
0.020091384439738125
0.010101449099211735
0.010132276789549088
0.010168801502780767
0.010211362029259874
0.010260459883585149
0.010316744184183158
0.010380969768901238
0.010454034620097197
0.01053699416369902
0.010631092012062027
0.01073775747915029
0.010858606237940549
0.010995446124830721
0.011150302594420403
0.011325347227995941
0.011522520458640884
0.011741902467170107
0.020106102994274178
0.010107116461806065
0.01013656965009524
0.01017202681214524
0.010213788132321433
0.010262271928838551
0.01031807832735332
0.010381957832398037
0.010454777854252306
0.0105375685943363
0.010631537535751967
0.010738095360320443
0.010858861307722734
0.01099566951071207
0.011150572131691128
0.01132587121018247
0.011524052452768885
0.011747411615928627
0.011996429981298462
0.020125677809434972
0.010114585646144647
0.010142246425528967
0.010176321463323923
0.010217012063378661
0.01026470132823043
0.010319891426225247
0.010383291222456847
0.010455765235091619
0.010538311942104528
0.010632111799621313
0.010738540757691872
0.01085919910101385
0.010995924592895001
0.011150795574643269
0.011326140803994633
0.011524576419785326
0.011748943723668859
0.012001939725841737
0.01228449995880787
0.02015185106977313
0.010124485404052308
0.010149719281832503
0.010181989165708671
0.010221301066755117
0.010267925860762084
0.010322324572077157
0.010385104815214596
0.010457097983808339
0.010539299255015955
0.010632855122476137
0.010739114655859083
0.010859644764856569
0.010996262219904906
0.011151050543193541
0.011326364294443003
0.011524846065927186
0.011749467827162796
0.012003471832437107
0.012290010229998316
0.01261053273599444
0.02018724362645452
0.010137722356491352
0.010159610692460852
0.010189454947598264
0.010226964221744517
0.010272217335721479
0.01032555315126249
0.010387542084292711
0.010458912862052472
0.010540630951746621
0.010633842107220737
0.010739858307065475
0.010860218598852
0.010996707332483702
0.011151387980025795
0.011326619161892815
0.011525069763733242
0.011749737691943984
0.012003995922318822
0.012291542327345972
0.012616043413647304
0.012979531110092424
0.020236217626732333
0.010155657375017668
0.010172837540448398
0.010199356472911703
0.01023443051249906
0.010277883595747994
0.010329846272806087
0.010390769946959644
0.01046135086479616
0.010542445675916667
0.010635173696930345
0.010740845251324238
0.010860961405072977
0.010997280903566775
0.011151832942573492
0.011326956373261865
0.011525324968432393
0.011749961669666575
0.012004265811436987
0.012292066424337555
0.012617575467934294
0.012985042053213824
0.01339715732115021
0.020305606779328134
0.010180442927883782
0.010190769013902035
0.0102125865138456
0.010244327643031959
0.010285344955455855
0.01033550409078643
0.010395054949513316
0.01046458016351437
0.010544888861857338
0.010636988980613715
0.010742175703102319
0.010861947917629955
0.010998024483264146
0.011152406289467898
0.011327401301334916
0.011525662455433405
0.011750217091268667
0.012004489928036932
0.012292336322452968
0.012618099552752504
0.012986574043018173
0.013402668383987404
0.013869819893069568
0.02040774321158567
0.010215582612758567
0.010215557379112283
0.010230503462009821
0.010257561233530943
0.010295236647446693
0.01034296157770509
0.010400712292691239
0.010468867237256596
0.010548124021192429
0.010639433116899966
0.010743991003117515
0.010863279577546514
0.010999011024378724
0.011153149773123872
0.01132797509390393
0.011526107552099596
0.011750554576238414
0.012004745617485213
0.012292560409445485
0.012618369450814626
0.012987098135823771
0.013404200340731975
0.013875330776253136
0.014404770869727912
0.02056655849789424
0.01026734506897764
0.010250691137422052
0.010255294345583366
0.010275496080693891
0.01030847258974621
0.01035286026507265
0.010408171242163533
0.01047452108312541
0.01055240971296989
0.010642669440617425
0.010746437076338822
0.0108650957352312
0.011000342000625274
0.011154136744955245
0.01132871931771895
0.011526681489037571
0.011750999655088634
0.01200508318188831
0.012292815962836379
0.012618593588569205
0.012987368111217812
0.013404724462256823
0.013876862530533884
0.014410281527371893
0.01501021853515816
0.020832381737891925
0.010347969753790487
0.010302442629775754
0.010290432139546724
0.01030028128591809
0.01032641204587037
0.010366095743694181
0.01041806515512178
0.01048197373642168
0.010558058183101515
0.01064695113562486
0.01074967403027749
0.010867544536547591
0.011002159723306093
0.011155468578545324
0.011329705957082936
0.011527425656680634
0.011751573796487946
0.01200552798844523
0.01229315323392477
0.01261884936132418
0.012987592428306272
0.01340499442798393
0.013877386464374197
0.014411813074947766
0.015015729203698314
0.01569545378222159
0.021318224817840292
0.010483838232915765
0.010383034437256633
0.010342166731212465
0.010335403614955219
0.010351202021470662
0.010384029971937991
0.010431301549328253
0.0104918671589731
0.010565503792515862
0.010652598691032189
0.010753955610832477
0.010870788392223218
0.011004611061387948
0.011157284981664795
0.011331037058791793
0.011528411896678747
0.011752318290093378
0.012006101942434455
0.012293598135451944
0.012619186978060526
0.012987848429159676
0.0134052185892779
0.013877656179314357
0.014412336835614603
0.015017260713769076
0.015700964554373087
0.016470991236305466
0.022047841716523298
0.01074021391398805
0.010518779413623669
0.010422724186927468
0.010387125095522975
0.010386303874217795
0.010408817124060832
0.010449242746442877
0.010505105740371334
0.010575399438693012
0.010660047682160112
0.010759601016937737
0.010875068036958702
0.011007853993413086
0.011159734541394073
0.011332854720338403
0.011529744009917131
0.01175330436483435
0.012006846600502108
0.012294173109443918
0.012619632051420915
0.012988185961745558
0.013405474224085445
0.013877879999749432
0.014412606375261205
0.015017784517237232
0.015702495940438155
0.01647650227054953
0.017348731498194603
0.013347944197562356
0.011273372121557212
0.010774605016178995
0.010558321718402652
0.010467635141009346
0.010437997232624063
0.010443914968751855
0.010474023131997079
0.010523047756212378
0.010588642643574175
0.01066993762501589
0.0107670429403397
0.010880704157177234
0.011012132005046027
0.011162979564415032
0.011335308029742919
0.011531563131240041
0.011754636104961413
0.012007832620339443
0.012294917922992532
0.012620206699365255
0.012988630546582947
0.013405811244395771
0.013878135261103708
0.014412830064300053
0.015018054076212373
0.01570301969690302
0.016478033616525778
0.017354242797376074
0.01834214311160398
0.00999573783850849
1.4087671068807595e-5
0.011303699480531115
0.010813517148089424
0.010603080476289328
0.010518468863567776
0.010495585564256338
0.0105091098655139
0.0105478277177955
0.010606587227052877
0.010683180837979478
0.010776936770946932
0.010888142848357596
0.011017769339780159
0.011167258991346074
0.011338556007062905
0.011534016465989616
0.011756453620468399
0.012009163833038627
0.012295902279013227
0.012620950486913252
0.012989205081295196
0.013406255488657592
0.013878472033135303
0.014413085313657703
0.015018277623751075
0.01570328927677256
0.016478557445809727
0.017355774030049176
0.018347654618974474
0.019466469690549992
0.010010488008147522
4.415220583275925e-5
1.455540868278149e-5
0.01133800545391539
0.01085756565165763
0.01065374220476123
0.010576000942033481
0.010560774131445072
0.01058290575254972
0.010631361333314437
0.010701131391536833
0.010790179647151454
0.010898035143200424
0.011025204353074969
0.011172893059826272
0.011342831012869148
0.011537262902492351
0.01175890401433577
0.01201098135843548
0.012297233626115123
0.01262193436297565
0.012989948270846874
0.01340683006055432
0.013878916520152274
0.01441342216350261
0.015018532508704219
0.015703512984448942
0.016478827131871654
0.017356297815621424
0.01834918567749355
0.019471981464156407
0.020738963409889344
0.010027237665171107
7.825211350009909e-5
4.5584401615172965e-5
1.4555397495286115e-5
0.011376784009669016
0.010907409171765359
0.010711079830216796
0.010641122193479902
0.010634541455732283
0.010666420682931665
0.010725896049954109
0.01080811999872644
0.010911279498623472
0.011035091557941357
0.011180325671087843
0.011348457132775103
0.011541538690328146
0.011762151688826883
0.012013434441255022
0.012299053460814946
0.012623264785558419
0.012990930919436927
0.013407572779851051
0.01387949182578474
0.014413866885387705
0.015018869210524421
0.015703768192385503
0.016479050884103508
0.017356567436824122
0.018349709362997402
0.019473512387262026
0.02074447551956382
0.022179150416952176
0.010046260598585377
0.00011693933155143554
8.070280804250984e-5
4.5584349514626865e-5
1.4555396544047028e-5
0.011420626827807201
0.010963807329337882
0.010775964239710945
0.010714818918266644
0.010718025938647457
0.010760937389640013
0.010832881394185812
0.010929217868792307
0.011048339462506718
0.011190215117870217
0.01135589028303663
0.011547165829076889
0.01176643103993591
0.01201668219653218
0.01230150580502265
0.012625082410594679
0.012992261129458171
0.013408555784769405
0.013880234468509833
0.014414442599821164
0.015019314850685639
0.01570410525170285
0.01647930597972458
0.017356791050630704
0.018349978860473293
0.01947403604621023
0.020746006330803368
0.02218466285367704
0.023809130709504522
0.010067863949056122
0.0001608437672118157
0.0001204498240721108
8.070239962520986e-5
4.558431818235675e-5
1.4555398010429599e-5
0.011470173854743582
0.01102760909349687
0.010849390021626881
0.01079820785636798
0.010812506671483035
0.010867906979924236
0.01095396446533936
0.011066279334125184
0.011203459709482111
0.011365779778128804
0.011554591784619817
0.011772055703207052
0.01202095740447362
0.012304752185519519
0.012627534273542906
0.01299408036252192
0.013409887465131831
0.0138812176216776
0.014415185329358593
0.015019891472393354
0.0157045511174827
0.016479643102765174
0.017357045874061505
0.018350202285353667
0.019474305550033932
0.020746529988288742
0.0221861935218417
0.023814643434399763
0.025653916077833294
0.010092425396856175
0.0002106851717851299
0.00016543596547169415
0.0001204484328409805
8.070230731416217e-5
4.558426408873828e-5
1.4555387591208557e-5
0.01152616173656007
0.011099780437380247
0.010932476762482324
0.010892582360171765
0.01091943733299594
0.010988971087616761
0.01109101769722276
0.011221394333392531
0.011379023150062118
0.011564478656668875
0.011779483422460046
0.012026581220591304
0.012309029450558562
0.012630782976673416
0.012996533106671038
0.013411708994716776
0.013882548939338157
0.014416168169979038
0.01502063343650839
0.015705127323074386
0.016480089679133947
0.01735738284360444
0.018350456887313626
0.019474528997890594
0.020746799462438403
0.02218671716856324
0.023816173975522936
0.025659428973691334
0.02774181431017908
0.010120380642915094
0.00026728673235432154
0.00021635273351794382
0.00016543250320388836
0.00012044826253720942
8.070225994671887e-5
4.558428738032916e-5
1.4555383244463371e-5
0.011589425001223397
0.011181433046432154
0.01102649566026237
0.01099939491258528
0.011040465011969758
0.011125998315318242
0.011246131991242692
0.011396949712378479
0.011577724300489756
0.01178936743156278
0.012034009190839079
0.01231465040217472
0.012635062944751141
0.012999779543045875
0.013414160969837496
0.013884367910788953
0.01441749820220295
0.015021616493784862
0.015705869016381158
0.01648066562647088
0.01735782972175226
0.018350794094805778
0.019474783631997283
0.020747022788852654
0.02218698666501151
0.02381669761689409
0.02566095930968615
0.027747327355866602
0.030104864977164247
0.010152221432560005
0.0003315908914363064
0.0002739829226028334
0.00021634501615608315
0.00016543201516849848
0.0001204481936287749
8.070221600409155e-5
4.5584265249587475e-5
1.4555391351755986e-5
0.011660881990089855
0.011273796773532574
0.011132892716002374
0.01112028276085919
0.011177437734091633
0.01128108601047817
0.01142167117440085
0.011595642534511619
0.011802604797527927
0.012043891504299076
0.012322074478267275
0.012640682840339146
0.013004056768535222
0.013417403825732421
0.013886818946430957
0.01441931848831679
0.015022948969034111
0.01570685192842447
0.016481405934128723
0.017358405478877792
0.018351241817752495
0.01947512117653094
0.02074727734900428
0.022187210007619917
0.023816967039131498
0.02566148289459136
0.027748857618188794
0.030110377892663465
0.03277932917426085
0.01018852941266779
0.0004046775731527674
0.0003392135572406474
0.00027396777308563713
0.00021634402007730813
0.0001654319555024486
0.00012044810770106551
8.070219076738994e-5
4.558426988321429e-5
1.4555395156712336e-5
0.011741598343079751
0.011378271880862378
0.0112532945593804
0.011257098043016
0.01133246137738464
0.011456604046842678
0.011620345918220032
0.011820520140377155
0.012057125094217191
0.012331955369369929
0.012648104446420838
0.013009679218870751
0.013421681401462493
0.013890065457622391
0.014421770496904074
0.015024769908693614
0.01570818296628218
0.0164823878537268
0.017359145997213332
0.018351817371569545
0.01947556932850336
0.02074761542679049
0.022187464601771012
0.02381719018663908
0.025661752319336983
0.02774938124831028
0.030111907929951442
0.03278484185202668
0.03580624658424192
0.010229971702603091
0.00048778548268124666
0.00041304955581367153
0.0003391853244405496
0.00027396571149918003
0.00021634390312463836
0.00016543186037409896
0.00012044797962040832
8.070223803890997e-5
4.5584253790309504e-5
1.4555386722570063e-5
0.011832737019304318
0.011496439360276334
0.011389540636532303
0.01141193233556681
0.011507908520094645
0.0116552380917323
0.01184520860144822
0.012075027975432029
0.012345184768087769
0.012657980752291742
0.013017101240731854
0.013427301556158788
0.01389434317475402
0.014425012872568033
0.015027218847903256
0.01571000319177429
0.016483718686657767
0.017360128511384687
0.018352557924893986
0.019476144252079663
0.020748064078428996
0.022187802996351813
0.023817444912788588
0.025661975545230753
0.027749650566766704
0.03011243146324638
0.032786371861217134
0.03581175865990005
0.03923206699303883
0.010277351184131422
0.0005823369795843192
0.000496629597248166
0.0004129989632586373
0.0003391813691253631
0.0002739652503960244
0.00021634376543033795
0.00016543165877536126
0.00012044805695321514
8.07022107176536e-5
4.558427376721852e-5
1.4555383939018895e-5
0.01193562329415343
0.011630082840404121
0.011543707758733035
0.0115871551938449
0.011706461391381318
0.011880054649767935
0.012099698150140448
0.01236307671575787
0.012671203017278643
0.013026970871228727
0.013434720921266852
0.013899961774584746
0.014429290483950474
0.015030459286273334
0.01571245407776889
0.01648553919293505
0.01736146133933847
0.018353540711381733
0.01947688419621585
0.02074863823286499
0.02218825167836247
0.02381778441321636
0.025662230582096157
0.027749873429647742
0.03011270072946637
0.03278689545879043
0.03581328865567013
0.039237577924020606
0.043109360706015565
0.01033160521664156
0.0006899672660187761
0.0005912450008453973
0.0004965427060694694
0.0004129918159732071
0.0003391802585070991
0.00027396502954868396
0.00021634355025312857
0.00016543166127735986
0.0001204480823489007
8.070218912425986e-5
4.55842770810122e-5
1.4555392140458423e-5
0.012051756291755034
0.011781215973589276
0.011718147104234689
0.011785453236467625
0.011931167581532343
0.012134501359696515
0.012387720169535044
0.012689084471652734
0.013040184546712297
0.013444589846508315
0.013907377520929742
0.014434912184020376
0.015034736198208165
0.015715695756014725
0.016487990041968104
0.0173632821757419
0.01835487235337485
0.019477865426581253
0.0207493784094801
0.022188825771738863
0.0238182333369803
0.0256625704878779
0.027750128487133985
0.030112923691347326
0.03278716469625298
0.03581381229372127
0.039239107823262565
0.043114870235243075
0.04749762566885263
0.010393846254452832
0.0008125578993078975
0.0006983600222154607
0.0005911001013769734
0.000496529976993898
0.000412989814929432
0.00033917978615072286
0.00027396469980889293
0.0002163434028403799
0.00016543164827975687
0.00012044811541489508
8.070219636291398e-5
4.558426178569164e-5
1.4555394127313548e-5
0.01218280850513409
0.011952102201723491
0.01191551680024272
0.012009853323448283
0.012185484567407201
0.012422467796444181
0.012713697255303913
0.013058050367471985
0.013457791342693426
0.01391723975299719
0.014442324067085899
0.015040356269529376
0.01571996924410346
0.016491229938065288
0.017365728901545197
0.01835669197915113
0.019479197156456074
0.020750361469208833
0.022189566447116782
0.02381880601441555
0.02566301861621323
0.027750469318831072
0.030113179457424977
0.03278738763209699
0.035814081493464656
0.03923963122598639
0.0431164001540818
0.047503133979300394
0.05246420337089486
0.010465406538085809
0.0009522754536810396
0.0008196369282780225
0.0006981248443498345
0.0005910785433531629
0.000496526337791181
0.00041298884575891037
0.0003391794784315394
0.0002739644280973508
0.0002163432746984384
0.00016543175993888326
0.00012044803386235259
8.070218068922941e-5
4.5584276191945605e-5
1.455539817296625e-5
0.012330666818760605
0.012145299800268461
0.012138825458476
0.012263792887210911
0.01247330638516786
0.012748373342425623
0.013082628547018693
0.013475636857033457
0.01393043211309486
0.014452177307587633
0.015047764901285454
0.015725586829245408
0.01649550466100269
0.017368966822473908
0.018359141423961667
0.019481018356408697
0.020751694329679715
0.02219054903326967
0.02381954510423334
0.02566359118733974
0.02775091748328329
0.030113521102045127
0.032787644065559896
0.035814304268638075
0.03923990005173028
0.04311692348701435
0.047504664051575496
0.0524697108869594
0.05808530927487521
0.010547868868656884
0.0011116162252537976
0.0009569639698554511
0.0008192632237005171
0.0006980893688242062
0.0005910720772144273
0.0004965248158441682
0.0004129884073167389
0.00033917902943692013
0.0002739642690539057
0.0002163433435251605
0.00016543170561522658
0.00012044797868071555
8.070217224798171e-5
4.55842664708328e-5
1.4555391413040297e-5
0.012497447048372301
0.012363691444848612
0.012391462998135871
0.01255116654339794
0.012799031774680003
0.013117221448244898
0.013500171902150804
0.013948253724547222
0.01446535497660939
0.015057611589263331
0.0157329920325866
0.016501121343827307
0.01737323990255657
0.01836237767929738
0.019483466321276843
0.02075351282042437
0.022191881473871078
0.023820526673524967
0.025664331067772217
0.027751490253333344
0.03011396849514192
0.03278798623287038
0.03581456070764677
0.03924012282503142
0.043117192287359885
0.04750518716525587
0.05247124104725387
0.058090817354210955
0.06444720485851363
0.010643131732162914
0.001293457547875576
0.0011124863713716238
0.000956379671365859
0.0008192059759624115
0.0006980787175150382
0.0005910697229847273
0.0004965240053138587
0.0004129878665493081
0.00033917885946621595
0.00027396428041992493
0.00021634328983832773
0.00016543159013959752
0.00012044799358612579
8.070218138467311e-5
4.558427741319093e-5
1.4555385333459014e-5
0.012685537415642045
0.012610525481024482
0.012677268495491667
0.012876359826065276
0.013167654647117999
0.013534663492179355
0.013972733300002815
0.014483149912890347
0.015070768759502862
0.015742827471960652
0.016508516558737973
0.017378854231873575
0.018366645178782726
0.019486701594038536
0.020755957755237198
0.022193700554608675
0.02382185918920765
0.02566531413180506
0.027752230623899088
0.030114540408681556
0.03278843216662786
0.03581490235756313
0.03924038045043243
0.04311741526762525
0.047505455545380215
0.052471764068403814
0.05809234806045893
0.06445271444724199
0.07164752409002606
0.01075347962349138
0.0015011163261666738
0.0012886453869951353
0.0011115870700182384
0.0009562883770160013
0.000819188473489163
0.0006980744836129205
0.0005910684750078943
0.000496523403287874
0.00041298767856634555
0.0003391786499671312
0.0002739641762374845
0.00021634326974773188
0.00016543157820780863
0.0001204479610965592
8.070217735056673e-5
4.5584265788711775e-5
1.4555381150138658e-5
0.012897631345209604
0.012889450513052125
0.013000584602512077
0.013244329741415761
0.013584825340702267
0.0140070998332682
0.014507562485500003
0.015088526722563778
0.015755964023836277
0.016518340588132396
0.01738624400942168
0.01837225605519155
0.019490967693714722
0.02075919078228239
0.022196144826516218
0.023823679573709455
0.025666646496214973
0.02775321324138602
0.030115278438477056
0.03278900340919044
0.03581534801129305
0.03924072250037991
0.043117673189048134
0.04750567855631882
0.05247203267411127
0.05809287135391816
0.06445424581729053
0.07165303534967915
0.07979676762989207
0.010881660487146227
0.00173841400416741
0.001488221484493124
0.0012872792480633777
0.0011114432226646542
0.0009562609721509574
0.0008191816537808094
0.000698072321075216
0.0005910674567077834
0.0004965232177296386
0.00041298736847750206
0.00033917857481302605
0.0002739641961886363
0.0002163432737223303
0.00016543153810300026
0.00012044800333299577
8.070219899014575e-5
4.558424613598788e-5
1.4555382029435293e-5
0.013136775974430748
0.013204582771654927
0.013366297550091666
0.013660698854331521
0.014056928425392634
0.014541771800466563
0.015112860410148699
0.015773676206195297
0.01653144995692113
0.017396048396530084
0.018379636900534457
0.019496570426551507
0.0207634529794678
0.022199372656790395
0.02382612278099039
0.025668461809332577
0.027754544141197712
0.03011626045921112
0.03278974298550619
0.03581592105368081
0.039241166686368345
0.04311801395219472
0.047505937104096674
0.05247225671196354
0.058093140517274655
0.06445476978953746
0.07165456729015673
0.07980227951573227
0.08901999731472898
0.011030987091411149
0.0020097489929691292
0.0017143857322770018
0.0014861704918329721
0.0012870559379098978
0.0011114004021077761
0.0009562500133233343
0.000819177991656872
0.0006980708954333892
0.0005910669899922283
0.0004965228648252662
0.0004129871290166065
0.00033917858551824054
0.00027396433771365025
0.00021634323212360584
0.00016543159050552703
0.00012044803798350046
8.070218500488835e-5
4.558424523359861e-5
1.4555386760761735e-5
0.013406414586268234
0.013560550266579874
0.013779919424657727
0.014131820439889253
0.014591186456663685
0.01514687345614174
0.01579790447037066
0.01654910507089813
0.01740912356526625
0.018389421173711007
0.019503938432731793
0.02076904963620585
0.02220362815007615
0.02382934744023313
0.025670902168163146
0.02775636048503838
0.03011759395348168
0.03279072682574746
0.03581666149771934
0.039241737580211655
0.04311845706312667
0.047506276923546586
0.05247251624953986
0.05809336619457728
0.06445504010631176
0.07165509152559135
0.07980381131238534
0.08902550968351264
0.09945876189468716
0.011205438141105972
0.002320173496593192
0.0019707591036910443
0.0017113403888959766
0.0014858281600984569
0.0012869896177063467
0.0011113833897660186
0.000956244201772094
0.0008191758390916348
0.0006980699750060992
0.000591066850949673
0.0004965226187874094
0.0004129870859221896
0.0003391787315285555
0.00027396426766035376
0.00021634324534680616
0.00016543172308836063
0.00012044807201672114
8.070218788702732e-5
4.558425776668429e-5
1.4555389314274692e-5
0.013710463569047704
0.013962539239894767
0.014247688224825694
0.014664866820707445
0.015195770128972441
0.015831674322640765
0.016573203595933172
0.01742670725770612
0.018402451734327308
0.01951369747576237
0.020776401643558096
0.022209215789767534
0.02383359529767759
0.02567412476663211
0.027758795982381734
0.03011940882813846
0.03279205714831601
0.0358176445998204
0.03924247603146558
0.043119027623048645
0.047506719699621947
0.052472855286601394
0.05809362703616383
0.06445526714944894
0.07165536232576031
0.07980433512866458
0.08902704110077941
0.09946427569006833
0.1112732718653433
0.01140978429576922
0.002675475042085651
0.0022614812361307912
0.001966282871959102
0.0017108197925228552
0.001485726492102657
0.001286963161092558
0.0011113744390458535
0.0009562408800602995
0.0008191744930590161
0.0006980696936498276
0.0005910667151800553
0.000496522446192138
0.00041298716544346803
0.0003391787507736055
0.00027396418546654644
0.00021634334452969028
0.0001654317331354349
0.00012044808541222807
8.070220038280951e-5
4.558427100143092e-5
1.4555390111858912e-5
0.014053394061622981
0.014416373668536764
0.014776629904397431
0.015267943462947464
0.015879921163623578
0.016606658304144872
0.01745063936130009
0.0184199410652095
0.01952667293811583
0.020786122600060963
0.022216547492467598
0.02383916666457786
0.025678362430353374
0.027762007872186523
0.030121839743020296
0.032793867260219045
0.035818973640538765
0.039243460164501975
0.043119767137228315
0.04750729163967371
0.052473297052152645
0.058093963841399976
0.0644555269503746
0.07165559007596034
0.07980460549074753
0.08902756380539767
0.09946580692893647
0.11127878952628922
0.12464485139218695
0.011649732084526576
0.0030822576927880263
0.002591293574139897
0.0022549659728747784
0.0019654977904339788
0.0017106647866178548
0.0014856852816427235
0.0012869497404297547
0.0011113693712729855
0.0009562389713417829
0.000819173882204538
0.0006980698885508119
0.0005910665798367631
0.0004965223334734148
0.00041298716956639225
0.00033917853915443885
0.0002739642078779525
0.00021634340129761398
0.00016543173508409836
0.00012044808349553904
8.07021995479218e-5
4.558426597078835e-5
1.4555386908199353e-5
0.014440311582285759
0.014928610525566377
0.015374659352342057
0.015950211094553524
0.016654088245766197
0.017483695847512415
0.018443662215158696
0.019544039510398292
0.020799028030880073
0.022226222797740114
0.023846472295695698
0.02568391466436193
0.027766234962145475
0.030125043087017467
0.03279629246705529
0.03582077944432793
0.039244791429580594
0.043120750535737606
0.04750802965188239
0.052473863064828485
0.05809440049952741
0.06445585989986302
0.07165584784937806
0.07980483185060194
0.08902783310542617
0.09946632930907473
0.11128032116588216
0.12465037339415463
0.13977872374518796
0.011932071440165615
0.0035480161233509833
0.002965633827157532
0.002581899327713799
0.002253791186850762
0.0019652627193282868
0.0017106020137820366
0.0014856650070820265
0.0012869420302816792
0.001111366559082505
0.0009562381981078616
0.0008191739576233203
0.0006980701354537544
0.0005910662683152879
0.0004965222742523423
0.00041298707151771197
0.0003391785747695053
0.00027396426555004183
0.00021634335786302472
0.00016543174756655787
0.00012044807792133128
8.070220471356748e-5
4.5584264547038345e-5
1.4555390370318833e-5
0.014877092760836597
0.015506605832242393
0.016050694625560524
0.016722014416640896
0.017530081899575833
0.018476205247517363
0.019567483778219597
0.020816235730556798
0.022239029592298287
0.023856085336206867
0.025691178978803464
0.027771760039436266
0.03012924583808818
0.03279948059308868
0.03582318974354237
0.03924658813097359
0.04312207052781414
0.047509003254293525
0.052474591716526575
0.05809495999479708
0.06445629433479105
0.07165617587513218
0.07980508555536225
0.08902805849466588
0.09946659845524053
0.11128084275866179
0.12465190483718747
0.13978425301600872
0.15690718163670425
0.012264818451034998
0.004081198105926553
0.0033907455971693423
0.0029522133754307234
0.002580153660860063
0.002253436492824612
0.0019651672939984266
0.0017105708894566973
0.0014856535661662562
0.001286937522705145
0.001111365001746023
0.0009562377867577965
0.0008191742488570242
0.0006980696483358528
0.000591065898991161
0.0004965220516925939
0.0004129869376789941
0.00033917860366727837
0.0002739642074738313
0.0002163433282307281
0.00016543170054461598
0.00012044802625421624
8.070216115374507e-5
4.558424686695872e-5
1.4555387866543867e-5
0.015370540945327527
0.016158612987803522
0.016814772917117082
0.017595024184753782
0.018521256385660045
0.019599362674126652
0.02083931637438674
0.02225602741889965
0.023868764269372456
0.02570071025670906
0.027778969494621997
0.0301347334297839
0.03280365520800732
0.03582635556144442
0.0392489806629559
0.04312385697852683
0.04751031568897002
0.052475563345218745
0.0580956871057392
0.06445685503251841
0.07165660743407631
0.07980541045346534
0.08902830963544339
0.09946682232346316
0.1112811106464191
0.12465242536895005
0.13978578513068296
0.15691271887252167
0.17629314280525765
0.012657393358335156
0.004691243693305758
0.003873802443308705
0.0033717525646146385
0.00294963797024117
0.0025796231887005305
0.002253292903542814
0.001965121006390902
0.0017105540830186783
0.0014856470619344364
0.001286935245974341
0.0011113646558715828
0.0009562376170180187
0.0008191740946790205
0.0006980689840192511
0.000591065621650344
0.000496522081133044
0.00041298713511750407
0.00033917859687626617
0.00027396419187475374
0.00021634336776088503
0.00016543170251193118
0.00012044802518129671
8.070216729105795e-5
4.558427553291722e-5
1.455539622252644e-5
0.0159285600512451
0.01689391942329177
0.01767819759448752
0.018582418817797652
0.019642704267063493
0.020870336983228377
0.022278642128348736
0.02388548944700375
0.025713226133743383
0.027788395944054578
0.0301418790871546
0.032809097349232985
0.03583050341777305
0.03925212818281043
0.043126243953762966
0.04751209742597595
0.052476877924380716
0.05809665893193294
0.06445758391344913
0.07165716762140484
0.079805839279258
0.08902863145448325
0.09946706926965376
0.11128133164506337
0.12465269147232583
0.13978630417145776
0.1569142557711496
0.17629868114693892
0.1982341753607475
0.013120791407904342
0.005388588562935226
0.004423048883376524
0.00384717934621559
0.0033679771447872042
0.0029488490403624112
0.002579408385378734
0.002253224310821089
0.00196509609497042
0.0017105446036884686
0.0014856433825096715
0.001286934523542449
0.001111364347313959
0.0009562374013709629
0.0008191734354454638
0.0006980685251107843
0.0005910655798970765
0.0004965222289801119
0.0004129872384686095
0.0003391786279642872
0.0002739642857676472
0.00021634340258724905
0.00016543169705673932
0.00012044801557831164
8.070219390798883e-5
4.55842928070993e-5
1.4555396099957818e-5
0.01656035883683593
0.01772297922931987
0.018653674895941386
0.019699059998796287
0.02091147080252931
0.0223085380647845
0.023907486879502393
0.025729589173064227
0.027800691762748464
0.03015116543876939
0.03281615335813193
0.03583588563532292
0.039256234280812485
0.04312936346326701
0.047514466553636225
0.05247864813268954
0.05809796278057977
0.0644585448279118
0.07165789196329087
0.0798063914686189
0.0890290563211984
0.09946738735002292
0.11128157254717141
0.12465290831780163
0.13978656848549242
0.15691477715917124
0.1763002188949203
0.19823971273160534
0.22306709891309673
0.013667731607627687
0.0061846304844825895
0.005047955612157651
0.004386098751631984
0.0038416814808055477
0.0033668097837598054
0.0029485293737945284
0.0025793059575516253
0.0022531874630997706
0.0019650819662064833
0.0017105392255256646
0.001485641814697125
0.001286933866667006
0.0011113635588220205
0.0009562369582463148
0.0008191726258131027
0.0006980682695729712
0.0005910657958692056
0.0004965223964372711
0.0004129871734459556
0.0003391786121902385
0.00027396428596659916
0.00021634337691800454
0.0001654316663053379
0.0001204480084719961
8.070221751488305e-5
4.5584260444542224e-5
1.4555371031121922e-5
0.017276720840954773
0.018657598795217112
0.01975549432055601
0.02096169646054591
0.02234680659766486
0.02393590795437195
0.025750764291100126
0.027816569042239614
0.030163158733420126
0.0328252484308349
0.035842810695376315
0.03926152945543837
0.043133407285018244
0.04751754632906113
0.05248098370874743
0.05809970809831011
0.06445982373768189
0.07165884119411547
0.07980710625172271
0.08902960341582222
0.09946780742492578
0.11128188417308493
0.12465314389204618
0.13978678163062597
0.15691504061028105
0.17630073971264615
0.1982412549503998
0.22307262530068872
0.2511731371086503
0.014312819058503123
0.0070916529642550685
0.00575938038192092
0.004997205144983141
0.004378149098423378
0.003839962130532726
0.003366336357689903
0.0029483771665690384
0.0025792513980134046
0.002253166200616441
0.001965074266238709
0.0017105361658336093
0.0014856406245362663
0.0012869330658968892
0.0011113628645569307
0.0009562363364432613
0.0008191721781658501
0.0006980684513591129
0.0005910659607231139
0.0004965224029938042
0.00041298720827498414
0.00033917865815169534
0.0002739642915745577
0.00021634334996889493
0.0001654316487194052
0.00012044804455602076
8.070219986944238e-5
4.55842533089168e-5
1.4555312017883182e-5
0.01809030615064433
0.019711146375326116
0.020999726249188555
0.02238920235960329
0.023970446670146472
0.02577723910918195
0.027836650240568694
0.03017838416123997
0.03283683591573183
0.0358516467837946
0.0392682823765611
0.04313858329694931
0.04752150801903898
0.052484005173874415
0.05810200341671479
0.06446153494649742
0.07166009717833077
0.07980804411094677
0.08903030686596569
0.09946834759155632
0.1112822976260821
0.12465345101427605
0.13978700954285106
0.1569152474469977
0.176301004155059
0.1982417748857639
0.2230741681412658
0.25117865065841993
0.2829837673836568
0.015072693599880616
0.008122704746213572
0.006569736813540672
0.0056904486648479136
0.004985794709200242
0.004375630221999494
0.0038392637685831232
0.003366110705512959
0.0029482957784461306
0.002579219955744172
0.002253154583295114
0.0019650693311890066
0.0017105341128820228
0.0014856394011451002
0.0012869321324453509
0.001111362494546242
0.0009562356137742256
0.0008191722773869259
0.0006980688794460121
0.0005910660333663387
0.0004965223873547586
0.000412987200115289
0.00033917865141486203
0.00027396428677395335
0.00021634335646325553
0.0001654316819204027
0.00012044806723121582
8.070219390443611e-5
4.558401950838231e-5
1.4555113755143623e-5
0.019015987877926577
0.020898830765432308
0.02240445146835146
0.024002839354731798
0.025806920219003437
0.027860551515504817
0.030197006077391286
0.032851183582803145
0.035862686728054705
0.039276760981881154
0.043145098881093524
0.04752652058534412
0.05248785875855244
0.05810494390763932
0.06446377079224597
0.07166176076504094
0.07980927464785559
0.08903122003946429
0.09946903706995602
0.11128282701846359
0.12465385320404732
0.1397873064902999
0.15691546694693592
0.17630120994914122
0.19824203339628
0.22307468749712545
0.25118018697216016
0.2829892790959674
0.31898738883112454
0.015966165404465826
0.00929147580075984
0.007493153575890865
0.0064772225535012495
0.005674199225736309
0.004982124428551948
0.004374603444302849
0.0038389303732939695
0.003365989846926709
0.0029482494676438264
0.0025792019383379383
0.0022531471001867587
0.0019650655677336815
0.0017105323849122556
0.0014856383894850111
0.001286931603281083
0.0011113620183449413
0.0009562355927181798
0.0008191727848583241
0.0006980690383286969
0.0005910660293553249
0.0004965225127708806
0.00041298726131344665
0.00033917869872901463
0.00027396432238369073
0.00021634340332354896
0.00016543173314254034
0.00012044805555611049
8.070181956298939e-5
4.5583357421996595e-5
1.455451382170736e-5
0.020071224559464085
0.022238045206197654
0.02399003544247691
0.02582654983630306
0.02788389327416585
0.030217496548897493
0.03286784559890865
0.03587584560727297
0.039287050211910035
0.04315309068056994
0.047532707076562986
0.052492645175679975
0.058108637686738795
0.06446659922124187
0.07166391005742678
0.07981087895732752
0.08903240618056607
0.09946991509501579
0.11128349216470035
0.12465436206064595
0.13978769536254632
0.15691575348354725
0.176301421619252
0.19824223042805045
0.2230749420927962
0.2511806945038657
0.2829908148832656
0.3189929020815816
0.35973684398979255
0.0170143225897057
0.010612216358560467
0.008545603288415471
0.007370577541249368
0.006454285098829615
0.005668879624875167
0.004980620319389395
0.004374112223851867
0.0038387517385709558
0.003365920814742296
0.0029482219381975483
0.002579190338229509
0.0022531413643163134
0.0019650626082201583
0.0017105305537254978
0.0014856375859002569
0.0012869311504992709
0.0011113615047237957
0.000956235929224114
0.0008191731745732511
0.0006980689210509539
0.0005910660023076275
0.0004965224431137116
0.00041298721778204595
0.0003391786833333299
0.0002739643374924938
0.00021634339060661034
0.00016543166322868785
0.00012044754301410165
8.070050677488894e-5
4.5581310935460806e-5
1.4553018831797715e-5
0.021276464029346798
0.02374878537291991
0.02577946327759939
0.027887298889707424
0.030232571312704515
0.03288381194545664
0.03588987426237367
0.03929860129762108
0.04316235226530463
0.047540027629155546
0.052498375511492945
0.058113113552596296
0.06447007088303103
0.07166657646401386
0.07981290621507675
0.08903392880981009
0.09947103171610294
0.11128432374246167
0.12465499216728393
0.13978817837843316
0.15691611972558306
0.17630169099048842
0.19824243392979568
0.22307512584357525
0.2511809338180635
0.28299131597814764
0.31899443689355156
0.35974235493362006
0.4058578885138955
0.018240616690230915
0.01209976825283654
0.009745003511778094
0.008385458710890248
0.007338509956392514
0.006446617919849906
0.0056666861344822905
0.004979899047132363
0.0043738497893350825
0.0038386498760569765
0.0033658798372586674
0.0029482041819672844
0.0025791820829370593
0.0022531368718192724
0.001965060477931324
0.0017105294766377455
0.001485637185617783
0.0012869307549845388
0.0011113617179701052
0.000956236383434117
0.0008191731563664817
0.000698068812615027
0.000591066078772684
0.0004965224390973688
0.00041298719009574825
0.0003391786696864685
0.0002739642968556666
0.0002163432548609734
0.00016543102034116686
0.00012044554862100654
8.069667292609495e-5
4.5576314351869485e-5
1.4550224906706433e-5
0.02265556633603616
0.025454166075621565
0.027798750346643253
0.030215466467616636
0.03288813836319893
0.03589984306393923
0.0393090900399482
0.04317171488251592
0.04754788517397035
0.052504767756052395
0.05811821224798841
0.06447410485828708
0.07166973719025815
0.07981534344593921
0.08903579376182957
0.09947242956692826
0.11128534727052042
0.12465575422519137
0.13978875212250141
0.156916561391526
0.17630202553592866
0.1982426835461597
0.22307530815116827
0.25118110289524687
0.28299153466373017
0.3189949336223945
0.3597438822694228
0.40586339804187954
0.4580588174927547
0.019670926608636563
0.013769789207375815
0.011111262961684076
0.009538948589526974
0.008341099885722514
0.007327532223609268
0.00644343016246296
0.005665629985077025
0.004979513704606475
0.004373699054379898
0.003838588014478894
0.0033658532849107914
0.002948191888548557
0.0025791757892017486
0.002253133671406893
0.0019650585900956585
0.001710529050352072
0.0014856368473363801
0.0012869305652660756
0.0011113621416933839
0.0009562367069850808
0.0008191730681312848
0.0006980688414737202
0.0005910660466259543
0.0004965224323516537
0.00041298723207106036
0.00033917872239364044
0.0002739640577544833
0.00021634246271240443
0.00016542829465837627
0.00012043970119446357
8.068749931133823e-5
4.5566667164820274e-5
1.4544903501167994e-5
0.024236198323677627
0.027381025056729236
0.03007744905829579
0.03284531342974972
0.03589025560918646
0.03931112358865896
0.043177449959264536
0.047554272105445605
0.052510699034127306
0.05812331948693927
0.06447832796945274
0.07167315529377127
0.07981806257308222
0.0890379077687724
0.09947406296589278
0.11128656335085729
0.12465664525860909
0.1397894107122779
0.156917058258788
0.1763024050219304
0.19824297195221074
0.22307553078044595
0.2511812651335781
0.282991668003711
0.3189951386016503
0.3597443640104858
0.4058649122682274
0.45806433300525207
0.5171413949941304
0.02133362158119123
0.01563924764418889
0.012666276820096911
0.010850517136343107
0.009478314038642743
0.008325496287182155
0.007322918276450707
0.006441889926395383
0.005665065278108727
0.004979291592772661
0.004373606748545811
0.003838548525910923
0.0033658345513050136
0.002948182721329573
0.00257917096014193
0.002253131219988269
0.001965057520069813
0.0017105285920475666
0.0014856366243476415
0.0012869306899432331
0.0011113623516409987
0.0009562365554431906
0.0008191728816857591
0.0006980688289539572
0.000591066015556585
0.0004965223705530875
0.0004129870474818276
0.0003391783058130926
0.0002739630655153036
0.00021633880854654564
0.00016542010820597142
0.0001204256421045713
8.066890837632457e-5
4.554833936065705e-5
1.4536289792310697e-5
0.02605022397147927
0.02956061482074368
0.03264927030228382
0.03581554738230519
0.03928365793043298
0.043169036315195974
0.04755363485356412
0.05251305139137585
0.0581266094296522
0.06448166114226161
0.07167615363330171
0.07982062008237367
0.08904000604932172
0.09947573196206161
0.11128786103018662
0.12465761193409364
0.13979011360949833
0.15691757018315844
0.17630279019670692
0.19824326873936382
0.2230757673431798
0.2511814398509573
0.2829917882253046
0.31899523862498924
0.3597445408541011
0.4058653687160261
0.45806583297456527
0.5171469200841683
0.5840132112764556
0.02325964264992919
0.01772720817517648
0.014433885044474515
0.012342260610910927
0.010768731293638645
0.00945631525616708
0.008318855667127423
0.007320679002646102
0.006441064092575388
0.00566473875796536
0.0049791545582529295
0.004373547344039608
0.003838521134261086
0.003365821519295764
0.0029481758355842658
0.0025791674328567993
0.002253129186328806
0.0019650569058589085
0.001710528422846913
0.001485636399682022
0.0012869308963292525
0.001111362425053386
0.0009562364163544501
0.0008191727516715375
0.0006980686967255068
0.0005910659019301434
0.0004965220261787806
0.0004129869036457734
0.0003391770182039622
0.0002739584383215643
0.00021632810590954676
0.0001654005104683165
0.0001203969983283315
8.063429130444888e-5
4.5518391989851636e-5
1.452234219634363e-5
0.028134032664480557
0.03202935144361696
0.035552858354572336
0.03917000054405406
0.04311882636629427
0.04753156024399363
0.052503914534569596
0.058123502032903396
0.06448133698269842
0.07167704096955241
0.07982191879257705
0.0890413575597
0.09947696136670103
0.11128890213877884
0.12465843676085964
0.1397907303767969
0.1569180046492713
0.17630310069031463
0.19824349662876806
0.2230759447945747
0.251181589319982
0.2829919009096349
0.31899528906204555
0.3597445988607664
0.4058654989433155
0.45806625700194825
0.5171484000973843
0.5840187467627196
0.6597016567118992
0.025482667693247585
0.020055864054983275
0.01643983805677074
0.014039107475273482
0.012233570418445083
0.010738011336939302
0.009446814903568246
0.0083156109020317
0.0073194754903074255
0.006440585841897217
0.005664537574261885
0.004979066191585169
0.00437350764382316
0.003838501892881041
0.0033658119364030625
0.002948170636845049
0.002579165034556574
0.002253127934114474
0.001965056652212027
0.001710528509220488
0.0014856363893498425
0.0012869309730270118
0.0011113622404215207
0.0009562361870587566
0.0008191726398640853
0.0006980686042785678
0.0005910654605925103
0.0004965217888637241
0.0004129849797775975
0.00033917146184503366
0.00027394494211829823
0.00021630236101710665
0.00016536061059735374
0.00012034390383242055
8.05773818850497e-5
4.5471191516988085e-5
1.4505704894141047e-5
0.030528815111536822
0.03482958549230375
0.038832699189480735
0.04295846435161721
0.047452803465172444
0.052464141929504216
0.05810310819319131
0.0644708722377727
0.07167178786398942
0.07981942687905086
0.08904029548652748
0.09947662795731116
0.11128892045433947
0.12465858218657289
0.1397908912614172
0.15691812100515623
0.17630315227742965
0.1982435110494869
0.22307594512885487
0.2511816053601983
0.2829919201548359
0.3189952848676407
0.35974457685729355
0.40586548304475834
0.4580663229601134
0.5171487797254457
0.5840201963503402
0.6597072043472858
0.7453697493960414
0.028039418484429923
0.022651687109867424
0.018711846995881132
0.015968972721801755
0.013897026222344344
0.012191140020857638
0.010724506346099894
0.009442136786023347
0.008313861139288115
0.007318776598697951
0.006440291157090883
0.005664406798602251
0.00497900750500424
0.0043734799844878935
0.003838488582950106
0.003365804745125267
0.002948167286288772
0.0025791631641478574
0.0022531275482204904
0.0019650572149156886
0.0017105284713485602
0.0014856367104814083
0.0012869311439924758
0.001111362255865167
0.0009562360523887037
0.0008191725416786255
0.0006980682160424578
0.0005910648340785585
0.0004965195878288142
0.00041297823524910626
0.0003391544950970271
0.0002739122198871513
0.00021624956059795863
0.00016528667276993758
0.00012025660509173974
8.048911385749591e-5
4.54107741711951e-5
1.4480445694076138e-5
0.03328078997685413
0.03801036619547116
0.04254014862288891
0.04723769354136298
0.052350157479642334
0.05804069492910191
0.06443570108318131
0.07165147968772168
0.07980748800099402
0.08903316819361429
0.09947229321766748
0.11128623818374361
0.12465689674163372
0.13978977452813623
0.15691734296092807
0.17630255453663768
0.19824302091384283
0.22307553821758308
0.25118128086370284
0.28299168658183316
0.31899512149104936
0.3597444182410925
0.4058653464066735
0.4580661991837127
0.5171487593825361
0.5840205078872476
0.6597086102464482
0.7453753122647813
0.8423341064678329
0.030970185696421737
0.025546536961177146
0.0212798213425609
0.018162862519664813
0.015786607093074778
0.01383915404640046
0.012172092385851485
0.010717794492725474
0.009439598526012283
0.00831284241651531
0.0073183449171914106
0.006440099477800665
0.005664319429993903
0.004978966802164031
0.004373459633093546
0.0038384783874727546
0.003365798620163396
0.0029481649183527026
0.002579161622376702
0.002253127771243868
0.0019650574650071917
0.0017105283555194362
0.001485636825038661
0.0012869309640839433
0.0011113620124163504
0.0009562359232804241
0.000819171907315841
0.0006980672895329221
0.0005910625299883066
0.0004965112857524545
0.0004129574351878773
0.0003391140310977647
0.000273844836106818
0.0002161521009460543
0.00016516493053675418
0.000120121877563939
8.03710443646466e-5
4.532453463657049e-5
1.4450709519664429e-5
0.03644142829272301
0.04162812931407256
0.046734584012321
0.05207262814088587
0.05788415579571993
0.06434480637738371
0.07159715838346248
0.07977414453045739
0.08901221527922676
0.09945883728469429
0.11127738992073777
0.12465095876654697
0.13978569684069342
0.1569144563380105
0.17630044621296115
0.19824141173149723
0.22307426886121107
0.2511802703808188
0.2829909113287341
0.3189945418347149
0.35974396278546106
0.4058649903325131
0.4580658824900361
0.5171484858922373
0.5840203605921364
0.6597088226450074
0.7453766572547158
0.8423396845143447
0.9520852685452157
0.03431961467007394
0.028778582670973663
0.024176374315807436
0.02065494976422677
0.01793345466334806
0.015708799674546192
0.013812537684943393
0.01216251574361582
0.010714133185985908
0.009438118036289467
0.008312212360369386
0.007318065602471613
0.006439971212748752
0.00566425961180439
0.004978937866349398
0.004373445220628547
0.003838470207706557
0.003365794886089013
0.0029481627470397953
0.002579161355837911
0.002253128440091068
0.0019650571717901855
0.0017105284831142598
0.001485636940206092
0.0012869308724292594
0.001111361714519532
0.0009562349068117371
0.0008191711589295991
0.0006980645543768205
0.0005910527265973187
0.0004964864121355106
0.00041290812811567434
0.00033903001985091663
0.00027372047939078215
0.00021599137326955287
0.00016497785761515615
0.0001199385306458467
8.020870304203953e-5
4.522122927230754e-5
1.4416126700389498e-5
0.04006773724071966
0.04574731142071187
0.05148459059429822
0.057537777133148005
0.06413817736875416
0.07147114861016579
0.07969539924528135
0.08896181958617433
0.09942586084430172
0.11125536093458521
0.12463592659242373
0.1397752510892163
0.15690704607748618
0.17629507701867286
0.19823742574593872
0.2230712322713213
0.25117789912495603
0.2829890496234029
0.31899310516529944
0.3597428785398069
0.4058641441277704
0.4580652187005878
0.5171479122559433
0.5840198738936984
0.659708489695011
0.7453767276699441
0.8423409425522816
0.9520908580663967
1.076310725448265
0.038137715412307926
0.03239296463344754
0.027437658767541784
0.0234826575856788
0.020372625754405682
0.017830536780819806
0.015672004230349756
0.013798965300842347
0.012157256880617417
0.010711985569189508
0.009437201057923339
0.008311804614407059
0.007317878019137858
0.006439882543959108
0.00566421696005559
0.004978916107786446
0.0043734340881069755
0.0038384633984422933
0.003365792315549676
0.0029481611838146904
0.002579161803138774
0.0022531284624660586
0.0019650567771334337
0.0017105285762912814
0.001485636662242662
0.0012869305264606723
0.001111360413974083
0.0009562340651871892
0.0008191676878270826
0.0006980529587305995
0.0005910231725074766
0.0004964268969223085
0.0004128055377821127
0.00033887554037903556
0.00027351555825561036
0.00021574499615795162
0.00016472022445501722
0.00011969013268586792
8.001124291734385e-5
4.510072938135323e-5
1.4379361160443693e-5
0.04422268472148616
0.05044088505832445
0.05686912117995657
0.06371878011741039
0.07120736799240035
0.07952716327629883
0.08885254588822544
0.09935350562672962
0.11120655293738224
0.12460240788065846
0.1397518240453124
0.15689039850242814
0.17628305005076328
0.19822858486198758
0.2230646093005193
0.251172836253966
0.2829851091767903
0.31899004041038737
0.3597405124554811
0.40586230826268643
0.4580638260165646
0.5171467976174515
0.5840189379497431
0.6597076894867948
0.7453761283287132
0.8423408093928995
0.9520919900050142
1.0763163186997522
1.2169210615876884
0.04248108183204469
0.03644225169424331
0.03110452276857245
0.026686845727221353
0.02314333175972294
0.020238975278710214
0.017780304789856594
0.015652926360576025
0.01379144807287247
0.012154159656216024
0.01071065470595034
0.009436607015202547
0.008311530917052501
0.007317748151309367
0.006439819811022929
0.005664185524895338
0.004978900009426468
0.004373425145707266
0.0038384586715469737
0.003365789806358599
0.00294816083057281
0.0025791620003845495
0.00225312765434893
0.0019650563784976427
0.0017105283521967607
0.0014856361733617263
0.0012869285351770898
0.001111359116157118
0.0009562299964303023
0.0008191538038779811
0.0006980180910849398
0.0005909518934226199
0.0004963034450717885
0.00041261689916272104
0.0003386204242392665
0.0002732018446431894
0.00021540339903669548
0.00016437417752879213
0.00011938600301686364
7.978129861996308e-5
4.497109472900718e-5
1.4330266860262952e-5
0.04897587577995299
0.0557908890789669
0.06297860677566369
0.07071407642404015
0.07920053702741736
0.08863503957574537
0.09920700000319638
0.11110649525692207
0.12453309151440539
0.13970311175730465
0.15685567923270494
0.17625795280302903
0.19821019961017328
0.2230509411552335
0.2511625243821003
0.2829771986379459
0.31898389302221286
0.35973572397008
0.4058585991886501
0.4580609590718874
0.5171445938115058
0.584017183911234
0.6597062305663117
0.7453748754021374
0.8423398278734266
0.9520915617773698
1.0763172679469033
1.216926646032166
1.37607947902311
0.04741419030510485
0.040986796384336444
0.035223853773919345
0.030312213847828673
0.02628913837040514
0.022973291057432732
0.020171390549142743
0.017753742517208515
0.015642247429628497
0.013786999251601983
0.012152231808738811
0.010709792351664582
0.009436208516214073
0.008311341876603429
0.007317656014359741
0.006439774145673205
0.005664162332395861
0.0049788880610694974
0.004373418004546714
0.0038384559085411496
0.0033657885949986976
0.002948161304425767
0.0025791618994812637
0.002253127112615161
0.0019650563960853518
0.0017105278697204795
0.0014856338085609266
0.0012869272594553394
0.0011113548277581486
0.0009562134445886272
0.0008191126276848593
0.0006979336659762581
0.0005908045191942435
0.0004960760582646273
0.0004123053667681731
0.00033823065238269834
0.0002727655402399165
0.00021494689236689624
0.00016394973588962358
0.00011903265215895686
7.953163492135928e-5
4.481515700405225e-5
1.430048641015702e-5
0.054404523620811496
0.061889051048570565
0.06991598540701727
0.0786365705631793
0.08824226043994798
0.09893402362530423
0.11091589566942517
0.12439892937902997
0.13960776232853345
0.15678721525231598
0.17620825341486768
0.19817372792150323
0.2230238803310014
0.2511422046484286
0.2829617501421753
0.31897199086371586
0.35972647551688297
0.4058513892374114
0.45805532047180275
0.517140260224469
0.5840138189197805
0.6597035677098848
0.7453726582025588
0.8423379247756335
0.9520900288625116
1.0763164134148973
1.216927331003328
1.3760850333300687
1.5562353258670854
0.053010717948003716
0.046095217885007145
0.03984998795150663
0.03440800695445656
0.029858177244295625
0.02607762041943218
0.022883869503643517
0.02013482140859857
0.01773868516161503
0.015635883704106845
0.013784221063063207
0.012150980931481037
0.010709211561241716
0.009435932309616923
0.008311206612132693
0.00731758906201474
0.00643973979109802
0.005664144619021982
0.0049788788980267285
0.004373412535574772
0.0038384536690561077
0.0033657882141051587
0.0029481613187449796
0.002579161117543194
0.002253126678671613
0.001965056051811409
0.0017105243154427185
0.0014856321427911823
0.0012869219976154866
0.0011113349474598522
0.0009561654441876399
0.0008190134573231589
0.0006977589469903123
0.0005905334782010385
0.0004957006130119623
0.00041182922820759416
0.00033768717611071253
0.00027218409417884004
0.00021438594557032786
0.0001634562671899431
0.00011864684254181412
7.925222947235966e-5
4.470028556013972e-5
1.4273894170635515e-5
0.0605947635689974
0.06883763991046088
0.07779770175677747
0.08761527740144803
0.0984751310756895
0.11058304375448103
0.1241579212303936
0.13943283172184273
0.15665963008807182
0.17611462781132037
0.1981045075436496
0.22297230431341042
0.2511034414422113
0.28293234808016177
0.3189494592024138
0.35970903102562435
0.40583777916814867
0.4580446716983184
0.5171319421734024
0.5840073725341588
0.6596985573042478
0.7453686883916326
0.8423346212355378
0.9520871915378439
1.076314084122647
1.2169258619009495
1.3760853372981408
1.5562408130802412
1.7601622338073772
0.05935485438073229
0.05184508740403615
0.045046050345597166
0.03902908101033287
0.03390344804115486
0.029601422351791307
0.02596153672254875
0.022834188782853815
0.020113777453016013
0.017729637147576582
0.015631895217964598
0.01378240994496327
0.012150139141709815
0.010708809931061936
0.009435735883172036
0.008311108284260627
0.007317539627403669
0.006439714259631302
0.005664131706036635
0.00497887127943919
0.00437340980123313
0.0038384526331922686
0.0033657884464490806
0.0029481611312425215
0.002579160577680817
0.0022531264529064288
0.001965052049958338
0.0017105234290797355
0.0014856255595745438
0.0012868992446728456
0.0011112797843519928
0.0009560495223643883
0.0008188083847056049
0.0006974382965010406
0.0005900853597342604
0.0004951265500681146
0.0004111640535162664
0.0003369640010459918
0.0002714687143798855
0.00021373393282608788
0.0001629165025134327
0.0001182271896107423
7.901858594916433e-5
4.459731958394997e-5
1.423046604998035e-5
0.06764325005845073
0.07675062951340639
0.08675479366700412
0.0977969579131317
0.11006208318781496
0.12376355951485163
0.13913653459909803
0.1564376445444351
0.17594830402212125
0.19797962012956738
0.22287817703117518
0.25103215762379705
0.2828780419783028
0.318907800782962
0.3596768217170867
0.4058126936573716
0.4580250144639457
0.5171164643480761
0.5839952729815323
0.6596891221710148
0.7453613460369501
0.8423287818308491
0.9520823350491323
1.0763099022910927
1.2169223864650252
1.3760829848479696
1.5562405665501808
1.7601675951974292
1.9910011725809547
0.06654263172872366
0.05832391160613337
0.05088518145103382
0.04423731092605365
0.03848331884256595
0.033599803372050374
0.029453900199079897
0.02589508277552177
0.022805083979444696
0.020101003687493346
0.01772393231686209
0.0156292866572576
0.013781189770005753
0.012149553517016187
0.010708523402081838
0.009435591963384837
0.00831103562957658
0.007317501537172255
0.0064396947576197405
0.005664121702070979
0.004978865465202098
0.004373407863931256
0.003838452069103937
0.0033657883829647517
0.002948160349411033
0.002579160092611943
0.0022531225527346876
0.001965050514361799
0.001710514815528974
0.0014856002402838797
0.0012868352233796898
0.00111114488537023
0.0009558101206872394
0.0008184317626858117
0.0006969082283712069
0.0005894013572209644
0.0004943235862748807
0.0004102811441306642
0.00033607400270874166
0.00027063707234287193
0.00021302010687040962
0.00016233870879833745
0.00011785921913620712
7.880945064986378e-5
4.447109584670983e-5
1.4228149066930484e-5
0.07565895667161637
0.08575528942800847
0.09693424051079536
0.10934777249944982
0.12318871905470363
0.13868261073522348
0.15608356980807514
0.17567419351919789
0.19776833528362925
0.22271560312268246
0.2509070508695199
0.28278159859123075
0.31883322264993463
0.35961888921380325
0.40576744966937106
0.45798948293659336
0.5170884332227041
0.583973132575144
0.6596717014155313
0.7453477178071752
0.842318131588395
0.9520738417174597
1.0763028284390899
1.216916275907772
1.3760778636366942
1.5562369450350375
1.760166554265036
1.9910063197940882
2.252309321262196
0.07468333653494508
0.06563040438331935
0.05745165998056301
0.05010322745690132
0.0436623588773184
0.03813388908997961
0.03341668507606599
0.02936658582822993
0.025855330671093135
0.022787201121024836
0.0200928916781562
0.01772019005583836
0.015627520824343932
0.013780341230250848
0.01214913719637245
0.010708314531100882
0.009435484422090745
0.008310980833494241
0.007317472365743427
0.006439679423116296
0.005664112694859114
0.00497886194791608
0.004373405873817404
0.0038384513779865514
0.003365787426506728
0.0029481590567339566
0.0025791543247732918
0.0022531190889081287
0.0019650412943184037
0.0017104859866501343
0.0014855249748322308
0.00128667863644516
0.0011108659564049717
0.000955370018284718
0.0008178084299830246
0.0006960996379534734
0.0005884426317273039
0.0004932600686116118
0.00040919287891227896
0.00033503904810672225
0.000269726186003183
0.00021226344389457807
0.0001618188376610874
0.00011753049085161393
7.859933924425633e-5
4.444104294076823e-5
1.4195859766807928e-5
0.0847651578152977
0.09599419356533989
0.1085007073564519
0.12245509899797113
0.13806571010172508
0.1555759658084126
0.17526309357013758
0.19743920257165648
0.22245423569355793
0.25070063389181474
0.2826191144364616
0.3187054908719462
0.3595184362178223
0.40568829563129505
0.45792694270766976
0.5170388506299632
0.5839336778793287
0.6596403720072574
0.745322914184527
0.8422986462334316
0.9520585375483872
1.0762905843597141
1.216906044003641
1.3760689960755075
1.5562294659357616
1.7601611116379194
1.9910041376875274
2.2523141221622778
2.548115608614669
0.0839011043114164
0.07387599290924385
0.0648420592504122
0.05670776377271647
0.049512547603923984
0.04327131886355229
0.037912304272828656
0.033304262994619194
0.029313084991517968
0.025830544902365027
0.022775747499025556
0.02008754317919692
0.017717649699652505
0.015626292493712945
0.013779735541811
0.01214883364356023
0.010708158708353288
0.009435404026029381
0.008310938101817378
0.007317450223124133
0.006439667454896991
0.005664106036569194
0.004978859017356285
0.004373404439142803
0.0038384510068203426
0.0033657860341396173
0.002948151692374168
0.0025791519089697346
0.002253110186367202
0.001965007601915758
0.0017103994820306667
0.0014853447867571035
0.0012863557631987987
0.0011103537576033773
0.0009546410770964187
0.0008168585855488075
0.0006949649013217041
0.0005871738779337221
0.0004919478470748473
0.00040792813660850413
0.00033390546226108597
0.0002687674422023889
0.00021157109028369092
0.00016135404837314127
0.00011722561626559269
7.85134672867116e-5
4.436515573313926e-5
1.4213709717658674e-5
0.09510156608195786
0.10762760646812186
0.12163875937948188
0.13732971373379765
0.15493137136114932
0.1747114016144291
0.19697555617485207
0.22207018738220885
0.25038609885160845
0.28236375654825174
0.31849949099795527
0.3593529716740438
0.40555569960703775
0.4578207651315864
0.516953786233409
0.5838654402926231
0.6595856055736995
0.745279050315161
0.8422637107621682
0.9520309265383595
1.0762687903162638
1.2168885255868216
1.3760542915690523
1.5562166703667875
1.7601502600729377
1.9909960923105707
2.252310308071943
2.5481198675840426
2.882983845935484
0.09433675608516445
0.08318655265092989
0.07316651702993049
0.06414400382698915
0.05611486983691805
0.04908699212242418
0.043010352973217536
0.037770801196090886
0.03323347870688842
0.029279142671783553
0.025814504466131538
0.022768146260396804
0.020083902041617918
0.01771587477807124
0.01562541575789389
0.01377929471794559
0.012148607291618596
0.010708040081198078
0.009435342238011124
0.008310904929668794
0.007317431712196232
0.006439657130104415
0.005664101234657437
0.004978855698825058
0.004373402989549469
0.0038384492135357107
0.0033657753986027217
0.002948148056665545
0.0025791391870537694
0.0022530712697665933
0.0019649086726492015
0.0017101914344515023
0.001484971860927331
0.001285761496471416
0.0011095064070225646
0.0009535314440167753
0.00081552431888543
0.0006934640424844929
0.0005856084881994406
0.0004904222566119998
0.00040654226347136557
0.00033271737136875146
0.0002678798768798174
0.00021095244912316957
0.00016094219998130654
0.00011707675547967256
7.84155275015408e-5
4.440827318230589e-5
1.4223454602557695e-5
0.10682662063595139
0.12083619379056021
0.136555617293741
0.15420849023994254
0.17405452364780416
0.19639222059999284
0.2215621241769128
0.24995077667054755
0.2819958394686459
0.3181920443599262
0.3590983753743062
0.40534633787252794
0.457649456692228
0.5168140899048552
0.5837517430832877
0.6594931318360508
0.745204022503053
0.8422030425167746
0.951982241810466
1.0762300430402805
1.216857762109555
1.3760294126367598
1.5561956661578402
1.7601318887313333
1.9909804372638753
2.2522985587251245
2.548113730690025
2.88298728033062
3.2620841344530334
0.10614990884021491
0.09370435658946885
0.08255023158576691
0.07251889915852505
0.0635612268453416
0.05566418679052454
0.0487881804067678
0.042836622053002316
0.03767896313268704
0.03318765570999194
0.029256897279034355
0.02580377712517823
0.022762946569642395
0.020081352707653544
0.01771460688878701
0.015624775237853328
0.013778966902536993
0.012148435933014845
0.010707949397081862
0.009435293923528931
0.00831087904174499
0.007317417715696273
0.0064396495779242
0.005664096838501997
0.004978852874727657
0.004373400996590782
0.003838435601311474
0.003365772288890234
0.002948134039463035
0.0025790958101721273
0.002252956025603048
0.001964668643199552
0.0017097615483523398
0.0014842850907017535
0.0012847797976984765
0.001108214874934177
0.0009519712272370029
0.0008137614836325469
0.0006916114905051174
0.0005837883020882728
0.000488750303865082
0.0004050939851856228
0.00033160880175486795
0.0002670871854162371
0.0002104192107248437
0.00016072217081575246
0.00011695370555031559
7.847354732781753e-5
4.445038798550627e-5
1.4244766546767096e-5
0.12011998646702882
0.13582404417841865
0.153484456461344
0.17335770319991362
0.1957379716759382
0.22096115204897337
0.24940938880901697
0.28151643942866045
0.3177739283398937
0.35873847311350815
0.4050400039904476
0.4573911190609081
0.5165978376022764
0.5835717547474824
0.6593439690844667
0.7450808528745014
0.8421017461668372
0.9518994452911338
1.076162974455373
1.2168039676698985
1.3759863918075994
1.5561606147225073
1.7601020736034751
1.9909541910655553
2.2522760957016996
2.5480967358490765
2.882977859801108
3.2620863461931404
3.691274119967509
0.11952137594809553
0.10559025974078562
0.0931352142466082
0.08195500162274083
0.07195652576726008
0.06309609778837899
0.05533168572838587
0.048580514215630366
0.04272007368420816
0.03761812344388282
0.03315716747915154
0.029241880916289098
0.02579639461162664
0.022759296526300155
0.020079523047777492
0.017713681259543534
0.015624300132991209
0.013778717804441065
0.012148303766232438
0.010707879491594241
0.00943525633414577
0.008310857824849194
0.007317406626055067
0.0064396438442466675
0.005664092566958878
0.004978849873822355
0.004373384825633764
0.0038384328943203982
0.003365756283789878
0.0029480836620754403
0.0025789637656261633
0.0022526819338937187
0.0019641737359137323
0.0017089700196502022
0.0014831505828700742
0.0012832830609887935
0.001106399655740553
0.0009499115993305551
0.0008115839801252633
0.0006894580376695103
0.0005817926213769198
0.000487008792313226
0.00040373549364858263
0.0003306194232983728
0.0002664161487277994
0.0002101183716174404
0.00016057086010690114
0.00011702804436275471
7.856467542932677e-5
4.453073927201956e-5
1.4275237802507945e-5
0.1351853609620628
0.15282202447848814
0.17268814435749746
0.19507700682481577
0.2203226721305951
0.24880487663340745
0.280954591920926
0.31726058677625346
0.35827675337844145
0.4046305717084637
0.4570326205833508
0.5162873777571795
0.5833054343295219
0.6591173116645415
0.744889183904478
0.8419406905516613
0.9517649589548824
1.0760516442069221
1.2167128041222166
1.3759126017235888
1.5561010871819705
1.760053126776529
1.9909121537527223
2.252238801151386
2.5480646781011806
2.882953485139578
3.262072324570557
3.6912745645211666
4.177191386015652
0.13465591464377447
0.11902615117623938
0.10508233258094624
0.09259228134974684
0.08142085224912154
0.07148780423532664
0.06273643713204002
0.055090338880820156
0.04843617675305367
0.04264082687343862
0.037576921523280404
0.033136351866684066
0.02923147341229715
0.02579118715742279
0.022756671386037652
0.020078185809965454
0.017712991027202918
0.015623940154220861
0.013778526509673483
0.012148200998296943
0.010707824570438618
0.009435226420037246
0.008310841454796325
0.007317397133449255
0.00643963754106025
0.00566408732073409
0.004978830375007348
0.004373380542618044
0.0038384126745043545
0.0033656976198965793
0.0029479336512876486
0.002578649615056605
0.002252112718728938
0.0019632648685945497
0.0017076631167727285
0.0014814221011656414
0.0012811788476012609
0.0011040035309743956
0.0009473670613031615
0.0008090526544215493
0.000687097094037803
0.0005797186692300116
0.00048536845836544273
0.0004025239295151195
0.00032979276506583943
0.0002660242742065222
0.00020993568424643172
0.0001606643968212751
0.00011717518421239248
7.872604105951808e-5
4.464086942057577e-5
1.4304982890678275e-5
0.15225361126883907
0.17209143722172104
0.19446351729113154
0.21970414412319528
0.24819271319134106
0.28035936352798796
0.316691520352812
0.3577414469579301
0.404134698530509
0.456579873952049
0.5158794953516486
0.582942432242981
0.6587977720595832
0.7446106170573463
0.8416999605278672
0.9515586503315383
1.0758764275805484
1.216565612500228
1.3757905870369584
1.5560012666407173
1.7599717661864398
1.9908444919910084
2.252179981102554
2.5480119998355173
2.882908001234804
3.2620376559548157
3.691254170223284
4.177189346813153
4.727240834230305
0.1517853667844875
0.13421773158890193
0.11857366482597875
0.10459014569774805
0.09209169103163273
0.08095855711042255
0.07110923982864925
0.0624639311511439
0.05491626326310506
0.04833518080288268
0.04258605900474688
0.03754840598673592
0.03312179946662397
0.029224088576582652
0.025787433185536557
0.02275474316352266
0.020077189070150325
0.017712469016454513
0.015623662403233318
0.013778376505957368
0.012148120691128028
0.010707780681133983
0.00943520189215974
0.008310827848360347
0.007317389003633323
0.006439630132265783
0.005664064449279138
0.004978824347489308
0.0043733575372533195
0.0038383463749003255
0.0033655266466219302
0.002947573796013181
0.002577998335122622
0.0022510711053351784
0.001961761706803067
0.0017056716686747464
0.0014789898863281081
0.0012784018014952991
0.0011010429033619928
0.0009444078602696138
0.0008062784289224467
0.0006846459694491713
0.0005777585603059521
0.0004839044544793225
0.0004015221798452373
0.0003292980918860877
0.00026580535881581824
0.00021005102810089937
0.0001608741663874369
0.00011742827681082701
7.89406085868194e-5
4.475549975424542e-5
1.4341981557031147e-5
0.17158631623374987
0.19392817977870624
0.21914615434859108
0.24762028764570498
0.27978113824962403
0.3161161941342181
0.3571774691365981
0.40358990007770945
0.4560611097313698
0.5153923727768301
0.5824911111595865
0.6583849232736778
0.7442374368454656
0.8413663199248553
0.9512635376076748
1.0756180810871232
1.2163420494057378
1.375599702574322
1.5558408376360133
1.7598389066719937
1.9907348755230942
2.2520875289474858
2.5479304081262177
2.882834091533516
3.261973552387201
3.691205302354568
4.177160260700914
4.727235486576796
0.17117220222901874
0.15139767124273096
0.1338152082214199
0.11812968807678725
0.10412620493589753
0.09164427891091886
0.08057017776791309
0.0708103157335529
0.062259800915773766
0.0547906312071218
0.048263755701584365
0.042547546462360586
0.03752826174315693
0.03311140593855022
0.029218742074166748
0.025784670939693832
0.022753305578201655
0.020076432604295924
0.01771206809646575
0.015623445231463862
0.01377825819538625
0.012148055371328681
0.01070774552613507
0.009435181996364506
0.008310814850723602
0.00731737749364747
0.006439598311081873
0.005664054071640834
0.004978800590651922
0.0043732820462416555
0.003838150647101024
0.003365116042894023
0.002946829689784991
0.002576803218241608
0.0022493466727242506
0.0019594735286965204
0.0017028689499687388
0.0014757822834505774
0.0012749701209173736
0.0010976002869815815
0.0009411650155524143
0.000803401262907677
0.0006823234796762279
0.0005760090776938398
0.00048270350097734394
0.0004009109116829279
0.00032903849981114064
0.0002659444021464452
0.00021033173050888365
0.0001612303482634303
0.00011776062445267854
7.917285436409571e-5
4.488490899134945e-5
1.4374131905192655e-5
0.19347978755915207
0.2186673363832785
0.24711566596100187
0.2792560591996187
0.3155766695622466
0.3566300017222517
0.40304137324809464
0.4555184858000114
0.5148624667478794
0.5819802513283898
0.6578987101193396
0.7437804888451129
0.8409421283116387
0.9508744592819776
1.0752654284804506
1.2160263516081233
1.375320944750011
1.5555986145784382
1.7596322212848898
1.9905613491229128
2.2519422848066304
2.5478057537787757
2.8827220050446036
3.261870642460032
3.6911156645496455
4.177092089409814
4.727194978301766
0.19311352290706196
0.17082918222558074
0.151040003494594
0.13341630796030746
0.11770363430320074
0.10370019561315846
0.09125506520430449
0.08025137130957116
0.07057778376646784
0.062107594725327786
0.054699486706041966
0.04821259747622708
0.04251999317085442
0.037513754335827265
0.03310383650173776
0.029214798569981326
0.025782601193846233
0.02275221493032653
0.020075850457446975
0.01771175433397243
0.015623272965751944
0.013778163936104093
0.012148002874583064
0.010707716165814674
0.009435163596455354
0.008310799450062412
0.007317336426941878
0.006439586431843836
0.005664027708788488
0.0049787115442478935
0.004373058029576882
0.0038376815822305232
0.003364264681871454
0.0029454623511133704
0.002574830136462758
0.002246721298996057
0.0019562513332394005
0.0016991739679932394
0.0014718180176505058
0.0012709811007178828
0.0010938271089218077
0.0009378060640603536
0.0008006690271553651
0.0006802515753046023
0.0005745824803291555
0.0004819604492114493
0.00040060475141778795
0.0003292044715177411
0.00026630622509760116
0.00021080461735323297
0.00016169677830735196
0.0001181257530520341
7.942087533407971e-5
4.49980701180408e-5
1.4395869367689329e-5
0.21826957040912465
0.24668833647680977
0.27880166232324566
0.3150983312643483
0.35613145738321794
0.40252701205479546
0.4549932878004732
0.514331918432883
0.5814502098186649
0.6573752054232278
0.7432695079748664
0.8404493318734012
0.9504049120660358
1.0748236123799098
1.2156159169508385
1.3749449726683176
1.5552596140330994
1.759332180238355
1.9903011654097051
2.251720520906063
2.5476169426503232
2.8825564212610577
3.2617182876532675
3.690973600649314
4.176967914583498
4.72710144751399
0.2179455647020525
0.19281001244080986
0.1705116465805281
0.1506827425668833
0.1330279633865441
0.11730356212998583
0.1033182296746551
0.09092401011516049
0.07999411427913738
0.07039848762615719
0.06199407540981028
0.054632826287075886
0.0481754552136886
0.042499954743750123
0.03750312284010349
0.03309822991117706
0.02921183845783215
0.025781030063557253
0.022751372986315133
0.020075396582194927
0.0177115051270178
0.015623135860376891
0.013778085954850638
0.012147960426153404
0.01070768965305735
0.009435141647257339
0.008310750184501892
0.00731732116059991
0.00643955673694574
0.005663928638934834
0.004978457033355532
0.004372523227889502
0.0038367102927541197
0.003362704617600798
0.002943205229540169
0.0025718234606300072
0.0022430242388216115
0.0019520037049680639
0.0016946063587539584
0.0014672096780250499
0.001266607290848043
0.001089922947857147
0.0009346100734282103
0.0007982318536017274
0.0006785702477731803
0.0005736900001211964
0.00048160190485724286
0.00040080142120579865
0.000329657400745198
0.0002669123562215603
0.0002114226085190296
0.00016221254484527492
0.00011850812182157
7.963883773687286e-5
4.507824689437001e-5
1.4408682409872142e-5
0.24633560551713618
0.27842084290197633
0.31469042640666345
0.35569791399678774
0.40206974802819584
0.45451481950032857
0.5138353455070463
0.5809393108908862
0.6568543753406297
0.742743746690647
0.8399240976209752
0.9498859555331611
1.0743168066662396
1.2151270690054408
1.3744797761985046
1.5548236146567032
1.7589307516867971
1.9899392060093257
2.251401406124827
2.547340453584872
2.8823161937698027
3.261501837112881
3.6907687802960867
4.17677363422351
4.726931957562745
0.2460488841751527
0.21767696885387355
0.19252827754182178
0.17019247156139183
0.15033089648723674
0.13265654554382067
0.11693550160115951
0.1029828290464625
0.09064742597136277
0.07978896103464805
0.07026078984675976
0.06190909861705407
0.054583595597667234
0.04814811637122496
0.042485151541903576
0.037495203144271017
0.033094011793053824
0.029209581633702797
0.025779819139996718
0.022750716727490072
0.020075037575254306
0.017711305968088453
0.015623024640837535
0.013778022281965896
0.012147921420543994
0.010707657338462795
0.009435077122484259
0.008310726857356343
0.007317287350702806
0.006439441478618413
0.005663634439796894
0.004977847087069165
0.004371415382398602
0.0038349309325811376
0.0033601254009818504
0.0029397668535180443
0.0025675877839992367
0.0022381516831551096
0.0019467539868047723
0.0016892965559733852
0.0014621570145241236
0.0012620859397189932
0.0010862021130364496
0.0009317594325244372
0.000796261928941
0.0006775087610506603
0.000573272878136244
0.00048183317699823647
0.0004013570346934614
0.00033041436678349356
0.00026770173441192924
0.00021210884349454062
0.00016274666096904866
0.00011884512595994323
7.979771055666163e-5
4.5123580864725454e-5
1.4408682406319429e-5
0.27810804901136965
0.31435132078395256
0.3553324720862383
0.40167816478204443
0.4540976438409645
0.5133935161594128
0.5804742937950085
0.6563682457642779
0.74223929535371
0.8394048897204609
0.9493563355119496
1.0737818092158906
1.214592531538825
1.3739520655858488
1.5543098389118568
1.7584386090589716
1.9894769432699118
2.250977094135716
2.54696023056378
2.8819808827016247
3.261203233607578
3.690490350105172
4.176501138940026
4.726669637445459
0.27785419058586847
0.24581111576451953
0.21742709414387562
0.19224366856335084
0.16987522201575178
0.14998933046456564
0.13230739350265974
0.11660317097582151
0.10269347783180294
0.09041949003459315
0.07962657171501597
0.07015508037569074
0.06184511027191686
0.054546850072584974
0.04812772572978474
0.04247405457533038
0.03748921636795366
0.033090787656747445
0.029207839538542224
0.025778871742630827
0.022750197467209965
0.020074748823288857
0.017711143946349317
0.015622930987630568
0.013777968322213674
0.012147877482234115
0.010707573283966099
0.009435050246871413
0.008310684803618074
0.007317151506186725
0.006439108840487151
0.0056629407144930255
0.0049765851892082935
0.004369386546175136
0.0038319865350882054
0.003356197212909251
0.002934923699338121
0.0025620090546167873
0.002232129166698904
0.0019406504897787613
0.0016834760775106261
0.0014569362972673972
0.0012577712600032598
0.0010828835391407665
0.0009294635072265578
0.0007950088744728134
0.0006770241254345777
0.000573543008668409
0.00048250494291757207
0.00040228351605975377
0.0003313980696368901
0.0002685805405509001
0.00021281480751422777
0.00016321829267607058
0.00011909322917702525
7.988518337853634e-5
4.512358087715995e-5
1.4395869371242043e-5
0.3140738367613114
0.35503056056345805
0.4013510696124687
0.45374468862412165
0.5130141971359539
0.5800683300062346
0.6559357509522625
0.7417808561795072
0.838921750471469
0.9488505110760332
1.0732562001482226
1.2140510687699666
1.3733997553387969
1.553753037927856
1.7578851293590088
1.9889362220040807
2.2504600013138667
2.5464779692735773
2.8815420885158107
3.260808727453333
3.6901278872217587
4.176147903240635
4.726310746011742
0.3138488967032824
0.2776436011546437
0.24558952782967225
0.21717366368316515
0.19195869037152935
0.16956351044296003
0.14966244968981002
0.13198448536611185
0.11630804752798163
0.10244743813435075
0.09023349409170578
0.07949852942484359
0.07007374635286112
0.061796574345128974
0.054519124945372255
0.04811232142549926
0.04246562150646671
0.03748463266640112
0.03308829083120912
0.02920647746837357
0.025778123375096662
0.022749781024753446
0.020074512724534088
0.017711008493964897
0.015622848889890406
0.013777906254476946
0.012147773798448114
0.010707546182715966
0.009434999213714157
0.008310531549617473
0.007316776746059794
0.006438317826906292
0.005661504715700261
0.004974271812127284
0.00436603055937379
0.0038275078074461177
0.0033506672617233946
0.002928544277019718
0.0025551123902847195
0.0022251288799921554
0.001933960189690609
0.0016774649367468086
0.0014519491939628537
0.0012539226619514565
0.0010802182560993856
0.0009279931627688143
0.0007944485323303496
0.0006773386925598146
0.0005743468418417663
0.00048362362061915576
0.0004034875644727265
0.0003324947656677679
0.00026948089415768095
0.00021343839677356868
0.00016356702632247533
0.0001192282414654855
7.988518335722006e-5
4.507824688193551e-5
1.4374131901639942e-5
0.3547842143309614
0.4010821365449546
0.45345190293034765
0.512696280948516
0.5797239882973928
0.655563826916258
0.7413803724369386
0.8384921021143281
0.9483915820308466
1.0727685674337772
1.2135361294858007
1.3728600908223454
1.5531925713872847
1.757309715095079
1.9883539507429742
2.2498816652090476
2.545916784604882
2.8810119903595357
3.2603197847732264
3.6896783253455183
4.17571702026552
4.725866376437573
0.3545846760358229
0.31366223523423464
0.27744706266945407
0.2453640700359596
0.21691841210192297
0.19167596109659435
0.16926080162075152
0.1493539453536883
0.13169031216113058
0.11604970144851734
0.10224060182845829
0.09008273127800326
0.0793976790119153
0.0700109095897119
0.06175945522317772
0.05449798044676335
0.04810053989404306
0.0424591320651615
0.03748107339782081
0.03308633526363369
0.0292053975671962
0.025777523193752927
0.02274944242845489
0.02007431720188979
0.01771088813602617
0.015622761462133816
0.013777776885833148
0.012147732991909521
0.010707476792430448
0.009434818739774364
0.008310101116478563
0.007315873690969532
0.006436680373598236
0.005658869545589695
0.004970450730454878
0.004360927005998327
0.003821195714334813
0.0033433820231278943
0.0029206578963814067
0.0025470952147115256
0.002217453041794215
0.0019270548644714225
0.0016717160168724376
0.0014475013051669094
0.0012508390229637456
0.0010785030094435655
0.0009273471511894726
0.0007948138711828534
0.0006782923003481045
0.0005756841387096756
0.0004850767031356895
0.000404831503520775
0.0003336147971193526
0.00027027672065038644
0.0002139010286006382
0.00016375591414874435
0.00011922824149568356
7.979771057797791e-5
4.49980701304753e-5
1.4341981559695682e-5
0.40086315913112447
0.45321204499480583
0.5124339513355407
0.5794374553203463
0.6552512895562446
0.7410400052063011
0.8381221602688083
0.9479904912469044
1.0723351390603106
1.213069681303243
1.3723607248304055
1.5526614699303725
1.7567498161054336
1.9877704577728728
2.249282929747807
2.5453148580390415
2.880422234685586
3.2597581221667085
3.689153937131098
4.175220182364987
4.7253598997651345
0.40068588339215605
0.3544190410742427
0.31348782117284113
0.2772465819904095
0.24513592927893768
0.21666320434587139
0.19139810989073425
0.16897023385839827
0.14906661641927865
0.1314259324196989
0.11582626359478532
0.10206822046776676
0.08996101137365375
0.07931816748649112
0.06996210512675471
0.061730825442107395
0.0544816848716323
0.04809142467298155
0.04245408306577225
0.037478274095227526
0.03308478339337828
0.02920453127912026
0.0257770335908587
0.02274915868529792
0.020074147139635734
0.017710763531855633
0.015622602063321445
0.013777716533136086
0.01214764794198775
0.010707272228125397
0.009434329451223356
0.008309074124903226
0.007314010948217486
0.006433683946867497
0.005654521898911469
0.004964637679596429
0.0043537304279803735
0.003812885820283718
0.0033343735023052545
0.002911490344002843
0.0025383039246387185
0.0022095345781352194
0.0019204440487659014
0.0016665914236737578
0.00144394505542067
0.001248846456061159
0.0010777595315012434
0.0009277693890421546
0.0007959360393741122
0.0006798765729501
0.000577418647257133
0.0004867004155411081
0.00040620031756422037
0.00033460575121413427
0.0002708683934704581
0.0002141511248625605
0.00016375591411055268
0.00011909322914771536
7.963883771644475e-5
4.488490902332387e-5
1.4304982887125561e-5
0.45301704427036515
0.5122196118481259
0.5792019591183974
0.654992629157352
0.7407560289408295
0.8378105933004072
0.9476490099276713
1.0719615239669147
1.2126618970723517
1.3719170661581108
1.5521809686336216
1.7562326762153053
1.9872188047537005
2.2487017412420727
2.5447131200725464
2.8798136009751683
3.2591600768495606
3.6885830169381464
4.1746800479154755
4.724822183186955
0.4528592242509504
0.40053867649869535
0.3542641210243893
0.3133095472213663
0.2770429554374676
0.24490640719163004
0.21640997382224025
0.19112765845182178
0.16869447531968174
0.148802297868877
0.13119115771622436
0.11563491171691709
0.10192544698422878
0.08986291110335198
0.07925531546498732
0.06992396232434128
0.061708551748541396
0.05446899549498152
0.04808429583550744
0.0424501036064715
0.03747605280282329
0.03308353605682868
0.02920382552712386
0.02577662359073063
0.022748910509110765
0.020073970130477292
0.017710560688505517
0.01562251619914612
0.01377761645347686
0.012147418205310068
0.010706710837466993
0.00943316053889287
0.008306957812019178
0.007310602088349327
0.0064287398280518104
0.00564790552063954
0.0049564425811556845
0.00434425888835932
0.0038026093615064482
0.0033239046682931317
0.002901435863562618
0.002529239163525432
0.002201949727023589
0.0019145527814998786
0.0016624987709326078
0.0014416376389680963
0.0012479932975022479
0.001078245658121979
0.0009290837709086119
0.0007977991828447273
0.0006819299606410922
0.0005793587686468982
0.000488351497474504
0.00040741172325731156
0.0003353432866788353
0.0002711875544392228
0.00021415112491229849
0.00016356702636155518
0.00011884512599102948
7.942087543177934e-5
4.475525288238913e-5
1.4275237317562528e-5
0.5120455404713411
0.579009910518586
0.6547806483054028
0.7405219574739368
0.8375520441799242
0.9473634171171117
1.0716462156059232
1.2123141709782739
1.3715342646029445
1.551760711000008
1.7557732687058953
1.9867199203691617
2.2481653045176713
2.544144675022542
2.8792236486270006
3.2585646374121637
3.688001617724111
4.174127008595219
4.7242856679484655
0.5119046782659344
0.45272812419538333
0.40040087510402245
0.35410550333392443
0.31312793201531086
0.27683707547869485
0.2446768924228664
0.21616066136784262
0.19086691380612741
0.16843561556877606
0.1485618880415771
0.13098481698498077
0.11547231018028903
0.10180768241672222
0.08978385008114209
0.07920544891404724
0.06989395171611879
0.061691069950406074
0.05445901353583604
0.04807866265811356
0.042446927613796426
0.03747426441818469
0.03308252055522409
0.02920323662767821
0.025776264867013232
0.02274866309260659
0.020073704709253626
0.017710451615534417
0.0156223966589355
0.013777348714166138
0.01214676679687976
0.010705378648527386
0.009430754312160339
0.008303082086169589
0.007304981427033397
0.006421212888761296
0.005638579442864611
0.004945657825750516
0.004332548563056093
0.0037906658781610147
0.003312422745818999
0.0028910745194181686
0.002520551917060132
0.0021951898286376448
0.0019098531060928181
0.0016598361803907835
0.001440661440021529
0.0012485528295300696
0.0010797783558356144
0.0009312620079633405
0.0008002132551947483
0.0006842281346344237
0.0005813288298774921
0.0004898119872862594
0.0004083144107500658
0.00033574069567343656
0.00027118755437971487
0.00021390102854823567
0.00016321829263876708
0.00011850812178515469
7.917260673906412e-5
4.4640621246649914e-5
1.4247607854400712e-5
0.5788540452947863
0.6546080013961717
0.740330531935447
0.8373395720831427
0.9471273914192615
1.071383919312328
1.2120227251002915
1.3712106438890204
1.5514018459749987
1.7553764383914325
1.9862831974549096
2.2476884327447606
2.5436303354849032
2.8786791298926815
3.258003244459232
3.6874427531943614
4.173591337803869
4.723778323460454
0.5787279154904841
0.5117876189032762
0.4526053100581553
0.40025958832306063
0.35394352450475175
0.31294357296656905
0.27662991645017243
0.24444882465339557
0.21591714219550262
0.19061788383579525
0.1681951146773102
0.14834544345432832
0.13080503803984556
0.1153349589128485
0.1017107722355508
0.0897200474645592
0.079165702695974
0.06987017599764567
0.0616772297019903
0.05445108759291806
0.04807416109176721
0.04244436962258913
0.03747280152388921
0.033081674079790346
0.02920272330744389
0.02577591453084782
0.022748325456597662
0.020073561103155058
0.017710295105677787
0.015622075975314509
0.013776604285346217
0.01214525228386698
0.010702643066238693
0.009426349112120036
0.008296692410042716
0.007296424533252299
0.006410605264411728
0.005626305748262617
0.004932322287955593
0.004318937084847541
0.0037775688661723095
0.0033005938532468804
0.002881140765820689
0.002512809555839546
0.0021898053372826354
0.0019067895592339568
0.001658720086929577
0.0014413046162706777
0.0012503303952104972
0.0010823139753686206
0.0009340842508764879
0.0008029169135230774
0.0006865585293853727
0.0005830718462904727
0.0004909019816157212
0.00040880078576144285
0.00033574069574449084
0.00027086839352552516
0.00021343839682419485
0.00016274666100279944
0.00011812575239922296
7.89403600727212e-5
4.453673117499335e-5
1.4219935539294681e-5
0.6544679367849779
0.7401747664877485
0.8371660721742549
0.946933865250311
1.0711678309997588
1.2117812848861016
1.370940841056639
1.551100502018699
1.7550403614981844
1.9859096648414991
2.2472758674474242
2.5431794432267436
2.878194583225718
3.2574955828900727
3.686929683111123
4.173096216783599
4.723319432385433
0.6543545753729143
0.5786230573241298
0.5116778830017799
0.4524792423216102
0.4001150163951337
0.3537785664208002
0.312757135022367
0.2764225145906529
0.24422365458972717
0.21568115662231602
0.19038220047539767
0.16797380613065638
0.14815232165440673
0.13064951408248593
0.11521942855236578
0.10163109165688589
0.08966843268509894
0.07913385487631164
0.0698511992860853
0.061666173654416845
0.054444733288552705
0.04807051785476357
0.04244227875642981
0.037471584796330504
0.03308093794524236
0.029202227364780065
0.025775481727161598
0.022748117210655394
0.020073364546980166
0.017709917698007338
0.015621226403051303
0.013774875817121668
0.012142140345419605
0.010697638785225116
0.00941908885013465
0.008286970451408138
0.007284367663775271
0.00639664891048497
0.0056111334265054325
0.004916821473210042
0.004304010225053112
0.0037640791656290418
0.003289247390486416
0.002872285331706692
0.00250665043121856
0.0021862874161557855
0.0019055140165020745
0.0016594569055143893
0.0014433583478572487
0.001253271036748771
0.0010855976192560846
0.0009372464392534141
0.0008056561882137103
0.0006886216304371473
0.0005843732100618837
0.0004914887117655198
0.00040880078567884226
0.0003353432866033401
0.00027027672059176666
0.00021281480746004888
0.00016221254430792698
0.00011776062119128738
7.873227934140914e-5
4.4443519286119226e-5
1.4213709004451403e-5
0.740048418033167
0.8370249789330728
0.9467760075905138
1.0709909550082313
1.2115828481167084
1.3707180652027624
1.5508503682092396
1.7547596251606832
1.985595363715257
2.2469257604754422
2.542793046690012
2.8777747006020737
3.2570504170407144
3.6864747374608475
4.172655075382929
4.72291860817507
0.7399461374345373
0.6542602988019119
0.578524695159568
0.5115651270327124
0.45235003214186964
0.3999674052361417
0.3536110715639067
0.31256934468366815
0.27621594906939784
0.2440028013958644
0.21545426205012852
0.19016108364636253
0.1677719432145519
0.14798134673821828
0.13051573962958773
0.11512252265439304
0.10156555365905362
0.08962653848269486
0.0791081933351423
0.069835939249832
0.06165726281793571
0.05443958030624074
0.048067535705654585
0.04244053464142716
0.03747053430020486
0.03308024343891969
0.029201663732049354
0.02577519730915956
0.022747876568907976
0.02007291582808879
0.01770893748006941
0.015619255704813817
0.013771334872710206
0.012136458547301388
0.010689394379499007
0.009408049987331246
0.008273272332250947
0.007268505483193799
0.006379394277599815
0.0055934937612427404
0.004899826473143243
0.0042886409530824565
0.0037511323334431523
0.003279132363295467
0.0028652478075281707
0.0025026175973472675
0.0021848314220731524
0.001906356423187816
0.0016618257647129653
0.0014467574204770628
0.0012570776751799073
0.0010892791824952397
0.0009404485421002917
0.0008080807575598925
0.0006901625157471614
0.0005850738161869984
0.0004914887118641076
0.0004083144108237846
0.00033460575128518855
0.000269480894212748
0.00021210884308331401
0.00016169652887931818
0.00011743451655910064
7.855805323409015e-5
4.4408270953866236e-5
1.4195859769472463e-5
0.8369105451253613
0.946647688065152
1.0708468055851639
1.2114206416318494
1.3705353249497936
1.5506443683486397
1.754527382507613
1.985333911337587
2.2466326855137284
2.54246721935286
2.877417716346869
3.2566686288325517
3.6860814716136554
4.172272664072297
4.722577504260943
0.836817891483256
0.7398610424042147
0.6541718180684395
0.5784235357876577
0.5114494019341613
0.45221781741449707
0.39981703172541394
0.35344153256955124
0.31238097782220553
0.2760113173657164
0.2437876061775226
0.215237775943125
0.18995533213786153
0.16758927186122552
0.1478309714489674
0.13040116999095108
0.1150413607500056
0.10151157181765935
0.08959239469219593
0.07908738701633045
0.06982356802226963
0.06165001610361731
0.05443534610676881
0.04806504989802107
0.04243903579261854
0.03746956026381376
0.03307950048669728
0.029201276202258875
0.025774870122429405
0.022747326272758883
0.020071777346398534
0.017706686492060086
0.015615226762644596
0.013764882983947402
0.012127096323942155
0.010676857004210838
0.009392489628796241
0.008255250208583753
0.007248895024852153
0.0063593390547467266
0.005574158430927234
0.004882328401743408
0.0042738857676702935
0.0037395954457783986
0.0032711025943461536
0.002860633503403598
0.002500959226476418
0.0021857938676310695
0.0019090827384005138
0.001665742817424487
0.001451156357228811
0.0012613476681311298
0.00109300397073131
0.0009432827183593062
0.0008098929368802743
0.0006909913665253953
0.0005850738160715352
0.0004909019815046989
0.00040741172317471097
0.0003336147970491865
0.0002685805397506513
0.0002114223561324735
0.000161236342565374
0.00011716856393828579
7.847354346157687e-5
4.436515571715205e-5
1.4228149065154128e-5
0.9465436186224174
1.0707296675444127
1.2112885343348512
1.3703861026280788
1.550475658199475
1.7543365482601319
1.9851181629157586
2.246389710796842
2.542195603910542
2.877118311990046
3.2563463702128708
3.685747707765211
4.171947701063575
4.722292573292631
0.946459342620682
0.8367407772942892
0.7397811418093534
0.6540807478079502
0.5783195918715309
0.511330774983513
0.45208276952524695
0.3996642166075217
0.3532704869340684
0.3121928452724987
0.2758097047097756
0.24357930117808912
0.2150327433897692
0.18976533668111717
0.16742512232656015
0.14769943488594262
0.13030334996159176
0.11497340944309453
0.10146700246825713
0.08956443764378985
0.07907039890367162
0.06981344997959837
0.061644049880216656
0.05443181519810736
0.04806291561005871
0.04243766827209683
0.03746857489428024
0.03307896433203972
0.02920082904924204
0.025774216962562768
0.02274601570935708
0.020069209131637678
0.017702107144624613
0.015607892788627176
0.013754251363057968
0.012112861668423847
0.010659194465809207
0.00937202711697882
0.008232974114925184
0.007226103616449819
0.006337351380242495
0.005554252205428156
0.004865528148108034
0.00426073881964939
0.003730441098061199
0.003265828652163627
0.0028587471106957807
0.0025020574619425417
0.002188923994739689
0.001913586634626263
0.001670811235573666
0.0014560908449325893
0.0012656637771399915
0.0010963017608700554
0.0009454016072458771
0.0008108669405491042
0.0006909913666515166
0.0005843732101586951
0.0004898119873848472
0.00040620031765481457
0.0003324947649732124
0.0002677017257575187
0.00021081061469807594
0.0001608673053414833
0.00011702803861624034
7.841552751308711e-5
4.444104295497908e-5
1.4230466053533064e-5
1.0706346667381705
1.2111812145786391
1.3702646446827873
1.5503380222641132
1.7541804587978365
1.9849411763820695
2.246189642802649
2.5419710432376865
2.8768696299684446
3.256077457258172
3.6854681417764272
4.171675466213312
4.7220575917858625
1.0705577282629424
0.9463891847468515
0.8366683386599592
0.7396988543285268
0.6539870774821042
0.5782128880592481
0.5112093344373818
0.4519450827652376
0.39950932038112974
0.35309851431228356
0.3120057826950404
0.2756121581225308
0.2433789709466163
0.21483992801317253
0.18959111838599352
0.16727851019617646
0.14758487383644336
0.13021999560377573
0.11491648350672712
0.10143008782032759
0.0895414213851673
0.07905642210947494
0.06980509429552662
0.06163906017043619
0.054428796882292296
0.04806099675496611
0.04243634989182343
0.037467838793500796
0.0330783877826093
0.029200054334195258
0.02577269602782639
0.022743079547566047
0.020063992913123663
0.017693773383398614
0.015595825092398208
0.01373809735974163
0.012092821036167045
0.0106359680565431
0.009346730681602189
0.008207087402028357
0.007201117880397234
0.006314721899152609
0.005535137265230361
0.004850557045973147
0.004250311910714011
0.003724423017662737
0.003263683022543873
0.0028599989727329245
0.002505643412375136
0.00219409178826524
0.0019194133306381644
0.0016764981430208437
0.001461077985832837
0.001269486045775814
0.0010987685463597074
0.0009465400229817789
0.0008108669404052193
0.0006901625155970592
0.0005830718461803386
0.000488351497399897
0.0004048315026317084
0.0003313980592212218
0.00026691860090366504
0.00021032487040972825
0.00016066414292659204
0.00011695370550501849
7.85134672662835e-5
4.447109583427533e-5
1.4273894166194623e-5
1.21109418489445
1.3701660057622953
1.5502260462121735
1.75405322272755
1.984796591355202
2.2460257046378187
2.5417864877482397
2.876664522837613
3.2558549134295554
3.6852361719945144
4.171449709187626
4.721865452630722
1.2110236938090049
1.0704936649544403
0.9463232586467463
0.8365936951078909
0.7396141428335028
0.6538907997103722
0.5781034579144126
0.5110851928411106
0.45180498383007883
0.3993527351196633
0.3529262230986472
0.31182062460042115
0.27541966361371095
0.24318751990056597
0.21465980600719536
0.18943237218991626
0.1671482389533745
0.14748542069359072
0.13014902973073728
0.11486871304832214
0.10139938946544635
0.08952234790529356
0.07904481738712121
0.06979809796190661
0.06163480401272281
0.05442610649292323
0.04805921375664557
0.04243533847605008
0.0374670721835102
0.03307740703665729
0.029198265579400307
0.025769311504066472
0.02273712642301806
0.020054525922123645
0.01768007418534978
0.01557750016626347
0.013715355284190878
0.012066457635210526
0.010607251940818685
0.00931733909175314
0.008178707104534055
0.007175403561301863
0.006292985894123859
0.005518101063465508
0.0048386946837037925
0.004243452110100243
0.0037219826489334196
0.0032651121627473856
0.0028641016765433847
0.002511562085310892
0.0022007764399196716
0.0019259515504952418
0.0016822437619303798
0.0014654934040381207
0.001272345274873743
0.001100092510679218
0.0009465400231523091
0.0008098929370001784
0.0006886216305588277
0.0005813288300240416
0.00048670041478082737
0.00040348755252228585
0.0003304206125980258
0.00026629961221580345
0.0002100507735116608
0.00016057085982357222
0.00011707675550720609
7.85993392620199e-5
4.459731959283175e-5
1.4300486412821556e-5
1.3700860257393392
1.550135133246569
1.7539497542044629
1.9846788034259064
2.245891882625698
2.5416354537299926
2.876496232656157
3.2556718436330954
3.685045007176468
4.171263839633826
4.721709222874897
1.370021249745251
1.2109649957365138
1.070433451645398
0.9462552986113373
0.8365168036153205
0.7395269840719658
0.6537919161400758
0.5779913491530504
0.5109584779843361
0.4516627292412698
0.39919488717512674
0.35275424735894223
0.3116381893736593
0.27523311702409536
0.24300566406386803
0.21449258135148153
0.18928852708505683
0.1670329743737522
0.1473992762296108
0.13008860459431837
0.11482852020139589
0.10137372908724274
0.08950641415963911
0.07903507336689941
0.06979212538188051
0.06163104890173532
0.05442368188900826
0.04805781665269038
0.0424342939125264
0.037465843996788095
0.03307530871141928
0.02919436559541211
0.02576253692493502
0.022726369283096126
0.02003897631462248
0.017659279035085795
0.015551694007054806
0.013685450044324199
0.01203387785564125
0.010573893851933747
0.009285115487533524
0.008149503412545833
0.007150700041055558
0.006273616030356699
0.005504615722978556
0.004830879278014066
0.004240681108997002
0.003723612810364152
0.003269798957420633
0.0028708703641671107
0.0025192191934770847
0.0022082787915742585
0.0019325549473370174
0.001687331334077058
0.0014687967088162779
0.0012738808883741015
0.0011000925104802661
0.0009454016070460369
0.0008080807573911386
0.0006865585293160947
0.0005793587676068412
0.0004850766893405023
0.00040228976243117387
0.00032965079193569835
0.0002659443900432379
0.00020993568375171634
0.00016072217077223172
0.00011722561623717098
7.880945063121203e-5
4.47002855485934e-5
1.4330266853157525e-5
1.5500614286710253
1.753865761870891
1.9845830572275922
2.245782947916282
2.5415122298588115
2.87635868440783
3.2555219072131263
3.6848882630876822
4.1711115922517825
4.721582646308259
1.550001739341221
1.3699673065180917
1.2109098186880183
1.070371360139112
0.9461852581867962
0.8364376219809104
0.739437356143636
0.6536904361376745
0.5778766298356102
0.5108293462991043
0.4515186009449419
0.3990362304808315
0.3525832298632743
0.3114592695609808
0.275053300951976
0.24283392073659726
0.2143382067352233
0.189158816990191
0.1669313224023723
0.1473247506082478
0.13003709207986347
0.1147945801809156
0.10135214021964689
0.08949297062542971
0.07902675924161517
0.06978689333720212
0.06162774655561165
0.05442175169654195
0.048056419204537626
0.04243276563357323
0.03746335604558748
0.03307082345913326
0.02918663336414795
0.025750298407303696
0.022708718040787446
0.02001537736336445
0.017630013217219798
0.015517781095573113
0.0136484951087672
0.011996030105029476
0.010537323991625769
0.009251968520580967
0.008121446812746846
0.0071286964485430815
0.0062582891832487775
0.00549571932341042
0.004827736431229468
0.004242535150889459
0.00372896035321002
0.003277530991041999
0.002879628094551556
0.002527811349756881
0.0022158537133272205
0.0019384031140408098
0.0016911378763380114
0.0014705707429225612
0.0012738808885819353
0.0010987685465080332
0.0009432827184836512
0.0008056561884730584
0.0006842281337453571
0.0005774186320133268
0.00048362986738137437
0.00040135043118461056
0.0003292044561424845
0.00026580535876519207
0.000210118371650303
0.00016094220002571547
0.00011753049089247014
7.901858597669786e-5
4.4815157009381323e-5
1.4379360659511065e-5
1.753797675314698
1.9845053491068327
2.2456944275543
2.541411959844448
2.876246570705076
3.2553995184533835
3.6847602115805183
4.1709873451120565
4.721480321470436
1.7537425348433104
1.5499520336106913
1.3699165986767827
1.2108529092375977
1.070307343311112
0.9461130878235737
0.8363561189053446
0.7393452409393406
0.6535863762768477
0.5777593739992799
0.510697974275983
0.451372905938479
0.39887724117172585
0.3524138067678244
0.3112846026099856
0.274880871184358
0.24267260528222767
0.21419641070612183
0.1890423200339706
0.16684188472070627
0.14726028846370642
0.12999307462456766
0.11476577264661003
0.10133381875737957
0.08948147923845351
0.07901949548611231
0.06978237526086861
0.06162505836460941
0.05441984408903622
0.048054455626044046
0.04242978670440678
0.037458159960321424
0.03306197788027365
0.029172715535199067
0.02573025825341535
0.022681950949158924
0.0199821930680395
0.017591564533650406
0.015475875246841575
0.013605565826672716
0.011954548117024011
0.010499713898246554
0.009220120509135121
0.008096455862231622
0.007111284603995571
0.006248175053839233
0.005492154811846284
0.0048298448404624494
0.00424863358960792
0.003737783017098373
0.003287530622833046
0.002889453688683652
0.0025364854900216116
0.0022225614955253548
0.0019427781911183217
0.001693180618351775
0.0014705707426818648
0.0012723452746268293
0.0010963017605956082
0.0009404485421109499
0.0008029169122600877
0.0006819299436395809
0.0005756903848102013
0.0004824983454598808
0.0004008014017609085
0.00032903849960153053
0.0002660242741487906
0.00021041921068309932
0.00016135404833406142
0.00011785921910245634
7.925222944926702e-5
4.497109333545524e-5
1.4419173130164609e-5
1.9844423542424998
2.2456226042714826
2.5413305322667425
2.8761553638911175
3.2552998779501143
3.68465588174095
4.170886226757322
4.721397701466599
1.9843913417651868
1.7536966160769292
1.5499053031330616
1.3698642963036334
1.2107942190313108
1.0702413525458652
0.9460387380844288
0.836272261509265
0.7392506265768413
0.653479769163881
0.577639680604265
0.5105645569775614
0.45122597642906737
0.39871840861316965
0.35224660937619934
0.31111485569047836
0.27471634731647754
0.2425218409582124
0.21406674861686437
0.18893802104938473
0.1667632999324944
0.14720447610693022
0.1299553289576041
0.11474115367748094
0.10131809440823947
0.0894714694922163
0.07901329466884999
0.0697786627394823
0.061622444134330934
0.05441731994789656
0.04805087215192483
0.04242375119105901
0.03744804616768871
0.033046134723115905
0.02914995518488972
0.025699904769487247
0.022644320837035714
0.01993860516094692
0.017544046550242776
0.01542719402993864
0.013558525307419522
0.011911880758040283
0.010463572488290218
0.009191744891445808
0.008076695178289128
0.00709979262773075
0.006244135159889197
0.005494552852286283
0.004836792692027636
0.004258690016468947
0.0037491903018258554
0.0032987557131365364
0.0028993711578326753
0.002544167416737686
0.0022275804993538983
0.001945128039853472
0.001693180618665302
0.0014687967090587506
0.001269486045840651
0.0010930039711825046
0.0009372464381440793
0.0008002132371141002
0.0006798828179617189
0.0005743402522284669
0.0004818331532039366
0.0004006047513094302
0.00032929809196691195
0.00026641614879618913
0.00021095244916402578
0.0001618188376770746
0.0001182271896311704
7.953163285190357e-5
4.5106485481838376e-5
1.4450359512530042e-5
2.245564390750349
2.541264479310047
2.8760813043629634
3.2552189018451747
3.684571055229403
4.170804093579996
4.721331041164881
2.2455172436045494
1.9843488606137436
1.7536534445791796
1.5498570989687446
1.3698103495297338
1.2107337022179485
1.0701733358768415
0.9459621727139345
0.8361860181209124
0.7391535069142492
0.6533706482034063
0.5775176650840708
0.5104293091882042
0.4510781661349288
0.39856022388810963
0.3520822410378299
0.3109506157065747
0.27456010378230467
0.242381568066925
0.21394862029139272
0.1888448560546534
0.1666942705621537
0.14715604355919698
0.12992278942261137
0.1147199145545299
0.10130439753208176
0.08946298757314075
0.0790082102405485
0.06977509680918725
0.06161919222572099
0.05441297948877466
0.048043838167597386
0.04241214811230165
0.03742999089103893
0.03302027955843556
0.029115530497944242
0.025657238233844026
0.02259490849345447
0.019884746203137738
0.017488870370924836
0.015373861105111963
0.013510141545803656
0.011870884450357444
0.010431378970368499
0.009169328427671708
0.008063639721640037
0.007095213186617322
0.006246857104325265
0.005502461181143836
0.004848243103841021
0.004271689531906375
0.0037619938947628384
0.0033100796479272887
0.002908154715193234
0.0025499162794213603
0.0022302772153270922
0.0019451280396021176
0.001691137876052906
0.0014654934034927791
0.0012656637773327262
0.0010892791808281288
0.0009340842314351505
0.0007978054250976641
0.0006782857198874837
0.0005735429794277991
0.0004816019044886488
0.0004009109115674647
0.00032979276497790977
0.0002670871858070356
0.00021157109024461107
0.00016233870875836942
0.00011864684008688897
7.978625809546003e-5
4.52199010583243e-5
1.4480304719732828e-5
2.541210955681435
2.8760212661058993
3.255153170679499
3.6845022122799627
4.170737475506066
4.721277282602754
2.54116762061566
2.2454779870994748
1.9843089255520656
1.753608906749017
1.549807374998967
1.3697547094450573
1.2106713101049054
1.0701032386310478
0.9458833519250671
0.8360973600235848
0.7390538885140954
0.6532590662871396
0.5773934543289867
0.510292465001636
0.4509298406771949
0.3984031832169501
0.3519212605689921
0.31079237739524856
0.27441236893808885
0.24225157842380352
0.21384131403646034
0.1887617444933083
0.16663357574354443
0.14711385986915282
0.1298945287727422
0.11470135649252011
0.10129286520259573
0.0894559870236682
0.07900332266662602
0.069770837002892
0.06161386896166121
0.05440473515701694
0.04803049208959376
0.04239155960296426
0.03740061661967786
0.03298121979089874
0.029067163953381048
0.025601235111365916
0.022533885666904396
0.01982221694579689
0.017428411245470343
0.015319024084148758
0.013463657481320723
0.011834378587872507
0.010405948978511326
0.009154512162989903
0.008058451530580157
0.0070983087130871425
0.006255854551831419
0.005515492026038515
0.0048630459991461095
0.004286281843376649
0.003774913071947772
0.003320108723303683
0.002914729020904616
0.002553002282723149
0.0022302772157170025
0.0019427781914602704
0.001687331333823927
0.0014610779867174628
0.00126134766664876
0.0010855975996388878
0.0009312682463633593
0.0007959294706809672
0.0006773386574492335
0.0005732728778422569
0.00048196044923898285
0.0004015221798896462
0.0003306194239076632
0.00026787963440177975
0.00021226344395053331
0.00016291649690991505
0.00011903640887744871
8.0012034399779e-5
4.5324007847291625e-5
1.4496668305774563e-5
2.8759726297356867
3.255099885867227
3.684446404066745
4.170683499090437
4.721233935119368
2.875933258950098
2.5411315293773282
2.2454410827858333
1.9842677293878515
1.7535629628770755
1.5497560827915677
1.3696973307969724
1.2106069904404588
1.0700310214207436
0.945802235744253
0.8360062625816758
0.7389517751510111
0.6531450914258361
0.5772671907628668
0.5101542795763114
0.4507813710986497
0.3982477710623824
0.3517641787093746
0.3106405327534514
0.2742732245571915
0.24213151749491502
0.21374404285763937
0.18868761821093027
0.1665800838059095
0.14707691216275975
0.12986972912061745
0.11468576543224973
0.10128325474044608
0.08944933515089648
0.07899770877005796
0.06976426609085173
0.06160417338375268
0.054389348977989194
0.048007000607449335
0.04235817220317806
0.03735629303646526
0.03292640156288584
0.029003700411413647
0.025532088642444606
0.022463026450615153
0.019753710326137153
0.017366277211882775
0.015266329956364899
0.013422266016350548
0.01180554179261506
0.010389146417820072
0.009148637405695048
0.008061974517278081
0.0071085380827247135
0.0062706773829930285
0.005532335648665843
0.004879662970147969
0.004301002423237499
0.0037863521601524397
0.0033276168689937435
0.00291825740832774
0.0025530022822977116
0.002227580499112314
0.0019384031129572321
0.0016822437626720088
0.0014560908426783925
0.0012570776553584295
0.0010823202071090776
0.0009290772159005201
0.000794813828653318
0.0006770241247284758
0.0005736899999426726
0.00048270350090628966
0.0004025239294325189
0.0003316085570830296
0.0002687671938899072
0.00021302009695745028
0.0001634629979783142
0.00011938863213689643
8.0209420930899e-5
4.539242743373251e-5
1.4532464017058544e-5
3.2550567484916275
3.6844011825395393
4.1706398119139605
4.7211989731626876
3.2550218367607657
2.875900481807552
2.5410976017318703
2.245403014722278
1.9842252276767423
1.7535155670849134
1.5497031721322534
1.3696381622236107
1.2105406823824758
1.0699566381141787
0.9457187823791902
0.8359127096757719
0.738847182403962
0.6530287952028528
0.5771390290137886
0.51001501672964
0.45063313707355857
0.39809444311464226
0.3516114430846482
0.3104953629381848
0.2741426269903169
0.24202091085160227
0.2136559633098143
0.18862142975158847
0.1665327494309805
0.14704428944319314
0.12984886206262125
0.11467274938573091
0.10127424582068922
0.08944193396051592
0.07898956386253708
0.06975276298766353
0.061586368505455624
0.0543624954174291
0.047969017603844755
0.042307881306815176
0.037294160145243005
0.032854502801562546
0.02892537173106824
0.025451835305698722
0.022385435607239934
0.019683316827397768
0.017306563333383096
0.015219410829201863
0.013389587355484345
0.011786488875064727
0.010382496514792727
0.009152634451394803
0.008073592670452712
0.0071253813074969585
0.0062898259922725686
0.005551240566441962
0.00489642286450831
0.004314037647211499
0.00379491639466778
0.0033316452549687625
0.002918257408849989
0.002549916280057296
0.002222561494730435
0.0019325549492004157
0.0016764981408661228
0.0014511563389527637
0.0012532772597291242
0.001079771818432107
0.000927769338547435
0.000794448531705072
0.0006775087611030628
0.000574582480481034
0.00048390445458501574
0.0004037354920978231
0.0003327171250768757
0.00026972617579357205
0.00021374353150793723
0.00016395305053329423
0.00011969188305371858
8.035184867338785e-5
4.549137105502865e-5
1.4536127350694983e-5
3.6843645697820557
4.170604477329211
4.72117077840988
3.684334966652909
3.2549927790384228
2.875869666468044
2.5410626049575225
2.2453637446259713
1.9841813820973466
1.7534666727318649
1.5496486003314032
1.3695771522520208
1.2104723439913085
1.069880044092904
0.9456329549773814
0.8358166830357598
0.7387401413853159
0.6529102629687493
0.5770091434077047
0.5098749471105801
0.4504855176354088
0.39794362910970094
0.3514634314956897
0.31035703478358556
0.27402040222705004
0.24191919697376907
0.2135762080015935
0.188562175694023
0.16649060756606993
0.14701674168171586
0.12983138014033369
0.11466055404593423
0.1012644638380431
0.08943171588436094
0.07897582358000754
0.06973214597773936
0.06155564372942823
0.054319297584670245
0.04791196595938363
0.04223745637797549
0.03721272134402831
0.03276580373703286
0.0288344982815687
0.025363958216422233
0.022305698984420808
0.01961566601925213
0.017253404600857003
0.015182396176460777
0.013367989630253874
0.011778966826918591
0.010387033855468353
0.00916583376308644
0.008092725927125954
0.007147144395788452
0.006311324967939846
0.005570307142043873
0.004911259510619104
0.0043237967560409984
0.0037995099635823593
0.003331645254702309
0.0029147290209667887
0.00254416741445862
0.0022158537151852897
0.0019259515472276334
0.0016708112191592406
0.001446763629991743
0.0012503238786232274
0.0010782455977249583
0.0009273471500153008
0.0007950088742756378
0.0006785702476479472
0.0005760090775419613
0.0004853684566050731
0.000405093986600491
0.000333905452588823
0.0002706449222413809
0.00021439003022027947
0.00016437466224239472
0.00011991828036528318
8.050881926635611e-5
4.5517947119932956e-5
1.4544789244119727e-5
4.170575891675599
4.721148046586213
4.170552774236165
3.684310331928035
3.2549654720367283
2.8758378834307528
2.541026505496864
2.245323230655557
1.9841361501745767
1.7534162317498545
1.5495923190541636
1.3695142389785668
1.2104019271246265
1.06980119273865
0.9455447250993894
0.8357181743024498
0.7386306851050621
0.6527895904980019
0.5768777171581796
0.5097343542373425
0.45033887422715146
0.3977957194640567
0.3513204416611382
0.3102256145792719
0.27390626044372546
0.24182573622347103
0.21350389106356715
0.18850889593420028
0.1664548187012871
0.14699350431522262
0.12981503673472616
0.1146476761387234
0.1012515835986525
0.08941525669025019
0.07895184582108161
0.06969692227926672
0.06150647461666203
0.05425452609403436
0.04783214137007619
0.04214522263587295
0.03711229010303896
0.03266290432039032
0.028734981817437166
0.025273666528543792
0.02222908262849188
0.019555465157677254
0.017211477956498022
0.015157921986993728
0.013359482288378466
0.011784124580613842
0.010402026527787989
0.009187559160581671
0.008117447649567566
0.0071715757627233145
0.006332998364225517
0.005587187913933533
0.0049223732272798415
0.0043290306497949516
0.003799509964482972
0.0033276168704308162
0.00290815471415673
0.002536485493666696
0.002208278788291551
0.0019194133188840112
0.0016657490098497263
0.0014433518577163795
0.0012485527583896427
0.0010777595303101961
0.0009279931628238813
0.000796261929065345
0.0006802515753765448
0.0005777585587463108
0.0004870087938897427
0.0004065422558765519
0.000335045044982607
0.00027147068368194027
0.00021494574525338095
0.00016469883835412702
0.00012014089986056575
8.057653842019619e-5
4.554795261046962e-5
1.454983717952274e-5
4.721129722477883
4.721114922957209
4.170533565386328
3.6842871846843313
3.2549373064049876
2.8758051030518117
2.540989267498943
2.24528143449456
1.9840894849562907
1.753364201150391
1.5495342777006913
1.3694493774230563
1.2103293803884805
1.0697200371721238
0.945454057452225
0.8356171871537308
0.738518855099608
0.6526668879245703
0.5767449376719647
0.5095935244657666
0.45019355438098785
0.39765105454853167
0.35118267952319027
0.31010105246738284
0.27379981665044983
0.2417398324499409
0.2134381269865644
0.18846329355606617
0.16642446395146404
0.1469718678806924
0.12979811927698304
0.11463139028455949
0.10123174222916909
0.08938725732669095
0.07891140964438481
0.06964087306778133
0.06143292729106964
0.05416406104060911
0.04772769252141007
0.04203152979557423
0.03699581454141754
0.03255026247533621
0.02863277842040368
0.02518693217705259
0.022160914802413778
0.019507975934813793
0.017183760762024214
0.015148302506717393
0.013365338777412639
0.01180113436104513
0.010426681007917438
0.009215624222108865
0.008145192080592167
0.007196201756666909
0.0063521916246278565
0.0055998296790775726
0.004928332788826317
0.00432903064951784
0.003794916395490233
0.003320108718529724
0.0028993709295663805
0.002527811344922526
0.0022007764336207103
0.0019135928029454519
0.0016618193061654907
0.001441304531570431
0.0012479932954256867
0.0010785030090305625
0.0009294635069876378
0.0007982318534294208
0.0006823234779309573
0.00057971867058626
0.0004887502895893903
0.0004079321592529439
0.0003360734737380966
0.0002721849799316445
0.00021538071505311507
0.00016499582997298035
0.00012025522243508391
8.063365446542292e-5
4.556573027780786e-5
1.455364492120026e-5
4.721102627136044
4.1705155318234
3.684263322992324
3.2549082595557928
2.875771293297405
2.540950852802555
2.2452383190861145
1.984041342863292
1.7533105373045852
1.5494744174747717
1.3693825227106124
1.2102546546928736
1.0696365404704014
0.9453609258998004
0.8355137264524073
0.73840470313813
0.6525422754268533
0.5766110082335336
0.5094527349724256
0.45004988523948697
0.397509920773615
0.3510502765930399
0.3099831942014575
0.2737005989975554
0.2416607446188248
0.21338129941130024
0.1884243389530873
0.16639616970886006
0.1469497508808555
0.12977749798646077
0.1146073216721959
0.10119895179545058
0.08934073067077453
0.07884749359017906
0.06955739282438334
0.061330423418325175
0.054045821151634144
0.04759903172703517
0.04189973801386504
0.03686836358968826
0.03243459906405821
0.02853461811949831
0.02510976122736963
0.02210716631348042
0.01947661170907722
0.017172889496589683
0.015154950538533107
0.013384636217148582
0.011829112907000727
0.010458526830861459
0.009247119416555094
0.00817316124070011
0.007218008369144435
0.00636656424266846
0.005606612400304023
0.00492833279006355
0.004323796758960441
0.003786352150680905
0.003310079419074796
0.0028894534187591248
0.00251921919679976
0.002194097926239813
0.0019090763195892535
0.0016594568060481762
0.0014406614377193705
0.0012488464559696766
0.001080218256186427
0.0009317594327109546
0.0008006690256827653
0.0006846459709874964
0.000581792601893838
0.0004904289836744624
0.0004091943337298787
0.0003369666809680538
0.0002727427964872575
0.00021576191773320375
0.00016516479544392837
0.00012034433454299887
8.066784307114716e-5
4.5577576517352725e-5
1.4554485340489975e-5
4.721091122067394
4.170496943185858
3.6842387184551786
3.2548783068113964
2.8757364202074487
2.540911221128061
2.245193835030136
1.983991679333489
1.7532551900185074
1.5494126916163
1.3693136224084408
1.2101776988865667
1.0695506572506703
0.9452653151391157
0.8354078014167579
0.7382882914255102
0.6524158749725046
0.5764761383061199
0.5093122570649617
0.4499081586300093
0.3973725322748498
0.3509232641197313
0.30987179105745355
0.2736080582186453
0.24159163899326064
0.21333236574149517
0.18838795633382066
0.1663675696140139
0.14692368676125067
0.12974823098033106
0.11456876141199857
0.10114531774391455
0.08926781262306438
0.07875267406253084
0.06944124252548267
0.06119657643507104
0.053900248512205984
0.047449936448460406
0.041755562458818396
0.03673750769412365
0.0323235334885803
0.028447300812771914
0.025048953448957967
0.02207167540858812
0.019464330786275852
0.017180444073138013
0.015176847339984256
0.013416376420377851
0.01186523007582263
0.010494268486754166
0.009278868042057908
0.0081979242276633
0.007234338273147678
0.006374272183299112
0.005606612400173461
0.004922373229725885
0.004314037632799028
0.0037749130788196084
0.0032987554486449966
0.002879628104605736
0.0025115681822969194
0.0021889176231049134
0.0019063563053158816
0.0016587200832534066
0.0014416376382770935
0.0012508390227328192
0.0010828835390492841
0.0009346100716465244
0.000803401264057868
0.0006870970803207754
0.0005837969897566353
0.0004919521076693911
0.00041028256923958395
0.0003376641532080171
0.0002732180284858998
0.0002159924287781223
0.00016528839254181804
0.00012039601706259617
8.068866417154652e-5
4.558125398190782e-5
1.4555100224633577e-5
4.721079294153659
4.170477784863205
3.6842133419979577
3.2548474091733715
2.8757004410859186
2.5408703310163396
2.2451479310740226
1.983940442491099
1.7531980914340761
1.5493490471661722
1.3692426173847907
1.210098463643536
1.0694623410676498
0.9451672015825583
0.8352994229127217
0.738169682615772
0.6522878161741206
0.5763405241804485
0.5091723467091818
0.4497686254719344
0.3972390440681366
0.35080157519470934
0.3097664980705339
0.27352622494100753
0.2415316263444316
0.21328647196603612
0.18835146464483987
0.1663347173297023
0.14688804196382765
0.12970276756505417
0.11450686780094887
0.10106202704531064
0.08916008744869153
0.07862106976586158
0.06928977539503034
0.061031928925211254
0.05373165646965106
0.04728691520903716
0.041607568139101936
0.03661186837662456
0.032224777802299265
0.028378496660666386
0.02500879954889257
0.022057805933966
0.019472905901169568
0.01720527421752749
0.015212830165756586
0.013457326446913775
0.011905775545876018
0.010530285393758554
0.009306974749853758
0.008216466880683448
0.007243094331504274
0.006374272185395213
0.00559982968971795
0.004911261356407515
0.004301002436879031
0.003761993896797655
0.0032875306483690636
0.0028708764103342332
0.0025056370996843214
0.0021857937297395935
0.0019055140123507286
0.0016598361800870265
0.001443945055683571
0.0012539226622685362
0.001086202111554968
0.0009378060654210429
0.0008062784085964836
0.000689463284704317
0.0005856105501793607
0.000493260198410006
0.0004111427833457526
0.00033824860503361975
0.0002735161263256458
0.00021615385778339657
0.00016535963290742473
0.00012042674764334294
8.069661975085296e-5
4.558333013093829e-5
1.4555315311248762e-5
4.721067101347201
4.1704580432172484
3.6841871827641155
3.254815542592354
2.8756633227296837
2.5408281400188195
2.2451005674977447
1.9838875850906992
1.7531391916598662
1.5492834273532137
1.369169450641576
1.2100168963302704
1.06937156290482
0.9450665698420799
0.8351886162093116
0.738048946042067
0.6521582426300832
0.5762043651106081
0.5090332390401366
0.4496314846606042
0.39710953303000807
0.35068506124302434
0.30967222251022264
0.27345447558106883
0.24147499750357238
0.2132406050821558
0.18831033356088867
0.1662912842586941
0.1468343076384464
0.12963114809704912
0.11441165058498015
0.10093964760637952
0.08901099959106329
0.07844974472293398
0.06910361485960337
0.060841360654114496
0.05354735343581929
0.04711959884516048
0.04146552201069387
0.03650019831014628
0.03214695377571619
0.028333098597956408
0.024993139918310092
0.02206754202858896
0.01950105971135141
0.017246053184885923
0.015259249748357462
0.013503300965237663
0.011946624148144735
0.010562174800536006
0.009328017614853579
0.008226410776073223
0.007243094332254785
0.006366564250299689
0.0055871894602343986
0.004896421550037999
0.004286281841135775
0.0037491903515860514
0.003277536970698769
0.002864095433578129
0.0025020572994591816
0.002184831415774191
0.0019067895582987049
0.0016624987706244099
0.001447501305045229
0.0012577712580554845
0.0010899229487586481
0.0009411649920822995
0.0008090599748644678
0.0006916152149374355
0.0005871758813036365
0.0004943039554685669
0.00041184889641154854
0.00033862040808774196
0.00027372186413199273
0.00021624832836408814
0.00016540153439326133
0.00012043958553320522
8.070047671360214e-5
4.55840226161186e-5
1.4555370833058134e-5
4.7210545567742335
4.170437706857888
3.6841602178471082
3.254782679710034
2.8756250381427724
2.5407846105852716
2.245051709980872
1.9838330585869515
1.7530784561517923
1.5492157848861234
1.3690940797283138
1.2099329507440428
1.0692782948189077
0.9449634159110705
0.8350754163552896
0.7379261683134537
0.652027297553782
0.5760678646685538
0.5088951521180745
0.4494969014456025
0.39698399832396447
0.3505793793929106
0.3095887314308827
0.27338628314647284
0.24141840414482285
0.21318970422714312
0.188257551680711
0.16622771561123262
0.1467513388946866
0.12952222726946871
0.11427256656602136
0.1007707826902573
0.08881723250854989
0.07823934461831339
0.06888829364975635
0.06063311741972566
0.05335832013944675
0.046959065443840764
0.04133927461555231
0.03641224187748815
0.03209564364184292
0.0283154187106609
0.0250041949446409
0.02209944136431652
0.019547256481570408
0.017298658586920368
0.01531136064793337
0.013549609816394081
0.01198278005935638
0.010586049813835707
0.00933930765489066
0.008226410779847093
0.007234338277386065
0.0063521911704924605
0.005570306102713474
0.004879662973208632
0.004271689610296114
0.003737788915644913
0.0032697928008893484
0.0028599987835029594
0.002500959218970422
0.002186287415660182
0.0019098531062695656
0.0016665914240814317
0.0014519491925035766
0.001262085940942903
0.0010938270824318863
0.0009444161930174388
0.0008115891442930234
0.0006934676843011189
0.000588421005487838
0.0004951452295323122
0.0004123045312667273
0.00033887639233221023
0.00027384335195623777
0.00021630322387089507
0.00016541996997521125
0.00012044549679313121
8.07018234514345e-5
4.558423532774469e-5
1.4555395951632022e-5
4.7210416540978475
4.170416755268513
3.6841324165921003
3.2547487831737416
2.8755855404476605
2.540739693351184
2.245001301463082
1.9837768024705285
1.7530158236920497
1.5491460583397303
1.3690164464294856
1.209846585088008
1.0691824986934888
0.9448577335751622
0.8349598495130541
0.7378014382211298
0.651895117590807
0.5759312020935967
0.5087582551700596
0.44936497020935917
0.39686867444098706
0.35048486341572627
0.30950870854742174
0.27331797572222083
0.24135627365918744
0.21312590795641118
0.18818240354100002
0.16613158230827985
0.1466266747111078
0.12936416605764745
0.11408132917527158
0.10055171946327324
0.08857960148363908
0.07799620435231969
0.06865314263480826
0.06041961177579136
0.05317693515503219
0.04681641167096995
0.04123990244035802
0.03635425178812213
0.0320756915714826
0.028327973904950454
0.025040337307885352
0.0221517832341247
0.019606867668331418
0.017357701515298807
0.015363840477439439
0.013590599861929675
0.012009864352053867
0.010598858005815615
0.009339307657286966
0.008216466876605821
0.007218007926705461
0.006332998787031308
0.005551240585483619
0.004863046110563651
0.004258695811745206
0.003728954298586551
0.0032651119406015283
0.0028587470999212883
0.0025026175958435815
0.0021898053367115367
0.001914552781407508
0.0016717160148465027
0.0014569362979370837
0.0012666072705114217
0.001097609604390648
0.0009473671076856149
0.0008137618396286683
0.0006949409731022982
0.0005894182680714621
0.0004956987271773627
0.0004126172413725371
0.0003390283386126569
0.00027391292379252974
0.00021632795212589429
0.00016542890571447089
0.00012044753955287035
8.070216268851738e-5
4.558427717871183e-5
1.4555396218973726e-5
4.721028386587265
4.170395161422936
3.684103741265946
3.2547138150211845
2.875544781608124
2.540693343853458
2.244949280022199
1.9837187647598347
1.7529512257157962
1.5490741833384853
1.3689364819683725
1.2097577480736876
1.0690841362006922
0.9447495114749138
0.8348419415041173
0.7376748297074345
0.6517618361415369
0.5757945374538433
0.5086226861309742
0.44924224668702184
0.3967645382508387
0.3503934245014122
0.3094281729954673
0.27324338438210116
0.2412798512610692
0.2130372789238928
0.18807097254137606
0.16598886254302592
0.14644704987573398
0.12914768133153576
0.11383383557237536
0.10028344927262811
0.08830516363030849
0.07773074761781995
0.06841208273317889
0.06021478984323636
0.053015837487927264
0.046704145679308695
0.041174387070769036
0.036331758353285615
0.03208995252633695
0.028368915247308557
0.025099610220078006
0.022219288153854322
0.019673728100167764
0.01741716119702641
0.015410297845391163
0.01362129840455939
0.012024384959432588
0.010598858013052492
0.009328017607015404
0.008197923801811946
0.007196202171789956
0.006311324984224598
0.005532335804070421
0.004848248775177311
0.004248627659355186
0.0037236125527488895
0.0032636830095205127
0.002860633502363541
0.002506650431268298
0.0021951898293322003
0.0019204440472737616
0.0016774649377468975
0.0014621569991497552
0.001270989218495444
0.0011010436682985514
0.0009499136325228363
0.0008155027634675349
0.0006961148958257724
0.0005900857850580365
0.0004960758564278578
0.00041280365265006225
0.0003391145787112748
0.00027394469857622283
0.00021634011072713122
0.00016543047578210235
0.00012044806595934432
8.070222982592412e-5
4.5584292822198336e-5
1.4555387869208403e-5
4.721014741248607
4.170372906666964
3.6840741669788875
3.2546777423393234
2.8755027239461124
2.5406455200548157
2.2448955978513037
1.9836588985811452
1.7528846084755787
1.5490001049741617
1.3688541417956954
1.20966639660665
1.0689831910307102
0.9446387544139929
0.834721744940575
0.7375464297278551
0.6516275830045988
0.575658008377685
0.5084950895773517
0.44913050047104086
0.3966628274748034
0.3503008188383223
0.30934037889904964
0.27315284551869556
0.2411758225893612
0.2129082706463974
0.18790765321434577
0.16578476561805733
0.14620209222996294
0.1288681777709728
0.11353114383168172
0.09997386941601416
0.08800571536330626
0.0774587753179592
0.06818095237263044
0.06003291888485407
0.052889065432587756
0.04663019192163542
0.04114903441055784
0.03634792132876097
0.03213629191178757
0.028436002419025108
0.02517602798526042
0.022294993443979116
0.019741069251825394
0.01746978355159179
0.015445078050215777
0.01363775880098217
0.012024384966746737
0.010586049796806662
0.009306974335263618
0.00817316164557802
0.007171575777528361
0.006289826197568793
0.005515497543747472
0.004836786907044477
0.004242534850601665
0.0037219826307595127
0.0032658286495026445
0.0028652478066222287
0.0025128095557978014
0.0022019497250216347
0.0019270548647707386
0.0016834760459785159
0.0014672165921867375
0.0012749708639905322
0.0011040053858337728
0.000951950465950091
0.0008168751679935582
0.0006969108613681385
0.0005905314628709135
0.000496301156166723
0.00041290851902431314
0.00033915430002817715
0.000273959776040833
0.00021634143571169773
0.00016543170733385182
0.00012044809664324418
8.070221749711948e-5
4.558427552225908e-5
1.4555390367654297e-5
4.721000707626586
4.170349971038548
3.6840436643280707
3.2546405197923027
2.8754593227584935
2.5405961622424353
2.2448402086700847
1.9835971451400671
1.7528159182793432
1.548923760590033
1.3687693751449883
1.2095724827864354
1.0688796357732255
0.9445254644039238
0.8345993025724718
0.7374163325358776
0.6514924789712833
0.5755280776023755
0.5083780981108257
0.4490202953966369
0.39655901601897003
0.3501996438849293
0.3092346389295777
0.2730316219739297
0.24102692468311115
0.2127215590793856
0.18767591136945505
0.16550772153047433
0.14588664724827094
0.12852690959002544
0.11318218190254647
0.09963635687796213
0.08769904145974827
0.07719807620452723
0.06797572754260184
0.05988986728739931
0.05280560556201941
0.046601601817423344
0.04116735500138535
0.03640038038908244
0.03221221183312917
0.028522490605536355
0.025261721659936676
0.02237122779572953
0.01980066086650556
0.017509190636968874
0.015463732591367574
0.01363775881737972
0.01200986433242246
0.010562174399856517
0.009278868445372623
0.008145192095740938
0.007147144665135663
0.006270682720256104
0.005502455570275622
0.00482984449478252
0.004240681086671749
0.0037244230153099522
0.0032711025942520067
0.002872285332622404
0.002520551915874414
0.0022095345788821774
0.0019339601928347605
0.0016893095370562605
0.0014718175138819234
0.0012784044775804304
0.0011063800758908116
0.0009535490629009047
0.0008178084852943357
0.0006974378639963419
0.0005908046310265647
0.00049642723246901
0.0004129572806101933
0.0003391726515449278
0.000273962030007624
0.00021634329651298856
0.00016543176239736113
0.00012044804457200797
8.070219393285782e-5
4.558424687761686e-5
1.4555386911752066e-5
4.72098627179354
4.170326342293684
3.684012218602768
3.2546021220286505
2.875414540732159
2.540545214554843
2.2447830565903937
1.9835334407059215
1.752745095441076
1.5488451013245332
1.3686821331316144
1.2094759760852996
1.068773448749162
0.9444096561389506
0.8344746546349251
0.7372846222465599
0.6513625075439835
0.5754082180321047
0.5082615845126268
0.4489067667658322
0.39644499152829127
0.3500782276500658
0.3090947287745056
0.272860575853354
0.24081392046473127
0.2124587424411537
0.1873628661217417
0.16515203682765112
0.1455021674616832
0.1281338871762694
0.11280200635424453
0.09929078634897426
0.08740517455680408
0.07696668286754971
0.06781437806963897
0.05979570202974127
0.05277337316150632
0.04662238041956002
0.04122669984976035
0.03648624487763108
0.03231005021175015
0.028619455709038455
0.025348007342452128
0.022438694232287837
0.019845286544502017
0.01753031151738682
0.015463732612578163
0.013621298377248792
0.011982779660171694
0.010530285797900163
0.009247119422436612
0.008117447990529492
0.007125386427152769
0.006255849140385905
0.005494552453116697
0.0048277364006077406
0.004243452105707313
0.0037304410966090273
0.0032791323635557035
0.0028811407638125175
0.002529239163227004
0.0022174530737695264
0.0019406579371450405
0.0016946102864707768
0.0014757836812915315
0.0012811585540468684
0.0011082338363932465
0.0009546383887757415
0.0008184335584155988
0.000697759599653125
0.0005909529918852741
0.0004964880839350982
0.0004129794359215566
0.0003391760885227413
0.00027396419199821054
0.0002163434197681724
0.0001654316818795465
0.0001204480084435744
8.070216727151802e-5
4.5584264535492025e-5
1.4555390109194377e-5
4.720971426020195
4.170301998748673
3.683979795979128
3.2545625206299413
2.8753683379668953
2.5404926431143626
2.244724086484132
1.9834677276987915
1.7526720704530323
1.548764072853178
1.3685923635397228
1.209376844617025
1.0686646183030315
0.9442913472784245
0.8343478584988082
0.73715655298379
0.6512421568191744
0.5752878462188917
0.5081403516221688
0.44878114590839413
0.3963080316222696
0.34991866275348915
0.308899523465211
0.2726183930413457
0.2405163597701323
0.21210547451684114
0.18696219796412183
0.16471931119385452
0.14505993971929776
0.1277059937920786
0.1124129571734338
0.09895978052922949
0.08714443287746221
0.07678476390254474
0.06770819377415283
0.0597593966876655
0.052796897355576355
0.04668945978019412
0.04132377438856416
0.03659687911365239
0.03241973348012639
0.02871707125552092
0.025424344538334864
0.02248919852747111
0.019869204891413972
0.017530311539790233
0.015445078026719905
0.01359059945603125
0.011946624573084819
0.010494268479409818
0.009215624652961552
0.0080927307968377
0.007108532905531817
0.006246856649968713
0.00549215477405518
0.004830879273813871
0.004250311909957283
0.003739595447323829
0.0032892473895032026
0.0028910745197059384
0.002538303956441723
0.002225128646565544
0.0019467642238764071
0.001699171753694273
0.0014789707817000064
0.0012833024745697585
0.0011095044972959656
0.0009553706973894904
0.000818806791527571
0.0006979353058715887
0.0005910247879548081
0.0004965110109438342
0.00041298415674884126
0.00033917853160581046
0.00027396432610338195
0.0002163434033750633
0.00016543164875315597
0.00012044801561028606
8.070216117417317e-5
4.558426598322285e-5
1.4555389317827405e-5
4.72095615614686
4.170276917039688
3.6839463643842905
3.254521680153451
2.8753206656813513
2.5404384081896056
2.2446632431517743
1.9833999478915278
1.7525967826603046
1.5486806086562344
1.368500014590702
1.2092750450766698
1.0685531365784566
0.9441705485711216
0.8342231668986564
0.7370378167177698
0.6511202502175246
0.5751612385241875
0.5080049852368784
0.4486295329864385
0.3961285233326155
0.3496977265872854
0.3086254592446611
0.2722824328927871
0.2401183592232261
0.2116547062906271
0.1864757275283493
0.1642221896317242
0.14457881290387053
0.12726836584776713
0.11204039581714298
0.09866613322265749
0.08693946568967892
0.0766650858760638
0.06766727927725746
0.05978597372664396
0.05287269716392906
0.046799157000003255
0.04144882150140905
0.036720878144605784
0.03253011118055138
0.028803423948374984
0.025481500692134063
0.02251628559844665
0.019869204882118296
0.017509190427370314
0.015410297375830773
0.013549610111469157
0.01190577550304539
0.010458527362747994
0.009187563736913873
0.008073587756021183
0.007098308195418568
0.006244135109273685
0.005495719316140679
0.004838694680889155
0.004260738820441645
0.0037511323315708722
0.0033005938522965295
0.0029014359086110275
0.0025470949807484544
0.002232134322113666
0.0019520050239458797
0.0017028483224006408
0.0014814415102568645
0.0012847786985554777
0.0011103554798186366
0.0009558081851999134
0.0008190150200695356
0.0006980178929065772
0.0005910509225568461
0.0004965187524161863
0.0004129869897999683
0.0003391787540705238
0.0002739643374161105
0.0002163433564197348
0.00016543166626981076
0.00012044802515553954
8.070220469580391e-5
4.55842709898846e-5
1.45553867580972e-5
4.7209404552215615
4.170251066035999
3.6839118856972943
3.254479548684735
2.8752714791930156
2.5403824578000953
2.244600479992835
1.9833300455295562
1.752519187415495
1.548594651074676
1.368405037796935
1.2091705376756683
1.068438991398978
0.9440502522827057
0.8341077254203828
0.7369164842549374
0.6509906777951526
0.5750182604304648
0.5078402330634217
0.4484305246447162
0.39588098625212176
0.349389527856216
0.30824755200658505
0.27183511469022026
0.23961211727666942
0.21110854117009037
0.18591756222361688
0.1636817885998676
0.14408699910979195
0.12684939179066568
0.11170993060387335
0.09843532378387376
0.0868046081909144
0.07661897348260549
0.06769728438417388
0.05987154776543857
0.052996585918303474
0.04694040932427335
0.041588952511538935
0.03684566477769646
0.03262777674854522
0.02886807754579923
0.025512143287397926
0.022516285589683882
0.019845286408656904
0.017469782685874513
0.015363840873527046
0.013503300547236918
0.01186523073612733
0.010426685255995771
0.009165829149475613
0.008061973937234512
0.007095213123989197
0.0062481750462834995
0.005504615720713701
0.004850557048656334
0.004273885767378971
0.0037640791654149908
0.00331242275322019
0.002911487121043166
0.002555107194261552
0.002238160149385493
0.0019562258082075346
0.001705690974882046
0.0014831500970871048
0.0012857645410457863
0.0011108605231449076
0.0009560510202728523
0.0008191125522625242
0.0006980513378538333
0.0005910616746493957
0.0004965219076336069
0.0004129872195628437
0.0003391786697273247
0.00027396432242809965
0.00021634335002129745
0.00016543169709404282
0.00012044802628441431
8.070219956746172e-5
4.558425777823061e-5
1.4555382032099828e-5
4.720924308226206
4.1702244197303555
3.6838763290113343
3.254436071071261
2.875220729744289
2.5403247224425654
2.2445357329405966
1.9832579591501052
1.7524392296745774
1.5485061574485988
1.3683073894823399
1.2090632981899363
1.0683235286526882
0.943939369684565
0.8339888775231357
0.7367862080162819
0.6508424380958564
0.5748424246322807
0.5076229003271822
0.448156281630105
0.3955370156705573
0.34896652806103745
0.307746428342325
0.2712678223998779
0.23899997524174132
0.2104827442837678
0.18531130571417886
0.1631296556575288
0.14361627387341436
0.12647782044774392
0.11145020678086759
0.09828347048959163
0.08675263885126405
0.07665277891751199
0.06779379712117617
0.06001134917423823
0.053156041955782385
0.04709869256011867
0.041729940108282904
0.0369560445190702
0.0327008640651103
0.028902733109802625
0.025512143298018763
0.022489198702721147
0.019800659887336813
0.0174171619153638
0.015311360159170562
0.013457327227384575
0.011829116779760618
0.010402022242000264
0.009152633802933963
0.00805845144846451
0.0070997926156417535
0.006258289177856646
0.0055181010651050855
0.004865528147129261
0.004288640951153333
0.0037775689015102643
0.0033239091099472873
0.0029206643314569902
0.0025620231185952136
0.002243001485658702
0.0019594921502044116
0.0017076630330183917
0.0014842828955057286
0.0012863516113572615
0.0011111463982622638
0.0009561654946015352
0.0008191523525384881
0.0006980663405329324
0.0005910653081713235
0.0004965223305788413
0.0004129872319333927
0.00033917868325694656
0.000273964286722439
0.00021634337687181926
0.00016543170247906858
0.0001204480778955741
8.070220036415776e-5
4.558424522116411e-5
1.4555381146585944e-5
4.720907704285895
4.1701969562329335
3.6838396544565613
3.254391199802073
2.875168362898903
2.5402651425865
2.244468930800604
1.983183628267006
1.7523568407698473
1.5484150795162148
1.3682070305511478
1.208952707328784
1.0682180447024745
0.9438244538118719
0.8338598313468077
0.7366350616721835
0.6506578575676096
0.5746085819048323
0.5073226457127396
0.4477757382673557
0.39506639697234025
0.3484074126179264
0.30711255057501763
0.27058323421655484
0.23829950499325658
0.20980358883158967
0.1846922050813795
0.1626013515493172
0.14319884285063988
0.12618577828143085
0.11127928900804296
0.09822487652465206
0.08679065811965536
0.07676151014949628
0.06795141335858634
0.060191274469601375
0.053334691544138835
0.04725788477434634
0.041854633867940194
0.037038647815952785
0.03274005520832812
0.02890273314284464
0.025481501109191562
0.022438693260601994
0.01974107026430083
0.017357701169254725
0.015259250708415273
0.013416379882696283
0.011801130438473528
0.010387033144761304
0.009148637304535079
0.00806363970839108
0.007111284598414258
0.006273616034607521
0.005535137266944545
0.004882328400539926
0.004304010286536375
0.003790672291620112
0.0033343826536453847
0.0029285512614611875
0.002567567578251939
0.002246742482284958
0.0019617623736527534
0.0017089694796297294
0.0014849720241247866
0.001286680887366387
0.0011112796479508802
0.0009562122716291199
0.0008191719613837023
0.0006980656036343902
0.0005910657653593887
0.0004965223704882504
0.000412987190204106
0.00033917869877253537
0.0002739642916402829
0.0002163434026307698
0.00016543170058369583
0.00012044808352396075
8.070218790745542e-5
4.55842461475342e-5
1.455538533612355e-5
4.720890624988771
4.170168657798682
3.68380182223824
3.2543448992993493
2.875114314161403
2.5402036552304237
2.2444000016268033
1.9831069845189542
1.7522719565017737
1.5483213572614969
1.3681010126290634
1.2088531175726218
1.0681080092272501
0.9436981590216869
0.83370784312784
0.7364441116108695
0.6504097052154219
0.5742837741279052
0.5069056656245792
0.447255915004547
0.39444581750944696
0.3477017973837233
0.3063490118584564
0.2698007805469933
0.2375399569184813
0.20911036779705938
0.1840999715560434
0.16213286026910723
0.14287069810793085
0.12599344558646308
0.11121320565350512
0.09826752048583742
0.08691301316083422
0.07693909060615667
0.06815425861893765
0.06039276433947727
0.05351436900579287
0.047398689074324096
0.04194795541138685
0.037082943885299535
0.03274005522692924
0.02886807807641123
0.025424351483193774
0.022371229410571125
0.019673734161191447
0.017298659831929797
0.015212833167034923
0.01338463267547585
0.011784123805895774
0.010382496384526263
0.009154512143109805
0.008076695167417824
0.0071286964521224405
0.006292985895870018
0.005554252201847021
0.0048998265609192515
0.004318941173854007
0.0038026060964249098
0.00334338006111512
0.0029349042687831783
0.002571836074909406
0.0022493496921658362
0.001963263656899805
0.001709762424202843
0.0014853477852776464
0.001286835765855976
0.0011113343801438802
0.0009562342584112926
0.0008191672345567724
0.0006980685182185198
0.0005910659016405972
0.0004965224322539541
0.00041298721769500446
0.00033917865135268954
0.0002739642859106439
0.000216343367720917
0.00016543174753369527
0.00012044808538735907
8.07021849862366e-5
4.5584265777165456e-5
1.4555391410375762e-5
4.720873066074492
4.170139501466693
3.683762790127405
3.2542971286283167
2.875058525975658
2.5401401927470433
2.2443288811469473
1.9830279479212654
1.7521845086408852
1.5482192095188245
1.3680074705905794
1.2087484052792874
1.0679856104053442
0.9435470385428602
0.8335126430274364
0.7361840598887683
0.6500624878274355
0.5738314315961244
0.5063360812785636
0.4465712635611112
0.39366388739856717
0.3468529989155762
0.30547726562014255
0.26895301315376674
0.23676503868222376
0.2084473358880352
0.18357476994652178
0.16176444138174073
0.14265441436035342
0.1259188575458703
0.11126087067139157
0.09840500831935017
0.08711282822416333
0.07716752086105139
0.06838138792543624
0.060595431709057124
0.05367326319908283
0.04750405902391108
0.041997977145428855
0.03708294389510147
0.03270086427369279
0.028803429400761082
0.025348001505992812
0.022294998120755416
0.019606863325796198
0.017246055684595696
0.015176844204045636
0.013365337953885614
0.011778966668032353
0.010389146395688442
0.009169328414701639
0.008096455869759822
0.007150700047390934
0.006314721895510189
0.0055741586266409016
0.0049168325670816415
0.0043325445262487605
0.0038128809018207477
0.003350647609110524
0.0029397717318628835
0.0025748325688361717
0.002251064805198766
0.0019641760310999956
0.0017101895708178105
0.0014855266257312039
0.0012868991820829123
0.0011113590792790617
0.0009562304800256882
0.0008191724892236962
0.0006980686041275774
0.0005910660155921121
0.0004965224392217138
0.0004129872613694019
0.00033917865822896687
0.0002739642858209379
0.00021634332827957792
0.00016543173512051368
0.00012044807204514285
8.070219900790931e-5
4.558427742384907e-5
1.4555398175630785e-5
4.72085501639474
4.170109456914136
3.683722530937417
3.254247838915046
2.875000947819999
2.540074690184124
2.244255509453689
1.9829464516542537
1.7520851866781668
1.5481314907245745
1.367908457306076
1.2086307117089596
1.0678369000010846
0.943349789966061
0.8332434081435132
0.7358171134741109
0.6495767535597254
0.573212654024096
0.5055859842631234
0.44570941177583556
0.3927242793893182
0.3458848750882053
0.30453337675609404
0.2680884363480045
0.23602390903772363
0.20785929761402677
0.1831615402943827
0.16152136453205834
0.14257014560786452
0.1259719599218494
0.11141507824197028
0.09862954370920374
0.08736984802089864
0.07742330259518493
0.06860976473520353
0.06077459810341779
0.05379215136935933
0.0475605298440982
0.041997977123550356
0.03703864779273491
0.032627773975979046
0.028717066204407615
0.02526171928389065
0.022219284526461713
0.019547258468376683
0.01720527148730966
0.015154949683039654
0.013359482087499153
0.011786488843807952
0.010405948955854782
0.009191744899008647
0.008121446821106382
0.007175403552494686
0.006337351630854471
0.005593502143159235
0.004932320824259762
0.00434425616079448
0.0038211759684330104
0.003356204415111641
0.0029432078021631725
0.0025768083137602815
0.0022521170455389594
0.001964668643320344
0.0017104013540008012
0.001485600283265498
0.0012869223407188102
0.0011113558469881823
0.0009562357541099686
0.0008191725409263384
0.0006980686965958327
0.0005910660465229256
0.000496522443025782
0.00041298720004334655
0.000339178612128066
0.00027396419182412757
0.00021634335781950398
0.00016543173310168413
0.00012044803795596692
8.07021773310268e-5
4.558426646017466e-5
1.4555394124649013e-5
4.720836469874489
4.170078486229384
3.6836810105221733
3.2541969706204013
2.8749415180330664
2.540007085749356
2.2441798138629627
1.9828486089027626
1.7520030131096185
1.54803818996924
1.367795716945325
1.208485510772845
1.067639564922465
0.9430738186128123
0.8328596361999914
0.7353008235775782
0.6489106537469338
0.5723972250536251
0.5046420067567965
0.44467447513217273
0.3916532602549534
0.34483715974812856
0.303571060117231
0.2672616090156579
0.2353665099760489
0.2073963262087064
0.18288848141857983
0.16142610560949056
0.14262904927171416
0.12614461231217788
0.11166708887904964
0.0989184231632736
0.08765760269770873
0.07768047219923435
0.06881165040873682
0.06090865847428084
0.0538558696050524
0.04756052981800796
0.04194795527681805
0.036956042623504715
0.032530113687798234
0.028619454259863453
0.025176030313382114
0.022151785151826253
0.019501057396963617
0.01718044317242562
0.015148302172748096
0.013367989596380525
0.01180554176291615
0.010431378984192996
0.00922012052643506
0.008149503398722224
0.007201118383735938
0.0063593550739087235
0.005611131357565746
0.004945658779118567
0.004353714107811157
0.0038275288909996874
0.0033601303703445495
0.0029454665310364447
0.0025779951737812112
0.002252681536633716
0.001964904517977928
0.0017104865152797188
0.0014856226500139513
0.0012869243945043962
0.0011113616362417034
0.0009562359223265204
0.0008191726400337274
0.0006980688290516568
0.0005910660788979172
0.0004965225128508166
0.00041298720836113745
0.00033917862802912424
0.00027396420753067474
0.00021634340134024654
0.00016543172312388776
0.00012044800335964112
8.070218140332486e-5
4.5584276203491925e-5
1.4555392143122958e-5
4.720817408446118
4.170046562747257
3.6836381936937452
3.2541444749786943
2.8748801709482086
2.5399373191210577
2.244082341842332
1.9827720195277885
1.7519152268712572
1.5479308487929755
1.3676545381885301
1.2082895506190416
1.0673592550466187
0.9426764846471691
0.8323163637668687
0.7345903743550117
0.648031512778461
0.5713705746289177
0.503508641727354
0.4434951269604879
0.3904945598674665
0.34376915546470777
0.30265068927223204
0.26652792065701636
0.23484847171829504
0.20708981658242198
0.1827807162364916
0.16149115096857347
0.1428219619674458
0.12642701480053198
0.1119913362559588
0.0992418211769781
0.0879469082512685
0.07790779061247033
0.06896272519938673
0.06098050358540075
0.05385586955787236
0.047504058832658735
0.04185463261932654
0.03684566643852616
0.032419732715938565
0.028522492488709084
0.025099611859602078
0.02209943945123527
0.01947290493915954
0.017172889104504208
0.0151579215895854
0.013389587306662065
0.011834378603609252
0.0104635725129274
0.00925196849017329
0.008178707594082901
0.007226109235006106
0.006379396726652331
0.0056263104948675036
0.004956432171125513
0.004360947759870726
0.0038319830462905102
0.003362699920597123
0.0029468287604341725
0.0025786522329029893
0.0022529546517198185
0.0019650092472707215
0.0017105129362091631
0.0014856296537191227
0.0012869301210809425
0.0011113617124420827
0.0009562360522270552
0.0008191727515409752
0.0006980688413520397
0.0005910660022081515
0.0004965223872641644
0.00041298717337312496
0.0003391785968132055
0.00027396426549586295
0.00021634334448439319
0.0001654315904699999
0.00012044796106991384
8.070217223021814e-5
4.55842617750335e-5
1.4555383935466182e-5
4.720797814334301
4.170013666078994
3.6835940297510286
3.2540902977992836
2.874816842080994
2.5398389664846404
2.2440110756660316
1.9826896504758853
1.751813355730436
1.5477942402892908
1.367461371763243
1.2080075159878398
1.0669519311196707
0.9421106064798188
0.8315658304105842
0.7336508660626881
0.646923608514272
0.5701376369058098
0.5022171046448412
0.4422193723968766
0.38931343762387716
0.3427475258768409
0.30183364342256347
0.26594920070479855
0.2345047654606507
0.2069678086022364
0.1828521378543959
0.16170617303454904
0.1431378533970875
0.12679044164544528
0.11235432612690488
0.09956690594984963
0.08820262873487295
0.07807787185494242
0.06904366823582908
0.060980503555687626
0.0537921512000219
0.04739868831131311
0.04172994117442208
0.036720877860873635
0.03231005172907775
0.028436003801272314
0.025040335786798096
0.0220675410904132
0.019464330478742298
0.01718376039206415
0.015182395971439
0.013422266043066955
0.011870884474130428
0.010499713843374003
0.009285116284312167
0.008207096524722957
0.007248897372464924
0.006396636315341375
0.005638573882750464
0.004964650118828295
0.004366034573515698
0.003834928492725709
0.0033642764812853443
0.0029475764227671064
0.0025789626426382384
0.002253065979260782
0.0019650399318154044
0.0017105267334338592
0.0014856359032631161
0.0012869305233884631
0.001111362012573558
0.0009562361872035297
0.0008191728818367494
0.0006980688127251611
0.0005910660294539127
0.0004965224030835103
0.00041298723854588104
0.0003391786037321154
0.0002739642079268023
0.0002163432453903269
0.00016543153813763922
0.00012044799361277114
8.070218070876933e-5
4.5584277091670344e-5
1.4555386725234598e-5
4.72077766475606
4.169979776501308
3.683548475192271
3.254034384050337
2.874716041278148
2.539773287125801
2.2439342897024903
1.9825932897150915
1.7516823392429997
1.5476052347212184
1.3671804590720247
1.2075942054366382
1.0663684978654366
0.9413257029497117
0.8305710641168735
0.732465226890266
0.6455921992190303
0.5687321201719504
0.5008197876146436
0.44091868982850446
0.3881832078142997
0.3418400373694226
0.30118832980461807
0.2655642410688417
0.23436649924219477
0.207045732283202
0.18309121012056817
0.16205882507079128
0.1435445467997445
0.12719730312366107
0.11271921482617664
0.09985422611706696
0.08839389418553534
0.07816898251467386
0.06904366819791985
0.060908658328130194
0.05367326274695028
0.04725788542152287
0.04158895252517247
0.03659688031028718
0.032212212958836695
0.0283689140719936
0.025004194043552808
0.022057805591296997
0.019476611657247567
0.017211477684170973
0.015219410502556485
0.01346365761538415
0.011911885003017098
0.010537324976022333
0.009317353820524232
0.008232949871895379
0.0072685002847503455
0.006410605179197226
0.005647903515550112
0.0049704573477988845
0.004369373940558141
0.003836712361156458
0.0033651114326307408
0.002947935909751287
0.0025790929537707896
0.0022531095569764403
0.00196506062635482
0.0017105217257125105
0.0014856361676178764
0.0012869308721059625
0.0011113622557035185
0.0009562364162007952
0.000819173067982959
0.0006980689209346025
0.00059106603325354
0.0004965223963511178
0.0004129871350428971
0.00033917857470555646
0.0002739641854105912
0.00021634323207919692
0.00016543157817494603
0.00012044797865673473
8.070219634603859e-5
4.558427375656038e-5
1.4555395154047801e-5
4.72075695638606
4.16994486258678
3.6835014808301665
3.2539296659548915
2.8746566871360506
2.539702456868702
2.2438440720341677
1.9824686731251462
1.7514992504338478
1.5473285730364794
1.3667659126719784
1.2069993246985846
1.0655565746852664
0.9402827809114545
0.8293138007310787
0.7310390604453687
0.6440733977475555
0.5672108223242978
0.4993946089713761
0.4396733729025817
0.3871784758157162
0.3411222143577888
0.3007577958596981
0.2654075374011162
0.23445093307243514
0.20731073636328734
0.1834840443682655
0.16251311330557172
0.1439999104568841
0.12760630281746188
0.11304167111222885
0.1000691479319773
0.08849640104664935
0.07816898250948512
0.06896272512035662
0.06077459787976025
0.053514369414677354
0.04709869276069245
0.04144882245525672
0.03648624578951232
0.032136291057023314
0.02832797308066226
0.024993139558289634
0.022071675312288264
0.01950797577579433
0.017253404347856716
0.015266330045418997
0.013510145029723475
0.01195454563428644
0.010573888166977241
0.009346715773982162
0.008255273781806238
0.007284348866987145
0.006421220211024092
0.005654536221705975
0.004974268667029769
0.004371408934257914
0.003837680173421454
0.0033655290610523636
0.0029480820961618193
0.0025791411189963753
0.002253131233467265
0.0019650444953605017
0.001710527860483424
0.0014856366622559847
0.0012869309643388505
0.001111362240532543
0.0009562365556385899
0.0008191731564668459
0.0006980690384459365
0.0005910659608137081
0.0004965222290662652
0.00041298693775448925
0.000339178539214835
0.0002739642677118681
0.00021634327376496287
0.00016543159017423648
0.00012044803388988612
8.07021891429116e-5
4.5584253800967645e-5
1.4555391354420522e-5
4.720735685712887
4.1699088906265604
3.683391142716756
3.253877234155248
2.8745922902646943
2.5396189483564577
2.2437267335907793
1.982293617762958
1.7512300751287033
1.5469182539469628
1.3661670662101262
1.20616932831659
1.064475084132289
0.9389626963567039
0.8277996418152602
0.7294107696209471
0.6424283496453915
0.5656582815379885
0.4980290821019917
0.4385652954745183
0.38638242290884683
0.3406416401060399
0.30058024871565436
0.26549827864163333
0.23474369859924682
0.2077472850750608
0.18399046979091427
0.1630218910823329
0.1444576701999729
0.1279677734464606
0.11328288996632363
0.10018432858785964
0.08849640103332046
0.07807787180590076
0.06881165030438563
0.06059543196083794
0.05333469180910111
0.046940410063626814
0.041323775098979
0.03640037978957089
0.032089951787958704
0.028315418329971642
0.025008799389024894
0.022107166112520282
0.019555465301109187
0.017306563325162116
0.015319023048280478
0.01355852365952881
0.011996038055039016
0.010607269299654831
0.00937202599587561
0.008273238675002403
0.007296460523565251
0.0064287354691758836
0.0056588701854360934
0.0049765672815063056
0.004372525280267325
0.0038381587130587036
0.0033656895081399796
0.0029481375734237147
0.002579156115695369
0.0022531157720102613
0.001965056036763002
0.0017105283517313552
0.0014856369399334213
0.0012869311437917474
0.0011113624248748621
0.0009562367068163269
0.0008191731744418007
0.0006980688793145617
0.0005910657957661769
0.0004965220810451143
0.0004129870714457695
0.00033917875070876846
0.00027396433765947137
0.00021634326970421114
0.0001654317055814758
0.00012044811539002609
8.070221069900185e-5
4.558426987255615e-5
1.4555383241798836e-5
4.720713848800322
4.1697911666944805
3.683347414684972
3.253820737622041
2.874516754287553
2.5395106290780425
2.243562206309619
1.9820362614661566
1.750830499184545
1.546324602603026
1.365330118534779
1.2050620076118372
1.0631042638328094
0.9373711857852127
0.8260692097411013
0.72764560169853
0.6407483079004672
0.5641692823604743
0.49681266752938846
0.43768566606320825
0.3858473988072477
0.3404405833587143
0.30067689603753234
0.26582051827004705
0.23522749430445167
0.20831058015766146
0.18455782694983025
0.16353339621788887
0.14486224612431098
0.12823812347966967
0.11341213784191506
0.10018432861246573
0.0883938942022846
0.07790779061479114
0.06860976493385351
0.060392764636258534
0.05315604254967976
0.046799157567091854
0.04122669947696078
0.03634792071594095
0.03207569120309195
0.028333098382301358
0.02504895318245559
0.022160914953543553
0.019615665959726414
0.017366276348504073
0.01537386329090129
0.013605580703462294
0.01203390035769658
0.010635944647840567
0.009392466773340047
0.008286986290875653
0.007304945005499164
0.0064336947684493495
0.005661496114613307
0.004977853916626529
0.004373067448506518
0.0038383408053661583
0.0033657620067240046
0.002948145896409571
0.00257914915370705
0.002253126433398478
0.0019650563961191025
0.0017105285764591471
0.001485636825332648
0.0012869309731398104
0.0011113623518745896
0.0009562363835460275
0.0008191727850039854
0.0006980684514612534
0.0005910655800001052
0.0004965220517796354
0.00041298716964099924
0.0003391787315889516
0.0002739641962383743
0.0002163432898809603
0.00016543175997352222
0.00012044808237288152
8.070223805578536e-5
4.5584265260245616e-5
1.4555387592984914e-5
4.720586679621932
4.1697579366552135
3.6833004158224423
3.2537546598748035
2.874419156691015
2.539359337858323
2.2433212669994136
1.9816548830795404
1.7502525190280651
1.545494235316828
1.3642124814506644
1.2036562902361552
1.0614501312825846
0.9355497865610234
0.8241914152560614
0.7258410303425373
0.6391351183949201
0.5628412296464722
0.49584497208757394
0.43709197552928725
0.38561999947347037
0.3405424422282204
0.3010300981714442
0.26635499735287027
0.23585248868819964
0.20894189846171862
0.185128329203061
0.163985466485558
0.14516483943177327
0.1283829912328578
0.1134121378513937
0.10006914796140176
0.08820262877396434
0.07768047235073716
0.06838138819094741
0.060191274926304494
0.05299658635230475
0.04668945956676751
0.04116735451296183
0.03633175800994426
0.03209564335364412
0.028378496250377694
0.025109761400270436
0.022229082482112084
0.019683316099627035
0.017428413504619655
0.015427210687627202
0.013648523474085295
0.012066452971713382
0.0106591850468849
0.009408049547966257
0.008296696603320441
0.007310644247855436
0.006436679170620074
0.0056629357434383465
0.004978457092373212
0.004373280580938221
0.0038384089286704892
0.0033657720210484854
0.0029481483566895506
0.002579160067886832
0.002253126677923767
0.001965056378140595
0.0017105284828557998
0.0014856367102495938
0.0012869308961311887
0.001111362141509531
0.0009562359290802291
0.0008191722772439292
0.0006980682694610607
0.0005910656215499799
0.0004965222741724062
0.0004129871653715256
0.00033917858545517987
0.0002739641761877465
0.00021634334348696882
0.00016543164824689427
0.00012044805692834615
8.070219075051455e-5
4.5584287370559196e-5
1.4555398007765064e-5
4.720566709726608
4.169722658562296
3.683245954131472
3.25367032588945
2.874284483044826
2.53913976128752
2.2429665651535733
1.9811044986114315
1.749445083604947
1.5443851250071208
1.3627927220142655
1.2019588855303591
1.0595542006278658
0.9335718418522818
0.8222693657963207
0.7241060392585137
0.6376940487765799
0.5617819555220098
0.4951887111788995
0.43683533976545963
0.3857260356491148
0.3409278115691663
0.301618532145163
0.26704646619332095
0.23655329605406994
0.20957687163597782
0.18563256707319642
0.1643236035036102
0.14532697091186098
0.12838299128662278
0.11328289005781755
0.0998542262262001
0.08794690842269226
0.07742330285813814
0.06815425900253214
0.060011349537066216
0.05287269709457476
0.046622380090507676
0.041149034162427434
0.03635425146361193
0.032146953112113685
0.028447301081018672
0.025186931922029032
0.02230569837708618
0.01975371158766759
0.017488854239879004
0.01547585450306066
0.013685415339302232
0.012092789138220539
0.010676878154287195
0.009419104771229314
0.008303109295185962
0.007314001236423451
0.006438302474589541
0.00566364343936776
0.004978716377810777
0.004373360333858045
0.003838435198953327
0.003365775291556794
0.002948159029048547
0.002579160577393047
0.0022531271128629626
0.0019650567774061045
0.0017105283558338513
0.0014856363895026092
0.0012869306902043576
0.0011113617181042201
0.0009562355928887101
0.0008191721782875305
0.000698068525228912
0.0005910658990888606
0.0004965223335622326
0.0004129870859950202
0.0003391785748734222
0.000273964280474992
0.0002163432747392946
0.00016543166131022247
0.00012044797964527731
8.070221602096694e-5
4.558426409850824e-5
1.4555396546711563e-5
4.720546079095534
4.169682472396659
3.6831772940518013
3.2535555233627482
2.874091943938195
2.538820312196236
2.242457314651855
1.9803383544090076
1.7483673061718492
1.542976795273844
1.3610763284703276
1.2000112701123649
1.0574935430893802
0.9315442796217281
0.8204187036436368
0.7225532826145473
0.6365414242484739
0.5610599824062028
0.49489997177075473
0.4369441868957029
0.3861442660348038
0.34157307321601227
0.3023810572174517
0.26782229700615456
0.2372583353231006
0.2101381572139598
0.18600972677901328
0.16450475807466258
0.14532697094409297
0.1282381235770389
0.1130416712373643
0.09956690611296093
0.08765760292453706
0.07716752116453929
0.06795141364675139
0.05987154777707637
0.05279689715725766
0.046601601722660035
0.04117438678019525
0.036412240679558394
0.032224778286400024
0.02853461767809229
0.025273665953473134
0.022385437408101616
0.01982219495775084
0.017544044735831044
0.01551776978223618
0.013715355498934656
0.012112867959634954
0.010689364765951836
0.00942636652482065
0.008306933554893092
0.007315869968911315
0.0064391254457421
0.005663919523390071
0.0049788052016150885
0.004373372111599494
0.003838438981861536
0.003365786002165194
0.002948160347990836
0.002579161117105322
0.0022531276539741185
0.001965057171528173
0.001710528471088324
0.001485636399462642
0.0012869305650680118
0.0011113615045621472
0.0009562356136196826
0.0008191726256860932
0.0006980689839002352
0.0005910662682202528
0.0004965224461086493
0.00041298712894466405
0.0003391786499093996
0.00027396426900594406
0.0002163434027995237
0.00016543165874249866
0.00012044810767530834
8.070225993073166e-5
4.558431817258679e-5
1.4555397493509759e-5
4.720523332799138
4.169633250543576
3.683086391680974
3.2533949757946803
2.8738156514748643
2.538365975183162
2.2417519219177073
1.9793178101906728
1.7469992656066635
1.5412722407281039
1.3591063859305792
1.1978913948143526
1.0553779499148859
0.9295880887702461
0.818758927406523
0.7213075107959321
0.6357514018161368
0.560736251202206
0.49500982971812935
0.437395340338953
0.38684867783270427
0.34241082901877906
0.30323725968944526
0.2686030690323191
0.23788167271435867
0.21055798897462097
0.1862118048047403
0.16450475814864607
0.14516483961121018
0.12796777365720935
0.11271921505148885
0.09924182143173343
0.08736984831389805
0.07693909088136053
0.06779379721885714
0.05978597365728611
0.052773373272220425
0.046630192262842485
0.04123990011781764
0.03650019934450199
0.03232353276038058
0.028632777692680023
0.025363961192842233
0.0224630732778639
0.019884747194097052
0.017591563280363154
0.015551719388647633
0.013738096862732974
0.012127099245740958
0.010697678499182572
0.009430720613809562
0.008309085098706426
0.007316778630164222
0.006439424644251623
0.005664042580459494
0.004978824986324071
0.004373392417573285
0.003838449177382408
0.003365787425621214
0.002948161131582694
0.0025791618997601518
0.0022531284628284354
0.001965057465322495
0.0017105285094265454
0.0014856366246176478
0.0012869307551479636
0.0011113620185385642
0.0009562363365835935
0.0008191734355795788
0.0006980696484450988
0.0005910665799380155
0.0004965226188735627
0.00041298736855210905
0.000339178859531053
0.0002739644281488651
0.0002163435502930966
0.00016543186040429703
0.00012044819365186754
8.070230733014938e-5
4.558434952350865e-5
1.4555408685446025e-5
4.720497219305712
4.169570001731736
3.6829623475718596
3.253169468754066
2.8734284346930936
2.5377414272304524
2.2408162458782996
1.9780236916942195
1.7453446035309614
1.5393154462858885
1.3569584456869368
1.1957116354253308
1.0533326036800412
0.9278299147762699
0.8174223600822774
0.7204481063430421
0.6353898256333004
0.5608447057230661
0.4954930555750394
0.43816030618090274
0.3877652327926544
0.3433523868640007
0.30409929008051684
0.2692934775143474
0.23834794655998248
0.2107829487614561
0.18621180469558762
0.16432360369999266
0.14486224637918443
0.12760630307133436
0.11235432638290899
0.09891842342917734
0.0871128284699143
0.07676151028088274
0.06769728438316491
0.0597593967821517
0.05280560722406413
0.04670415547778717
0.04133927695559425
0.036611867125136754
0.03243459796913051
0.028734982431402933
0.025451860362652567
0.022533838614777757
0.01993857488546702
0.017630026638176588
0.015577534476256538
0.013754281049759953
0.012136486405217362
0.010702633286998164
0.009433188626131184
0.008310095070870993
0.007317147732883278
0.006439575884266802
0.005664060273977256
0.004978825862940184
0.00437340094766725
0.0038384510042615005
0.003365788382298618
0.0029481613183071076
0.0025791619999813165
0.0022531284398059626
0.0019650572146208134
0.0017105284225946704
0.0014856368471152237
0.001286931150310977
0.0011113624943730471
0.0009562369581015417
0.0008191740945431292
0.0006980701353445085
0.0005910667150867965
0.0004965228647471065
0.0004129876785015085
0.0003391790293800767
0.0002739646997609313
0.00021634376538859357
0.00016543195547225054
0.00012044826251411678
8.070239960922265e-5
4.558440160629118e-5
1.4087672104423632e-5
4.720465813540356
4.169486954809961
3.6827928729021355
3.2528589673404356
2.872902602523853
2.5369175498167915
2.2396321178984824
1.9764602373534141
1.7434424872097423
1.5371780424746322
1.354745827217656
1.1936000537432139
1.0514888574682413
0.9264081226959036
0.816493686711631
0.720046025415324
0.6354937264167768
0.5613581656823872
0.49631887932555685
0.4391581964868694
0.3887963542343096
0.34430080074788894
0.30486169601775703
0.2698099895861965
0.23859780004459363
0.21078294701661449
0.18600972702824858
0.16398546691412363
0.14445767058922776
0.1271973034743299
0.11199133658021143
0.09862954399661295
0.08691301336246493
0.07665277900785927
0.06766727935557881
0.05979570245520627
0.052889071840604984
0.046816403148121744
0.04146551978743851
0.03673750610550641
0.03255026070975031
0.028834482495141422
0.025532063831334995
0.022594922237785475
0.019982256068541204
0.01765930531713522
0.015595801738299997
0.013764862299725067
0.012142118871045327
0.010705395225830472
0.00943430929671063
0.00831054053954361
0.007317270830570877
0.006439582177302228
0.005664049314969333
0.004978849794820661
0.004373402987211783
0.003838451378219254
0.0033657884469571187
0.0029481613047401822
0.002579161803576646
0.002253127771561836
0.001965056652490915
0.0017105285923255664
0.0014856371858131823
0.0012869316034880285
0.0011113628647150264
0.0009562374015219532
0.0008191742489769283
0.0006980698886600578
0.000591066851049149
0.0004965232178157919
0.00041298786662036235
0.00033917947849104735
0.00027396502959753377
0.0002163439031646064
0.00016543201519958473
0.00012044843286229678
8.070280805316798e-5
4.4152209101255835e-5
0.013347960857596153
4.720428098296627
4.169377175677126
3.682565237405684
3.252444288269615
2.872214222534661
2.535878716783495
2.2382037166391386
1.9746611120923916
1.7413623961959077
1.5349728561005889
1.3525967188432544
1.1916887174250892
1.0499905257700597
0.9254114548696668
0.816048461268946
0.7201411595785796
0.6360340368831388
0.5622433871256645
0.497399155622988
0.4402821046736669
0.3898356286694593
0.3451398475257781
0.30543214066783264
0.2700867730620313
0.23859780152250387
0.21055798867896502
0.1856325677487103
0.16353339674576794
0.14399991088242636
0.12679044201116074
0.11166708918695001
0.09840500855174117
0.08679065826204546
0.07661897356021452
0.06770819373221304
0.05988986235256899
0.05301582905962832
0.04695906120096005
0.041607566214957536
0.03686835799742205
0.03266287497252929
0.02892536634460363
0.025601297135808387
0.02264430385124072
0.020015351119678115
0.01768005135515338
0.015607879472510966
0.01377131003165566
0.012145265350048007
0.010706683521841676
0.009434847931792056
0.008310660464065478
0.007317328250444177
0.006439593375562325
0.005664087206747936
0.004978852870015871
0.00437340443802281
0.003838452068535503
0.003365788213598897
0.0029481608301269446
0.0025791613555146142
0.00225312754789897
0.001965056905581797
0.001710529050107823
0.0014856375856799886
0.0012869321322526162
0.001111363558660372
0.0009562376168714692
0.0008191739574945345
0.0006980696935396935
0.0005910669899034104
0.0004965234032088262
0.000412988407247461
0.0003391797860947676
0.00027396525034806274
0.00021634402003911646
0.00016543250317280211
0.00012044982404013638
7.825211931233866e-5
0.009995742035611155
0.022047842281903485
4.720381791261475
4.1692345791158365
3.6822677452318233
3.251908129913522
2.8713510295560205
2.534628725500819
2.236559635544389
1.9726915842385484
1.7392118748394618
1.5328225750697286
1.3506434744625864
1.1901267526311234
1.0489295997235315
0.9249204347202813
0.8161294549622351
0.7207029190112921
0.6369750665720879
0.5634051699496991
0.498617476330951
0.4414156211118696
0.3907553560424306
0.3457676876638418
0.30573783785715314
0.2700867751434153
0.23834794865844966
0.2101381589304756
0.18512833019343589
0.16302189171723747
0.14354454732511535
0.1264270152308562
0.11141507857331323
0.09826752073012379
0.08675263903031283
0.07666508587482213
0.06781437612375374
0.06003292275413319
0.053176930609931006
0.047119597233422184
0.04175555548327736
0.03699576416320216
0.0327658063538534
0.029003736048911932
0.025657163557442075
0.022681936913744316
0.02003901563612409
0.017693764465553485
0.01561524657978719
0.013774883122235515
0.012146772674400452
0.010707288977678253
0.00943499222151889
0.00831074948776056
0.007317342724909359
0.006439630010381947
0.005664092562262191
0.004978855698742457
0.004373405874284586
0.0038384526337686964
0.003365788595362851
0.0029481611843040767
0.002579161622693782
0.0022531279344670807
0.001965057520349589
0.0017105294768677837
0.0014856383897061676
0.0012869330660771894
0.0011113643474907065
0.0009562377869007932
0.0008191738823297712
0.0006980699751206743
0.0005910674568081475
0.0004965240053929065
0.0004129888458281883
0.0003391802585639425
0.00027396571154003624
0.00021634501618628121
0.0001654359654734705
0.00011693934033907283
0.010010492292896078
0.011273371197902726
0.02131822385156168
4.720325560567891
4.169054091710854
3.681889109478309
3.2512407334119615
2.8703161171137124
2.5331894441235314
2.2347560165919105
1.970648314615579
1.7371053660251414
1.5308596869969926
1.3490354847206616
1.1890077391530296
1.048390499164845
0.9249807442317506
0.8167047648098125
0.7216933703873396
0.6382147774761542
0.5647173513585493
0.49984711532062054
0.4424191283533405
0.3914436634837424
0.34610415567547204
0.30573783601576743
0.26980998688278746
0.23788167173578945
0.20957687431013383
0.18455782777706897
0.16251311396234858
0.14313785395001144
0.12614461272458843
0.11126087096613091
0.09822487677826697
0.0868046083911107
0.0767847633798242
0.06797573144815772
0.06021479979701816
0.05335832020983311
0.04728690964771598
0.041899719925979184
0.037112315449578936
0.03285454154601375
0.029067183387989637
0.025699901006415615
0.022708769708351006
0.02005447455382736
0.017702123592627572
0.01561921807720612
0.013776646220045485
0.012147387559725331
0.010707496408349115
0.009435058858310086
0.008310741862642246
0.007317377368130096
0.006439637532658082
0.005664096836700772
0.004978859016453008
0.004373407863348611
0.0038384536684823445
0.003365789805870989
0.0029481627466578786
0.0025791631637899215
0.0022531291860108382
0.0019650585898167705
0.0017105305534617088
0.0014856394009168383
0.0012869338664769359
0.0011113646557090462
0.0009562381979693058
0.0008191744929355593
0.0006980708953348014
0.0005910684749146355
0.0004965248157695612
0.00041298981486548314
0.0003391813690640788
0.0002739677730261292
0.00021635273343090233
0.00016084377937453098
0.010027242044843288
0.01130369856843183
0.010740213396448262
0.020832381511949105
4.720260146512322
4.168828914023307
3.681423614282937
3.2504445884020985
2.8691240368952884
2.5316068663840516
2.232878311232349
1.9686376414135252
1.7351707689003524
1.5292280615514384
1.3478669553000424
1.1884185100116027
1.0484206159594862
0.925558407861824
0.8177344878036621
0.7230039314285799
0.639617390984955
0.5660428923917928
0.5009361730240087
0.4431702902018362
0.3918125763073137
0.34610415561289276
0.305432141101992
0.26929347451238517
0.2372583291288164
0.2089418994789396
0.18399047060799933
0.16205882588399678
0.1428219626215883
0.12597196035292146
0.11121320598731366
0.09828347092218515
0.08693946612933523
0.07696668432370757
0.06818095849639239
0.060419599366432486
0.053547345657696255
0.04744995463064772
0.04203159640375098
0.03721275898790566
0.03292644428087321
0.029115478485240764
0.025730271735310062
0.022726353543334632
0.020064029788114723
0.017706666453634057
0.015621264353662845
0.013777317934240862
0.012147659764981
0.010707508995824178
0.009435062502528346
0.008310799286276094
0.00731738899437584
0.006439643843751952
0.005664101235131724
0.004978861948493396
0.004373409801856631
0.003838455909002114
0.0033657923160950176
0.0029481649186964276
0.0025791650349873407
0.002253131220286697
0.001965060478200442
0.0017105323851369647
0.001485640624729001
0.0012869345237298546
0.0011113650019058952
0.0009562389714874442
0.0008191758392177562
0.0006980723211826856
0.000591069723077986
0.0004965263378675644
0.0004129918160264978
0.0003391853244663068
0.00027398292253622003
0.00021068518794109536
0.010046265088962336
0.01133800456045897
0.01077460450256762
0.01048383811909126
0.020566558379694566
4.72018175545187
4.168556650102922
3.6808720598009077
3.2495276501525385
2.8678100209413033
2.5299522447308878
2.231018601996592
1.9667768440697277
1.7335452606619524
1.5280230333110119
1.3472265132123629
1.188407605214152
1.0489871381712792
0.9266131151332653
0.8191044938836844
0.7244897702515081
0.6410356706151541
0.5672174143032072
0.5017515552783749
0.44357294522943125
0.39181257624505683
0.3457676875917759
0.3048616948490439
0.2686030662801473
0.23655329253055868
0.2083105805849792
0.18348404525446682
0.1617061740024095
0.1426290499214069
0.12591885786980672
0.11127928939567866
0.09843532475050054
0.08714443479482892
0.07719807108622856
0.06841207095583979
0.060633102756935564
0.053731630899461535
0.04759901091607954
0.04214516212278063
0.03729415596622765
0.032981131252534546
0.02914994438178109
0.025750323403662456
0.022737116139946778
0.02006920392194722
0.017708934020514988
0.01562204529087552
0.013777581933847038
0.012147732681160761
0.010707584816604054
0.009435141481289655
0.00831081483588747
0.0073173971304951735
0.006439649576625683
0.005664106035666805
0.004978865464554616
0.00437341253493706
0.003838458671010514
0.0033657948856484765
0.002948167285890868
0.0025791674325104097
0.0022531336711120176
0.0019650626079235067
0.001710534112628892
0.0014856418144759687
0.0012869352457878236
0.0011113665589315147
0.0009562408799199673
0.0008191779915316388
0.0006980744835098918
0.0005910720771238331
0.000496529976894422
0.00041299896314939133
0.0003392135569884047
0.00026728675303999694
0.010067868560821314
0.01137678313232593
0.010813516634144982
0.010518779297812308
0.010347969690273295
0.020407743244459375
4.720091077365797
4.16823866119086
3.6802367462010457
3.24851335447161
2.8664278273350665
2.5282994301849433
2.2292820592816556
1.9651918574073504
1.732320283328097
1.527330808047243
1.3471625325653314
1.1889444537706173
1.0500464845293322
0.9280257585970153
0.8206616037633214
0.7259940568902286
0.6422931722766982
0.5680970117719166
0.5021886982163428
0.44357294528248925
0.39144366348402304
0.3451398475374283
0.30409929312159356
0.26782229541113534
0.2358524867552907
0.20774728553546762
0.18309121139110474
0.16149115226824673
0.14257014619013386
0.12599344575000337
0.11145020752509183
0.09866613610344466
0.08740517729223818
0.07745877823462077
0.06865313288938069
0.06084131121753522
0.05390016548657517
0.04772767649973986
0.04223743121729662
0.03735628859565043
0.0330202643380586
0.029172725841936753
0.025762503403725212
0.022743109885956514
0.02007174194427641
0.01770990047978316
0.015622364966390023
0.013777751512947134
0.012147774960932445
0.010707657276323168
0.00943516357971852
0.008310827846516489
0.007317406626505374
0.006439657130861143
0.005664112695562551
0.004978871280103547
0.004373418005107155
0.0038384633990293793
0.003365798620525773
0.0029481706373362115
0.0025791709604723323
0.0022531368721434575
0.0019650655679939177
0.0017105361660645357
0.001485643382726387
0.0012869375228978797
0.0011113693714381867
0.0009562442018973272
0.000819181653898049
0.000698078717613626
0.00059107854339846
0.0004965427060605876
0.00041304955550813816
0.000331590917529212
0.010092430147947251
0.011420625973168175
0.010857565141472847
0.010558321604656307
0.010383034375820444
0.010267345088986524
0.020305606749513316
4.71999070859658
4.16787140669479
3.679531289772108
3.2474379700128666
2.8650323969014573
2.526736949373137
2.227776093743806
1.9639672106410044
1.7315780843049886
1.5272007100224472
1.3476466790721897
1.189983468023176
1.0514789400446976
0.9296364463685389
0.8222404041530842
0.7273286894576962
0.6432351771597649
0.5685686573995357
0.5021886982163251
0.4431702901670196
0.3907553559228818
0.3443008008842279
0.3032372607585234
0.2670464649879545
0.23522749316205704
0.20731073701295966
0.18285213974376724
0.16142610723504003
0.14265441439482274
0.1261857780554454
0.11170993223443748
0.09895978859892907
0.0876990628747949
0.0777307565276093
0.06888826091696298
0.06103192198712826
0.05404585829560027
0.04783212442146745
0.04230796766181655
0.03740062777642539
0.03304615188236415
0.029186662800430696
0.025769323104771757
0.022745948898594825
0.020072908032787495
0.017710327398284598
0.015622561990403128
0.013777777545461944
0.01214787742340473
0.010707689628246086
0.009435181990942176
0.008310841452972895
0.007317417714483021
0.006439667453988385
0.005664121701356883
0.004978878897331285
0.004373425145140608
0.0038384702071905252
0.0033658047446634143
0.0029481758351810328
0.0025791757888624645
0.002253141363985911
0.001965069330916336
0.001710539225288521
0.0014856470617443662
0.0012869420301075962
0.001111374438869106
0.0009562500131767848
0.0008191884733630417
0.000698089368653676
0.0005911001011531525
0.0004966295965642686
0.00040467760540963127
0.010120385548016309
0.011470173021957297
0.010907408662220952
0.010603080361034856
0.010422724123801963
0.010302442647951437
0.010215582594503836
0.02023621763087524
4.719874416080182
4.167462250116948
3.678775494630858
3.246336502381576
2.863691049046853
2.525353123304842
2.226578764945242
1.9631819737315475
1.7313688321383909
1.5276070499521537
1.348635101399251
1.1914055988587644
1.0531188213693952
0.9312723295692704
0.8236423765942975
0.7283288349639561
0.6437403201892824
0.568568657550439
0.5017515554879566
0.4424191284221859
0.38983562859600784
0.3433523868664512
0.30238105732701204
0.2663549963896701
0.23474369794900518
0.2070457334190925
0.1827807194240263
0.1615213665062365
0.14287069659432738
0.1264778198748422
0.11204039886505424
0.09929080504473298
0.08800573056429428
0.0779962588633003
0.06910370964060153
0.06119658635344294
0.05416407589834282
0.04791207334265657
0.04235812151000484
0.03742993121901872
0.03306200615834243
0.029194310313437555
0.025772681259959462
0.022747359550637114
0.020073407809332977
0.017710443335849924
0.015622598569092538
0.013777906241413618
0.012147921391056471
0.010707716161371117
0.009435201892260991
0.008310857825609475
0.007317431713182998
0.0064396794239725
0.005664131706754283
0.004978888061783593
0.004373434088756234
0.0038384783878813167
0.003365811936932417
0.002948182721663528
0.002579182083299436
0.0022531471004683112
0.0019650742665158205
0.0017105446039451522
0.0014856535663732018
0.0012869497405842978
0.0011113833899036862
0.0009562609722664206
0.0008192059759624115
0.000698124844203285
0.0005912449998950464
0.0004877855223472949
0.010152226512563534
0.011526160931964569
0.01096380682389686
0.010653742091243146
0.010467635079457693
0.010342166751101445
0.01025069112103072
0.010180442932995248
0.020187243656376364
4.719745880698485
4.167018627214966
3.677986516930895
3.2452559203781597
2.862472198816274
2.5242145499592334
2.2257604182922743
1.9628820353400238
1.7316695566242086
1.528507995855093
1.3500089556977155
1.1930423838424344
1.0547879047588067
0.9327269078246978
0.8246934034319748
0.7288652999177918
0.6437403202697283
0.5680970120034612
0.500936173236024
0.4414156210866329
0.3887963539810002
0.3424108285794487
0.30161853151840035
0.26582051727360856
0.23445093245833082
0.20696781036345158
0.18288848702667426
0.16176443546961128
0.143198840931408
0.12684938943444024
0.11241296074901985
0.09963637783075185
0.08830522418172837
0.07823940528364748
0.06928978729107627
0.061330486686435925
0.05425460223571754
0.04796895167308168
0.04239159035381945
0.03744810244363439
0.0330707878190335
0.02919831410635254
0.02577429374273965
0.02274788145113238
0.020073525823621097
0.01771057138602572
0.015622761447883882
0.01377796827801614
0.01214796041623778
0.010707745523196088
0.00943522641839678
0.008310879040551278
0.0073174502221888815
0.006439694756809722
0.005664144618291012
0.0049789000088171775
0.0043734452200494545
0.0038384885824269688
0.003365821518812595
0.0029481918881693048
0.002579190337857362
0.0022531545830206667
0.0019650819659675633
0.0017105540828001864
0.0014856650068395538
0.0012869631608918297
0.0011114004019310286
0.0009562883767095798
0.0008192632232040253
0.0006983600204657492
0.0005823370277582285
0.010188534686212503
0.011589424225430633
0.011027608589604831
0.01071107971560803
0.010518468800650993
0.010387125113895834
0.01029043212159042
0.010215557382496243
0.010155657387305617
0.02015185107043882
4.719607105545799
4.166544360155814
3.677192617022997
3.244241914108278
2.861428048554178
2.5233801016171076
2.225363787565383
1.9630498188536176
1.7324424580238271
1.529789516637821
1.3516022510655028
1.1947136440038375
1.0562740827350936
0.9338180118498727
0.8252572895551689
0.7288653001620684
0.6432351776326302
0.5672174148429878
0.49984711574808305
0.4402821047434706
0.387765232495612
0.34157307242953383
0.301030097084638
0.265498277657362
0.23436649830557954
0.20708981948257144
0.18316153067747099
0.16213285977667624
0.14361626962526763
0.12726835759712785
0.11280203933953281
0.09997394604734033
0.08857961673927583
0.07844975797302389
0.06944124315172306
0.061432901604752566
0.05431934230571933
0.04800699335837688
0.04241216591314956
0.03745818230082154
0.03307537016384199
0.029200116192227732
0.025774861511457914
0.02274812072624588
0.020073733906919244
0.017710763686479503
0.015622848832178349
0.013778022272161294
0.012148002874061703
0.01070778068192002
0.009435256335162734
0.008310904930853624
0.007317472366753286
0.006439714260450202
0.00566416233322542
0.004978916108480114
0.004373459633566057
0.003838501893429047
0.003365834551670943
0.00294820418238384
0.0025792019387029796
0.002253166200969048
0.0019650960952528607
0.0017105708896183458
0.001485685281799043
0.0012869896178360207
0.0011114432225314275
0.0009563796708809136
0.0008196369257573721
0.0006899673244937787
0.010229977194264439
0.011660881249935251
0.011099779938028576
0.010775964126483295
0.010576000880488046
0.010437997252346065
0.010335403598455528
0.010255294350514532
0.01019076902780558
0.010137722359400136
0.020125677807455666
4.719452257232666
4.166053381496095
3.67641917109494
3.2433320416888103
2.860604342728164
2.5228888622717505
2.2253753946112176
1.9636530224739683
1.7335824185061814
1.5312913108840571
1.3532365544289293
1.1962042565799895
1.0573901323655983
0.9344034968837436
0.8252572893779595
0.7283288354676545
0.642293172906129
0.5660428930249726
0.49861747676857604
0.43915819645671395
0.38684867728811856
0.3409278102140716
0.30067689435119416
0.26540753629489267
0.23450476311382928
0.20739632162500587
0.18357477865520355
0.16260135563291112
0.1440869858862266
0.12770597119870875
0.11318221403289552
0.10028342497460763
0.08881718011319872
0.07862095748940412
0.0695572697707556
0.0615065404936912
0.05436242757352172
0.04803054485047831
0.042423732571235995
0.03746335523283051
0.033077399762436066
0.029200827333480284
0.025775181339682263
0.022748320924305787
0.02007397016535517
0.017710888047560047
0.01562293096941314
0.013778085949962104
0.012148055368983002
0.01070782456883368
0.00943529392231035
0.008310938100819065
0.007317501536319604
0.006439739790280896
0.005664185524199006
0.004978937865678823
0.004373479983849293
0.0038385211337006453
0.003365853284475584
0.002948221937867146
0.0025792199554919293
0.0022531874628244353
0.001965121006033854
0.0017106020134836086
0.0014857264918379798
0.0012870559372997192
0.0011115870689115681
0.0009569639656854534
0.0008125579697111363
0.010277356916919889
0.011741597640750001
0.011181432550026571
0.010849389907523488
0.010641122130766512
0.010495585582742883
0.010386303856422252
0.010300281289488566
0.010230503474502939
0.010172837541853497
0.01012448540057953
0.020106102987704322
4.719288130164406
4.165554749204572
3.675688755225753
3.2425585103068184
2.8600349738966706
2.5227327515587263
2.2257725201089538
1.9645994975909522
1.734938536752812
1.5328412664472606
1.3546975020108998
1.1973248935607401
1.057989145426582
0.9344034966297361
0.8246934031315378
0.7273286904777967
0.6410356716290169
0.5647173523231936
0.497399156286809
0.4381603062511683
0.38614426540696645
0.3405424403724515
0.300580246488237
0.26556424016381985
0.2348484769044088
0.20785931552961845
0.18409997857685312
0.16312965773406418
0.1445787770374034
0.12813380716539058
0.11353110286480383
0.1005516474006285
0.0890109984057057
0.07875268479171371
0.06964094572411561
0.06155566882246344
0.054389341371493316
0.048043837434004644
0.042429777615275555
0.03746579071251421
0.0330783876911962
0.029201257730862906
0.025775454445094326
0.02274866207180981
0.02007414700965171
0.017711008473997758
0.015623024638530048
0.013778163936809307
0.012148120692457631
0.010707879492907857
0.009435342239388689
0.008310980834770554
0.007317539628303393
0.0064397741466066805
0.0056642169607732384
0.004978966802640983
0.004373507644410246
0.0038385485263052743
0.0033658798378457533
0.002948249468148312
0.0025792513983970977
0.002253224310979185
0.0019651672941458642
0.001710664786733318
0.0014858281595984124
0.001287279246716011
0.0011124863653186878
0.0009522755386335291
0.010331611218677317
0.011832736362252128
0.011273796282762483
0.010932476649854195
0.010714818856677688
0.0105607741510223
0.010443914952076305
0.01035120202622597
0.010275496094461545
0.010212586516638034
0.010159610690354981
0.010114585644986462
0.02009138443927805
4.719112861311396
4.165059020200672
3.675022298918282
3.2419491723324985
2.8597188419426876
2.5228982787991536
2.2264770760258585
1.9657540630735886
1.7363511346414118
1.5342321839344182
1.355797498500245
1.1979268373340441
1.057989145159815
0.9338180108703913
0.823642375944778
0.7259940582243365
0.6396173921388533
0.5634051710436241
0.49631888001207614
0.43739534033756833
0.3857260347680711
0.34044058070103844
0.3007577927693257
0.2659492006601738
0.23536652221780674
0.20844734074335403
0.184692219294738
0.1636817929299479
0.14505990013658998
0.1285268906089705
0.11383372898683852
0.10077073384026569
0.08916010495825955
0.07884752014421448
0.06969697045012424
0.06158625838920706
0.054404767437977064
0.048050890449754746
0.042432794606376945
0.03746711093924748
0.0330789762009962
0.029201626880848153
0.025775912160602488
0.02274891029926618
0.020074317169705758
0.017711143938157647
0.015623135856682957
0.01377825819337275
0.012148200996739966
0.010707949395841965
0.009435404025101235
0.008311035628590702
0.0073175890610768235
0.006439819810192482
0.005664259610935751
0.004979007504281263
0.00437354734340456
0.003838588014164479
0.003365920814519363
0.0029482957781574726
0.0025793059570249355
0.0022532929031182647
0.001965262718932159
0.0017108197912580891
0.0014861704893291972
0.0012886453775360351
0.0011116163272317792
0.010393852552299077
0.011935622686250369
0.011378271394366202
0.01102649554718127
0.010798207793989434
0.010634541474309422
0.010509109847805398
0.010408817127717462
0.01032641205849849
0.010257561235064827
0.010199356469573928
0.010149719279428204
0.01010711645964868
0.020080203621906545
4.718928187730986
4.164577774881053
3.6744395316923906
3.241508430644754
2.859648844742596
2.5233263070180674
2.2273770621294258
1.9669727530411496
1.7376254648023268
1.535281142591891
1.3563889032882965
1.1979268379614147
1.057390131730315
0.932726906301216
0.8222404033929349
0.7244897721895214
0.638214778987976
0.5622433886052631
0.49549305649652453
0.4369441870552695
0.38561999854085105
0.3406416365836762
0.30118832564422515
0.2665279210163396
0.23602391304391723
0.20911037929045317
0.18531133488294937
0.16422223201003838
0.1455021634688629
0.12886819109245273
0.11408122438216495
0.10093958832659489
0.08926772285553053
0.07891137091571121
0.06973212859552813
0.061604174621737506
0.05441293977543982
0.04805449351793545
0.04243431721682356
0.037467803201272964
0.03307948014283024
0.029202224246191122
0.025776264582128228
0.022749158650262835
0.020074512719215676
0.017711305967920588
0.01562327296735777
0.01377837650782876
0.012148303767854252
0.010708040082962889
0.009435484423508278
0.008311108285218083
0.007317656015342067
0.006439882544560405
0.005664319430545461
0.004979066192219328
0.004373606749262571
0.0038386498769176214
0.0033659898474667216
0.0029483771666685143
0.0025794083855110728
0.00225343649290366
0.001965497789106152
0.001711340385567084
0.001488221470828499
0.0012934576707612777
0.010465413162934478
0.012051755741424586
0.011496438880745252
0.011132892604141631
0.010892582298801301
0.010718025958142086
0.010582905735831538
0.010474023136634258
0.010384029985622156
0.010308472592386764
0.01024432764077332
0.010189454946291754
0.010142246424480028
0.010101449098465665
0.02007173788537875
4.718737660308136
4.164121585804344
3.6739483384349176
3.241235913294911
2.8597901265508807
2.5239292869225793
2.228347607309948
1.9680809385409122
1.7385891297827443
1.5358458109107045
1.3563889037325039
1.1973248953458606
1.0562741059837788
0.9312723269396255
0.8206616026732885
0.7230039338015883
0.6369750681806856
0.5613581673742969
0.4950098306647499
0.43683533996787105
0.38584739771686305
0.34112220948779903
0.3018336372886532
0.26726160768394713
0.23676504392159003
0.20980360777577545
0.1859176092450623
0.16471930606865737
0.14588675911450366
0.12914782054088558
0.11427262983712971
0.10106195583000588
0.08934075333772729
0.07895182967476799
0.06975270050398485
0.06161383744456206
0.054417310475798786
0.04805632689904016
0.042435295674433604
0.03746859961794957
0.03308024127523446
0.02920272298755311
0.025776623542982158
0.022749442415546106
0.020074748817394017
0.017711505124091254
0.015623445229698163
0.01377852650808542
0.01214843593199344
0.010708158707300797
0.009435591962200007
0.008311206610996713
0.007317748150111214
0.006439971211738005
0.005664406797786903
0.0049791545579491725
0.004373699054313285
0.0038387517382609815
0.0033661107046993877
0.0029485293731275064
0.0025796231880930165
0.0022537911842235303
0.001966282866399993
0.0017143857117778438
0.0015011164737694926
0.010547875849575394
0.012182808018130764
0.01163008236715335
0.011253294447224782
0.01099939485050605
0.010812506690138335
0.010666420665348397
0.0105478277215445
0.010449242759159816
0.010366095745378168
0.010295236644232375
0.010234430510191572
0.010181989163697835
0.010136569648423688
0.010097157198386775
0.020065379337640632
4.718543851363157
4.163699715234185
3.6735537787985226
3.2411178824338434
2.860079461575508
2.5246103633853094
2.229242968985472
1.9689229455380404
1.7391088127442371
1.535845810147007
1.3557974998373221
1.196204246008644
1.0547878831344675
0.9296364430234396
0.8191044927107356
0.72169337352629
0.6360340387780843
0.56084470792036
0.4948999729278949
0.4370919760806631
0.3863824219620815
0.3418400308343008
0.3026506800399531
0.26808843361140333
0.23753996276026879
0.21048273339948143
0.18647571780213035
0.16515204426942365
0.14620220255348926
0.12936419669853727
0.11441166129063429
0.10114538960467989
0.0893872266743303
0.07897579040901981
0.06976430535596823
0.061619211853438216
0.054419847782654074
0.048057790927892974
0.04243633420651172
0.03746956085941111
0.033080937747679506
0.029203236588176473
0.025777033581831255
0.02274978102302594
0.02007503757675977
0.017711754336469987
0.01562366240559765
0.01377871780682316
0.012148607293546831
0.010708314532604568
0.009435735884129492
0.00831134187731486
0.007317878019722279
0.006440099478400185
0.005664537575533757
0.004979291593997459
0.004373849790172635
0.0038389303731509727
0.003366336357679245
0.0029488490402789225
0.0025801536576626205
0.002254965965187594
0.001970759074458428
0.0017384141823164612
0.010643139100929844
0.01233066640527003
0.01178121550939526
0.01138954052586083
0.011120282699707218
0.010919437352391093
0.01076093737287298
0.010631361337890333
0.010523047769798843
0.010431301551862227
0.010352860262731411
0.010285344954076514
0.010226964220622747
0.01017632146251568
0.01013227678968942
0.010093931540665402
0.02006061450659491
4.718351966607162
4.16331724817823
3.673257925584685
3.241117710746531
2.86045194740355
2.525254098919859
2.229927560533167
1.9693780721429333
1.7391088130015917
1.535281140442152
1.354697466851392
1.1947136651401817
1.0531188229201396
0.9280257541806325
0.8177344863299254
0.7207029227996786
0.6354937282998749
0.5607362537933973
0.49518871229302786
0.4376856669632989
0.38717847508064196
0.3427475168922056
0.30357104592598905
0.26895300902488106
0.23829945687785958
0.21110851006389275
0.18696217996816333
0.16550763348143338
0.14644707747247487
0.12952225749405688
0.11450681697151666
0.10119898667064309
0.08941530868996583
0.07898961010389183
0.06977081914148275
0.06162246981680308
0.0544216696476596
0.048059229035417594
0.04243766932648718
0.0374705343905255
0.03308167404978768
0.029203825509202197
0.025777523184220108
0.022750197462981347
0.020075396579995797
0.017712068094833278
0.015623940153216331
0.013778966901352163
0.012148833642255497
0.010708523400567493
0.009435932307821027
0.008311530915640297
0.007318065601271684
0.006440291157027822
0.005664738758249577
0.004979513704357785
0.0043741122224103535
0.003839263767506651
0.0033668097826788923
0.002949637964690055
0.0025818993156283554
0.0022614811936536583
0.002009749207611655
0.010753487408363682
0.01249744671590669
0.011952101746349975
0.01154370764803403
0.011257097981364872
0.011040465030644597
0.01086790696243245
0.010725896053774164
0.010606587239885279
0.010505105742170784
0.010418065151998057
0.010342961575524612
0.010277883593869497
0.010221301065212351
0.010172026811599899
0.010129052497742208
0.01009151541858877
0.020057052752129323
4.718162158279387
4.1629862105275715
3.6730471639542692
3.2412001622409172
2.8608259041712434
2.525753081171231
2.230299419647297
1.9693780718587042
1.7385891302032204
1.5342322082751636
1.3532365836895872
1.1930423864747999
1.051478941268278
0.9266131096848556
0.8167047632799997
0.7201411644068632
0.6353898276281669
0.5610599857652669
0.4958449732510193
0.4385652971968792
0.3881832078808918
0.34376914341522546
0.30453335500688095
0.26980079057398676
0.23899999934144844
0.21165470143844
0.1873628272291965
0.16578473910323144
0.14662663527626218
0.1296310721389613
0.11456886435714164
0.10123172472789843
0.08943159836520032
0.07899760706766124
0.06977504373129051
0.06162512489983296
0.05442378145882287
0.048061002796851326
0.04243903626653811
0.03747158481319257
0.03308252054374616
0.029204531274279688
0.025778123376494655
0.022750716730726595
0.020075850460685274
0.01771246902017687
0.015624300135621993
0.013779294719846291
0.01214913719776689
0.01070880993139589
0.009436208516920175
0.008311804615003915
0.00731834491916139
0.006440585844213587
0.005665065279268688
0.004979899046460012
0.004374603443913827
0.0038399621300291287
0.0033679771374766077
0.0029522133584407584
0.002591293514523585
0.0023201737565488045
0.010881668717357407
0.012685537176134964
0.01214529935691644
0.011718146995026935
0.01141193227478876
0.011177437753453923
0.010988971070815978
0.010832881398688876
0.010701131405075337
0.010588642646065516
0.010491867156592782
0.010408171240668729
0.010335504089580283
0.010272217334831524
0.010217012063431063
0.010168801502863367
0.010126632045451167
0.010089706164905898
0.020054421630124608
4.7179872460340375
4.162705815069227
3.6729106124191073
3.2413185078451323
2.8611247024208373
2.5260261468191305
2.230299419957749
1.9689229452803398
1.7376254657740584
1.5328412356372403
1.3516022514484574
1.1914056029860496
1.0500464853154226
0.9255584009620224
0.8161294531574876
0.7200460312550261
0.6357514035387126
0.5617819596693545
0.496812668331442
0.4396733757006075
0.3893134390297499
0.34483714361557194
0.30547729906331345
0.27058325173867637
0.23961211455278963
0.21210549804334278
0.18767586710765372
0.16598889237455694
0.14675134588946026
0.1297027420304877
0.11460741907317296
0.10125163468097043
0.08944196331120491
0.07900344221811118
0.0697787824864049
0.06162771827244562
0.054426117635941296
0.048062916618269114
0.04244053469551723
0.03747280150215104
0.03308353604111769
0.02920539756096563
0.025778871740170572
0.02275137298462493
0.020076432603988614
0.01771299102596391
0.015624775236182664
0.013779735539897864
0.012149553514151812
0.010709211559092324
0.009436607013542542
0.008312212360919169
0.007318776599984034
0.006441064092591375
0.0056656299824595635
0.004980620317462048
0.004375630220081916
0.0038416814690105383
0.003371752538925854
0.0029656337428356494
0.0026754753565745304
0.011030995789600873
0.012897631208288018
0.012363691014015465
0.011915516691368921
0.011587155132537497
0.011332461396035498
0.011125998297872641
0.010953964469141653
0.010808120011584599
0.010683180839814455
0.01057539943562702
0.010481973734280281
0.010400712290810077
0.010329846271313947
0.010267925860258487
0.010213788131911095
0.010166379022618521
0.010124822337878925
0.010088365973412117
0.020052477131300428
4.717826839192365
4.162480176166689
3.672831904528107
3.241426152085726
2.8612912160250454
2.5260261465543747
2.229927560621304
1.9680809377071422
1.7363511683120514
1.5312913071954628
1.3500089568133027
1.1899834738209867
1.0489871387559573
0.9249807358374218
0.8160484594196395
0.720448113687989
0.636541425681866
0.5628412351436909
0.4980290823585358
0.44091869454521593
0.39049456392410864
0.3458848743933238
0.3063490014916086
0.27126788704991256
0.24011837857963858
0.21245876783626283
0.18790766815872395
0.16613165518338935
0.14683419958194577
0.12974830663101322
0.11463150520166909
0.101264569466335
0.08944945844217145
0.07900821038860073
0.06978232755890712
0.061631045988962185
0.05442879792056754
0.04806504998486716
0.04244227873878348
0.03747426440646251
0.03308478339393961
0.029206477473228354
0.025779819144850613
0.02275221493622137
0.020077189074158674
0.01771368126210593
0.015625415759358496
0.013780341230074988
0.012150139141882121
0.010709792352277425
0.009437201061276212
0.008312842420703959
0.00731947549238221
0.006441889924303723
0.0056666861332379526
0.004982124427055368
0.004378149082372218
0.0038471793099166263
0.0033907454810071513
0.0030822580750609063
0.011205447327617968
0.013136775954217583
0.01261052506658178
0.012138825351595273
0.011785453176133664
0.011507908539339695
0.011281085993678275
0.011091017701675199
0.010929217882217124
0.01079017964961615
0.010669937622567183
0.01056550379094201
0.010474521081807353
0.010395054948541649
0.010325553151243838
0.010264701328281056
0.010211362029516557
0.010164567604523
0.010123484315309739
0.010087376068854681
0.02005101198684267
4.717687763297479
4.162313553132251
3.672790373972103
3.241490504516752
2.8612912163051716
2.5257530814239275
2.2292429697001355
1.9669727407915056
1.7349385080883546
1.5297895113052138
1.3486351032440589
1.1889444612292306
1.0484206162523382
0.9249204243240383
0.8164936845881758
0.721307519771706
0.637694049341798
0.5641692895211765
0.49939460781075873
0.4422193798359393
0.3916532420885579
0.3468529660770461
0.30711259362791044
0.2718351476461853
0.24051640925481355
0.21272154899556472
0.1880709762353172
0.16622775235599185
0.14688796605733234
0.12977749850000553
0.11464766952825034
0.10127416924951227
0.08945600064220649
0.07901328571162392
0.06978688334936312
0.06163480317816372
0.05443181515476336
0.04806753565583488
0.0424443695936807
0.037476052793434356
0.03308633526127558
0.029207839537453317
0.025781030064993438
0.022753305577622562
0.02007818580801235
0.01771460688605142
0.015626292489121063
0.013781189766500113
0.012150980928893773
0.01071065470797361
0.00943811803973027
0.008313861139950696
0.007320678997693619
0.006443430158850738
0.005668879621185674
0.004985794684570166
0.004386098698260454
0.003873802283200334
0.0035480165873904568
0.011409793980233118
0.01340641469406556
0.012889450116159828
0.012391462891947036
0.01200985326281856
0.011706461409927371
0.011456604029447703
0.011246131995087616
0.01106627934694604
0.010911279500469107
0.010776936767935119
0.010660047680054241
0.010558058181254104
0.010468867235764456
0.0103907699464596
0.010322324571715669
0.01026227192874174
0.010209550484967522
0.010163229531586992
0.010122494693291628
0.010086630585536938
0.02004988248760986
4.717580154984421
4.162201120771595
3.6727741223153094
3.241490504195817
2.8611247021509536
2.5252540986428533
2.228347552190427
1.965754076820914
1.7335824222889484
1.528507988597572
1.3476466816449544
1.1884076145421658
1.0483904994152828
0.9254114423080226
0.8174223578761648
0.7225532939106492
0.6391351177785403
0.5656582913667414
0.5008197840838049
0.4434951058337031
0.3927242596796887
0.3477017437167298
0.30774637909829483
0.2722824423342214
0.24081393831228848
0.2129082023276867
0.18818241091586962
0.16629124182725263
0.1469236426360494
0.1297980376274701
0.11466041558668927
0.1012832262430825
0.08946293363699986
0.07901948488684152
0.06979212266239809
0.06163905974900441
0.0544353460142295
0.04807051782460103
0.04244692761248192
0.03747827410260829
0.03308829083902687
0.029209581643912408
0.025782601200063482
0.02275474316707715
0.020079523049414405
0.017715874776184748
0.01562752082371155
0.013782409944950835
0.012152231815078629
0.010711985577025906
0.00943959852958276
0.008315610897076553
0.00732291827314846
0.0064466179162367965
0.005674199191579632
0.004997205070042199
0.0044230486676779535
0.00408119867117307
0.011649742270664731
0.013710463820736152
0.013204582397359665
0.01267726839179062
0.012263792827659437
0.011931167600698345
0.011655238075001684
0.011421671178816872
0.011221394346783597
0.011048339464903023
0.010898035140721518
0.010767042938772953
0.010652598689673276
0.010552409711914734
0.010464580163394466
0.010387542084250079
0.010319891426387784
0.010260459883276063
0.010208213267682176
0.010162240371867526
0.010121748576486844
0.010086054279914158
0.02004900920131547
4.717503222008225
4.162145639064582
3.672774122526139
3.2414261520352747
2.860825904459565
2.524610398109908
2.2273771112596044
1.9645994947718823
1.7324424625849884
1.5276070407697073
1.347162535890642
1.1884185212604557
1.0489295998814105
0.9264081073385144
0.8187589248492033
0.7241060532825268
0.6407483050958014
0.5672108358243078
0.5022171246058091
0.4446744940910978
0.39366381949644147
0.3484073388945177
0.30824754106616137
0.2726184062966466
0.2410269156652456
0.21303725213017444
0.18825755697144064
0.16633467334588392
0.14694978013353666
0.12981504431838697
0.11467263686300377
0.10129287375539864
0.08947145425216618
0.07902675533424919
0.0697980970332841
0.06164404966918191
0.054439580243296426
0.04807416107773843
0.042450103606016754
0.03748107339869566
0.03309078766232343
0.029211838458918393
0.02578467093765191
0.022756671381970683
0.02008135269949385
0.01771764969386158
0.015629286652983687
0.013784221068388725
0.012154159664389041
0.01071413318817882
0.0094421367762898
0.008318855660223612
0.007327532216442556
0.0064542850481599245
0.005690448557367667
0.00504795532297031
0.0046912443800088965
0.011932082116342002
0.014053394469776492
0.013560549917156273
0.013000584500086454
0.012551166483573795
0.012185484585825357
0.01188005463243158
0.011620345922062292
0.011396949725215322
0.011203459711339292
0.011035091554965959
0.010888142846320115
0.010759601015155162
0.010646951134160254
0.01054812402069416
0.010461350864424901
0.010385104815119561
0.010318078326823965
0.01025912426650244
0.010207224150795113
0.010161495204631166
0.010121171736215295
0.010085608154479786
0.020048350180152053
4.71746423313013
4.162145639152991
3.6727903742514334
3.2413185071567687
2.8604519471382157
2.5239292530931654
2.226477075105802
1.9636530190993953
1.7316695617159197
1.5272006985632394
1.3472265172924298
1.1890077525934508
1.0499905261176856
0.9278298962954992
0.8204187008458534
0.7258410481631543
0.6424283437063911
0.5687321654747528
0.503508639191999
0.44570935771200126
0.3944458447554826
0.348966543299273
0.3086254239121571
0.27286059198411383
0.24117582863679576
0.2131259016511251
0.18831034802250102
0.1663675788618253
0.14697187920017463
0.12983137084514862
0.11468582808295835
0.1013044012091342
0.08948147567131759
0.07903507217015804
0.06980509398550705
0.06165001602862752
0.054444733285846425
0.048078662671854566
0.04245408307918197
0.0374846326848397
0.03309401180374927
0.029214798575012857
0.025787433186770237
0.02275929652087605
0.020083902038577683
0.01772019005457448
0.015631895229804016
0.013786999267166422
0.012157256886926149
0.010717794481604592
0.009446814896106659
0.008325496279011801
0.007338509886085198
0.0064772224043441184
0.005759380002515968
0.005388589397870014
0.012264829595967086
0.014440312163866764
0.013962538922075218
0.01336629745105089
0.01287635976765067
0.012473306404215734
0.012134501343020965
0.01184520860589
0.01159564254791956
0.011379023152434442
0.011190215115363777
0.011025204351521545
0.010880704155856513
0.01075395560978265
0.010642669440477981
0.010544888861776514
0.010458912862191028
0.010383291222101576
0.010316744184168058
0.010258134853402545
0.01020647963005672
0.010160918977480726
0.010120725563929511
0.010085271735370327
0.02004785366233408
4.717464232800034
4.162201120511235
3.672831905228601
3.241200161830413
2.860079461776486
2.523326308895326
2.225772519744401
1.9630498154931062
1.7313688382476267
1.527330794255588
1.3478669601596205
1.190126768415901
1.051488858017648
0.9295880663622658
0.8222693623876314
0.7276456242502096
0.644073430038758
0.5701376226382759
0.5046421517913373
0.4465713116915717
0.3950663686073579
0.34938947567279044
0.3088995686174023
0.27303162647720747
0.2412798469586459
0.21318970759697553
0.18835144878139776
0.16639614890427268
0.14699356483597015
0.12984886617239422
0.11470138183384382
0.10131809624347721
0.08949296985189292
0.07904481704253552
0.06981344987276472
0.061657262803461954
0.054451087600428494
0.048084295842580005
0.04245913207992302
0.03748921637303315
0.03309822990965916
0.029218742068000125
0.0257911871425609
0.0227629465592889
0.020087543171989353
0.01772393232903635
0.01563588372220792
0.013791448078441348
0.012162515724391199
0.010724506332669748
0.009456315242087676
0.008341099784257011
0.007370577332615369
0.006569736320332531
0.006184631494190462
0.012657404930729754
0.014877093527932317
0.014416373385993886
0.013779919327710388
0.013244329682931877
0.012799031792917859
0.012422467779146018
0.012099698153964944
0.01182052015321311
0.0115777243023647
0.01136577977513653
0.011180325669077895
0.011017769338090844
0.010875068035591795
0.01074967402986271
0.010639433116574892
0.010542445675842949
0.010457097983317176
0.010381957832285238
0.010315755672370308
0.01025738997679948
0.010205903394337135
0.010160472649240582
0.010120389254960394
0.010085018270754809
0.020047416479240354
4.717503222344249
4.162313553047831
3.672910613187536
3.241117709708486
2.8597901261883596
2.522898280196107
2.2253753939528766
1.9628820313668047
1.7315780912183256
1.5280230167669795
1.3490354903194155
1.1916887359225403
1.0533326047750027
0.9315442527434437
0.8241914112043629
0.7294107181855791
0.6455921451856028
0.5713705865240062
0.5055859306822326
0.4472559707847381
0.395537057226659
0.3496977652740201
0.3090947366737682
0.2731528614853138
0.24135627004179128
0.21324061214559453
0.18838799433340725
0.1664244577785583
0.14701674001532794
0.12986973803051516
0.11471992269958076
0.10133381985746315
0.08950641410950944
0.07905642205711594
0.06982356803881729
0.06166617368728122
0.05445901356238281
0.048091424707385144
0.04246562152531119
0.037495203152371204
0.033103836501855
0.029224088563283956
0.025796394603891493
0.022768146256134436
0.02009289170091222
0.01772963717806242
0.015642247441745916
0.013798965277005415
0.012172092370070331
0.010738011319631369
0.009478313898988233
0.008385458427065728
0.0074931529489594695
0.007091654181579976
0.013120803354452981
0.015370541914347058
0.014928610287341826
0.014247688132529746
0.013660698797609783
0.013167654666041528
0.012748373325896623
0.01238772017400347
0.012075027988831089
0.011802604799933114
0.011564478654151777
0.011355890281437908
0.011172893058504663
0.011012132004047714
0.010870788392129072
0.010746437076304183
0.010636988980773587
0.010540630951446417
0.01045576523513514
0.010380969768640114
0.010315010836932537
0.01025681432922898
0.010205456797063306
0.010160135522978564
0.010120135819926546
0.010084795519946788
0.020046884851795177
4.71758015466079
4.1624801757319
3.6730471651432013
3.241117881686246
2.859648844914931
2.522732753536551
2.2253637874518093
1.9631819697020485
1.7323202915845632
1.5292280421566389
1.3506434807928858
1.1936000752451768
1.0553779516558914
0.9335718094485985
0.8260691974393879
0.7310391655399018
0.6469236504867091
0.5723971991720873
0.5063361506934427
0.44777571085682855
0.39588089422879946
0.3499186665649958
0.3092346784840707
0.27324332272434404
0.24141839518831176
0.2132865173310705
0.1884243625672477
0.16645483675355788
0.14704429209063985
0.12989453451692423
0.11474115693767661
0.10135214087588018
0.08952234798939074
0.07907039894820223
0.06983593928825904
0.061677229726454286
0.05446899552987272
0.04810053990776719
0.0424740545754565
0.03750312283051205
0.03311140591101047
0.029231473393335428
0.02580377711251458
0.02277574752534317
0.020101003725385702
0.01773868517407262
0.01565292632302917
0.013812537659191548
0.012191139993401379
0.01076873109771892
0.009538948203622333
0.008545602502508132
0.008122706199695351
0.013667743851867975
0.015928561231818072
0.015506605643965443
0.014776629815392184
0.014131820383249227
0.013584825358644359
0.013117221431016901
0.012713697259076895
0.012363076728549416
0.012057125096076149
0.01178936742856429
0.011554591782581447
0.011348457131052925
0.011167258990005813
0.011007853993032057
0.01086754453628025
0.010743991003078435
0.010635173696467604
0.010539299254966217
0.010454777854004504
0.010380226137427506
0.010314434892889857
0.010256368410214378
0.010205119521796924
0.01015988131130019
0.010119913160082206
0.010084526122561499
0.02004584582388702
4.717687763639806
4.162705814807721
3.6732579268418313
3.241235911935931
2.8597188415328287
2.5228888638041536
2.2257604178805046
1.9639672059029114
1.7335452700842882
1.5308596642671652
1.3525967257874298
1.1957116604446227
1.0574935459222217
0.9355498667990219
0.827799659924608
0.732465173076351
0.6480315353437591
0.5732125845328833
0.5069056026396916
0.4481562967757462
0.39612861567012647
0.35007824545753774
0.30934041453227934
0.2733179318264263
0.2414749502919955
0.2133324058933752
0.18846326396518798
0.16649061875026216
0.14707691582300608
0.1299227927067479
0.11476577419888301
0.10137372951643808
0.0895414215517194
0.07908738711255126
0.06985119934526107
0.061691070017209526
0.05448168490580141
0.04811232143865052
0.04248515153978705
0.0375137543072519
0.033121799448628586
0.029241880906348605
0.025814504509854785
0.022787201180334726
0.020113777475649464
0.01775374246917938
0.015672004198492573
0.013839154011640709
0.01223357015355564
0.010850516624984152
0.009745002550905824
0.009291477521559344
0.01431283151177265
0.01656036024223262
0.016158612861777222
0.015374659270015911
0.0146648667664655
0.014056928444115435
0.013534663475835984
0.013082628551490671
0.012689084485072222
0.012345184770500062
0.012043891501806847
0.01177948342083912
0.011547165827701988
0.011342831011818433
0.011162979564306674
0.011004611061331104
0.010865095735360875
0.010742175702753265
0.010633842107274916
0.010538311941948209
0.010454034620141606
0.010379650821765729
0.010313989033969406
0.01025603117510876
0.010204865113570882
0.010159658444229613
0.010119643832421588
0.010084002302649608
0.020042802513011715
4.717826838876259
4.162986209912036
3.6735537804753307
3.241508429590748
2.8600349739978195
2.523380103764718
2.226578765085895
1.965191852504995
1.7351707800866012
1.532822548863253
1.3547458346934493
1.1978914238079814
1.0595541799414816
0.9373709917786792
0.8293135845352264
0.7336508488460449
0.6489105026209554
0.5738315597647325
0.5073227365525907
0.4484304804284207
0.3963079579599329
0.3501997195221991
0.3094281954103524
0.2733862232306734
0.24153157718090146
0.2133812983199297
0.188508868925771
0.16653275166712334
0.14711386222785894
0.12995533069784493
0.11479458096217865
0.10139938978017238
0.08956443778850698
0.07910819340668773
0.06987017607458235
0.061708551780610854
0.05449798045110921
0.048127725714156355
0.04249995469337442
0.03752826170829948
0.03313635184419095
0.02925689733264658
0.025830544978579617
0.02280508400490877
0.020134821336842634
0.017780304741983777
0.015708799622577985
0.013897025862286583
0.012342259938669997
0.011111261808472328
0.010612218364863146
0.015072706148992587
0.017276722475019213
0.016893919367500843
0.01605069454855723
0.015267943409201123
0.014591186474138595
0.01400709981613435
0.01350017190582431
0.013058050380199582
0.012671203019085198
0.012331955366364333
0.01203400918880071
0.011772055701432471
0.011541538688932818
0.011338556006690759
0.01115973454113206
0.011002159723282112
0.010863279577069562
0.010740845251285158
0.010632855122249651
0.01053756859436028
0.010453460124593583
0.010379204603640169
0.010313651983836714
0.010255776528303784
0.010204642142149112
0.010159389199585256
0.010119120012390681
0.01008247094521586
0.020031845797355174
4.717987246383259
4.163317247731494
3.6739483401822337
3.241949170686898
2.8606043422243075
2.5242145516961614
2.227776093597618
1.9667768383235074
1.7371053788463153
1.5349728258731887
1.3569584534948689
1.2000113631374267
1.0614500916338327
0.9389628521949671
0.8305710746988888
0.7345904851047207
0.6495767653183613
0.5742836134543978
0.5076228181378379
0.44862956393861886
0.39644499796284194
0.3503008670420753
0.3095087401679866
0.27345444975230837
0.24159163466078581
0.21343810312025635
0.188562163015626
0.16658008407849323
0.1471560448533138
0.12999307556952822
0.11482852073458805
0.10143008808734422
0.08959239482895676
0.0791338550064351
0.06989395177959068
0.06173082546492559
0.054519124938043895
0.04814811631496685
0.042519993133800504
0.03754840596555287
0.033157167561902234
0.029279142784494283
0.025855330712524882
0.022834188690259438
0.020171390489559293
0.017830536714182443
0.015786606619956345
0.014039106614819552
0.01266627547556265
0.012099770557679967
0.0159661779275444
0.018090308020650703
0.017722979259624516
0.016814772849812698
0.015950211044208018
0.01519577014730178
0.014541771784426949
0.013972733304528973
0.013475636870486696
0.013040184549169886
0.012657980749826159
0.012322074476718292
0.012026581219248378
0.011766431038856773
0.011537262902393763
0.011335308029731372
0.011157284981835325
0.011000342000274443
0.01086194791764683
0.010739858306865635
0.010632111799688815
0.010536994163794056
0.010453014180321851
0.010378866938993703
0.010313397368515886
0.010255553571782094
0.010204372814945906
0.010158865474874545
0.010117588629029228
0.0100769597982735
4.718162157972172
4.163699714427835
3.6744395338588793
3.2425585089812263
2.861428048531875
2.5253531256921753
2.2292820597089236
1.9686376353494777
1.7392118899590998
1.5371780080158697
1.3591061248840286
1.2019590401195646
1.0631045219961162
0.9402829485242883
0.8315660831047484
0.7353007558006821
0.6500624935230288
0.5746086452125576
0.5078402769609935
0.4487811577049712
0.3965590299252417
0.3503934536493558
0.3095887379918638
0.27352621620459594
0.24166076537093684
0.21350387998740672
0.1886214235615986
0.1666335754913293
0.14720447672310844
0.13003709266712526
0.11486871339685756
0.10146700264265185
0.08962653864034298
0.07916570276313095
0.06992396233849973
0.061759455197502255
0.05454684998280879
0.04817545515116084
0.04254754642320879
0.03757692162647874
0.033187655855518194
0.029313085040296727
0.02589508264386975
0.02288386941907472
0.02023897518437856
0.01793345404392266
0.015968971635756724
0.014433883513452983
0.013769791797896502
0.017014334943307396
0.019015989978512948
0.018657598922066754
0.01767819753547961
0.0167220143674216
0.015879921180372847
0.015146873439161546
0.014507562489074033
0.01394825373717623
0.013457791344482217
0.013026970868183163
0.012648104444378916
0.012314650400440108
0.012020957403065857
0.011762151688455624
0.011534016465786223
0.011332854720400576
0.011155468578114558
0.010999011024337868
0.010860961404809188
0.010739114655892834
0.01063153753584345
0.010536548621423059
0.010452675998497973
0.010378611885887956
0.010313174441845874
0.010255284372729712
0.010203848981260144
0.010157334152267161
0.010112077994921975
4.718351966964435
4.164121585160617
3.6750223011598218
3.243332039793062
2.862472198160093
2.526736951387262
2.231018602163375
1.9706483075275116
1.7413624135599872
1.5393155993982273
1.3610765079999378
1.2036559195088237
1.06447482698379
0.9413253722721873
0.8323161869588747
0.7358170822283485
0.6504097320662874
0.5748424108837105
0.5080049082756757
0.44890671192040443
0.3966628098412581
0.35048488217775553
0.3096722101355276
0.27360807612903404
0.24173984109674773
0.21357620269055477
0.18868761500970432
0.1666942702766887
0.14726028891663034
0.1300886050193153
0.11491648376719077
0.10151157205545847
0.08966843279865344
0.07920544895466364
0.06996210511033851
0.06179657424180629
0.05458359552762726
0.0482125974367591
0.04258605915400082
0.03761812364892769
0.03323347877980787
0.029366585660413058
0.0259615366187953
0.022973290938022473
0.020372624970314668
0.018162861188151247
0.01643983637078872
0.01563925049454795
0.018240628730463726
0.02007122688913565
0.01971114661834772
0.018653674851093704
0.01759502414040881
0.016654088263496902
0.015831674307083432
0.015112860414723706
0.014483149926357797
0.013930432115626168
0.013444589844105792
0.013017101239220175
0.012640682839055728
0.012309029449519393
0.01201668219643004
0.01175890401433577
0.011531563131485179
0.011331037058521787
0.01115413674503607
0.010998024483075852
0.010860218598894633
0.010738540757822435
0.01063109201205581
0.010536211085021563
0.010452420389596817
0.010378388768335967
0.010312905254473037
0.010254760607156577
0.010202317562397312
0.010151824235477669
4.7185438510670155
4.164577773870555
3.6756887578876034
3.2442419125487882
2.86369104883594
2.528299432887021
2.232878312004193
1.9726915766207225
1.74344252189836
1.5412721725277518
1.362792724009973
1.2050620217516235
1.065556744452833
0.942110805664587
0.8328597631088899
0.7361841586015743
0.6506577650827792
0.5750182238001216
0.5081403653869652
0.4490203969363469
0.3967646008183685
0.35057939239847347
0.30976646775821504
0.2737006073396753
0.24182573993030676
0.21365596042537316
0.18876174267454982
0.16676329981445281
0.14732475090283792
0.13014902998793865
0.11497340971494019
0.10156555378115506
0.08972004749667128
0.07925531542367814
0.07001090943855548
0.061845110164093775
0.05463282622299115
0.04826375588691878
0.04264082713344486
0.03767896321861297
0.033304262768007575
0.029453900059980498
0.026077620257940914
0.023143330779207716
0.020654948161983988
0.018711845190360066
0.017727211224183748
0.01967093817787635
0.021276466571158004
0.02089883113614377
0.01975549428869261
0.018582418775723752
0.017530081915169582
0.016606658287473763
0.015797904473791036
0.015088526735013374
0.014465354978314693
0.013917239749914323
0.01343472091918052
0.013009679217127257
0.012635062943353148
0.012304752185113621
0.012013434441013437
0.01175645362054123
0.011529744009560083
0.011329705957094482
0.011153149772900939
0.010997280903581874
0.010859644764968479
0.010738095360330213
0.01063075443388417
0.010535955909409367
0.010452197047711387
0.010378119505156214
0.010312381447878494
0.010253229203331493
0.010196808272183056
4.718737660675804
4.165059019344979
3.6764191738383323
3.245255918269962
2.8650323960211597
2.5299522471026257
2.2347560171447975
1.9746609401960455
1.7453443785156741
1.5429763540995323
1.3642124420511332
1.2061696206464712
1.0663685791160487
0.9426764723898042
0.8332432568229438
0.7364439614477449
0.6508424708056824
0.5751612314999663
0.5082616123948727
0.4491304169551853
0.3968686718122747
0.3506850657290377
0.309871775495024
0.2737998206605132
0.24191919844704124
0.21374404121249668
0.1888448552184121
0.1668418847440556
0.14739927645727224
0.13021999594249234
0.1150413609252654
0.10163109172302853
0.08978385004971212
0.07931816731407526
0.0700737462306833
0.06190909855133686
0.05469948695944016
0.04833518115072266
0.04272007380379517
0.03777080091613794
0.03341668491105132
0.029601422152684798
0.026289137186728873
0.023482655717849354
0.02127981948031099
0.0200558672306812
0.021333632537696268
0.02265556907785271
0.022238045726248323
0.020999726238119187
0.019699059963978804
0.018521256402272535
0.017483695832613222
0.016573203600612985
0.0157736762196814
0.015070768762101672
0.014452177305259717
0.013907377519466024
0.013427301554887805
0.013004056767548455
0.01263078297657394
0.012301505804982682
0.012010981358660189
0.01175463610473404
0.011528411896785329
0.011328719317541314
0.011152406289527406
0.010996707332604494
0.010859199101036943
0.010737757479103216
0.010630499377695557
0.010535732597668712
0.010451927775914527
0.010377595646057003
0.010310849980534442
0.010247720531166848
4.718928187449318
4.16555474797396
3.6771926201913345
3.2463365006260014
2.8664278268566097
2.5316068694833653
2.236559900661265
1.976460200859425
1.746999256155044
1.544385496210694
1.3653297245567426
1.2069990301117572
1.0669518306597277
0.9430737966876714
0.8335128764462194
0.7366351288202342
0.6509907150354257
0.5752877061202781
0.5083779889610511
0.44924230680261523
0.39698403269329674
0.35080157928066935
0.3099831862682798
0.27390626208511115
0.2420209112467111
0.21384131320510313
0.18893802062302623
0.1669313224113198
0.14748542098658923
0.13030335012063343
0.11512252270468348
0.10171077216915414
0.08986291086806997
0.0793976788384958
0.07015508027832151
0.06199407571557192
0.05479063163363662
0.04843617688961821
0.042836621694737786
0.03791230406499935
0.033599803115486715
0.029858175839973633
0.026686843597608423
0.024176372449941752
0.022651690310181216
0.023259652852845036
0.024236201235157573
0.023748786051891457
0.0224044514768309
0.020961696430087606
0.019642704280763645
0.01847620523129212
0.01745063936450908
0.01654910508314078
0.015755964025403912
0.015057611586092534
0.01444232406494006
0.013899961772766645
0.013421681400029861
0.01299977954262399
0.012627534273235597
0.012299053460822051
0.012009163832670033
0.011753304364886752
0.01152742565647813
0.011327975093947451
0.011151832942692508
0.010996262219909347
0.010858861307669443
0.010737502176857205
0.010630276200551236
0.010535463160779912
0.010451403959094385
0.01037606412309966
0.01030534181469811
4.7191128616924845
4.166053380410105
3.6779865201899358
3.2474379677288274
2.867810019753991
2.5331894541645963
2.2382037252072027
1.9780240328376593
1.7483677660947308
1.545494287535377
1.3661673839855974
1.2075942993574071
1.0673592626904704
0.9433498740308952
0.8337077501908317
0.7367862648555192
0.6511201715691701
0.5754084266832606
0.5084951336522217
0.4493649453290258
0.3971095527519024
0.3509232677667917
0.31010104830154006
0.2740204028348119
0.2421315177786605
0.21394861991688874
0.18904231984965314
0.16703297461614763
0.147584874003992
0.13040117006664254
0.11521942849220057
0.10180768215595837
0.08996101118101585
0.07949852932703028
0.07026079024024146
0.06210759526523102
0.054916263439740653
0.04858051379240891
0.043010352738912516
0.038133888785148784
0.03390344643610721
0.030312211498834785
0.02743765696821665
0.02554654009387125
0.02548267704026408
0.026050227030255613
0.025454166932812328
0.023990035480847105
0.02238920234007935
0.020911470817249977
0.01959936266025064
0.018443662219884693
0.017426707271254394
0.01653144995960698
0.015742827469706455
0.015047764899879468
0.014434912182792914
0.013894343173766366
0.013417403825662255
0.012996533106616859
0.012625082410741229
0.012297233625814918
0.012007832620445136
0.011752318289968144
0.01152668148911662
0.01132740130146459
0.011151387980037342
0.010995924592839934
0.010858606237956536
0.010737278874637823
0.010630006868702857
0.010534939162049284
0.010449872445828845
0.010370556408978437
4.719288129901041
4.166544358685545
3.6787754983235104
3.2485133525531693
2.869123829919365
2.534628391125874
2.2396313891054644
1.9793175455543928
1.7494448643702727
1.5463245202641915
1.366765876358135
1.2080074685357332
1.0676395912740255
0.9435471070772445
0.8338597666853174
0.7369165171012746
0.6512421707547738
0.5755279513381115
0.5086226623313088
0.44949688549206623
0.39723905575372775
0.35105027922012066
0.31022561225490364
0.2741426273465901
0.24225157854281587
0.2140667483716827
0.1891588170743086
0.16714823901552123
0.1476994349045837
0.13051573951325945
0.11533495857664544
0.10192544672810655
0.09008273114412368
0.0796265721681273
0.07039848825644235
0.06225980110744711
0.05509033836926669
0.04878818012899089
0.04327131849063637
0.03848331704321062
0.03440800442056169
0.031104521074417413
0.028778585631802578
0.0280394268917874
0.028134035827418913
0.027381026093480365
0.025779463344655973
0.02400283934283909
0.022346806608363856
0.020870336967866443
0.0195674837810369
0.018419941077149282
0.017409123566696216
0.01651834058483992
0.015732992030333293
0.015040356267627786
0.014429290482443236
0.013890065457151657
0.013414160969500877
0.012994080362455307
0.012623264785084132
0.01229590227900168
0.012006846600331578
0.011751573796560777
0.011526107552214171
0.011326956373267194
0.011151050543133145
0.010995669510727168
0.010858382914878284
0.010737009546757825
0.010629482947630109
0.010533407473908518
0.010444365095485075
4.719452257630989
4.167018625876511
3.6795312935681936
3.249527755876942
2.870316701849251
2.535879535240627
2.2408166494048225
1.980338487452745
1.750252457367231
1.5469181388009865
1.367180581136334
1.2082895975011279
1.0678367118042753
0.9436980132298451
0.8339889671259266
0.7370376851852445
0.6513624798838542
0.5756580242170966
0.5087582385757763
0.4496314744140477
0.39737253918077897
0.3511826814587833
0.31035703385784963
0.2742732248292583
0.24238156815402423
0.2141964108304384
0.18928852709701083
0.1672785101960681
0.14783097131981027
0.1306495137198489
0.11547230990484625
0.1020682203393104
0.09023349463916919
0.07978896178517392
0.07057778399793246
0.062463930578755544
0.05533168543305145
0.049086991699581084
0.043662356934500934
0.03902907836420866
0.03522385223017643
0.032392967357782965
0.030970193139864932
0.03052881834794441
0.029560616047695554
0.027798750454987697
0.02582654984111521
0.023970446681584434
0.022308538052644877
0.020839316379093198
0.019544039523911927
0.01840245173716859
0.017396048394389574
0.0165085165573986
0.015725586828077454
0.015034736197264031
0.014425012872504084
0.013886818946398982
0.013411708994844673
0.012992261129089577
0.012621934363005849
0.012294917922834436
0.012006101942537484
0.011750999655235184
0.011525662455443175
0.011326619161835083
0.011150795574658368
0.01099544612483161
0.010858113448431794
0.010736485701926313
0.010627951264948976
0.010527900252031763
4.719607105305707
4.167462248383699
3.680236359879723
3.2504446269948755
2.8713508720750385
2.53691688733448
2.241752159819594
1.9811045187933152
1.7508304476377305
1.5473285674143615
1.3674610553836435
1.2084854457845555
1.0679858048372712
0.9438245145710562
0.8341077667795513
0.7371565765499399
0.6514925132625411
0.5757945492771492
0.5088951406319326
0.44976861826440206
0.397509924759591
0.351320443285295
0.3104953625431772
0.27441236904111754
0.24252184119064513
0.2143382066737738
0.18943237208299646
0.1674251220997256
0.1479813462858104
0.1308050376911396
0.11563491154864725
0.10224060242322874
0.0904194908604703
0.07999411451330207
0.07081031508104996
0.06273643680127083
0.05566418629937697
0.049512545542987674
0.04423730821331073
0.03984998655753902
0.036442254121058504
0.03431962114897402
0.03328079323478317
0.03202935284546271
0.0300774492058844
0.027887298907599778
0.0258069202246487
0.023935907940637158
0.022278642130650894
0.020816235742021405
0.019526672939370826
0.018389421170299514
0.01738624400704314
0.01650112134182624
0.015719969242535825
0.015030459285743092
0.014421770496542585
0.013884367910703688
0.013409887464606918
0.01299093091933301
0.012620950486645022
0.012294173109479445
0.012005527988579345
0.011750554576248184
0.011525324968371997
0.011326364294456326
0.011150572131692016
0.010995176657542238
0.010857589485485875
0.010734954046211165
0.010622444263945319
4.7197458811192785
4.16787146951148
3.6808723417432936
3.2512404433258046
2.872213806010592
2.537741597383079
2.2424570963577324
1.981655121033596
1.7512299326905554
1.5476052818867636
1.3676548318322337
1.2086308390646625
1.0681080406027141
0.9439394279929241
0.8342231981771624
0.7372845974337352
0.6516276089337563
0.5759312115074335
0.5090332309071988
0.4499081535401688
0.39765105728680616
0.3514634328305304
0.31064053267913927
0.27456010413457665
0.2426726053408803
0.21449258125835247
0.18959111813051432
0.16758927138113489
0.148152321289305
0.1309848168290202
0.11582626426961973
0.10244743905907416
0.09064742623616162
0.08025137062092202
0.07110923949763581
0.06309609725972987
0.05611486772749785
0.05010322475651652
0.04504604911549759
0.04098679850856346
0.03813772099085977
0.03644143153956492
0.03482958706350203
0.03264927050413213
0.030215466510301603
0.02788389327995322
0.025777239099899596
0.023907486884198192
0.022256027432329795
0.020799028033911426
0.019513697473834135
0.018379636899346075
0.017378854230811314
0.016495504660151816
0.015715695756028047
0.01502721884792102
0.014419318488533506
0.013882548939021966
0.013408555784778287
0.012989948270614171
0.012620206699407
0.012293598135585171
0.012005083181903409
0.011750217091212711
0.011525069763748341
0.011326140803995521
0.011150302594424844
0.010994652736740385
0.010856057688236831
0.01072944722984115
4.7198748314691015
4.168238811569626
3.681423428583371
3.2519085701772
2.872902665294658
2.538365966197239
2.2429666207269894
1.9820363823223457
1.7514995288706103
1.5477943600599575
1.367795452619208
1.2087482800368416
1.0682178825262354
0.9440503000219014
0.8343478525241368
0.73741631392976
0.6517618559693901
0.5760678717832155
0.5091723407838158
0.45004988177293725
0.3977957211684853
0.3516114440061875
0.31079237761686596
0.2747163473555361
0.24283392062436704
0.21465980566368525
0.1897653361024254
0.16777194276578378
0.14834544325083865
0.1311911584013714
0.11604970240412005
0.10269347807864193
0.09092400937035627
0.08057017741418271
0.0714878036521771
0.06356122471135262
0.05670776111719533
0.05088518035304368
0.046095219698776724
0.042481086581779515
0.040067740420235864
0.03801036789939438
0.035552858605290893
0.03284531349329001
0.03023257130991741
0.02786055150472322
0.02575076429266776
0.02388548945779334
0.022239029593332127
0.020786122596506473
0.019503938430249335
0.018372256053111435
0.017373239900924098
0.016491229937502183
0.015712454077379867
0.015024769908631441
0.014417498201746426
0.01388121762161365
0.013407572779560617
0.012989205081304966
0.012619632051534602
0.012293153233930099
0.012004745617429258
0.011749961669679898
0.011524846065927186
0.01132587121018691
0.011149778643347652
0.010993120916362287
0.010850550774340384
4.719989928826682
4.168556518603035
3.6818894951854135
3.2524438054247895
2.873428332894478
2.538820429783458
2.2433212898276786
1.9822933487726018
1.7516824786854506
1.5479309545666657
1.3679084169077163
1.2088531361704526
1.068323602425881
0.9441705516107577
0.8344746500884463
0.7375464160486578
0.6518951327185745
0.5762043707504443
0.509312253218968
0.45019355199891553
0.3979436302515973
0.3517641796908828
0.3109506158086708
0.2748808711567632
0.24300566377195665
0.21483992744359703
0.1899553316836995
0.16797380594278355
0.1485618887735729
0.13142593343068132
0.11630804779307269
0.10298282830187055
0.09125506487082014
0.0809585565166211
0.07195652367927341
0.06414400128376752
0.05745165901912053
0.051845088952872764
0.047414194346359295
0.044222687807221384
0.04162813112817165
0.0388326995043311
0.03581554748199611
0.032888138359021823
0.030217496544436173
0.027836650245033567
0.025729589186263446
0.023868764272639176
0.02222622279604547
0.020776401642566
0.019496570425631354
0.018366645178042873
0.017368966822567167
0.016487990042068468
0.01571000319201943
0.01502294896879608
0.014416168170066967
0.01388023446831177
0.01340683006059784
0.012988630546709068
0.012619186978077401
0.01229281596278664
0.01200448992805292
0.011749737691944873
0.011524576419788879
0.011325347227995941
0.011148246751470303
0.010987613810881314
4.720091365009882
4.168828668128352
3.6822678097603436
3.2528596552550173
2.8738159408499766
2.5391394206896716
2.243562129975844
1.9824683661556626
1.7518130800109915
1.5480380384246368
1.368007757161267
1.208952564477915
1.0684389782130919
0.9442913479179689
0.8345992990309554
0.7376748190782996
0.6520273090334943
0.576340528887636
0.5094527322428455
0.45033887239381
0.3980944440005132
0.35192126104860755
0.31111485563317576
0.27505330062037103
0.24318751928359994
0.2150327428634693
0.19016108339948712
0.1681951153681398
0.14880229884940643
0.13169031238518425
0.11660317020245259
0.1033182293278152
0.0916442782858855
0.0814208502128535
0.07251889673293288
0.06484205838591439
0.05832391290746042
0.05301072137457741
0.048975878720662
0.045747313287204605
0.042540148992124216
0.039170000673979466
0.03589025559246117
0.03288381193987178
0.030197006077732347
0.027816569051945628
0.025713226134438827
0.023856085332458754
0.022216547489811944
0.020769049634007608
0.019490967691988992
0.01836237767865434
0.017365728901135746
0.016485539192844456
0.015708182965816775
0.015021616493763545
0.01441518532912589
0.01387949182580872
0.013406255488760621
0.012988185961756216
0.012618849361274442
0.012292560409460584
0.012004265811436987
0.011749467827166349
0.011524052452768885
0.011323815260013248
0.011142739291067905
4.720182015423083
4.169054355006182
3.6825650431638683
3.253168857080964
2.874092146808645
2.539359707932881
2.2437268520631877
1.982593214356076
1.7519154420871925
1.5481313917710682
1.3681009719170483
1.2090632912614878
1.0685531260126782
0.944409655582084
0.8347217419422286
0.7378014300737465
0.6521582519061191
0.5764761422808782
0.5095935226365116
0.45048551656542735
0.3982477715302313
0.352082241347186
0.3112846023818747
0.27523311648818183
0.24337897046921242
0.21523777572735625
0.19038220117898597
0.16843561655771833
0.14906661665211018
0.13198448462821322
0.11693550129014785
0.10370019501026917
0.09209168910980647
0.08195499936745865
0.07316651627622583
0.06563040550073218
0.059354857317494236
0.054404526404396414
0.050440886946285346
0.04673458445043188
0.04295846452977248
0.039283657909786385
0.035899843067535464
0.03286784560273226
0.03017838417382457
0.027800691766257657
0.0257007102553084
0.023846472294883014
0.022209215789017023
0.020763452978846964
0.01948670159420285
0.018359141424107328
0.017363282176027894
0.01648371868641263
0.015706851928528387
0.015020633436363617
0.014414442599903765
0.013878916520282836
0.0134058112444162
0.012987848429115267
0.012618593588586968
0.012292336322453856
0.012003995922322375
0.011748943723668859
0.011522520458640884
0.011318307316617648
4.720259780581299
4.169233927306247
3.6827926308409262
3.253395279936184
2.8742840188422254
2.5395106239332352
2.2438442448234133
1.982690221415405
1.7520028021247258
1.5482193613092305
1.3682070419337826
1.2091705311136844
1.068664609707184
0.9445254626155988
0.8348419387444102
0.7379261621421254
0.6522878234012932
0.5766110114030667
0.5097343530916048
0.4506331360091478
0.39840318333939706
0.35224660928024676
0.3114592690200757
0.27541966310244614
0.2435793009156031
0.21545426267213053
0.1906178847388924
0.16869447549027594
0.14935394460430196
0.13230739317970563
0.11730356151620214
0.1041262031087733
0.09259227924306312
0.08255023090150271
0.0738759938539495
0.06654263424431672
0.060594766154331126
0.05579089092410605
0.05148459108234604
0.04723769375874021
0.043118826327046555
0.03931112359236799
0.0358898742607332
0.032851183590712374
0.030163158733624407
0.02778839594006932
0.025691178975891127
0.023839166662175337
0.022203628148196763
0.020759190781538983
0.019483466320758147
0.0183566919789957
0.017361461338802897
0.016482387853629987
0.015705869016128915
0.015019891472412006
0.014413866885496951
0.013878472033145073
0.013405474224036595
0.012987592428322259
0.012618369450814626
0.012292066424341996
0.012003471832437107
0.011747411615929515
0.011517011968642521
4.7203261663307705
4.169378272903761
3.6829620037493216
3.2535554023984146
2.8744190896301838
2.539618845958738
2.243933878567605
1.9827718975909296
1.7520852239863847
1.548321378631436
1.368307400428233
1.2092750392178204
1.068773441448302
0.9446387520470463
0.8349598474201718
0.7380489413551903
0.6524158807791931
0.5767449405871004
0.509874946239047
0.45078137027074927
0.39856022376118627
0.352413806448177
0.3116381889736788
0.27561215793213734
0.24378760680940292
0.21568115750880423
0.1908669139836352
0.16897023316863624
0.14966244941204287
0.13265654497834323
0.11770363262654282
0.10459014378324394
0.09313521365710198
0.08318655348286885
0.07468333872792865
0.06764325245408553
0.061889052829281255
0.05686912173097092
0.05207262841646276
0.04745280341843383
0.04316903633226499
0.039309090042483064
0.03587584561855728
0.032836835919471064
0.03015116543779861
0.027778969494097083
0.02568391466382547
0.02383359529720508
0.022199372657069283
0.02075595775544059
0.019481018356745317
0.01835487235315192
0.017360128511462847
0.016481405933962634
0.015705127323137447
0.015019314850809984
0.014413422163517708
0.01387813526105841
0.013405218589296553
0.012987368111217812
0.012618099552756057
0.012291542327345972
0.012001939725841737
0.011741902467170107
4.720380961630158
4.169486562422113
3.6830871660933213
3.253670288372987
2.8745171161978145
2.5397023185451353
2.2440112844170557
1.9828484159571946
1.7521844998613019
1.5484150984434093
1.3684050483773063
1.2093768390565818
1.06887962936129
0.9447495088954838
0.8350754143999657
0.7381696788099683
0.6525422801373422
0.5768777193144272
0.5100150159656538
0.4509298397299233
0.39871840813590964
0.35258322950090903
0.31182062438602465
0.27580970525274484
0.2440028021704812
0.21591714229868497
0.1911276577539951
0.16926080132257937
0.1499893298967585
0.13302796181462373
0.11812968630831122
0.10508233203914052
0.09370435729839688
0.08390110621134816
0.07565895884637008
0.06883764157215388
0.06297860736181082
0.0575377774502579
0.052350157406635844
0.047531560263461614
0.04317744995439288
0.039298601302583336
0.03586268672757509
0.032825248426578746
0.030141879083974032
0.027771760036804594
0.025678362428299017
0.023829347439344062
0.022196144825898045
0.02075351282019522
0.019479197155891192
0.01835354071126183
0.0173591459969078
0.016480665626474433
0.015704551117579513
0.015018869210521757
0.0144130853136053
0.013877879999766307
0.013404994427984818
0.012987098135827324
0.012617575467935183
0.012290010229999204
0.011996429981298462
4.720428752315172
4.1695700548768935
3.6831772942566694
3.2537548877135043
2.8745923895496786
2.5397732661262653
2.2440823485691173
1.9829464576280906
1.7522719494939127
1.5485061743368638
1.3685000244396757
1.2094759709921692
1.0689831857208008
0.9448577309233874
0.8351886145080227
0.7382882886489259
0.652666891628062
0.5770091452296082
0.5101542789132933
0.45107816522628763
0.39887724081079234
0.35275424727858695
0.3120057832760761
0.2760113181363595
0.24422365471554386
0.21616066074737628
0.1913981096423214
0.1695635099390449
0.15033089507544517
0.13341630638081892
0.11857366436750194
0.10559026038076169
0.09433675776732287
0.08476515979864985
0.07675063106002167
0.06991598604097327
0.06371878049417479
0.05788415571034644
0.0524641419687919
0.04755363485344155
0.043171714891212964
0.0392870502158722
0.035851646783392255
0.032816153358015576
0.03013473342954054
0.027766234961900338
0.025674124767075313
0.023826122781319903
0.02219370055500658
0.020751694329518067
0.01947786542672869
0.018352557924719903
0.017358405478929306
0.016480089679260068
0.015704105251710843
0.01501853250865448
0.014412830064318705
0.013877656179315245
0.013404724462260376
0.012986574043018173
0.012616043413648192
0.01228449995880787
4.720465356397884
4.1696331651069976
3.683245785035221
3.253820337311704
2.874656722861636
2.5398391193665706
2.2441798084998257
1.983027953452781
1.7523568356282948
1.5485946661063967
1.3685923727282794
1.2095724783211597
1.0690841314581272
0.9449634130666862
0.8352994213837253
0.7384047006320493
0.6527895933127565
0.5771390302589392
0.5102924642251114
0.4512259756136574
0.39903623025138124
0.352926223602414
0.3121928459346037
0.2762159491249463
0.24444882402404566
0.21640997354233082
0.19167596058499026
0.16987522069579342
0.15068274111037194
0.13381520778873846
0.1190261517177138
0.10614991030182175
0.09510156784996848
0.08575529082068822
0.07779770240191564
0.07071407683178244
0.06413817724966897
0.058040694973953144
0.052503914524379525
0.04755427210535679
0.04316235226380272
0.03927676097730526
0.03584281069189199
0.032809097346341076
0.030129245835838425
0.027762007871126038
0.025670902167455267
0.02382367957340925
0.022191881473263564
0.0207503614691138
0.01947688419594229
0.018351817371565105
0.017357829721841966
0.016479643102758956
0.01570376819232866
0.015018277623768839
0.014412606375262094
0.01387738646437775
0.013404200340731975
0.012985042053214713
0.012610532735995328
4.7204970781846045
4.169682043381826
3.6833003988913755
3.2538771258161603
2.874715810748603
2.5399373150756324
2.2442555042425316
1.9831069892939812
1.752439225501064
1.548680622027315
1.368682141919491
1.2096663926379616
1.0691824945146262
0.9450665672271938
0.8354077999114979
0.7385188530703557
0.6529102651565566
0.5772671917195193
0.5104293086824923
0.4513729055121747
0.3991948876370266
0.3530985150013315
0.3123809779331692
0.2764225140610348
0.24467689220371103
0.21666320390693272
0.19195868920638492
0.1701924702790425
0.15104000313593513
0.1342177320883602
0.11952137725504564
0.10682662223578454
0.09599419483515881
0.08675479433874855
0.07863657101781829
0.07120736786011861
0.0643448064498191
0.058103108188060304
0.052513051395042254
0.04754788517805153
0.043153090680918105
0.03926828237694391
0.03583588563543216
0.032803655208029525
0.030125043087632974
0.02775879598282671
0.0256684618098042
0.023821859189079753
0.02219054903343043
0.02074937840936464
0.019476144252186245
0.018351241817890163
0.017357382843615987
0.016479305979673065
0.01570351298446937
0.01501805407621326
0.014412336835618156
0.013876862530533884
0.013402668383988292
0.012979531110091536
4.720523815754077
4.169723030764292
3.683347633872801
3.2539299438268783
2.8748168460505585
2.5400070825081578
2.244328876903956
1.9831836326705234
1.752519184367105
1.5487640851671332
1.368769383381907
1.2097577444444383
1.0692782911003333
0.9451671987429462
0.8355137248636986
0.738630683144474
0.6530287967064012
0.5773934550577202
0.5105645566630832
0.45151860107130837
0.39935273561441864
0.353270486977034
0.31256934414629
0.27662991619422694
0.2449064067367166
0.21691841100260145
0.19224366737111698
0.17051164622642823
0.15139767165369644
0.1346559157728171
0.12011998787248857
0.107627607585699
0.09693424116459859
0.08761527786323864
0.07920053685633466
0.07147114869238269
0.06443570106417251
0.05812350202397276
0.05251069903111372
0.04754002762428389
0.0431450988772033
0.03926152945219741
0.03583050341522487
0.03279948059183546
0.030121839742136558
0.027756360484628928
0.025666646495526635
0.023820526673339337
0.022189566446789932
0.020748638232867656
0.019475569328605502
0.018350794094804
0.017357045874003774
0.01647905088412127
0.015703289276773447
0.015017784517240784
0.014411813074947766
0.013875330776254025
0.01339715732115021
4.720545698628316
4.169757548708489
3.6833909122979707
3.2540343831248997
2.8748801741421803
2.5400746868392816
2.244399997275618
1.9832579627793274
1.7525967804444735
1.5488451124549925
1.3688541494789441
1.2098465819880126
1.0693715594439728
0.9452653124096368
0.8356171855925218
0.7387401396680975
0.6531450927437916
0.5775176659436152
0.510697974634347
0.45166272960753595
0.3995093204351443
0.35344153214806173
0.31275713484753886
0.27683707511064704
0.24513592832807607
0.21717366264763616
0.19252827725623156
0.17082918261348645
0.15178536780402752
0.13518536223300615
0.12083619480594443
0.10850070801598743
0.09779695839962699
0.08824226026003057
0.0795271633945438
0.07159715836991509
0.06447087223179881
0.058126609433511334
0.05250476775756319
0.04753270707765367
0.04313858329755682
0.03925623428118552
0.035826355562330825
0.032796292467676125
0.030119408828742422
0.02775454414115064
0.025665314132009343
0.023819545104120543
0.022188825771831233
0.020748064078574657
0.01947512117655137
0.01835045688726389
0.017356791050651132
0.016478827131872542
0.015703019696906573
0.015017260713769076
0.014410281527372781
0.013869819893069568
4.720567333540514
4.169791513333445
3.6835014781222486
3.254090297377454
2.874941521588291
2.540140190006177
2.244468927117836
1.9833300491959056
1.752672069085659
1.5489237708061294
1.368936489261809
1.2099329477815117
1.0694623377635981
0.9453609230292557
0.8357181725886367
0.7388471808447052
0.6532590673984835
0.577639681710604
0.5108293466983254
0.45180498368094835
0.3996642161105619
0.3536110713414544
0.312943572575187
0.2770429545285582
0.2453640690583958
0.21742709384238879
0.19281001274343357
0.17117220309667847
0.15225361236992363
0.13582404505707935
0.12163875999283036
0.10934777296182663
0.09847513086082493
0.08863503970533415
0.07969539921275626
0.07165147966356322
0.06448133697729208
0.05812331948194949
0.052498375507197714
0.047526520581695486
0.04313340728215209
0.039252128181321844
0.03582318974249343
0.03279386725971278
0.03011759395274538
0.027753213241179076
0.025664331067450696
0.023818806014404892
0.022188251678455728
0.020747615426788713
0.01947478363194044
0.018350202285370543
0.01735656743682501
0.016478557445812392
0.015702495940438155
0.015015729203699202
0.014404770869727912
4.720586300717474
4.169908890958294
3.683548472499787
3.2541444742791885
2.875000950532482
2.5402036521604865
2.244535729307343
1.9833999509688174
1.7527450944550917
1.5490001143773546
1.3690164531175366
1.2100168936619937
1.0695506541421684
0.9454540546758201
0.8358166815386499
0.7389517740256508
0.653370649628406
0.5777593751749475
0.5109584780742376
0.451945082304575
0.3998170315554592
0.3537785661258903
0.31312793125370497
0.2772465811612479
0.24558952759798558
0.21767696915104207
0.1931135236995729
0.17158631723514883
0.15282202528158262
0.13655561789645265
0.12245509946441224
0.11006208297931241
0.09893402379724314
0.0888525458610383
0.07977414450719689
0.07167178786694262
0.06448166114555232
0.0581182122500552
0.05249264517696872
0.047521508019896075
0.04312936346447849
0.03924898066382987
0.03582077944510065
0.03279205714839861
0.030116260459505106
0.02775223062384491
0.025663591187464974
0.023818233337142836
0.022187802996380235
0.020747277348960758
0.019474528997911023
0.01834997886047418
0.017356297815624977
0.01647803361652489
0.015700964554373975
0.01501021853515816
4.720713848698118
4.169944862665737
3.6835940274519112
3.254196970295609
2.8750585289271005
2.540265140291543
2.244600477003642
1.9834677307464976
1.7528159180011715
1.549074191948257
1.3690940859429799
1.2100984610809218
1.0696365374065993
0.9455447223884734
0.835912708284444
0.7390538878148032
0.6534797703770643
0.5778766304290368
0.5110851924743356
0.45208276923176083
0.3999674048688293
0.3539435237554782
0.31330954642133335
0.2774470624070826
0.24581111597682614
0.2179455653597966
0.19347978840981206
0.172091437902818
0.15348445699719448
0.13732971415019168
0.12318871882214655
0.11058304393219665
0.09920699995161186
0.0889618195362667
0.07980748799165305
0.07167704096481309
0.0644783279647303
0.05811311354847337
0.05248785875525819
0.04751754632721994
0.0431262439524982
0.03924658813030035
0.03581897363970299
0.032790726825526306
0.030115278438146653
0.027751490253314692
0.02566301861631093
0.02381778441321991
0.02218746460171772
0.02074702278886864
0.01947430555003482
0.018349709363000066
0.017355774030049176
0.01647650227054953
0.01569545378222159
4.720735686225045
4.169979776848747
3.683638191285665
3.254247838158305
2.8751143165163153
2.5403247198334453
2.244663239999234
1.983533443331098
1.7528846082958398
1.5491460661927894
1.3691694563497947
1.2101776965241076
1.0697200344217292
0.9456329526126623
0.8360062617110673
0.7391535064916992
0.653586377085503
0.577991349415611
0.5112093343784743
0.4522178171129614
0.40011501576534236
0.3541055026743942
0.3134878209882528
0.27764360138157507
0.24604888478916198
0.2182695711921685
0.19392818041017978
0.17268814487945594
0.15420849065073483
0.13806570989750533
0.12376355973229103
0.11091589562487414
0.09935350557402334
0.08901221527985914
0.07981942688517485
0.07167615363683222
0.06447410486043914
0.058108637688157216
0.05248400517547136
0.04751446655481395
0.04312385697947807
0.03924479142976267
0.03581764460017478
0.03278974298550619
0.030114540408841428
0.027750917483460036
0.02566257048791698
0.023817444912749508
0.022187210007640346
0.02074679946243929
0.019474036046213783
0.01834918567749355
0.017354242797376962
0.016470991236305466
4.720756956334489
4.170013666113997
3.6836810083583336
3.2542971284069697
2.8751683655687637
2.5403824557852945
2.2447240839904743
1.9835971477084677
1.7529512259629425
1.549215792139869
1.3692426226531373
1.2102546525469986
1.0698011902146431
0.9457187803679812
0.8360973591616814
0.7392506258110885
0.6536904364065732
0.5781034581979227
0.5113307747431071
0.4523500314697486
0.4002595876430304
0.3542641207911439
0.3136622353760039
0.2778541910772656
0.24633560616442907
0.21866733690210527
0.19446351773279336
0.17335770354684588
0.15493137114314415
0.1386826109439001
0.12415792115588431
0.1111064951661147
0.09942586082848948
0.0890331681899239
0.07982191878767964
0.07167315528911189
0.06447007087919943
0.058104943905344264
0.05248098370719312
0.04751209742510287
0.0431220705268478
0.03924346016416802
0.03581666149732676
0.03278900340916291
0.030113968495235177
0.027750469318833737
0.025662230582044643
0.02381719018665418
0.022186986665010622
0.020746529988292295
0.019473512387262026
0.018347654618975362
0.017348731498194603
4.720777665260046
4.170046562957024
3.6837225287910247
3.254344898679369
2.8752207317274183
2.540438405903196
2.244783053803405
1.9836589006694503
1.7530158239450282
1.5492834339640549
1.3693136273842663
1.2103293786046923
1.0698800421071772
0.9458022339889602
0.8361860171091591
0.7393452400603193
0.6537919165756172
0.5782128882896727
0.5114494015161268
0.4524792417649941
0.40040087494362364
0.35441904124941015
0.31384889718108067
0.2781080496220749
0.24668833697065295
0.2191461547807192
0.19507700716994325
0.17405452347625072
0.15557596604746582
0.1391365345367115
0.1243989292803489
0.11120655293320336
0.09945883729533822
0.08904029549234149
0.07982062008580293
0.07166973719246261
0.0644665992233664
0.05810200341822647
0.05247864813388681
0.0475103156892942
0.043120750536177255
0.03924247603148867
0.03581592105385756
0.03278843216681793
0.030113521102088647
0.02775012848709668
0.025661975545250293
0.023816967039131498
0.022186717168567682
0.02074600633080248
0.019471981464156407
0.01834214311160398
4.720797814222673
4.170078486246561
3.6837627882363044
3.254391199591566
2.8752714815768856
2.540492641310688
2.2448402063868538
1.9837187668645546
1.7530784567034208
1.5493490534386583
1.3693825274980518
1.210401925757576
1.069956636244806
0.9458833499090238
0.8362722601803672
0.7394373553726119
0.6538907998790222
0.5783195917128436
0.5115651265477581
0.4526053098252518
0.4005386765731682
0.3545846763965219
0.3140738372465659
0.27842084328837746
0.2471156663068541
0.21970414439695318
0.19573797149084537
0.17471140182159584
0.15608356971242987
0.13943283157210384
0.12453309148824943
0.11125536093351673
0.09947229321308892
0.08904135755460807
0.07981806256867507
0.0716665764611939
0.064463770790268
0.058099708097191005
0.05247687792325095
0.04750900325384233
0.04311976713678334
0.039241737580148595
0.03581534801136854
0.03278798623286594
0.03011317945736902
0.027749873429661065
0.025661752319335207
0.023816697616897642
0.0221861935218417
0.020744475519565597
0.019466469690549992
4.720817408951393
4.1701094571310815
3.6838018202519116
3.254436070513562
2.875320667337943
2.540545212360349
2.2448955952689094
1.983776804117376
1.7531391922678052
1.5494126975307414
1.3694493821954001
1.210472342874815
1.07003101950348
0.9459621706503745
0.836356117856841
0.7395269833759839
0.6539870774596563
0.5784235356976986
0.5116778829592521
0.4527281243205712
0.4006858837579266
0.3547842148079994
0.31435132116904096
0.2788016626728185
0.24762028792826474
0.22032267200009592
0.19639222082697305
0.17526309349567093
0.1564376443834803
0.13960776231584582
0.12460240789861832
0.11127738993013647
0.09947662796265533
0.08904000605269857
0.07981534344867924
0.07166391005933637
0.06446153494797091
0.05809796278112511
0.05247556334574188
0.04750802965195433
0.04311902762325026
0.03924116668656996
0.035814902357608425
0.03278764406552259
0.030112923691366866
0.027749650566767592
0.0256614828945958
0.023816173975522936
0.022184662853677928
0.020738963409889344
4.720836469786033
4.1701395014232485
3.6838396527537673
3.254479548462598
2.8753683399514776
2.540596160528344
2.2449492778875246
1.9838330604051295
1.7531980924368824
1.5494744233464597
1.3695142435440548
1.210540681135733
1.070103236538818
0.946038736150502
0.8364376208041566
0.7396141418779676
0.6540807476434471
0.5785246952558465
0.5117876190169843
0.4528592245048495
0.40086315948305096
0.35503056084318185
0.3146904266648578
0.2792560594039628
0.24819271303628287
0.22096115222113966
0.1969755560673585
0.17567419329536627
0.1566596300462848
0.13970311176155814
0.12463592658916234
0.11128623817845185
0.09947696136175832
0.08903790776527298
0.07981290621255077
0.07166176076350705
0.06445982373633452
0.05809665893137517
0.0524745917159839
0.04750729163954759
0.04311845706318174
0.039240722500362146
0.03581456070758371
0.032787387632107645
0.03011270072946548
0.02774938124831383
0.02566095930968615
0.02381464343440154
0.022179150416952176
4.720855016870197
4.1701686579896196
3.683876327146253
3.2545216795027665
2.875414542038338
2.540645517918316
2.2450012991203354
1.9838875866399404
1.7532551912146577
1.549534283231072
1.369577156375033
1.2106069891672129
1.070173334081796
0.9461130860062674
0.8365168023937075
0.739698853522019
0.6541718182379377
0.5786230576949603
0.5119046786329147
0.45301704464642256
0.40108213684333194
0.355332472364581
0.31509833149012323
0.2797811381523818
0.24880487682185937
0.22156212410413012
0.1974392023399174
0.17594830399599104
0.1567872152819456
0.13975182406049313
0.12465095877473864
0.11128892045931948
0.09947573196573867
0.0890357937642774
0.07981087895913141
0.07166009717906885
0.0644585448285886
0.05809568710590618
0.05247386306503188
0.04750671969982001
0.04311801395223913
0.039240380450392465
0.0358143042686585
0.032787164696254756
0.030112431463249933
0.027748857618188794
0.025659428973692222
0.023809130709504522
4.7208730659846925
4.170196956127553
3.683911884033383
3.2545625203257478
2.875459324390294
2.540693342280668
2.2450517082013475
1.9839404444123119
1.7533105387888668
1.5495923241721572
1.3696381659538646
1.210671309011146
1.0702413507193276
0.9461852561981487
0.8365936938363792
0.7397811411905089
0.6542602990290538
0.5787279159018386
0.512045540797188
0.45321204519610436
0.4013510697942113
0.3556979141383838
0.31557666942494134
0.2803593636472499
0.24940938870246754
0.2220701870818802
0.19776833522020532
0.1761146278249628
0.1568556792327973
0.13977525108428246
0.1246568967361581
0.11128890213464171
0.09947406296272021
0.08903392880779926
0.07980927464620535
0.07165884119335963
0.06445758391286294
0.0580949599946301
0.052473297052162415
0.04750627692350573
0.04311767318897619
0.03924012282504208
0.03581408149346377
0.032786895458793985
0.030111907929950554
0.02774732735586749
0.025653916077834182
4.72089062542975
4.1702244198058525
3.683946362564037
3.2546021212824114
2.8755027250186895
2.540739691479696
2.2451005656586442
1.9839916809589684
1.7533642023878517
1.5496486049593945
1.3696973344319918
1.2107337012205095
1.0703073414981166
0.9462552968022244
0.8366683377531068
0.739861042081297
0.654354575788453
0.578854045788658
0.5122196121487601
0.45345190316136197
0.40167816496204445
0.35613145730909856
0.31611619427817583
0.2809545918636065
0.24995077637536145
0.22245423564965972
0.19797962017635395
0.1762082534393956
0.15689039851503228
0.1397856968479756
0.12465858219160353
0.11128786103343735
0.09947242956910785
0.08903240618155372
0.07980804411173903
0.07165789196353334
0.06445685503279996
0.05809440049974235
0.052472855286644915
0.04750593710405493
0.043117415267646564
0.039239900051732945
0.03581381229372482
0.032786371861217134
0.030110377892664353
0.02774181431017908
4.720907704136151
4.170251065833115
3.6839797943360795
3.254640519470143
2.875544783137592
2.540784609410905
2.2451479297263837
1.9840413445038871
1.7534162330476306
1.5497031766842952
1.3697547128561212
1.2107942179471185
1.070371358349003
0.9463232570350746
0.836740776484441
0.7399461371738667
0.6544679371062614
0.5790099108080717
0.5124339515105234
0.4537446887237113
0.4020697479011286
0.35663000179032966
0.3166915202563141
0.2815164390678566
0.2503860987618829
0.22271560315018757
0.19810450755050368
0.17625795279972856
0.1569070460717965
0.13978977452329833
0.12465843675705379
0.11128656334832332
0.09947103171404148
0.08903122003843933
0.0798071062509429
0.07165716762116947
0.0644562943347724
0.05809396384134402
0.05247251624945992
0.04750567855632948
0.043117192287358996
0.039239631225989946
0.03581328865567013
0.03278484185202757
0.030104864977165136
4.720924308607308
4.170276917006746
3.6840122168670013
3.254677741684407
2.8755855415767138
2.540828138495874
2.2451938332669985
1.9840894861434157
1.753466674022199
1.54975608702519
1.369810352651077
1.210852908292345
1.070433450200031
0.9463891834315579
0.8368178909041077
0.7400484179087181
0.6546080016809395
0.579201959416177
0.5126962811343674
0.4540976437941584
0.40252701216535147
0.35717746910107007
0.3172605864432514
0.28199583940542183
0.2507006339608706
0.2228781770700783
0.1981737279412119
0.17628305006160883
0.1569144563449001
0.13979089126573463
0.12465761193702996
0.11128534727191575
0.099469915095999
0.08903030686627389
0.07980639146892532
0.07165660743431168
0.06445585989991631
0.05809362703612653
0.052472256711989296
0.04750545554538377
0.0431169234870179
0.039239107823262565
0.03581175865990094
0.03277932917426085
4.720940455013471
4.170301998497841
3.684043662850266
3.2547138149063777
2.8756250396964305
2.5408703298583326
2.245238317630416
1.9841361516326073
1.7535155685256845
1.5498073789876123
1.369864299285437
1.2109098179552564
1.070493663646431
0.946459341405177
0.8369105445285001
0.7401747662342348
0.6547806484314718
0.5794374554501287
0.5130141970411062
0.4545148195341886
0.4030413731635978
0.35774144656627893
0.3177739282229526
0.2823637565921553
0.2509070508875615
0.22297230431408632
0.19821019960517638
0.17629507701321856
0.15691734295636195
0.139790730373746
0.12465664525625009
0.11128432374119601
0.09946903706901988
0.08902960341549004
0.07980583927919405
0.07165617587506379
0.06445552695029289
0.058093366194588825
0.05247203267411038
0.04750518716525853
0.0431164001540818
0.039237577924021494
0.03580624658424192
4.720956156496545
4.17032634228126
3.6840741655060203
3.2547487826943025
2.87566332361482
2.5409112194675516
2.2452814328417197
1.9841813832252213
1.7535629641014738
1.549857102728323
1.3699166016846007
1.2109649952312997
1.0705577271788465
0.9465436175784196
0.837024978395843
0.7403305317645987
0.6549926292839849
0.5797239883005254
0.5133935162594803
0.4549932877871079
0.40358989973974335
0.3582767532982105
0.31819204445253657
0.2826191144954331
0.25103215765432285
0.22302388034743625
0.19822858487155592
0.17630044621865792
0.15691812100906244
0.1397901136115891
0.12465575422656805
0.11128349216520395
0.09946834759194711
0.08902905632146663
0.07980541045354084
0.07165584784935408
0.06445526714947913
0.058093140517279096
0.05247176406840737
0.047504664051576384
0.043114870235243075
0.03923206699303883
4.720971425832772
4.170349970894069
3.684103740013508
3.2547826795110826
2.875700442264113
2.540950851701021
2.2453232293919685
1.9842252289050202
1.7536089081537853
1.54990530694529
1.3699673095157023
1.2110236934339378
1.070634665707484
0.9466476869853198
0.8371660715802438
0.740521957205063
0.6552512894112938
0.5800683300195262
0.5138353454314997
0.4555184854063503
0.40413469838904525
0.35873847317069707
0.31849949103119446
0.2827815985990494
0.2511034414395059
0.22305094114966195
0.19823742574033698
0.17630255453290378
0.15691800464661387
0.1397894107108728
0.12465499216625808
0.11128282701808168
0.09946780742483696
0.08902863145440687
0.0798050855552841
0.071655590075971
0.06445504010630998
0.05809287135391994
0.05247124104725298
0.04750313397930128
0.043109360706015565
4.7209862722069635
4.170372906736449
3.6841324151256534
3.2548155419118556
2.875736420923257
2.5409892659848285
2.245363742995628
1.98426773034448
1.753653446003641
1.5499520373095725
1.3700212526746305
1.2110941846339154
1.0707296666084813
0.9467760066647939
0.83733957159229
0.7407560286447286
0.6555638269335482
0.5804742937846052
0.5143319181102406
0.4560611096371039
0.40463057181828965
0.3590983754571031
0.31870549091775846
0.2828780420031807
0.25114220466219805
0.22306460930794536
0.19824141173640708
0.17630315228033133
0.15691757018510089
0.13978875212334252
0.12465436206119662
0.11128229762643294
0.09946738735013749
0.08902830963544073
0.07980483185063747
0.07165536232576475
0.06445476978954101
0.05809234806045893
0.052469710886960286
0.047497625668853516
4.721000707497549
4.17039516119959
3.68416021649179
3.2548474089354835
2.8757712943922464
2.5410265043779146
2.2454030135076253
1.9843089268420364
1.75369661775995
1.5500017430444664
1.370086028562707
1.2111812143308467
1.0708468046829394
0.9469338643377219
0.8375520435478672
0.7410400049515378
0.6559357508090446
0.5809393104972029
0.5148624665817607
0.45657987401021494
0.40504000403919527
0.35935297169229763
0.31883322265200054
0.2829323480755006
0.25116252437549136
0.22307123226656245
0.1982430209106294
0.17630310068866173
0.15691705825772306
0.13978817837802016
0.12465385320394606
0.11128188417300766
0.09946706926957827
0.08902805849467477
0.07980460549074575
0.07165509152559313
0.06445424581729053
0.05809081735421184
0.05246420337089486
4.7210147416079105
4.170416755177382
3.684187181333262
3.254878306170111
2.8758051035629677
2.5410626034647117
2.2454410814122716
1.9843488617167138
1.753742536447802
1.5500614321345014
1.3701660083487002
1.2112885341829598
1.0709909542530403
0.9471273905945754
0.8378105929064148
0.7413803722376722
0.6563682454119375
0.5814502096994927
0.5153923728859615
0.4570326206869826
0.4053463379368454
0.3595184362549677
0.31890780080295134
0.28296175015193814
0.25117283626005804
0.22307426886484372
0.19824351105187255
0.17630279019790596
0.15691656139230759
0.1397876953630135
0.12465345101443859
0.11128157254718651
0.09946682232350046
0.08902783310543061
0.07980433512866814
0.07165456729015673
0.06445271444724288
0.058085309274876096
4.721028386362843
4.1704377065894205
3.6842133407346056
3.2549082592306915
2.8758378843572485
2.5410976008162462
2.24547798620624
1.9843913431525615
1.7537976771076118
1.550135136554334
1.3702646470744533
1.2114206415186937
1.0711678302172079
0.9473634164358602
0.8381221598264004
0.7417808556722774
0.6568543751146052
0.5819802513612302
0.5158794954071517
0.4573911190905555
0.405555699617163
0.35961888921191587
0.31894945919493
0.28297719863205373
0.251177899120826
0.22307553821528625
0.19824349662733365
0.17630240502138061
0.15691611972544184
0.13978730649021198
0.12465314389196092
0.11128133164506693
0.0994665984552352
0.08902756380539945
0.07980381131238534
0.07165303534968004
0.06444720485851452
4.72104165442315
4.170458043126994
3.6842387170116084
3.2549373057126294
2.8758696670016373
2.5411315281540103
2.2455172424789827
1.9844423553515615
1.7538657634703743
1.55022604920409
1.3703861047642683
1.21158284803058
1.0713839187965433
0.9476490094141079
0.8384921015800613
0.7422392951353567
0.6573752054911717
0.5824911112680775
0.5162873778386867
0.4576494567456404
0.4056882956607595
0.3596768217303081
0.31897199087159844
0.28298510918145503
0.2511802703836983
0.22307594513024398
0.19824326874022624
0.1763020255364447
0.15691575348374265
0.13978700954287326
0.1246529083178407
0.11128111064642443
0.09946632930907828
0.08902704110077853
0.07980227951573315
0.07164752409002695
4.721054556556052
4.1704777845215055
3.6842633217374523
3.254965471811532
2.8759004828175025
2.541167619913576
2.245564390055235
1.984505350390108
1.7539497559359378
1.550338025056205
1.3705353267754448
1.211781284921655
1.0716462151387915
0.9479904905705494
0.8389217501087778
0.7427437466485918
0.6578987101593103
0.5829424322793066
0.5165978376239382
0.45782076513585235
0.40576744966182954
0.3597090310188982
0.3189838930174469
0.28298904962052696
0.2511812808618741
0.2230759447937709
0.19824297195194251
0.17630169099034276
0.15691546694682668
0.13978678163062153
0.12465269147231872
0.11128084275866268
0.09946580692893647
0.08902550968351353
0.07979676762989207
4.721067101619739
4.17049694303994
3.684287183380169
3.2549927785098487
2.8759332595257834
2.5412109546158836
2.2456226032784605
1.9845830582079782
1.754053224271297
1.5504756605726566
1.3707180668326995
1.2120227252076456
1.0719615234746938
0.9483915816949313
0.8394048896969011
0.7432695080576615
0.6583849233629611
0.5833054344016224
0.516814089948193
0.4579269427258632
0.4058126936678583
0.3597264755233258
0.31899004041415946
0.282990911330562
0.2511816053612268
0.22307576734375623
0.19824268354637553
0.17630142161927775
0.15691524744703766
0.13978656848549775
0.1246524253689536
0.11128032116588216
0.09946427569006921
0.08901999731472987
4.7210792939052855
4.170515531534578
3.6843103308456264
3.255021836636044
2.8759726307160096
2.541264478689187
2.2456944269741803
1.984678804569965
1.7541804603680902
1.5506443705507986
1.3709408424125957
1.2123141709121654
1.072335138775379
0.9488505109743013
0.8399240976283453
0.7437804888803834
0.6587977720953813
0.5835717547630885
0.5169537862276847
0.457989482929559
0.40583777916319175
0.3597357239669172
0.31899310516326107
0.2829916865808402
0.2511815893195859
0.22307553078024256
0.19824243392965712
0.1763012099491279
0.15691504061027217
0.13978630417145865
0.12465190483718747
0.11127878952629011
0.09945876189468805
4.721091122366336
4.17053356533882
3.68433496550938
3.2550567480320884
2.8760212665728644
2.541330531291839
2.2457829470940123
1.98479659214861
1.754336549683671
1.550850370026354
1.3712106448111965
1.2126618971990948
1.0727685674752507
0.9493563355857297
0.8404493319664228
0.7442374369380502
0.6591173117272033
0.583751743109107
0.5170388506440364
0.4580250144726783
0.4058513892425042
0.35974051245806216
0.3189945418360889
0.2829919201555553
0.25118143985122465
0.22307530815120824
0.19824223042809486
0.176301004155067
0.15691477715917568
0.13978578513068296
0.12465037339415552
0.11127327186534419
4.72110262693082
4.170552773981906
3.6843645687959654
3.2550998857358033
2.876081305185565
2.5414119593277564
2.245891882168851
1.9849411773789987
1.7545273839386177
1.5511005034163516
1.3715342654182314
1.2130696815811395
1.0732562002518495
0.9498859555976926
0.8409421283732472
0.7446106170937083
0.6593439690851444
0.5838654402868118
0.5170884332179595
0.458044671694946
0.4058585991863852
0.35974287853864517
0.31899512149056797
0.28299190090937376
0.25118126513341554
0.22307512584355393
0.19824203339626845
0.17630073971264704
0.1569142557711496
0.13978425301600872
0.12464485139218784
4.721114923320681
4.170575891661938
3.684401181452469
3.2551531702018455
2.8761553642125763
2.5415122289819516
2.2460257040425877
1.9851181636194948
1.7547596261889025
1.55140184714161
1.3719170669290048
1.2135361298237455
1.073781809391566
0.9504049122007627
0.8413663200179862
0.7448891839436067
0.6594931318557702
0.5839336778912516
0.5171164643547783
0.45805532047520625
0.4058623082644566
0.359743962786367
0.318995284867964
0.2829917882253694
0.25118110289530104
0.22307494209280687
0.19824177488576922
0.1763002188949203
0.15691271887252256
0.13977872374518885
4.721129722277372
4.170604477062664
3.684446403139784
3.255218901700365
2.8762465713067287
2.541635453361102
2.2461896426033365
1.9853339120174383
1.7550403625831104
1.5517607120865802
1.3723607254686931
1.2140510690490864
1.0743168068160038
0.9508744593641296
0.8416999605463245
0.7450808528741844
0.6595856055708262
0.583973132571912
0.517131942170872
0.45806095907047695
0.4058641441271371
0.3597444182407443
0.3189952890618528
0.2829916680036799
0.2511809338180475
0.22307468749712633
0.1982412549503989
0.1762986811469407
0.15690718163670514
4.721148046919046
4.170639811853218
3.684502211270009
3.2552998774362214
2.8763586845729536
2.541786487103251
2.246389710310951
1.985595364235131
1.755376439342868
1.552180969480434
1.3728600913160744
1.214592531809921
1.0748236125365849
0.9512635376736336
0.8419406905818647
0.7452040225204186
0.6596403720163986
0.5839952729859395
0.517140260226614
0.4580638260175913
0.40586499033289325
0.3597445768573788
0.3189952386250594
0.2829915346637435
0.25118069450387104
0.2230741681412658
0.19823971273160712
0.17629314280525854
4.721170778202939
4.170683498805619
3.6845710543658323
3.2553995183055635
2.8764962331028037
2.5419710429081266
2.246632685488969
1.9859096655779354
1.755773269601447
1.5526614705975166
1.3733997557195976
1.2151270691961553
1.0752654285436418
0.951558650347029
0.8421017461701918
0.7452790503138846
0.6596717014133215
0.5840073725325787
0.5171445938106363
0.4580652187001304
0.4058653464064257
0.35974459886073173
0.31899513860163875
0.282991315978145
0.2511801869721584
0.2230726253006896
0.19823417536074928
4.721198973451791
4.17073747537812
3.6846558808486334
3.2555219067525885
2.8766645227302714
2.5421956034471958
2.246925760440048
1.9862831979973916
1.7562326768549887
1.5531925718690562
1.3739520658662165
1.21561591707112
1.0756180811378755
0.951764958981542
0.8422030425299996
0.7453229141906608
0.6596891221738383
0.5840138189210382
0.5171467976179107
0.45806588249015245
0.40586548304485426
0.3597445408541242
0.3189949336224016
0.2829908148832665
0.2511786506584217
0.22306709891309762
4.721233934890995
4.170804093281544
3.68476021087482
3.2556718433813154
2.876869630202132
2.5424672193916553
2.247275867738568
1.986719920950247
1.7567498166584352
1.5537530382839164
1.374479776349693
1.2160263516590244
1.075876427598212
0.9518994452951137
0.8422637107614257
0.7453477178058083
0.659698557303332
0.5840171839106834
0.5171479122556608
0.45806619918368785
0.40586549894330126
0.35974436401048404
0.31899443689355067
0.28298927909596916
0.2511731371086521
4.721277282842953
4.170886226613704
3.684888262254577
3.2558549129818757
2.877118311957794
2.5427930465837214
2.2476884328982627
1.9872188051466
1.757309715453891
1.5543098391047603
1.3749449727528247
1.2163420494472108
1.0760516442265864
0.9519822418192634
0.842298646237289
0.7453613460386279
0.6597035677104763
0.5840189379499128
0.5171484858923794
0.45806632296014893
0.4058653687160332
0.35974388226942366
0.31899290208158515
0.2829837673836586
4.721331040948157
4.170987344735374
3.685045006601978
3.25607745718684
2.8774177165890276
2.5431794434194153
2.2481653048582184
1.987770458158074
1.757885129598591
1.5548236147629848
1.3753209447937937
1.2165656125146054
1.0761629744581662
0.952030926537871
0.8423181315876338
0.7453686883910633
0.659706230566
0.584019873893693
0.5171487593825264
0.45806625700194203
0.4058649122682265
0.3597423549336227
0.31898738883112543
4.721397701600638
4.171111592059743
3.6852361714770208
3.2563463699609487
2.877774700570535
2.5436303355347425
2.248701741435312
1.9883539509300028
1.7584386091691635
1.555259614092516
1.3755997026026843
1.2167128041346795
1.076230043045459
0.9520585375505943
0.8423287818316743
0.7453726582027986
0.6597076894870098
0.5840203605921861
0.5171487797254537
0.45806583297456793
0.4058633980418831
0.35973684398979344
4.72148032124289
4.171263839382909
3.6854681414768544
3.2566686288261257
2.878194583414518
2.5441446752526744
2.2492829299624497
1.9889362221458042
1.7589307517630233
1.5555986146095777
1.3757905870464264
1.2168039676713849
1.076268790315917
0.9520738417169765
0.8423346212352083
0.7453748754021854
0.6597084896950092
0.5840205078872431
0.5171484000973834
0.45806433300525384
0.4058578885138946
4.721582646451605
4.171449709074928
3.6857477074530682
3.257050416897331
2.8786791299003665
2.5447131201274864
2.249881665280915
1.9894769433317983
1.759332180273641
1.5558408376525383
1.3759126017304144
1.216857762112316
1.0762905843607986
0.9520823350494494
0.8423379247759666
0.7453761283287879
0.6597088226450163
0.5840201963503393
0.5171469200841692
0.45805881749275645
4.721709222722319
4.171675466029352
3.686081471476946
3.2574955829363796
2.879223648739726
2.545314858147329
2.2504600014020606
1.989939206057545
1.759632221303872
1.556001266645827
1.3759863918081665
1.2168885255865205
1.0763028284387617
0.9520871915380154
0.8423398278734444
0.7453767276699326
0.6597086102464456
0.5840187467627231
0.5171413949941313
4.721865452726866
4.171947700980857
3.686474737311573
3.2580032443742306
2.879813600953003
2.545916784629108
2.2509770941646305
1.9903011654273324
1.759838906680161
1.5561010871852408
1.3760294126380113
1.2169060440040242
1.0763099022916394
0.952090028862628
0.8423408093929057
0.7453766572547185
0.6597072043472876
0.58401321127646
4.722057591675767
4.172272663967603
3.6869296830513303
3.2585646374233708
2.8804222347405983
2.5464779693231465
2.2514014061518175
1.9905613491327654
1.759971766188635
1.556160614722562
1.3760542915687521
1.2169162759082122
1.0763140841227092
0.9520915617773547
0.8423409425522808
0.7453753122647822
0.6597016567118992
4.722292573344708
4.172655075312055
3.687442753095956
3.2591600768099105
2.881011990359779
2.5469602305740655
2.251720520913239
1.9907348755263023
1.760053126777775
1.5561956661582017
1.3760689960764712
1.2169223864652179
1.0763164134148981
0.9520919900050169
0.8423396845143456
0.7453697493960441
4.722577504181113
4.1730962167043035
3.6880016177048587
3.25975812218677
2.8815420885400163
2.547340453598084
2.251942284810788
1.990844491991644
1.7601020736032247
1.5562166703678253
1.3760778636368638
1.2169258619009216
1.0763172679468997
0.9520908580663949
0.8423341064678374
4.722918608158753
4.1735913377551626
3.6885830169052647
3.2603197847653975
2.8819808827030307
2.547616942652085
2.2520875289482096
1.9909121537528658
1.7601318887331043
1.5562294659361147
1.3760829848479594
1.2169273310033297
1.0763163186997526
0.952085268545221
4.7233194323392045
4.1741270085716415
3.6891539371353392
3.2608087274629542
2.8823161937750883
2.547805753779923
2.252179981102378
1.9909541910677984
1.760150260073337
1.5562369450349989
1.3760853372981372
1.2169266460321677
1.0763107254482667
4.72377832343649
4.174680047896248
3.6896783253359793
3.2612032336053964
2.8825564212601655
2.547930408125737
2.2522388011546837
1.990980437264532
1.760161111637891
1.556240566550183
1.376085033330063
1.2169210615876955
4.724285667934894
4.175220182361272
3.6901278872246954
3.2615018371137774
2.8827220050443336
2.548011999840081
2.252276095702569
1.990996092310516
1.760166554265028
1.5562408130802305
1.3760794790231121
4.72482218316812
4.17571702025764
3.6904903501008004
3.261718287651448
2.8828340915396216
2.5480646781024334
2.252298558725052
1.9910041376875172
1.7601675951974194
1.5562353258670947
4.725359899761514
4.176147903238574
3.690768780295289
3.2618706424687796
2.882908001236616
2.5480967358489783
2.252310308071918
1.9910063197940788
1.7601622338073808
4.725866376427575
4.176501138936074
3.69097360066036
3.2619735523895983
2.882953485139425
2.548113730689981
2.252314122162262
1.9910011725809582
4.726310746008957
4.176773634239305
3.6911156645532097
3.262037655954634
2.8829778598010494
2.5481198675840258
2.252309321262198
4.726669637465111
4.176967914588068
3.691205302354259
3.262072324570471
2.882987280330601
2.5481156086146695
4.726931957569334
4.177092089409463
3.6912541702231794
3.262086346193111
2.882983845935478
4.727101447513392
4.177160260700751
3.691274564521123
3.262084134453029
4.72719497830156
4.1771893468131065
3.691274119967498
4.727235486576718
4.1771913860156396
4.727240834230274
);
boundaryField
{
	inlet
	{
		type zeroGradient;
	}

	outlet
	{
		type zeroGradient;
	}

	top
	{
		type zeroGradient;
	}

	symUp
	{
		type zeroGradient;
	}

	bump
	{
		type fixedValue;
		value uniform 0.0;
	}

	symDown
	{
		type zeroGradient;
	}

	frontAndBack
	{
		type empty;
	}

}
